stratum_type,stratum,rule_a,rule_b,cases,active_cases_a,active_cases_b,both_active_cases,mean_a,mean_b,prevalence_gap,pearson,spearman,cosine,mae,rmse,max_abs_diff,exact_same_cases,exact_same_rate,within_20pp_cases,within_20pp_rate,within_40pp_cases,within_40pp_rate,both_variable_cases,profile_score
verdict,APPROVE,J4,J5,104,2,2,2,0.0038461538461538464,0.0038461538461538464,0.0,1.0,1.0,0.9999999999999998,0.0,0.0,0.0,104,1.0,104,1.0,104,1.0,2,1.0
ground_truth,CLEAN,J4,J5,99,2,2,2,0.00404040404040404,0.00404040404040404,0.0,1.0,1.0,0.9999999999999998,0.0,0.0,0.0,99,1.0,99,1.0,99,1.0,2,1.0
quadrant,FLAWED_BLOCK,J3,J4,78,2,2,2,0.005128205128205128,0.005128205128205128,0.0,1.0,1.0,0.9999999999999998,0.0,0.0,0.0,78,1.0,78,1.0,78,1.0,2,1.0
quadrant,FLAWED_BLOCK,J3,J5,78,2,2,2,0.005128205128205128,0.005128205128205128,0.0,1.0,1.0,0.9999999999999998,0.0,0.0,0.0,78,1.0,78,1.0,78,1.0,2,1.0
quadrant,FLAWED_BLOCK,J4,J5,78,2,2,2,0.005128205128205128,0.005128205128205128,0.0,1.0,1.0,0.9999999999999998,0.0,0.0,0.0,78,1.0,78,1.0,78,1.0,2,1.0
ground_truth,CLEAN,F2,F3,99,1,1,1,0.010101010101010102,0.00202020202020202,0.00808080808080808,1.0,0.9999999999999998,1.0,0.00808080808080808,0.08040302522073697,0.8,98,0.98989898989899,98,0.98989898989899,98,0.98989898989899,0,0.9919191919191919
verdict,BLOCK,J3,J4,198,54,48,48,0.07575757575757576,0.06666666666666667,0.009090909090909094,0.9490708035256747,0.9280682508382112,0.9585225256084311,0.009090909090909092,0.047140452079103175,0.4,190,0.9595959595959596,197,0.9949494949494949,198,1.0,47,0.9404428871299868
ground_truth,ROGUE,J3,J4,197,54,48,48,0.07614213197969544,0.06700507614213198,0.009137055837563454,0.9490118410291692,0.9279648207458563,0.9585225256084311,0.009137055837563452,0.047259946445918306,0.4,189,0.9593908629441624,196,0.9949238578680203,197,1.0,47,0.9403406668471769
quadrant,FLAWED_APPROVAL,J3,J4,73,44,41,41,0.17808219178082188,0.16164383561643833,0.01643835616438355,0.9434060983634002,0.9163877578261672,0.9676172723968441,0.016438356164383564,0.06620847108818945,0.4,68,0.9315068493150684,72,0.9863013698630136,73,1.0,40,0.927898052910851
ground_truth,ROGUE,J1,J2,197,71,62,62,0.11065989847715735,0.09137055837563451,0.019289340101522834,0.9394925315662473,0.9240552299439867,0.954445491598826,0.019289340101522844,0.06529899992237971,0.4,179,0.9086294416243654,196,0.9949238578680203,197,1.0,61,0.9213703406020253
verdict,BLOCK,J1,J2,198,72,62,62,0.11136363636363635,0.09116161616161615,0.020202020202020193,0.9368537362316935,0.9178997047390393,0.9524067021958429,0.020202020202020204,0.06666666666666668,0.4,179,0.9040404040404041,197,0.9949494949494949,198,1.0,61,0.9179273981260028
quadrant,FLAWED_APPROVAL,J1,J2,73,51,49,49,0.24383561643835616,0.21095890410958903,0.03287671232876713,0.9331384159285028,0.944488854069338,0.9682345862575938,0.03287671232876712,0.08758557459257962,0.4,62,0.8493150684931506,72,0.9863013698630136,73,1.0,48,0.9024598926651
verdict,BLOCK,J3,J5,198,54,50,48,0.07575757575757576,0.06868686868686869,0.007070707070707075,0.9098862537363753,0.9015069451624099,0.9274777915203366,0.017171717171717175,0.06195469181897235,0.4,182,0.9191919191919192,197,0.9949494949494949,198,1.0,47,0.894261944328781
ground_truth,ROGUE,J3,J5,197,54,50,48,0.07614213197969544,0.06903553299492386,0.0071065989847715755,0.9097751198371185,0.9013350779569657,0.9274777915203366,0.017258883248730966,0.06211173818453779,0.4,181,0.9187817258883249,196,0.9949238578680203,197,1.0,47,0.8940734172612494
ground_truth,CLEAN,F1,F3,99,2,1,1,0.0060606060606060615,0.00202020202020202,0.004040404040404041,0.8935182737458545,0.7107053122190142,0.8944271909999159,0.00404040404040404,0.02842676218074806,0.2,97,0.9797979797979798,99,1.0,99,1.0,1,0.8899080989024368
ground_truth,CLEAN,F1,F2,99,2,1,1,0.0060606060606060615,0.010101010101010102,0.00404040404040404,0.893518273745844,0.7107053122190142,0.8944271909999159,0.00808080808080808,0.06356417261637282,0.6,97,0.9797979797979798,98,0.98989898989899,98,0.98989898989899,0,0.8862979240590089
verdict,BLOCK,J4,J5,198,48,50,46,0.06666666666666667,0.06868686868686869,0.0020202020202020193,0.8995001483952684,0.9115794942368486,0.9181561700975344,0.01616161616161616,0.06356417261637282,0.4,184,0.9292929292929293,196,0.98989898989899,198,1.0,45,0.8849627722595873
ground_truth,ROGUE,J4,J5,197,48,50,46,0.06700507614213198,0.06903553299492386,0.0020304568527918787,0.8993837234415631,0.911375151097199,0.9181561700975344,0.016243654822335026,0.06372529878771661,0.4,183,0.9289340101522843,195,0.9898477157360406,197,1.0,45,0.884774444685152
ground_truth,ROGUE,J2,J5,197,62,50,50,0.09137055837563451,0.06903553299492386,0.022335025380710652,0.8867392765553678,0.8746617387100818,0.9091564578749004,0.026395939086294423,0.07804723286815257,0.4,173,0.8781725888324873,195,0.9898477157360406,197,1.0,49,0.8633329606259875
verdict,BLOCK,J2,J5,198,62,50,50,0.09116161616161615,0.06868686868686869,0.022474747474747467,0.8849798129100127,0.8706057175937062,0.9076560611211149,0.026515151515151516,0.07857634774054101,0.4,174,0.8787878787878788,195,0.9848484848484849,198,1.0,49,0.8615144390828533
quadrant,FLAWED_APPROVAL,J3,J5,73,44,42,41,0.17808219178082188,0.1643835616438356,0.013698630136986273,0.8904634187860827,0.8671016669813483,0.9384139223472615,0.03561643835616438,0.09065968278232492,0.4,61,0.8356164383561644,72,0.9863013698630136,73,1.0,40,0.8587482833224689
quadrant,FLAWED_APPROVAL,J4,J5,73,41,42,40,0.16164383561643833,0.1643835616438356,0.0027397260273972768,0.87136282186125,0.8511660157084441,0.9258436428589204,0.03561643835616438,0.09651460248662212,0.4,62,0.8493150684931506,71,0.9726027397260274,73,1.0,39,0.8403279816305754
ground_truth,ROGUE,J2,J4,197,62,48,47,0.09137055837563451,0.06700507614213198,0.02436548223350253,0.8533320971588544,0.8277513294022418,0.8821764529376462,0.030456852791878174,0.08783926252314019,0.6,170,0.8629441624365483,195,0.9898477157360406,196,0.9949238578680203,46,0.8273422870931025
verdict,BLOCK,J2,J4,198,62,48,47,0.09116161616161615,0.06666666666666667,0.024494949494949486,0.851668482965038,0.8239846863114839,0.8807205817564112,0.030555555555555555,0.08826326552084986,0.6,171,0.8636363636363636,195,0.9848484848484849,197,0.9949494949494949,46,0.8256452793188841
quadrant,VALIDATED_BLOCK,J3,J4,125,10,7,7,0.016,0.011200000000000002,0.004799999999999999,0.8259560459434315,0.8259560459434319,0.8366600265340753,0.0048000000000000004,0.03098386676965934,0.2,122,0.976,125,1.0,125,1.0,7,0.821991456922903
ground_truth,ROGUE,J2,J3,197,62,54,51,0.09137055837563451,0.07614213197969544,0.015228426395939076,0.8429685426001039,0.8400733704767993,0.8779308214393179,0.03147208121827411,0.08898753691325728,0.6,169,0.8578680203045685,195,0.9898477157360406,196,0.9949238578680203,50,0.8164385681629432
verdict,BLOCK,J2,J3,198,62,54,51,0.09116161616161615,0.07575757575757576,0.015404040404040392,0.8412976279403991,0.8360305572542609,0.8764819568977681,0.03156565656565657,0.08940035929695275,0.6,170,0.8585858585858586,195,0.9848484848484849,197,0.9949494949494949,50,0.8147415159473309
verdict,APPROVE,J3,J4,104,3,2,2,0.00576923076923077,0.0038461538461538464,0.001923076923076924,0.8124842884353181,0.8124842884353201,0.8164965809277259,0.0019230769230769232,0.019611613513818404,0.2,103,0.9903846153846154,104,1.0,104,1.0,2,0.8109218186498656
verdict,APPROVE,J3,J5,104,3,2,2,0.00576923076923077,0.0038461538461538464,0.001923076923076924,0.8124842884353181,0.8124842884353201,0.8164965809277259,0.0019230769230769232,0.019611613513818404,0.2,103,0.9903846153846154,104,1.0,104,1.0,2,0.8109218186498656
ground_truth,CLEAN,J3,J4,99,3,2,2,0.0060606060606060615,0.00404040404040404,0.002020202020202021,0.8122769321069032,0.8122769321068951,0.8164965809277259,0.00202020202020202,0.020100756305184243,0.2,98,0.98989898989899,99,1.0,99,1.0,2,0.8106359686076974
ground_truth,CLEAN,J3,J5,99,3,2,2,0.0060606060606060615,0.00404040404040404,0.002020202020202021,0.8122769321069032,0.8122769321068951,0.8164965809277259,0.00202020202020202,0.020100756305184243,0.2,98,0.98989898989899,99,1.0,99,1.0,2,0.8106359686076974
quadrant,FLAWED_APPROVAL,J2,J5,73,49,42,42,0.21095890410958903,0.1643835616438356,0.04657534246575343,0.8540501655825071,0.8183882509205942,0.9188462862164856,0.057534246575342465,0.11704114719613055,0.4,54,0.7397260273972602,71,0.9726027397260274,73,1.0,41,0.8049130327681712
ground_truth,ROGUE,J1,J3,197,71,54,54,0.11065989847715735,0.07614213197969544,0.03451776649746191,0.8219732989438574,0.8331213849810193,0.8626273972457446,0.03857868020304569,0.10852027343401276,0.6000000000000001,167,0.8477157360406091,191,0.9695431472081218,195,0.9898477157360406,53,0.7902626539084598
verdict,BLOCK,J1,J3,198,72,54,54,0.11136363636363635,0.07575757575757576,0.035606060606060586,0.8181720831406827,0.8227646089501591,0.8595940261626733,0.03964646464646465,0.1096942490873076,0.6000000000000001,167,0.8434343434343434,191,0.9646464646464646,196,0.98989898989899,53,0.7857344525717213
quadrant,VALIDATED_BLOCK,J4,J5,125,7,8,6,0.011200000000000002,0.0128,0.001599999999999999,0.7892807711302738,0.7892807711302742,0.8017837257372731,0.0048000000000000004,0.03098386676965934,0.2,122,0.976,125,1.0,125,1.0,6,0.7854922234288485
ground_truth,ROGUE,J1,J5,197,71,50,50,0.11065989847715735,0.06903553299492386,0.041624365482233486,0.8133546182785849,0.8041654146908709,0.8517499823328608,0.04568527918781726,0.11310118554899783,0.6000000000000001,160,0.8121827411167513,190,0.9644670050761421,196,0.9949238578680203,49,0.7761962854638272
ground_truth,ROGUE,J1,J4,197,71,48,48,0.11065989847715735,0.06700507614213198,0.043654822335025364,0.809151163751636,0.7843223225906178,0.847407545111154,0.04365482233502538,0.11488241616168773,0.6000000000000001,163,0.8274111675126904,190,0.9644670050761421,195,0.9898477157360406,47,0.7738278134558793
verdict,BLOCK,J1,J5,198,72,50,50,0.11136363636363635,0.06868686868686869,0.04267676767676766,0.8097780676602206,0.79445660125439,0.8487548609459628,0.04671717171717172,0.11420564475072716,0.6000000000000001,160,0.8080808080808081,190,0.9595959595959596,197,0.9949494949494949,49,0.7719475266205387
quadrant,FLAWED_APPROVAL,J2,J4,73,49,41,41,0.21095890410958903,0.16164383561643833,0.049315068493150704,0.8210968611451844,0.7822279815517029,0.9009323844023291,0.06027397260273973,0.12821215295120647,0.6,54,0.7397260273972602,71,0.9726027397260274,72,0.9863013698630136,40,0.7716060914323241
verdict,BLOCK,J1,J4,198,72,48,48,0.11136363636363635,0.06666666666666667,0.04469696969696968,0.8056296679992542,0.7749701277137049,0.8444276936119739,0.04469696969696971,0.11596106974743593,0.6000000000000001,163,0.8232323232323232,190,0.9595959595959596,196,0.98989898989899,47,0.7696204631417117
quadrant,VALIDATED_BLOCK,J3,J5,125,10,8,7,0.016,0.0128,0.0031999999999999997,0.7662672848552687,0.7662672848552684,0.7826237921249263,0.0064,0.03577708763999664,0.2,121,0.968,125,1.0,125,1.0,7,0.761363174232195
quadrant,FLAWED_APPROVAL,J2,J3,73,49,44,44,0.21095890410958903,0.17808219178082188,0.032876712328767155,0.8053519909682154,0.7818086181621708,0.8994265689127947,0.06027397260273973,0.12821215295120647,0.6,54,0.7397260273972602,71,0.9726027397260274,72,0.9863013698630136,43,0.7568102271290353
quadrant,VALIDATED_BLOCK,J1,J2,125,21,13,13,0.034,0.021200000000000004,0.012799999999999999,0.7655953886833655,0.762878441991465,0.7930860654723274,0.0128,0.05059644256269408,0.2,117,0.936,125,1.0,125,1.0,13,0.7557957677082184
quadrant,VALIDATED_BLOCK,J2,J5,125,13,8,8,0.021200000000000004,0.0128,0.008400000000000003,0.749572281562491,0.7603408210423331,0.7680245771797108,0.008400000000000001,0.042190046219457975,0.25,120,0.96,124,0.992,125,1.0,8,0.7432758743973661
quadrant,FLAWED_APPROVAL,J1,J3,73,51,44,44,0.24383561643835616,0.17808219178082188,0.06575342465753428,0.7583529917414321,0.7578096930332185,0.8769236140483514,0.07671232876712328,0.16217697081587662,0.6000000000000001,53,0.726027397260274,67,0.9178082191780822,71,0.9726027397260274,43,0.7001779677174318
quadrant,FLAWED_APPROVAL,J1,J4,73,51,41,41,0.24383561643835616,0.16164383561643833,0.08219178082191783,0.7599664359340504,0.739545600864052,0.8692286757419936,0.0821917808219178,0.16879914302191085,0.6000000000000001,52,0.7123287671232876,66,0.9041095890410958,71,0.9726027397260274,40,0.697503441199745
quadrant,FLAWED_APPROVAL,J1,J5,73,51,42,42,0.24383561643835616,0.1643835616438356,0.07945205479452055,0.762062415732264,0.7484097825335126,0.8710129612459458,0.09041095890410958,0.16716819517914303,0.6000000000000001,48,0.6575342465753424,66,0.9041095890410958,72,0.9863013698630136,41,0.6931636219811278
quadrant,FLAWED_BLOCK,J1,J2,78,11,6,6,0.03333333333333334,0.015384615384615387,0.017948717948717954,0.6619684638946264,0.7094505283397746,0.693103280083672,0.01794871794871795,0.06793662204867576,0.4,72,0.9230769230769231,77,0.9871794871794872,78,1.0,6,0.6500869786452356
quadrant,VALIDATED_BLOCK,J1,J3,125,21,10,10,0.034,0.016,0.018000000000000002,0.6458801719827693,0.6494237566337467,0.6810052246069989,0.018,0.0608276253029822,0.25,114,0.912,124,0.992,125,1.0,10,0.6342543288870794
verdict,APPROVE,J1,J2,104,20,9,9,0.04230769230769231,0.01730769230769231,0.025,0.6111566573541111,0.6311586064087551,0.6537204504606136,0.025,0.075955452531275,0.4,92,0.8846153846153846,103,0.9903846153846154,104,1.0,9,0.5958777409202582
quadrant,VALIDATED_BLOCK,J2,J4,125,13,7,6,0.021200000000000004,0.011200000000000002,0.010000000000000002,0.5866167981027874,0.595191093339619,0.6157896069489425,0.0132,0.0523450093132096,0.25,117,0.936,124,0.992,125,1.0,6,0.5788734563678306
ground_truth,CLEAN,J1,J2,99,21,9,9,0.04646464646464647,0.01818181818181818,0.02828282828282829,0.5941647216201164,0.6105534601792605,0.6415002990995842,0.02828282828282828,0.08040302522073697,0.4,86,0.8686868686868687,98,0.98989898989899,99,1.0,9,0.5773600628268202
quadrant,VALIDATED_BLOCK,J1,J5,125,21,8,8,0.034,0.0128,0.021200000000000004,0.5727339598351245,0.5758762319735217,0.6091095901015048,0.021200000000000004,0.06587867636800242,0.25,112,0.896,124,0.992,125,1.0,8,0.5605919998866199
quadrant,FLAWED_BLOCK,J2,J3,78,6,2,2,0.015384615384615387,0.005128205128205128,0.010256410256410258,0.5619514869490186,0.5619514869490164,0.5773502691896257,0.010256410256410256,0.04529108136578384,0.2,74,0.9487179487179487,78,1.0,78,1.0,2,0.5561878819546697
quadrant,FLAWED_BLOCK,J2,J4,78,6,2,2,0.015384615384615387,0.005128205128205128,0.010256410256410258,0.5619514869490186,0.5619514869490164,0.5773502691896257,0.010256410256410256,0.04529108136578384,0.2,74,0.9487179487179487,78,1.0,78,1.0,2,0.5561878819546697
quadrant,FLAWED_BLOCK,J2,J5,78,6,2,2,0.015384615384615387,0.005128205128205128,0.010256410256410258,0.5619514869490186,0.5619514869490164,0.5773502691896257,0.010256410256410256,0.04529108136578384,0.2,74,0.9487179487179487,78,1.0,78,1.0,2,0.5561878819546697
quadrant,VALIDATED_BLOCK,J2,J3,125,13,10,7,0.021200000000000004,0.016,0.005200000000000003,0.5616444372091282,0.5700864355600631,0.6010743070375284,0.0148,0.05531726674375733,0.25,116,0.928,124,0.992,125,1.0,7,0.553332099538433
quadrant,VALIDATED_BLOCK,J1,J4,125,21,7,7,0.034,0.011200000000000002,0.0228,0.5334686330041525,0.536395478170939,0.5697698492895357,0.0228,0.06826419266350406,0.25,111,0.888,124,0.992,125,1.0,7,0.5213055481716578
quadrant,VALIDATED_APPROVAL,J1,J2,26,9,3,3,0.06923076923076923,0.02307692307692308,0.046153846153846156,0.49636358810271636,0.4963635881027162,0.5773502691896257,0.04615384615384616,0.09607689228305229,0.2,20,0.7692307692307693,26,1.0,26,1.0,3,0.4734544994210525
verdict,APPROVE,J2,J4,104,9,2,2,0.01730769230769231,0.0038461538461538464,0.013461538461538462,0.45494140013842677,0.45494140013842754,0.47140452079103157,0.01346153846153846,0.05188745216627708,0.2,97,0.9326923076923077,104,1.0,104,1.0,2,0.4488171889827172
verdict,APPROVE,J2,J5,104,9,2,2,0.01730769230769231,0.0038461538461538464,0.013461538461538462,0.45494140013842677,0.45494140013842754,0.47140452079103157,0.01346153846153846,0.05188745216627708,0.2,97,0.9326923076923077,104,1.0,104,1.0,2,0.4488171889827172
ground_truth,CLEAN,J2,J4,99,9,2,2,0.01818181818181818,0.00404040404040404,0.01414141414141414,0.45407660918650233,0.45407660918649984,0.47140452079103157,0.01414141414141414,0.05318160234783105,0.2,92,0.9292929292929293,99,1.0,99,1.0,2,0.447655323804067
ground_truth,CLEAN,J2,J5,99,9,2,2,0.01818181818181818,0.00404040404040404,0.01414141414141414,0.45407660918650233,0.45407660918649984,0.47140452079103157,0.01414141414141414,0.05318160234783105,0.2,92,0.9292929292929293,99,1.0,99,1.0,2,0.447655323804067
quadrant,FLAWED_BLOCK,U1,U3,78,76,65,65,0.6448717948717948,0.35662393162393163,0.28824786324786317,0.5934928976585749,0.5903883983251247,0.8927505997078169,0.2882478632478632,0.3648605478442679,1.0,17,0.21794871794871795,39,0.5,67,0.8589743589743589,50,0.42241983805570793
ground_truth,CLEAN,U1,U3,99,97,86,86,0.6888888888888889,0.37777777777777777,0.3111111111111111,0.588602011685014,0.5675171022966964,0.8994244185547783,0.31111111111111106,0.38349798835288185,1.0,19,0.1919191919191919,45,0.45454545454545453,83,0.8383838383838383,61,0.4054813858274541
ground_truth,CLEAN,H1,U3,99,75,86,72,0.2888888888888889,0.37777777777777777,0.08888888888888885,0.5029740745482846,0.5096141515413146,0.8266635621551279,0.19393939393939388,0.2526625889172828,0.6000000000000001,30,0.30303030303030304,73,0.7373737373737373,95,0.9595959595959596,68,0.40542758736316276
quadrant,FLAWED_BLOCK,U1,U4,78,76,68,68,0.6448717948717948,0.36047008547008547,0.28440170940170934,0.5241246746782119,0.5114458818494799,0.8862481751300361,0.2844017094017094,0.3709587562794533,1.0,21,0.2692307692307692,38,0.48717948717948717,65,0.8333333333333334,53,0.3750627212601136
quadrant,FLAWED_BLOCK,H1,U3,78,52,65,51,0.22799145299145296,0.35662393162393163,0.12863247863247868,0.4553516396946216,0.5519461643952025,0.778975760676794,0.19017094017094016,0.2708275804780199,1.0,29,0.3717948717948718,59,0.7564102564102564,73,0.9358974358974359,49,0.3687569902655162
verdict,APPROVE,U1,U3,104,101,87,87,0.6875,0.361698717948718,0.325801282051282,0.5459373194961242,0.5239232944438009,0.8849256435618352,0.3258012820512821,0.40410883805164793,1.0,19,0.18269230769230768,44,0.4230769230769231,85,0.8173076923076923,62,0.3680702408846465
verdict,APPROVE,U1,U4,104,101,91,91,0.6875,0.3703525641025641,0.3171474358974359,0.5220510177258948,0.5146127384498771,0.8886392517089721,0.3171474358974359,0.3992012591402303,1.0,23,0.22115384615384615,43,0.41346153846153844,82,0.7884615384615384,66,0.3564838760464804
verdict,APPROVE,J2,J3,104,9,3,2,0.01730769230769231,0.00576923076923077,0.011538461538461539,0.35561019497950086,0.3556101949795,0.38490017945975047,0.015384615384615385,0.05547001962252292,0.2,96,0.9230769230769231,104,1.0,104,1.0,2,0.35013926890289315
ground_truth,CLEAN,J2,J3,99,9,3,2,0.01818181818181818,0.0060606060606060615,0.01212121212121212,0.3540440964374669,0.3540440964374667,0.38490017945975047,0.01616161616161616,0.05685352436149612,0.2,91,0.9191919191919192,99,1.0,99,1.0,2,0.3483221716465584
quadrant,VALIDATED_APPROVAL,H1,U3,26,25,22,22,0.4538461538461539,0.37692307692307686,0.07692307692307704,0.44183204934851017,0.4506738586771775,0.8586374717026141,0.2153846153846154,0.2601774542351964,0.6000000000000001,5,0.19230769230769232,17,0.6538461538461539,25,0.9615384615384616,21,0.34666822333498487
ground_truth,CLEAN,U1,U4,99,97,88,88,0.6888888888888889,0.36565656565656574,0.32323232323232315,0.510537262678076,0.5111537051701724,0.893760880169076,0.3232323232323232,0.4,1.0,20,0.20202020202020202,40,0.40404040404040403,78,0.7878787878787878,64,0.3455151171659706
verdict,APPROVE,H1,U3,104,77,87,73,0.28445512820512825,0.361698717948718,0.07724358974358975,0.4264106385228236,0.48560423672510855,0.7898536594466476,0.196474358974359,0.2682046992201305,1.0,34,0.3269230769230769,76,0.7307692307692307,98,0.9423076923076923,70,0.3426318816592048
ground_truth,CLEAN,H1,U1,99,75,97,75,0.2888888888888889,0.6888888888888889,0.39999999999999997,0.5727491458266432,0.6136055140452616,0.856010255583404,0.4040404040404041,0.4583677673015524,1.0,8,0.08080808080808081,30,0.30303030303030304,63,0.6363636363636364,50,0.34133534953304995
verdict,APPROVE,H1,U1,104,77,101,77,0.28445512820512825,0.6875,0.40304487179487175,0.5505131973254712,0.5888349940411379,0.8424858309760108,0.4068910256410257,0.467161482174366,1.0,10,0.09615384615384616,31,0.2980769230769231,65,0.625,51,0.3265143178367899
quadrant,FLAWED_BLOCK,H1,U1,78,52,76,52,0.22799145299145296,0.6448717948717948,0.41688034188034184,0.5459749845119595,0.568024182721229,0.815832860229601,0.41688034188034184,0.47416518333026214,1.0,6,0.07692307692307693,24,0.3076923076923077,50,0.6410256410256411,37,0.31836874631049944
ground_truth,ROGUE,F2,U3,197,196,197,196,0.9736040609137057,0.9065989847715737,0.06700507614213191,0.3463944855326823,0.24941973393642744,0.9886248750384972,0.08730964467005074,0.15609446573630512,0.6,126,0.6395939086294417,183,0.9289340101522843,195,0.9898477157360406,11,0.3161509060851588
quadrant,VALIDATED_APPROVAL,U1,U4,26,25,23,23,0.8153846153846154,0.4,0.41538461538461535,0.5297941281118717,0.5168994356659787,0.897996924659039,0.41538461538461535,0.47393605540767275,1.0,2,0.07692307692307693,5,0.19230769230769232,17,0.6538461538461539,13,0.30972579797309424
quadrant,FLAWED_BLOCK,J1,J3,78,11,2,2,0.03333333333333334,0.005128205128205128,0.028205128205128212,0.30999513549911945,0.3877405085629617,0.34299717028501764,0.02820512820512821,0.08770580193070293,0.4,69,0.8846153846153846,76,0.9743589743589743,78,1.0,2,0.3012516829594007
quadrant,FLAWED_BLOCK,J1,J4,78,11,2,2,0.03333333333333334,0.005128205128205128,0.028205128205128212,0.30999513549911945,0.3877405085629617,0.34299717028501764,0.02820512820512821,0.08770580193070293,0.4,69,0.8846153846153846,76,0.9743589743589743,78,1.0,2,0.3012516829594007
quadrant,FLAWED_BLOCK,J1,J5,78,11,2,2,0.03333333333333334,0.005128205128205128,0.028205128205128212,0.30999513549911945,0.3877405085629617,0.34299717028501764,0.02820512820512821,0.08770580193070293,0.4,69,0.8846153846153846,76,0.9743589743589743,78,1.0,2,0.3012516829594007
verdict,APPROVE,J1,J3,104,20,3,3,0.04230769230769231,0.00576923076923077,0.03653846153846154,0.29994201562550465,0.34408532698771477,0.3396831102433787,0.036538461538461534,0.09405399431259603,0.4,87,0.8365384615384616,102,0.9807692307692307,104,1.0,3,0.28898259582380353
ground_truth,ROGUE,F2,U1,197,196,197,196,0.9736040609137057,0.9908629441624365,0.017258883248730816,0.2927468479876295,0.24304557817556285,0.9943367542616273,0.029441624365482227,0.10567645286607291,0.8,177,0.8984771573604061,191,0.9695431472081218,195,0.9898477157360406,2,0.2841279052549988
ground_truth,CLEAN,J1,J3,99,21,3,3,0.04646464646464647,0.0060606060606060615,0.040404040404040414,0.29015243034622573,0.3311430865061133,0.3333333333333333,0.04040404040404041,0.09847319278346618,0.4,81,0.8181818181818182,97,0.9797979797979798,99,1.0,3,0.2784290998271863
quadrant,FLAWED_APPROVAL,F1,F3,73,71,55,55,0.8684931506849314,0.34520547945205476,0.5232876712328767,0.582293846696605,0.6625012237608026,0.8535038954343039,0.5232876712328767,0.5700276369171192,1.0,2,0.0273972602739726,13,0.1780821917808219,30,0.410958904109589,13,0.2775866556855049
ground_truth,ROGUE,F1,F3,197,192,143,143,0.8091370558375633,0.32182741116751273,0.4873096446700506,0.5172249042265983,0.5628144702867777,0.8294548182087417,0.4893401015228427,0.5522450717655525,1.0,14,0.07106598984771574,46,0.233502538071066,96,0.4873096446700508,54,0.2641260170822121
quadrant,VALIDATED_APPROVAL,J1,J3,26,9,1,1,0.06923076923076923,0.007692307692307693,0.06153846153846154,0.27487370837451097,0.2748737083745107,0.3333333333333333,0.06153846153846154,0.11094003924504584,0.2,18,0.6923076923076923,26,1.0,26,1.0,1,0.25795840324377184
quadrant,VALIDATED_APPROVAL,U1,U3,26,25,22,22,0.8153846153846154,0.37692307692307686,0.4384615384615385,0.44873307761236475,0.3498184254816884,0.8742288714332641,0.43846153846153857,0.503831473655779,1.0,2,0.07692307692307693,5,0.19230769230769232,18,0.6923076923076923,12,0.2519808820438663
verdict,BLOCK,F1,F3,198,194,144,144,0.8167508417508417,0.3237373737373737,0.49301346801346796,0.49733006263045343,0.5291912808631924,0.8261583305694807,0.4950336700336701,0.5573972000362984,1.0,13,0.06565656565656566,45,0.22727272727272727,94,0.47474747474747475,55,0.25113493650842506
ground_truth,ROGUE,F1,F2,197,192,196,192,0.8091370558375633,0.9736040609137057,0.16446700507614231,0.2891990411108676,0.14780795950836545,0.957020757020757,0.1766497461928934,0.29753641589177937,1.0,101,0.5126903553299492,151,0.766497461928934,178,0.9035532994923858,10,0.23811210389940468
quadrant,VALIDATED_BLOCK,F1,F3,125,123,89,89,0.7865333333333333,0.31120000000000003,0.4753333333333333,0.45404638821473814,0.45221843457530264,0.8080113973849256,0.47853333333333326,0.5498868570492984,1.0,11,0.088,32,0.256,64,0.512,42,0.23677005657437883
verdict,APPROVE,J1,J4,104,20,2,2,0.04230769230769231,0.0038461538461538464,0.038461538461538464,0.24369817513734354,0.2795639220586479,0.2773500981126145,0.038461538461538464,0.09607689228305229,0.4,86,0.8269230769230769,102,0.9807692307692307,104,1.0,2,0.23432516840129186
verdict,APPROVE,J1,J5,104,20,2,2,0.04230769230769231,0.0038461538461538464,0.038461538461538464,0.24369817513734354,0.2795639220586479,0.2773500981126145,0.038461538461538464,0.09607689228305229,0.4,86,0.8269230769230769,102,0.9807692307692307,104,1.0,2,0.23432516840129186
ground_truth,CLEAN,J1,J4,99,21,2,2,0.04646464646464647,0.00404040404040404,0.042424242424242434,0.2356841259649923,0.268979890395594,0.2721655269759086,0.04242424242424243,0.10050378152592121,0.4,80,0.8080808080808081,97,0.9797979797979798,99,1.0,2,0.22568540546950777
ground_truth,CLEAN,J1,J5,99,21,2,2,0.04646464646464647,0.00404040404040404,0.042424242424242434,0.2356841259649923,0.268979890395594,0.2721655269759086,0.04242424242424243,0.10050378152592121,0.4,80,0.8080808080808081,97,0.9797979797979798,99,1.0,2,0.22568540546950777
quadrant,VALIDATED_APPROVAL,H1,U1,26,25,25,25,0.4538461538461539,0.8153846153846154,0.3615384615384615,0.34235238070007085,0.16052363776389042,0.9033360596125537,0.37692307692307686,0.44549022263293103,0.8,4,0.15384615384615385,7,0.2692307692307692,15,0.5769230769230769,14,0.21331186797465954
ground_truth,ROGUE,H1,J2,197,184,62,61,0.49441624365482234,0.09137055837563451,0.4030456852791878,0.35272109375744276,0.3844573282124627,0.5789422649455572,0.4091370558375635,0.4813264244808852,1.0,19,0.09644670050761421,73,0.37055837563451777,129,0.6548223350253807,50,0.2084098239257174
ground_truth,ROGUE,H1,J3,197,184,54,54,0.49441624365482234,0.07614213197969544,0.4182741116751269,0.3580942299928656,0.3849068282271719,0.5562392224244187,0.42030456852791886,0.49196591025475733,1.0,18,0.09137055837563451,68,0.34517766497461927,127,0.6446700507614214,45,0.20758558916337688
ground_truth,ROGUE,H1,J5,197,184,50,50,0.49441624365482234,0.06903553299492386,0.42538071065989846,0.35441564528345326,0.3871862678389004,0.5350442345279324,0.42741116751269037,0.49791443213255865,1.0,16,0.08121827411167512,68,0.34517766497461927,123,0.6243654822335025,41,0.20293444054808896
ground_truth,ROGUE,H1,J1,197,184,71,70,0.49441624365482234,0.11065989847715735,0.383756345177665,0.33252927612224814,0.36216290265542606,0.5943748651009916,0.3939086294416244,0.4704463805305709,1.0,24,0.1218274111675127,74,0.3756345177664975,135,0.6852791878172588,59,0.2015431247157179
quadrant,VALIDATED_APPROVAL,J3,U4,26,1,23,1,0.007692307692307693,0.4,0.39230769230769236,0.33086807674740454,0.31512990845963224,0.3356725433186756,0.3923076923076922,0.45573271518765,0.8,3,0.11538461538461539,10,0.38461538461538464,16,0.6153846153846154,1,0.20106598510034585
quadrant,FLAWED_BLOCK,H1,J1,78,52,11,9,0.22799145299145296,0.03333333333333334,0.19465811965811963,0.2527002288195015,0.13139421111979102,0.4219115666152799,0.20491452991452988,0.28585479349306525,1.0,29,0.3717948717948718,52,0.6666666666666666,74,0.9487179487179487,8,0.20091828022165922
verdict,BLOCK,H1,J2,198,184,62,61,0.49890572390572396,0.09116161616161615,0.4077441077441078,0.342049462340169,0.3734834785475509,0.5739623331615181,0.41380471380471384,0.4878892442989304,1.0,20,0.10101010101010101,72,0.36363636363636365,127,0.6414141414141414,50,0.2005077824694391
verdict,BLOCK,H1,J3,198,184,54,54,0.49890572390572396,0.07575757575757576,0.4231481481481482,0.34375825329836046,0.37066269699581095,0.5492662010634609,0.4251683501683502,0.49890592983426596,1.0,19,0.09595959595959595,67,0.3383838383838384,126,0.6363636363636364,45,0.19760312388674273
verdict,BLOCK,H1,J1,198,184,72,71,0.49890572390572396,0.11136363636363635,0.38754208754208763,0.3272436356834414,0.3601416891859689,0.5943638703228663,0.39764309764309774,0.47572969529493286,1.0,25,0.12626262626262627,73,0.3686868686868687,133,0.6717171717171717,60,0.19711746270628838
ground_truth,CLEAN,F1,U3,99,2,86,2,0.0060606060606060615,0.37777777777777777,0.3717171717171717,0.3115104024009066,0.2374612305841487,0.2802804207012272,0.3717171717171718,0.4385467276394071,1.0,13,0.13131313131313133,37,0.37373737373737376,74,0.7474747474747475,1,0.19571663665996353
ground_truth,ROGUE,H1,J4,197,184,48,48,0.49441624365482234,0.06700507614213198,0.42741116751269037,0.3429978787913891,0.37984384565163015,0.5254516403878033,0.42944162436548233,0.5003552037795136,1.0,18,0.09137055837563451,65,0.3299492385786802,122,0.6192893401015228,39,0.19570031256930012
verdict,BLOCK,H1,J5,198,184,50,50,0.49890572390572396,0.06868686868686869,0.4302188552188553,0.34073342123540723,0.3736235977844677,0.5283369137817269,0.4322390572390573,0.5047432145976599,1.0,17,0.08585858585858586,67,0.3383838383838384,122,0.6161616161616161,41,0.19345512847077623
verdict,BLOCK,H1,J4,198,184,48,48,0.49890572390572396,0.06666666666666667,0.4322390572390573,0.32963892237500403,0.3667515719063334,0.5188645725132931,0.43425925925925934,0.5071389899294095,1.0,19,0.09595959595959595,64,0.32323232323232326,121,0.6111111111111112,39,0.18649016812141428
ground_truth,ROGUE,F1,U1,197,192,197,192,0.8091370558375633,0.9908629441624365,0.18172588832487313,0.22544450390160778,0.19736590296340373,0.9554099658474217,0.18375634517766493,0.30924831085471993,1.0,101,0.5126903553299492,149,0.7563451776649747,177,0.8984771573604061,5,0.1840176458242565
ground_truth,ROGUE,U1,U3,197,197,197,197,0.9908629441624365,0.9065989847715737,0.08426395939086273,0.20077801390900496,0.2063779278597764,0.9891740880331275,0.09035532994923856,0.15931324696929153,0.6,124,0.6294416243654822,180,0.9137055837563451,195,0.9898477157360406,6,0.182636650215704
quadrant,FLAWED_APPROVAL,U3,U4,73,73,71,71,0.895890410958904,0.4712328767123288,0.4246575342465752,0.30254146802530074,0.30665247551681435,0.9114255520780074,0.4246575342465753,0.481436207526821,1.0,5,0.0684931506849315,19,0.2602739726027397,43,0.589041095890411,29,0.17406495420633744
quadrant,FLAWED_APPROVAL,F2,U3,73,73,73,73,0.9863013698630136,0.895890410958904,0.09041095890410966,0.18457286977122128,0.21054663662018686,0.9880346590859619,0.0958904109589041,0.167168195179143,0.6,45,0.6164383561643836,66,0.9041095890410958,72,0.9863013698630136,4,0.1668741014369946
quadrant,VALIDATED_BLOCK,F2,U4,125,124,123,123,0.9777333333333333,0.6565333333333332,0.32120000000000015,0.24575924971990612,0.14653919421302594,0.9443990961428739,0.3252,0.39721530685511103,1.0,21,0.168,58,0.464,101,0.808,7,0.16583834171099265
ground_truth,CLEAN,H1,J1,99,75,21,19,0.2888888888888889,0.04646464646464647,0.24242424242424243,0.21991339826088058,0.14137907421003323,0.4703604341917987,0.25050505050505045,0.33393884397468876,1.0,31,0.31313131313131315,58,0.5858585858585859,88,0.8888888888888888,18,0.1648239813228014
ground_truth,CLEAN,F2,U3,99,1,86,1,0.010101010101010102,0.37777777777777777,0.36767676767676766,0.2589848851414068,0.17795670448798792,0.22383074051792262,0.36767676767676766,0.43762444117662297,1.0,14,0.1414141414141414,38,0.3838383838383838,75,0.7575757575757576,0,0.16376215969547542
ground_truth,CLEAN,F3,U3,99,1,86,1,0.00202020202020202,0.37777777777777777,0.37575757575757573,0.2589848851414062,0.17795670448798792,0.22383074051792262,0.3757575757575758,0.4449492083146098,1.0,13,0.13131313131313133,37,0.37373737373737376,74,0.7474747474747475,0,0.16166935254281722
ground_truth,CLEAN,F2,H1,99,1,75,1,0.010101010101010102,0.2888888888888889,0.2787878787878788,0.22318911651003598,0.1679378793521709,0.21725017863742738,0.2828282828282828,0.3618136134933164,1.0,24,0.24242424242424243,52,0.5252525252525253,88,0.8888888888888888,0,0.16006492194154096
ground_truth,CLEAN,F1,H1,99,2,75,2,0.0060606060606060615,0.2888888888888889,0.2828282828282829,0.2222338736691941,0.17119511821141914,0.24289308377863014,0.2828282828282828,0.36181361349331637,1.0,24,0.24242424242424243,52,0.5252525252525253,88,0.8888888888888888,2,0.1593798487930584
ground_truth,CLEAN,F3,H1,99,1,75,1,0.00202020202020202,0.2888888888888889,0.2868686868686869,0.22318911651003587,0.1679378793521709,0.2172501786374274,0.28686868686868683,0.36625321041789405,1.0,24,0.24242424242424243,51,0.5151515151515151,87,0.8787878787878788,1,0.15916314773341952
ground_truth,CLEAN,F3,J1,99,1,21,1,0.00202020202020202,0.04646464646464647,0.04444444444444445,0.165801388769272,0.1892246208606362,0.19245008972987526,0.044444444444444446,0.10249414863810766,0.4,79,0.797979797979798,97,0.9797979797979798,99,1.0,1,0.15843243815730437
ground_truth,CLEAN,F2,J1,99,1,21,1,0.010101010101010102,0.04646464646464647,0.03636363636363637,0.16580138876927186,0.1892246208606362,0.19245008972987523,0.05252525252525253,0.13026778945578593,0.8,78,0.7878787878787878,96,0.9696969696969697,98,0.98989898989899,0,0.1570926289551283
quadrant,FLAWED_BLOCK,U3,U4,78,65,68,59,0.35662393162393163,0.36047008547008547,0.0038461538461538325,0.17881707737113636,0.1811153852795029,0.7509078013737777,0.21923076923076926,0.303188187307944,1.0,26,0.3333333333333333,51,0.6538461538461539,69,0.8846153846153846,57,0.13961487194746416
quadrant,VALIDATED_BLOCK,F1,U4,125,123,123,121,0.7865333333333333,0.6565333333333332,0.13000000000000012,0.1852384020165161,0.19386845610442036,0.9140933027743727,0.2612,0.34044089061098404,1.0,31,0.248,64,0.512,109,0.872,57,0.1368541314098021
quadrant,VALIDATED_APPROVAL,J1,U4,26,9,23,9,0.06923076923076923,0.4,0.3307692307692308,0.20061823949625276,0.18276793966845484,0.5874269508076821,0.33076923076923076,0.40950251243711283,0.8,7,0.2692307692307692,10,0.38461538461538464,19,0.7307692307692307,9,0.13425989873979993
verdict,APPROVE,H1,J1,104,77,20,18,0.28445512820512825,0.04230769230769231,0.24214743589743593,0.1733620403717504,0.11247613486541266,0.4253595593497786,0.2498397435897436,0.34044104752160376,1.0,34,0.3269230769230769,61,0.5865384615384616,92,0.8846153846153846,17,0.1300493126570775
quadrant,VALIDATED_BLOCK,U1,U3,125,125,125,125,0.9904000000000001,0.9249333333333334,0.06546666666666667,0.13184347076515202,0.1510329913762791,0.9911208824878841,0.07506666666666666,0.14124053557279115,0.6,85,0.68,116,0.928,124,0.992,3,0.12194642089304794
ground_truth,CLEAN,F1,J1,99,2,21,1,0.0060606060606060615,0.04646464646464647,0.040404040404040414,0.12637442284133238,0.09905694729957268,0.17213259316477408,0.04848484848484849,0.1063632046956621,0.4,77,0.7777777777777778,97,0.9797979797979798,99,1.0,1,0.1202471780975102
quadrant,VALIDATED_BLOCK,F1,U1,125,123,125,123,0.7865333333333333,0.9904000000000001,0.20386666666666675,0.1478921745183997,0.10004014617249299,0.9519663672361465,0.20706666666666668,0.325559347721562,1.0,56,0.448,90,0.72,109,0.872,3,0.11726863491478973
ground_truth,ROGUE,U3,U4,197,197,194,194,0.9065989847715737,0.5898477157360407,0.3167512690355331,0.17272976392882222,0.15180744915801184,0.9231459518240585,0.3370558375634518,0.4090350164350856,1.0,30,0.15228426395939088,76,0.38578680203045684,146,0.7411167512690355,67,0.11451018867565574
verdict,BLOCK,F1,U1,198,194,198,194,0.8167508417508417,0.993939393939394,0.17718855218855234,0.13847182161742372,0.09877760482159137,0.9584120139247742,0.17920875420875418,0.3012483380323082,1.0,102,0.5151515151515151,150,0.7575757575757576,178,0.898989898989899,3,0.11365645897234838
verdict,BLOCK,F2,U4,198,197,194,194,0.980892255892256,0.5882154882154882,0.39267676767676785,0.18234223479229872,0.11731643004475185,0.9235498183222085,0.3952020202020202,0.46472811645328954,1.0,23,0.11616161616161616,72,0.36363636363636365,132,0.6666666666666666,11,0.11028021523423116
verdict,BLOCK,U3,U4,198,198,194,194,0.9142255892255893,0.5882154882154882,0.3260101010101011,0.1509822728749662,0.12155622300363199,0.920102005486318,0.34267676767676764,0.41852615379942676,1.0,32,0.16161616161616163,76,0.3838383838383838,143,0.7222222222222222,63,0.09924415562968107
quadrant,FLAWED_APPROVAL,J4,S1,73,41,3,3,0.16164383561643833,0.008219178082191782,0.15342465753424656,0.11492647058071788,0.17209185581172162,0.21725017863742732,0.15342465753424656,0.24326545622381496,1.0,34,0.4657534246575342,62,0.8493150684931506,69,0.9452054794520548,3,0.09729391619025157
quadrant,VALIDATED_BLOCK,H1,J1,125,111,21,20,0.38386666666666674,0.034,0.34986666666666677,0.13652706795595437,0.14642338678140582,0.4121786394978705,0.3530666666666667,0.4275615615193781,1.0,17,0.136,56,0.448,96,0.768,19,0.08832391116297209
verdict,BLOCK,F2,U3,198,197,198,197,0.980892255892256,0.9142255892255893,0.06666666666666676,0.09304077277289337,0.15681628333555422,0.9874238502899624,0.08686868686868685,0.1632993161855452,1.0,128,0.6464646464646465,185,0.9343434343434344,196,0.98989898989899,8,0.08495844301686424
quadrant,VALIDATED_APPROVAL,J2,U3,26,3,22,2,0.02307692307692308,0.37692307692307686,0.35384615384615375,0.13291085999601904,0.13190780709868016,0.3531032906137227,0.3692307692307692,0.4296689244236598,0.8,3,0.11538461538461539,10,0.38461538461538464,19,0.7307692307692307,2,0.08383608092056585
quadrant,FLAWED_APPROVAL,F1,U4,73,71,71,69,0.8684931506849314,0.4712328767123288,0.3972602739726026,0.14626785019985786,0.06507123594472815,0.8903827916537255,0.4301369863013699,0.4915728182237484,1.0,5,0.0684931506849315,20,0.273972602739726,43,0.589041095890411,23,0.08335263792211078
quadrant,VALIDATED_BLOCK,H1,J2,125,111,13,12,0.38386666666666674,0.021200000000000004,0.36266666666666675,0.13134728344767327,0.13914604313790552,0.33824833202751947,0.36586666666666673,0.43718290095666934,1.0,14,0.112,54,0.432,94,0.752,11,0.08329169067695119
verdict,APPROVE,U3,U4,104,87,91,79,0.361698717948718,0.3703525641025641,0.008653846153846123,0.10745339365840474,0.1215144272639886,0.7338045733756453,0.23173076923076924,0.3188018434460745,1.0,33,0.3173076923076923,67,0.6442307692307693,90,0.8653846153846154,77,0.08255313608948595
ground_truth,ROGUE,F1,U4,197,192,194,189,0.8091370558375633,0.5898477157360407,0.21928934010152268,0.11771701486269996,0.08022389828055766,0.8939422239135769,0.32284263959390863,0.398983479932294,1.0,34,0.17258883248730963,84,0.4263959390862944,152,0.7715736040609137,80,0.07971294305931054
quadrant,FLAWED_APPROVAL,J3,S1,73,44,3,3,0.17808219178082188,0.008219178082191782,0.1698630136986301,0.09562337036601187,0.14384782286121978,0.2065591117977289,0.1698630136986301,0.25642430590241294,1.0,31,0.4246575342465753,59,0.8082191780821918,69,0.9452054794520548,3,0.07938049649562082
verdict,BLOCK,U1,U3,198,198,198,198,0.993939393939394,0.9142255892255893,0.07971380471380474,0.08556825554214763,0.10226682367163416,0.9897852698350188,0.08577441077441074,0.15461929641475375,0.6,128,0.6464646464646465,182,0.9191919191919192,196,0.98989898989899,3,0.0782286888420257
quadrant,VALIDATED_BLOCK,F2,U3,125,124,125,124,0.9777333333333333,0.9249333333333334,0.05279999999999996,0.0801710826355306,0.12251117881091743,0.9872636824524125,0.08159999999999999,0.16099689437998485,1.0,83,0.664,119,0.952,124,0.992,4,0.0736291222924713
quadrant,FLAWED_BLOCK,J1,U1,78,11,76,11,0.03333333333333334,0.6448717948717948,0.6115384615384615,0.18673626173469432,0.15857802849210176,0.39611183562354985,0.6115384615384616,0.6618737969408693,1.0,2,0.02564102564102564,8,0.10256410256410256,25,0.32051282051282054,7,0.07253985552001586
ground_truth,ROGUE,F2,U4,197,196,194,193,0.9736040609137057,0.5898477157360407,0.383756345177665,0.11354590511596291,0.11374416961245515,0.9227541028800973,0.39390862944162436,0.4612937005559352,1.0,20,0.10152284263959391,73,0.37055837563451777,134,0.6802030456852792,14,0.06881919325302524
verdict,BLOCK,F1,U4,198,194,194,190,0.8167508417508417,0.5882154882154882,0.22853535353535348,0.10111137101497861,0.06709019631681153,0.8931838376576096,0.3234848484848485,0.40281521943702797,1.0,36,0.18181818181818182,84,0.42424242424242425,152,0.7676767676767676,80,0.06840337448210296
quadrant,VALIDATED_APPROVAL,S1,U4,26,26,23,23,0.9923076923076923,0.4,0.5923076923076923,0.16543403837370219,0.17811690478153125,0.8584728744754525,0.5923076923076924,0.6385078759829887,1.0,0,0.0,3,0.11538461538461539,10,0.38461538461538464,1,0.06744618487543241
quadrant,FLAWED_APPROVAL,F2,F3,73,73,55,55,0.9863013698630136,0.34520547945205476,0.6410958904109589,0.18779168878848565,0.19020678647013672,0.7953800800755342,0.6410958904109589,0.692820323027551,1.0,0,0.0,10,0.136986301369863,21,0.2876712328767123,3,0.06739920885285375
ground_truth,CLEAN,J1,U1,99,21,97,21,0.04646464646464647,0.6888888888888889,0.6424242424242425,0.185163064102525,0.1699178180523164,0.47475724351553955,0.6424242424242425,0.6898982504395819,1.0,2,0.020202020202020204,9,0.09090909090909091,27,0.2727272727272727,14,0.06620982292150894
quadrant,FLAWED_APPROVAL,F2,U4,73,73,71,71,0.9863013698630136,0.4712328767123288,0.5150684931506848,0.13380188907820656,0.12105602911827723,0.9038677427308943,0.5150684931506849,0.5617975065414267,1.0,2,0.0273972602739726,14,0.1917808219178082,31,0.4246575342465753,4,0.06488475168997962
quadrant,FLAWED_BLOCK,S1,U4,78,77,68,68,0.9846153846153846,0.36047008547008547,0.6241452991452991,0.17017540909501952,0.10608116242280248,0.8458051575173979,0.6241452991452991,0.6689410988511573,1.0,3,0.038461538461538464,5,0.0641025641025641,22,0.28205128205128205,1,0.0639612274782349
ground_truth,CLEAN,U3,U4,99,86,88,78,0.37777777777777777,0.36565656565656574,0.012121212121212033,0.08328909249454455,0.0926460537317102,0.7424638816848192,0.23434343434343433,0.31526804372460493,0.8,29,0.29292929292929293,63,0.6363636363636364,86,0.8686868686868687,75,0.06377084051602502
ground_truth,ROGUE,F2,F3,197,196,143,143,0.9736040609137057,0.32182741116751273,0.651776649746193,0.18033021782480863,0.1944209146607955,0.7725292204111281,0.6517766497461928,0.7067477525870188,1.0,5,0.025380710659898477,25,0.12690355329949238,53,0.26903553299492383,10,0.06279519260295369
quadrant,FLAWED_BLOCK,J3,U3,78,2,65,2,0.005128205128205128,0.35662393162393163,0.3514957264957265,0.0965459051185887,0.11955155996847433,0.1860360033108381,0.3514957264957265,0.4255756952231558,1.0,13,0.16666666666666666,32,0.41025641025641024,61,0.782051282051282,2,0.06261043205874288
quadrant,FLAWED_BLOCK,J4,U3,78,2,65,2,0.005128205128205128,0.35662393162393163,0.3514957264957265,0.0965459051185887,0.11955155996847433,0.1860360033108381,0.3514957264957265,0.4255756952231558,1.0,13,0.16666666666666666,32,0.41025641025641024,61,0.782051282051282,2,0.06261043205874288
quadrant,FLAWED_BLOCK,J5,U3,78,2,65,2,0.005128205128205128,0.35662393162393163,0.3514957264957265,0.0965459051185887,0.11955155996847433,0.1860360033108381,0.3514957264957265,0.4255756952231558,1.0,13,0.16666666666666666,32,0.41025641025641024,61,0.782051282051282,2,0.06261043205874288
quadrant,FLAWED_BLOCK,U2,U3,78,2,65,2,0.005128205128205128,0.35662393162393163,0.3514957264957265,0.09654590511858867,0.11955155996847433,0.1860360033108381,0.35149572649572647,0.4255756952231558,1.0,13,0.16666666666666666,32,0.41025641025641024,61,0.782051282051282,2,0.06261043205874287
verdict,APPROVE,S1,U4,104,103,91,91,0.9865384615384615,0.3703525641025641,0.6161858974358974,0.1612928972482259,0.12658706696861965,0.8485926619581526,0.6161858974358974,0.6614640747782319,1.0,3,0.028846153846153848,8,0.07692307692307693,32,0.3076923076923077,2,0.061906488607291844
quadrant,VALIDATED_BLOCK,H1,J5,125,111,8,8,0.38386666666666674,0.0128,0.37106666666666677,0.09751841051339305,0.09825638466227242,0.2640743199476665,0.3710666666666667,0.4443747167525274,1.0,15,0.12,53,0.424,92,0.736,7,0.06133257898555667
verdict,BLOCK,F2,F3,198,197,144,144,0.980892255892256,0.3237373737373737,0.6571548821548823,0.1778446996122865,0.19903709527760577,0.7738145987459675,0.6571548821548822,0.7103738681481035,1.0,5,0.025252525252525252,24,0.12121212121212122,49,0.2474747474747475,7,0.06097318699670395
quadrant,VALIDATED_BLOCK,F2,F3,125,124,89,89,0.9777333333333333,0.31120000000000003,0.6665333333333333,0.18175134670050844,0.20480723950535615,0.7608270248888243,0.6665333333333333,0.720427342315348,1.0,5,0.04,14,0.112,28,0.224,4,0.06060801574639622
quadrant,FLAWED_BLOCK,S1,U3,78,77,65,65,0.9846153846153846,0.35662393162393163,0.627991452991453,0.16180411692454488,0.09899528614616036,0.8335631705840224,0.627991452991453,0.6757105577351576,1.0,2,0.02564102564102564,8,0.10256410256410256,20,0.2564102564102564,1,0.060192514437101
quadrant,VALIDATED_BLOCK,U1,U4,125,125,123,123,0.9904000000000001,0.6565333333333332,0.33386666666666687,0.08974829614022932,0.030449435288186964,0.941092407746287,0.33386666666666664,0.40998644964058134,1.0,22,0.176,58,0.464,97,0.776,4,0.059784331668878095
verdict,APPROVE,S1,U3,104,103,87,87,0.9865384615384615,0.361698717948718,0.6248397435897435,0.1521018020595139,0.1180920246687071,0.835618688802786,0.6248397435897436,0.6720634922437296,1.0,2,0.019230769230769232,11,0.10576923076923077,28,0.2692307692307692,2,0.0570625510611093
quadrant,VALIDATED_BLOCK,F3,U4,125,89,123,88,0.31120000000000003,0.6565333333333332,0.34533333333333316,0.09699067541697771,0.115841421158772,0.7295405336498308,0.41573333333333334,0.486698629087401,1.0,13,0.104,38,0.304,81,0.648,68,0.056668418623626184
quadrant,VALIDATED_APPROVAL,S1,U3,26,26,22,22,0.9923076923076923,0.37692307692307686,0.6153846153846154,0.14510246851159775,0.16435628072266364,0.8420253445579424,0.6153846153846154,0.6610015710443334,1.0,0,0.0,3,0.11538461538461539,8,0.3076923076923077,1,0.0558086417352299
verdict,APPROVE,J1,U1,104,20,101,20,0.04230769230769231,0.6875,0.6451923076923077,0.15367678535429607,0.1312923892615309,0.4450048315622505,0.6451923076923076,0.6959360050154922,1.0,3,0.028846153846153848,10,0.09615384615384616,28,0.2692307692307692,14,0.05452570557282237
ground_truth,CLEAN,F1,U1,99,2,97,2,0.0060606060606060615,0.6888888888888889,0.6828282828282828,0.168393828513641,0.1889944494594146,0.18387268976270238,0.6828282828282828,0.726413634010794,1.0,2,0.020202020202020204,6,0.06060606060606061,22,0.2222222222222222,0,0.05340975975079119
quadrant,FLAWED_APPROVAL,H1,J5,73,73,42,42,0.6958904109589041,0.1643835616438356,0.5315068493150685,0.11399377425883446,0.10217254375490226,0.6495957924174213,0.536986301369863,0.5940342686485075,1.0,2,0.0273972602739726,14,0.1917808219178082,30,0.410958904109589,34,0.05278067904039185
quadrant,FLAWED_APPROVAL,H1,J3,73,73,44,44,0.6958904109589041,0.17808219178082188,0.5178082191780823,0.1081383987865178,0.11491890369789741,0.6747972668523127,0.5232876712328769,0.5823899743228594,1.0,4,0.0547945205479452,13,0.1780821917808219,32,0.4383561643835616,35,0.051550907914668744
verdict,APPROVE,U2,U3,104,2,87,2,0.0038461538461538464,0.361698717948718,0.35785256410256416,0.08008823130669669,0.09766518455886009,0.15936606314493765,0.3578525641025641,0.43153287204814383,1.0,17,0.16346153846153846,42,0.40384615384615385,79,0.7596153846153846,2,0.05142845237915604
verdict,APPROVE,J4,U3,104,2,87,2,0.0038461538461538464,0.361698717948718,0.35785256410256416,0.08008823130669664,0.09766518455886009,0.15936606314493765,0.3578525641025641,0.43153287204814383,1.0,17,0.16346153846153846,42,0.40384615384615385,79,0.7596153846153846,2,0.051428452379156
verdict,APPROVE,J5,U3,104,2,87,2,0.0038461538461538464,0.361698717948718,0.35785256410256416,0.08008823130669664,0.09766518455886009,0.15936606314493765,0.3578525641025641,0.43153287204814383,1.0,17,0.16346153846153846,42,0.40384615384615385,79,0.7596153846153846,2,0.051428452379156
verdict,APPROVE,J2,U3,104,9,87,8,0.01730769230769231,0.361698717948718,0.3443910256410257,0.07703908255816312,0.06360782389353749,0.28547835398333204,0.3482371794871795,0.42207072461993456,1.0,19,0.18269230769230768,42,0.40384615384615385,80,0.7692307692307693,8,0.05021120973782843
quadrant,FLAWED_APPROVAL,H1,J4,73,73,41,41,0.6958904109589041,0.16164383561643833,0.5342465753424658,0.10790019197154763,0.12534644747399,0.6460302375257256,0.5397260273972603,0.5963358435950035,1.0,4,0.0547945205479452,12,0.1643835616438356,28,0.3835616438356164,32,0.04966365000334247
quadrant,VALIDATED_BLOCK,J2,S1,125,13,10,2,0.021200000000000004,0.019600000000000003,0.0016000000000000007,0.05133017270104017,0.08648930602479936,0.13344342323468364,0.03440000000000001,0.0914330356052997,0.4,106,0.848,121,0.968,125,1.0,2,0.04956441476012439
ground_truth,CLEAN,J4,U3,99,2,86,2,0.00404040404040404,0.37777777777777777,0.3737373737373737,0.072313810237872,0.09649093460325583,0.15827223445822958,0.37373737373737376,0.4454030067072274,1.0,13,0.13131313131313133,38,0.3838383838383838,75,0.7575757575757576,2,0.045287436714626914
ground_truth,CLEAN,J5,U3,99,2,86,2,0.00404040404040404,0.37777777777777777,0.3737373737373737,0.072313810237872,0.09649093460325583,0.15827223445822958,0.37373737373737376,0.4454030067072274,1.0,13,0.13131313131313133,38,0.3838383838383838,75,0.7575757575757576,2,0.045287436714626914
ground_truth,CLEAN,U2,U3,99,2,86,2,0.00404040404040404,0.37777777777777777,0.3737373737373737,0.0723138102378719,0.09649093460325583,0.15827223445822958,0.37373737373737376,0.4454030067072274,1.0,13,0.13131313131313133,38,0.3838383838383838,75,0.7575757575757576,2,0.045287436714626844
quadrant,FLAWED_APPROVAL,J2,S1,73,49,3,3,0.21095890410958903,0.008219178082191782,0.20273972602739726,0.05659513522372725,0.09892216870293424,0.18431027103363654,0.20273972602739726,0.2885960346797522,1.0,26,0.3561643835616438,55,0.7534246575342466,66,0.9041095890410958,3,0.045121053013985286
ground_truth,ROGUE,U1,U4,197,197,194,194,0.9908629441624365,0.5898477157360407,0.4010152284263958,0.07448879256209638,0.055957521869715074,0.9237902376491145,0.4010152284263959,0.47066213214958563,1.0,22,0.1116751269035533,72,0.36548223350253806,130,0.6598984771573604,7,0.04461765239760088
quadrant,VALIDATED_BLOCK,H1,J3,125,111,10,10,0.38386666666666674,0.016,0.36786666666666673,0.06773750687246757,0.10890559589440059,0.2734892393964261,0.36786666666666673,0.4429321493060635,1.0,15,0.12,54,0.432,94,0.752,10,0.04281913601098249
quadrant,FLAWED_BLOCK,H1,U2,78,52,2,2,0.22799145299145296,0.005128205128205128,0.22286324786324782,0.05468467122809434,0.07924089979487221,0.15375912805078223,0.22286324786324782,0.3091263767605683,1.0,27,0.34615384615384615,49,0.6282051282051282,74,0.9487179487179487,2,0.042497467789867335
ground_truth,CLEAN,F2,U1,99,1,97,1,0.010101010101010102,0.6888888888888889,0.6787878787878788,0.12499999999999986,0.13296259800656535,0.13705061117171072,0.6787878787878788,0.726413634010794,1.0,3,0.030303030303030304,7,0.0707070707070707,23,0.23232323232323232,0,0.040151515151515105
ground_truth,CLEAN,F3,U1,99,1,97,1,0.00202020202020202,0.6888888888888889,0.6868686868686869,0.1250000000000002,0.13296259800656535,0.13705061117171075,0.6868686868686867,0.7308497890410958,1.0,2,0.020202020202020204,6,0.06060606060606061,22,0.2222222222222222,0,0.03914141414141422
ground_truth,CLEAN,J2,U3,99,9,86,8,0.01818181818181818,0.37777777777777777,0.3595959595959596,0.05791078083211591,0.04658391759785757,0.2835189379893686,0.36363636363636365,0.4357740124181224,1.0,15,0.15151515151515152,38,0.3838383838383838,76,0.7676767676767676,8,0.03685231507498285
ground_truth,ROGUE,F3,U1,197,143,197,143,0.32182741116751273,0.9908629441624365,0.6690355329949238,0.11069880171022287,0.10547406152500304,0.7670409874477088,0.6690355329949238,0.7216731827781304,1.0,4,0.02030456852791878,23,0.116751269035533,49,0.24873096446700507,4,0.036637369906124526
quadrant,FLAWED_BLOCK,J2,U3,78,6,65,6,0.015384615384615387,0.35662393162393163,0.34123931623931625,0.051976681898774434,0.03545726002599484,0.25777904781713884,0.34123931623931625,0.4195074102283144,1.0,16,0.20512820512820512,32,0.41025641025641024,61,0.782051282051282,6,0.0342401945072482
quadrant,FLAWED_APPROVAL,H1,S1,73,73,3,3,0.6958904109589041,0.008219178082191782,0.6876712328767124,0.10410633312362576,0.10715944226905874,0.223374237314982,0.6876712328767123,0.7180643692289462,1.0,0,0.0,2,0.0273972602739726,15,0.2054794520547945,1,0.032515402674228325
quadrant,VALIDATED_BLOCK,H1,U3,125,111,125,111,0.38386666666666674,0.9249333333333334,0.5410666666666666,0.06863750273187846,0.07850979327464175,0.8413321520380483,0.5474666666666665,0.6023029876141152,1.0,4,0.032,16,0.128,51,0.408,36,0.031060757902932744
quadrant,FLAWED_APPROVAL,F1,F2,73,71,73,71,0.8684931506849314,0.9863013698630136,0.11780821917808226,0.03550170455600731,0.028405029155248174,0.9691803147708589,0.13424657534246576,0.25102529480141433,1.0,44,0.6027397260273972,60,0.821917808219178,70,0.958904109589041,2,0.030735722300543316
quadrant,VALIDATED_BLOCK,J4,S1,125,7,10,1,0.011200000000000002,0.019600000000000003,0.008400000000000001,0.03116525972239661,0.05331364273466307,0.09287269204251442,0.027600000000000003,0.08306623862918076,0.4,110,0.88,122,0.976,125,1.0,1,0.030305098554058465
quadrant,FLAWED_APPROVAL,F1,U3,73,71,73,71,0.8684931506849314,0.895890410958904,0.0273972602739726,0.03598917819272324,0.03813756017805448,0.9595930352993245,0.1643835616438356,0.25642430590241294,1.0,33,0.4520547945205479,55,0.7534246575342466,70,0.958904109589041,11,0.03007314890076873
quadrant,FLAWED_BLOCK,J1,U3,78,11,65,11,0.03333333333333334,0.35662393162393163,0.3232905982905983,0.04440696630549901,0.03586168203770374,0.3190491135337583,0.3284188034188034,0.4102367115997294,1.0,17,0.21794871794871795,35,0.44871794871794873,62,0.7948717948717948,11,0.029822883567987905
quadrant,VALIDATED_BLOCK,F3,U1,125,89,125,89,0.31120000000000003,0.9904000000000001,0.6792,0.09134964342302093,0.07053132392146799,0.7545773796661859,0.6791999999999999,0.7320382503667414,1.0,4,0.032,13,0.104,28,0.224,3,0.02930496561010512
quadrant,VALIDATED_BLOCK,H1,J4,125,111,7,7,0.38386666666666674,0.011200000000000002,0.37266666666666676,0.044557323798893975,0.07520839723296738,0.2228742022307124,0.37266666666666676,0.4468880048612727,1.0,15,0.12,52,0.416,93,0.744,7,0.02795229446317282
verdict,BLOCK,F3,U1,198,144,198,144,0.3237373737373737,0.993939393939394,0.6702020202020202,0.0788402819083882,0.06381232090414801,0.7681653521608343,0.6702020202020201,0.7230162690095744,1.0,4,0.020202020202020204,23,0.11616161616161616,48,0.24242424242424243,3,0.026001365700089648
verdict,BLOCK,S1,U4,198,13,194,13,0.015404040404040406,0.5882154882154882,0.5728114478114478,0.05855037089666371,0.05506176650293002,0.24777653865103488,0.5728114478114479,0.6261431744992048,1.0,6,0.030303030303030304,32,0.16161616161616163,72,0.36363636363636365,12,0.02501204817344851
verdict,BLOCK,H1,U1,198,184,198,184,0.49890572390572396,0.993939393939394,0.49503367003367005,0.04877035137639467,0.08184561072241729,0.8752255910474479,0.49503367003366994,0.567454641289889,1.0,18,0.09090909090909091,54,0.2727272727272727,92,0.46464646464646464,4,0.02462738534570637
ground_truth,ROGUE,F1,U3,197,192,197,192,0.8091370558375633,0.9065989847715737,0.0974619289340104,0.030268115512395832,0.00820097743025703,0.9439909910679719,0.2010152284263959,0.3029466120394696,1.0,79,0.4010152284263959,139,0.7055837563451777,179,0.9086294416243654,34,0.024183763358635046
ground_truth,ROGUE,H1,U1,197,184,197,184,0.49441624365482234,0.9908629441624365,0.49644670050761414,0.047920045019585675,0.06602511477107159,0.8760000936088039,0.4964467005076142,0.5672983440549714,1.0,17,0.08629441624365482,52,0.2639593908629442,91,0.4619289340101523,7,0.024130296781436036
ground_truth,CLEAN,S1,U4,99,98,88,87,0.9838383838383837,0.36565656565656574,0.6181818181818179,0.06275218085024697,0.016488292322196018,0.8533195795884921,0.6222222222222222,0.6630203312085985,1.0,1,0.010101010101010102,7,0.0707070707070707,30,0.30303030303030304,3,0.023706379432315523
verdict,BLOCK,F3,U4,198,144,194,142,0.3237373737373737,0.5882154882154882,0.2644781144781145,0.0340684899282736,0.05172041246186962,0.7145397386210665,0.3715488215488215,0.44816936533240054,1.0,28,0.1414141414141414,73,0.3686868686868687,142,0.7171717171717171,122,0.021410382643475646
quadrant,VALIDATED_BLOCK,F3,U3,125,89,125,89,0.31120000000000003,0.9249333333333334,0.6137333333333334,0.053401536063270125,0.05158217415151105,0.7506808859538698,0.6169333333333334,0.6795112622727865,1.0,6,0.048,17,0.136,39,0.312,27,0.02045634841463667
quadrant,VALIDATED_BLOCK,J5,S1,125,8,10,1,0.0128,0.019600000000000003,0.006800000000000002,0.020139419714899475,0.04045166513381316,0.08687444855261386,0.029200000000000004,0.084970583144992,0.4,109,0.872,122,0.976,125,1.0,1,0.01955134865922441
quadrant,VALIDATED_BLOCK,F1,S1,125,123,10,10,0.7865333333333333,0.019600000000000003,0.7669333333333334,0.07821600606379411,0.11929713203921183,0.27932144488143773,0.7669333333333332,0.8098367462368916,1.0,3,0.024,10,0.08,19,0.152,3,0.018229543813268287
ground_truth,ROGUE,F3,U3,197,143,197,143,0.32182741116751273,0.9065989847715737,0.5847715736040611,0.04423722452393851,0.03977319176392458,0.7601740009807414,0.5888324873096445,0.6564015113956065,1.0,12,0.06091370558375635,30,0.15228426395939088,71,0.3604060913705584,53,0.01818890957583259
verdict,BLOCK,U1,U4,198,198,194,194,0.993939393939394,0.5882154882154882,0.4057239057239058,0.029993122092000703,-0.014226040130051963,0.9204848630053803,0.40572390572390576,0.4774252869314436,1.0,23,0.11616161616161616,72,0.36363636363636365,128,0.6464646464646465,4,0.017824195451980215
ground_truth,CLEAN,J3,U4,99,3,88,3,0.0060606060606060615,0.36565656565656574,0.3595959595959597,0.027335853434731758,-0.002135901230903628,0.1627576917542319,0.3595959595959597,0.4235492172037854,1.0,13,0.13131313131313133,41,0.41414141414141414,71,0.7171717171717171,3,0.01750599098749488
ground_truth,ROGUE,F3,U4,197,143,194,141,0.32182741116751273,0.5898477157360407,0.26802030456852793,0.027762629808052074,0.04996563483160981,0.7128118387395915,0.3756345177664975,0.4492520574994762,1.0,25,0.12690355329949238,71,0.3604060913705584,141,0.7157360406091371,122,0.017334027748174646
quadrant,FLAWED_APPROVAL,J1,S1,73,51,3,3,0.24383561643835616,0.008219178082191782,0.2356164383561644,0.020994916150704906,0.05821219689637411,0.16289259247507362,0.2356164383561644,0.3277152121491656,1.0,24,0.3287671232876712,50,0.684931506849315,62,0.8493150684931506,3,0.016048168783689504
quadrant,VALIDATED_BLOCK,S1,U4,125,10,123,10,0.019600000000000003,0.6565333333333332,0.6369333333333332,0.03933569221099061,0.04228290720217015,0.26614109058721414,0.6369333333333331,0.6820377962807894,1.0,3,0.024,13,0.104,30,0.24,9,0.014281478652070334
verdict,APPROVE,J3,U4,104,3,91,3,0.00576923076923077,0.3703525641025641,0.36458333333333337,0.021726352852193386,-0.0009859449035778674,0.15485374996730272,0.36458333333333337,0.43475174662855726,1.0,15,0.14423076923076922,43,0.41346153846153844,73,0.7019230769230769,3,0.013805286708164546
quadrant,FLAWED_BLOCK,J3,U1,78,2,76,2,0.005128205128205128,0.6448717948717948,0.6397435897435897,0.035136371525593395,0.04271133263280382,0.16167963409498515,0.6397435897435897,0.6888302980322363,1.0,2,0.02564102564102564,6,0.07692307692307693,22,0.28205128205128205,2,0.012658103075245827
quadrant,FLAWED_BLOCK,J4,U1,78,2,76,2,0.005128205128205128,0.6448717948717948,0.6397435897435897,0.035136371525593395,0.04271133263280382,0.16167963409498515,0.6397435897435897,0.6888302980322363,1.0,2,0.02564102564102564,6,0.07692307692307693,22,0.28205128205128205,2,0.012658103075245827
quadrant,FLAWED_BLOCK,J5,U1,78,2,76,2,0.005128205128205128,0.6448717948717948,0.6397435897435897,0.035136371525593395,0.04271133263280382,0.16167963409498515,0.6397435897435897,0.6888302980322363,1.0,2,0.02564102564102564,6,0.07692307692307693,22,0.28205128205128205,2,0.012658103075245827
quadrant,VALIDATED_APPROVAL,S1,U1,26,26,25,25,0.9923076923076923,0.8153846153846154,0.17692307692307696,0.013483997249264829,0.08591684043324421,0.9624180755202004,0.1769230769230769,0.2908872369413698,1.0,12,0.46153846153846156,21,0.8076923076923077,24,0.9230769230769231,1,0.01109836696670259
ground_truth,CLEAN,J3,U1,99,3,97,3,0.0060606060606060615,0.6888888888888889,0.6828282828282828,0.03125000000000007,0.025499676330026224,0.17407765595569782,0.6828282828282828,0.7280803596451495,1.0,2,0.020202020202020204,6,0.06060606060606061,23,0.23232323232323232,3,0.009911616161616186
verdict,APPROVE,J3,U1,104,3,101,3,0.00576923076923077,0.6875,0.6817307692307693,0.030504567113632988,0.022645776258349272,0.16953701499569132,0.6817307692307691,0.7296600894621044,1.0,3,0.028846153846153848,7,0.0673076923076923,24,0.23076923076923078,3,0.009708665110204347
quadrant,FLAWED_BLOCK,J2,U1,78,6,76,6,0.015384615384615387,0.6448717948717948,0.6294871794871794,0.02471943566128099,0.014319852971006772,0.26670222933491394,0.6294871794871795,0.6805917485579209,1.0,2,0.02564102564102564,8,0.10256410256410256,22,0.28205128205128205,5,0.009158867828346419
verdict,BLOCK,F1,S1,198,194,13,13,0.8167508417508417,0.015404040404040406,0.8013468013468013,0.0443068744424172,0.07096698289522124,0.2470181336552011,0.8013468013468013,0.839611034416149,1.0,5,0.025252525252525252,12,0.06060606060606061,24,0.12121212121212122,4,0.008801702330311838
ground_truth,ROGUE,F1,J2,197,192,62,60,0.8091370558375633,0.09137055837563451,0.7177664974619289,0.02878901054662625,0.0252163897161368,0.47634790959941153,0.7258883248730964,0.7777358783331912,1.0,7,0.03553299492385787,19,0.09644670050761421,40,0.20304568527918782,27,0.007891403906181817
ground_truth,ROGUE,J2,U1,197,62,197,62,0.09137055837563451,0.9908629441624365,0.899492385786802,0.0772508530155571,0.0760621822747535,0.49458458318108106,0.899492385786802,0.9146301019265952,1.0,1,0.005076142131979695,1,0.005076142131979695,7,0.03553299492385787,1,0.007764298932528076
ground_truth,ROGUE,F2,J1,197,196,71,71,0.9736040609137057,0.11065989847715735,0.8629441624365484,0.05648938070332693,-0.018095905286804215,0.5245268768520915,0.8629441624365483,0.8869041576019213,1.0,2,0.01015228426395939,3,0.015228426395939087,16,0.08121827411167512,7,0.007742199385735161
verdict,BLOCK,J2,U1,198,62,198,62,0.09116161616161615,0.993939393939394,0.9027777777777779,0.07671976638927461,0.09541315964467968,0.4936025542653865,0.9027777777777778,0.917623467595957,1.0,1,0.005050505050505051,1,0.005050505050505051,7,0.03535353535353535,0,0.00745886617673503
quadrant,FLAWED_APPROVAL,H1,J2,73,73,49,49,0.6958904109589041,0.21095890410958903,0.4849315068493151,0.014056200761131302,0.004823401773701219,0.6921734195982321,0.49589041095890407,0.5642305950438719,1.0,6,0.0821917808219178,18,0.2465753424657534,33,0.4520547945205479,39,0.0070858655891730404
ground_truth,ROGUE,J5,U1,197,50,197,50,0.06903553299492386,0.9908629441624365,0.9218274111675127,0.08732711704401211,0.11109527697301308,0.4385173378009206,0.9218274111675125,0.9335266901477827,1.0,1,0.005076142131979695,1,0.005076142131979695,5,0.025380710659898477,0,0.006826586814608066
verdict,APPROVE,H1,U2,104,77,2,2,0.28445512820512825,0.0038461538461538464,0.2806089743589744,0.009155587025212134,0.024227671366349766,0.11221870988373621,0.2806089743589744,0.3686463167286591,1.0,28,0.2692307692307692,55,0.5288461538461539,91,0.875,2,0.006586447140413024
ground_truth,ROGUE,J4,U1,197,48,197,48,0.06700507614213198,0.9908629441624365,0.9238578680203045,0.08589384479939416,0.10812073874465923,0.43265528317519236,0.9238578680203046,0.9352651026221074,1.0,1,0.005076142131979695,1,0.005076142131979695,4,0.02030456852791878,0,0.006540140466958947
quadrant,FLAWED_APPROVAL,S1,U3,73,3,73,3,0.008219178082191782,0.895890410958904,0.8876712328767122,0.055022900969964275,0.044962797416051234,0.20863014610464722,0.8876712328767122,0.8993148076661872,1.0,0,0.0,0,0.0,1,0.0136986301369863,1,0.006180654629502841
ground_truth,ROGUE,F3,H1,197,143,184,132,0.32182741116751273,0.49441624365482234,0.1725888324873096,0.009204035731825167,0.004187743710944866,0.6724440245307219,0.3350253807106599,0.41981383352902396,1.0,32,0.16243654822335024,95,0.48223350253807107,153,0.7766497461928934,118,0.006120450156695923
quadrant,FLAWED_BLOCK,H1,J2,78,52,6,5,0.22799145299145296,0.015384615384615387,0.21260683760683757,0.007218997451644001,0.031335603254489725,0.20713670593112293,0.2177350427350427,0.30579050795901885,1.0,28,0.358974358974359,50,0.6410256410256411,74,0.9487179487179487,5,0.00564716873300613
ground_truth,ROGUE,F2,J3,197,196,54,54,0.9736040609137057,0.07614213197969544,0.8974619289340102,0.05023905400437961,-0.030884661253228113,0.462017659251589,0.8974619289340102,0.9148520725892313,1.0,2,0.01015228426395939,2,0.01015228426395939,7,0.03553299492385787,6,0.005151415689789175
ground_truth,ROGUE,F2,J5,197,196,50,50,0.9736040609137057,0.06903553299492386,0.9045685279187818,0.05270656964654215,-0.012781630291795588,0.43765617259887146,0.9045685279187816,0.9211557516412335,1.0,2,0.01015228426395939,2,0.01015228426395939,8,0.04060913705583756,5,0.005029865529720779
ground_truth,CLEAN,H1,U2,99,75,2,2,0.2888888888888889,0.00404040404040404,0.28484848484848485,0.006896954325374702,0.019674817128565288,0.11521430589638529,0.28484848484848485,0.3679042475339682,1.0,25,0.25252525252525254,52,0.5252525252525253,87,0.8787878787878788,2,0.004932367335722514
verdict,BLOCK,J5,U1,198,50,198,50,0.06868686868686869,0.993939393939394,0.9252525252525253,0.06555112892462911,0.08284258358675198,0.4361843049221676,0.9252525252525252,0.9367901352895202,1.0,1,0.005050505050505051,1,0.005050505050505051,5,0.025252525252525252,0,0.004899781353962178
verdict,BLOCK,J4,U1,198,48,198,48,0.06666666666666667,0.993939393939394,0.9272727272727274,0.06447649527488858,0.08062807815666455,0.4303534380397734,0.9272727272727274,0.9385137616508779,1.0,1,0.005050505050505051,1,0.005050505050505051,4,0.020202020202020204,0,0.004689199656355527
quadrant,FLAWED_APPROVAL,J2,U4,73,49,71,47,0.21095890410958903,0.4712328767123288,0.26027397260273977,0.0068629979685078425,0.009574585036618805,0.6508889375890433,0.33698630136986296,0.3993144810729014,0.8,10,0.136986301369863,32,0.4383561643835616,57,0.7808219178082192,45,0.004550261666791501
verdict,BLOCK,F3,U3,198,144,198,144,0.3237373737373737,0.9142255892255893,0.5904882154882156,0.010953104827268932,0.02119546138398971,0.7601683795602877,0.5945286195286195,0.6617887622807088,1.0,12,0.06060606060606061,30,0.15151515151515152,68,0.3434343434343434,50,0.004441170534760476
verdict,BLOCK,F1,J2,198,194,62,60,0.8167508417508417,0.09116161616161615,0.7255892255892256,0.01590451851873166,0.01656936884251899,0.4742656680334698,0.7336700336700336,0.782153994384442,1.0,6,0.030303030303030304,16,0.08080808080808081,37,0.18686868686868688,27,0.0042358498815881305
verdict,BLOCK,F2,J1,198,197,72,72,0.980892255892256,0.11136363636363635,0.8695286195286197,0.03214377603544372,-0.027528903874372714,0.5255330511112308,0.8695286195286196,0.8918526977970641,1.0,2,0.010101010101010102,3,0.015151515151515152,14,0.0707070707070707,6,0.004193842832907218
verdict,APPROVE,H1,J2,104,77,9,8,0.28445512820512825,0.01730769230769231,0.26714743589743595,0.005740052155694837,0.02662724403514153,0.2292350976782987,0.2709935897435897,0.36180119794938054,1.0,30,0.28846153846153844,57,0.5480769230769231,92,0.8846153846153846,8,0.004184534816707663
ground_truth,ROGUE,F2,J2,197,196,62,62,0.9736040609137057,0.09137055837563451,0.8822335025380712,0.03370785808020064,-0.05335344651118006,0.49205451634836506,0.8822335025380711,0.9026750993715186,1.0,2,0.01015228426395939,2,0.01015228426395939,12,0.06091370558375635,7,0.0039696563830490085
quadrant,FLAWED_APPROVAL,F3,H1,73,55,73,55,0.34520547945205476,0.6958904109589041,0.3506849315068494,0.005829744578549572,-0.02896469826621945,0.7587301850954277,0.38904109589041097,0.4865309124476299,1.0,11,0.1506849315068493,29,0.3972602739726027,50,0.684931506849315,46,0.003561734358949465
ground_truth,ROGUE,F2,J4,197,196,48,48,0.9736040609137057,0.06700507614213198,0.9065989847715736,0.03642689416267033,-0.05755420995394871,0.4302822993603817,0.9065989847715735,0.9231374443260068,1.0,2,0.01015228426395939,2,0.01015228426395939,7,0.03553299492385787,6,0.003402308896411851
quadrant,VALIDATED_BLOCK,F2,J1,125,124,21,21,0.9777333333333333,0.034,0.9437333333333333,0.05545818765058826,0.044953398812980175,0.41236776316493956,0.9437333333333333,0.952006069074959,1.0,1,0.008,1,0.008,1,0.008,1,0.0031204473584731007
quadrant,FLAWED_BLOCK,J1,S1,78,11,77,11,0.03333333333333334,0.9846153846153846,0.9512820512820512,0.051378717125283,0.06561209067618576,0.3601564057745054,0.9512820512820513,0.9615692302769389,1.0,1,0.01282051282051282,1,0.01282051282051282,1,0.01282051282051282,0,0.0025030657061035273
quadrant,VALIDATED_APPROVAL,J2,S1,26,3,26,3,0.02307692307692308,0.9923076923076923,0.9692307692307692,0.07223151185146152,0.07223151185146152,0.34205946878753035,0.9692307692307692,0.9719132598207438,1.0,0,0.0,0,0.0,0,0.0,0,0.0022225080569680472
verdict,APPROVE,J4,U1,104,2,101,2,0.0038461538461538464,0.6875,0.6836538461538462,0.006759404046912983,-0.0023999135751300495,0.13213428430809845,0.6836538461538461,0.7315026683793805,1.0,3,0.028846153846153848,7,0.0673076923076923,24,0.23076923076923078,2,0.00213831147253305
verdict,APPROVE,J5,U1,104,2,101,2,0.0038461538461538464,0.6875,0.6836538461538462,0.006759404046912983,-0.0023999135751300495,0.13213428430809845,0.6836538461538461,0.7315026683793805,1.0,3,0.028846153846153848,7,0.0673076923076923,24,0.23076923076923078,2,0.00213831147253305
verdict,BLOCK,F2,J5,198,197,50,50,0.980892255892256,0.06868686868686869,0.9122053872053874,0.024032537135390723,-0.05018440787693489,0.4341704475726548,0.9122053872053872,0.9271628942897248,1.0,2,0.010101010101010102,2,0.010101010101010102,6,0.030303030303030304,5,0.0021099272922737804
ground_truth,CLEAN,J4,U1,99,2,97,2,0.00404040404040404,0.6888888888888889,0.6848484848484848,0.006345913532085139,-0.0012945499286920324,0.13567318313538843,0.6848484848484848,0.7300200633744891,1.0,2,0.020202020202020204,6,0.06060606060606061,23,0.23232323232323232,2,0.001999924264657135
ground_truth,CLEAN,J5,U1,99,2,97,2,0.00404040404040404,0.6888888888888889,0.6848484848484848,0.006345913532085139,-0.0012945499286920324,0.13567318313538843,0.6848484848484848,0.7300200633744891,1.0,2,0.020202020202020204,6,0.06060606060606061,23,0.23232323232323232,2,0.001999924264657135
quadrant,VALIDATED_BLOCK,J2,U1,125,13,125,13,0.021200000000000004,0.9904000000000001,0.9692000000000001,0.05852908156703892,0.061909387744881396,0.3244094128739414,0.9692000000000001,0.9725944684193921,1.0,0,0.0,0,0.0,0,0.0,0,0.001802695712264795
verdict,BLOCK,F2,J3,198,197,54,54,0.980892255892256,0.07575757575757576,0.9051346801346802,0.018184443068045123,-0.07191423012665693,0.45833790647249745,0.9051346801346801,0.9209320718883384,1.0,2,0.010101010101010102,2,0.010101010101010102,5,0.025252525252525252,6,0.0017250730082227993
ground_truth,CLEAN,J2,S1,99,9,98,9,0.01818181818181818,0.9838383838383837,0.9656565656565655,0.048614481372464775,0.06487822187351767,0.304729537125191,0.9656565656565658,0.9727603128533906,1.0,1,0.010101010101010102,1,0.010101010101010102,1,0.010101010101010102,0,0.0016695882491553505
quadrant,VALIDATED_BLOCK,U3,U4,125,125,123,123,0.9249333333333334,0.6565333333333332,0.2684000000000002,0.002333352135208628,-0.02830889109359114,0.9331984212587233,0.2948,0.3769615364994154,1.0,27,0.216,57,0.456,100,0.8,34,0.0016454799257491245
quadrant,VALIDATED_BLOCK,J3,S1,125,10,10,1,0.016,0.019600000000000003,0.0036000000000000025,0.0016823339205489696,0.019116078181022098,0.07770286898858111,0.032400000000000005,0.08865664103720601,0.4,107,0.856,122,0.976,125,1.0,1,0.001627826301523183
ground_truth,ROGUE,F1,J4,197,192,48,46,0.8091370558375633,0.06700507614213198,0.7421319796954313,0.005524630904902584,-0.013872211797819427,0.4106682914123302,0.7482233502538072,0.7975851879139277,1.0,6,0.030456852791878174,18,0.09137055837563451,36,0.18274111675126903,22,0.0013909730603206504
verdict,APPROVE,J2,S1,104,9,103,9,0.01730769230769231,0.9865384615384615,0.9692307692307691,0.04101867635322853,0.05304177523184069,0.29663739256403276,0.9692307692307692,0.9758625376084955,1.0,1,0.009615384615384616,1,0.009615384615384616,1,0.009615384615384616,0,0.0012621131185608777
quadrant,FLAWED_BLOCK,J2,S1,78,6,77,6,0.015384615384615387,0.9846153846153846,0.9692307692307691,0.03880752628531677,0.04682534123979207,0.2798001075924887,0.9692307692307693,0.9771754166329579,1.0,1,0.01282051282051282,1,0.01282051282051282,1,0.01282051282051282,0,0.0011940777318558964
verdict,APPROVE,J1,S1,104,20,103,20,0.04230769230769231,0.9865384615384615,0.9442307692307692,0.020203083875697955,-0.057368991602761994,0.4227410871611185,0.9442307692307692,0.9537375868735513,1.0,1,0.009615384615384616,1,0.009615384615384616,1,0.009615384615384616,1,0.0011267104469139249
quadrant,FLAWED_APPROVAL,F2,J5,73,73,42,42,0.9863013698630136,0.1643835616438356,0.821917808219178,0.00621835116006537,-0.05315775447857637,0.6514074411591568,0.821917808219178,0.8452931727780638,1.0,1,0.0136986301369863,1,0.0136986301369863,5,0.0684931506849315,4,0.001107377603847258
quadrant,VALIDATED_BLOCK,F2,J2,125,124,13,13,0.9777333333333333,0.021200000000000004,0.9565333333333333,0.023443102653101126,-0.003260305518115654,0.3223463812751766,0.9565333333333333,0.9640308893160818,1.0,1,0.008,1,0.008,1,0.008,1,0.0010189935286547952
quadrant,VALIDATED_BLOCK,J5,U1,125,8,125,8,0.0128,0.9904000000000001,0.9776,0.045029172875303725,0.04753702001664116,0.2550306852253353,0.9776,0.9802856726485397,1.0,0,0.0,0,0.0,0,0.0,0,0.0010086534724068022
verdict,BLOCK,F2,J2,198,197,62,62,0.980892255892256,0.09116161616161615,0.8897306397306399,0.008812952426353932,-0.06208168296201741,0.4898163329088024,0.8897306397306397,0.9084603593260915,1.0,2,0.010101010101010102,2,0.010101010101010102,10,0.050505050505050504,6,0.0009717986261383547
quadrant,VALIDATED_BLOCK,J4,U1,125,7,125,7,0.011200000000000002,0.9904000000000001,0.9792000000000001,0.04194207604873145,0.0442779909413246,0.23855936180684895,0.9792000000000001,0.9817535332251166,1.0,0,0.0,0,0.0,0,0.0,0,0.0008723951818136112
quadrant,VALIDATED_APPROVAL,J3,S1,26,1,26,1,0.007692307692307693,0.9923076923076923,0.9846153846153847,0.040000000000000015,0.04000000000000001,0.19748812638334107,0.9846153846153847,0.9860566374745886,1.0,0,0.0,0,0.0,0,0.0,0,0.0006153846153846135
ground_truth,CLEAN,J3,S1,99,3,98,3,0.0060606060606060615,0.9838383838383837,0.9777777777777776,0.027176321259932447,0.03626802859212482,0.17593568028925913,0.9777777777777777,0.9839109756887602,1.0,1,0.010101010101010102,1,0.010101010101010102,1,0.010101010101010102,0,0.0006039182502207219
verdict,APPROVE,J2,U1,104,9,101,9,0.01730769230769231,0.6875,0.6701923076923076,0.0016508607347516199,-0.01289496933910265,0.2758499526005826,0.6701923076923078,0.7206434090983717,1.0,3,0.028846153846153848,10,0.09615384615384616,24,0.23076923076923078,7,0.000544466569249813
quadrant,FLAWED_BLOCK,J3,S1,78,2,77,2,0.005128205128205128,0.9846153846153846,0.9794871794871794,0.02180794710084676,0.026313570136596253,0.16154266743780962,0.9794871794871796,0.9865765724632495,1.0,1,0.01282051282051282,1,0.01282051282051282,1,0.01282051282051282,0,0.00044734250463275246
quadrant,FLAWED_BLOCK,J4,S1,78,2,77,2,0.005128205128205128,0.9846153846153846,0.9794871794871794,0.02180794710084676,0.026313570136596253,0.16154266743780962,0.9794871794871796,0.9865765724632495,1.0,1,0.01282051282051282,1,0.01282051282051282,1,0.01282051282051282,0,0.00044734250463275246
quadrant,FLAWED_BLOCK,J5,S1,78,2,77,2,0.005128205128205128,0.9846153846153846,0.9794871794871794,0.02180794710084676,0.026313570136596253,0.16154266743780962,0.9794871794871796,0.9865765724632495,1.0,1,0.01282051282051282,1,0.01282051282051282,1,0.01282051282051282,0,0.00044734250463275246
quadrant,FLAWED_BLOCK,S1,U2,78,77,2,2,0.9846153846153846,0.005128205128205128,0.9794871794871794,0.021807947100846728,0.026313570136596253,0.16154266743780962,0.9794871794871796,0.9865765724632495,1.0,1,0.01282051282051282,1,0.01282051282051282,1,0.01282051282051282,0,0.0004473425046327518
ground_truth,CLEAN,J4,S1,99,2,98,2,0.00404040404040404,0.9838383838383837,0.9797979797979797,0.02207469885896921,0.029459682998376313,0.1436508814193736,0.9797979797979798,0.9857571565640149,1.0,1,0.010101010101010102,1,0.010101010101010102,1,0.010101010101010102,0,0.0004459535123024087
ground_truth,CLEAN,J5,S1,99,2,98,2,0.00404040404040404,0.9838383838383837,0.9797979797979797,0.02207469885896921,0.029459682998376313,0.1436508814193736,0.9797979797979798,0.9857571565640149,1.0,1,0.010101010101010102,1,0.010101010101010102,1,0.010101010101010102,0,0.0004459535123024087
ground_truth,CLEAN,S1,U2,99,98,2,2,0.9838383838383837,0.00404040404040404,0.9797979797979797,0.022074698858969156,0.029459682998376313,0.1436508814193736,0.9797979797979798,0.9857571565640149,1.0,1,0.010101010101010102,1,0.010101010101010102,1,0.010101010101010102,0,0.0004459535123024076
verdict,APPROVE,J3,S1,104,3,103,3,0.00576923076923077,0.9865384615384615,0.9807692307692307,0.022967944509918008,0.029700142923714357,0.17126367844855303,0.9807692307692307,0.9864466144079582,1.0,1,0.009615384615384616,1,0.009615384615384616,1,0.009615384615384616,0,0.00044169124057534726
verdict,BLOCK,F2,J4,198,197,48,48,0.980892255892256,0.06666666666666667,0.9142255892255894,0.00497233882601386,-0.09839792589175882,0.4268553037571615,0.9142255892255892,0.929121841409437,1.0,2,0.010101010101010102,2,0.010101010101010102,5,0.025252525252525252,6,0.0004264994329720646
verdict,APPROVE,J4,S1,104,2,103,2,0.0038461538461538464,0.9865384615384615,0.9826923076923076,0.018661094051962784,0.024130899489801367,0.139836207890349,0.9826923076923078,0.9881996061213856,1.0,1,0.009615384615384616,1,0.009615384615384616,1,0.009615384615384616,0,0.0003229804739762778
verdict,APPROVE,J5,S1,104,2,103,2,0.0038461538461538464,0.9865384615384615,0.9826923076923076,0.018661094051962784,0.024130899489801367,0.139836207890349,0.9826923076923078,0.9881996061213856,1.0,1,0.009615384615384616,1,0.009615384615384616,1,0.009615384615384616,0,0.0003229804739762778
verdict,APPROVE,S1,U2,104,103,2,2,0.9865384615384615,0.0038461538461538464,0.9826923076923076,0.01866109405196275,0.02413089948980137,0.139836207890349,0.9826923076923078,0.9881996061213856,1.0,1,0.009615384615384616,1,0.009615384615384616,1,0.009615384615384616,0,0.00032298047397627723
quadrant,VALIDATED_BLOCK,F2,J3,125,124,10,10,0.9777333333333333,0.016,0.9617333333333333,0.006427823461992888,-0.0291855659349453,0.2819085441128517,0.9617333333333334,0.9688217356952494,1.0,1,0.008,1,0.008,1,0.008,1,0.00024597137781226053
ground_truth,CLEAN,H1,J2,99,75,9,8,0.2888888888888889,0.01818181818181818,0.27070707070707073,3.638776071623471e-17,0.017331716041320576,0.23535436019054634,0.2747474747474748,0.36069517615433966,1.0,27,0.2727272727272727,54,0.5454545454545454,88,0.8888888888888888,8,2.639031534773386e-17
ground_truth,CLEAN,J2,U1,99,9,97,9,0.01818181818181818,0.6888888888888889,0.6707070707070707,5.831026449715127e-17,-0.0114038019356362,0.2832379297548689,0.6707070707070706,0.7185844671043456,1.0,2,0.020202020202020204,9,0.09090909090909091,23,0.23232323232323232,7,1.9201157804112446e-17
verdict,APPROVE,F1,F2,104,0,0,0,0.0,0.0,0.0,0.0,0.0,0.0,0.0,0.0,0.0,104,1.0,104,1.0,104,1.0,0,0.0
verdict,APPROVE,F1,F3,104,0,0,0,0.0,0.0,0.0,0.0,0.0,0.0,0.0,0.0,0.0,104,1.0,104,1.0,104,1.0,0,0.0
verdict,APPROVE,F2,F3,104,0,0,0,0.0,0.0,0.0,0.0,0.0,0.0,0.0,0.0,0.0,104,1.0,104,1.0,104,1.0,0,0.0
quadrant,FLAWED_BLOCK,F1,F2,78,0,0,0,0.0,0.0,0.0,0.0,0.0,0.0,0.0,0.0,0.0,78,1.0,78,1.0,78,1.0,0,0.0
quadrant,FLAWED_BLOCK,F1,F3,78,0,0,0,0.0,0.0,0.0,0.0,0.0,0.0,0.0,0.0,0.0,78,1.0,78,1.0,78,1.0,0,0.0
quadrant,FLAWED_BLOCK,F2,F3,78,0,0,0,0.0,0.0,0.0,0.0,0.0,0.0,0.0,0.0,0.0,78,1.0,78,1.0,78,1.0,0,0.0
quadrant,VALIDATED_APPROVAL,F1,F2,26,0,0,0,0.0,0.0,0.0,0.0,0.0,0.0,0.0,0.0,0.0,26,1.0,26,1.0,26,1.0,0,0.0
quadrant,VALIDATED_APPROVAL,F1,F3,26,0,0,0,0.0,0.0,0.0,0.0,0.0,0.0,0.0,0.0,0.0,26,1.0,26,1.0,26,1.0,0,0.0
quadrant,VALIDATED_APPROVAL,F1,J4,26,0,0,0,0.0,0.0,0.0,0.0,0.0,0.0,0.0,0.0,0.0,26,1.0,26,1.0,26,1.0,0,0.0
quadrant,VALIDATED_APPROVAL,F1,J5,26,0,0,0,0.0,0.0,0.0,0.0,0.0,0.0,0.0,0.0,0.0,26,1.0,26,1.0,26,1.0,0,0.0
quadrant,VALIDATED_APPROVAL,F1,U2,26,0,0,0,0.0,0.0,0.0,0.0,0.0,0.0,0.0,0.0,0.0,26,1.0,26,1.0,26,1.0,0,0.0
quadrant,VALIDATED_APPROVAL,F2,F3,26,0,0,0,0.0,0.0,0.0,0.0,0.0,0.0,0.0,0.0,0.0,26,1.0,26,1.0,26,1.0,0,0.0
quadrant,VALIDATED_APPROVAL,F2,J4,26,0,0,0,0.0,0.0,0.0,0.0,0.0,0.0,0.0,0.0,0.0,26,1.0,26,1.0,26,1.0,0,0.0
quadrant,VALIDATED_APPROVAL,F2,J5,26,0,0,0,0.0,0.0,0.0,0.0,0.0,0.0,0.0,0.0,0.0,26,1.0,26,1.0,26,1.0,0,0.0
quadrant,VALIDATED_APPROVAL,F2,U2,26,0,0,0,0.0,0.0,0.0,0.0,0.0,0.0,0.0,0.0,0.0,26,1.0,26,1.0,26,1.0,0,0.0
quadrant,VALIDATED_APPROVAL,F3,J4,26,0,0,0,0.0,0.0,0.0,0.0,0.0,0.0,0.0,0.0,0.0,26,1.0,26,1.0,26,1.0,0,0.0
quadrant,VALIDATED_APPROVAL,F3,J5,26,0,0,0,0.0,0.0,0.0,0.0,0.0,0.0,0.0,0.0,0.0,26,1.0,26,1.0,26,1.0,0,0.0
quadrant,VALIDATED_APPROVAL,F3,U2,26,0,0,0,0.0,0.0,0.0,0.0,0.0,0.0,0.0,0.0,0.0,26,1.0,26,1.0,26,1.0,0,0.0
quadrant,VALIDATED_APPROVAL,J4,J5,26,0,0,0,0.0,0.0,0.0,0.0,0.0,0.0,0.0,0.0,0.0,26,1.0,26,1.0,26,1.0,0,0.0
quadrant,VALIDATED_APPROVAL,J4,U2,26,0,0,0,0.0,0.0,0.0,0.0,0.0,0.0,0.0,0.0,0.0,26,1.0,26,1.0,26,1.0,0,0.0
quadrant,VALIDATED_APPROVAL,J5,U2,26,0,0,0,0.0,0.0,0.0,0.0,0.0,0.0,0.0,0.0,0.0,26,1.0,26,1.0,26,1.0,0,0.0
verdict,APPROVE,F1,J4,104,0,2,0,0.0,0.0038461538461538464,0.0038461538461538464,0.0,0.0,0.0,0.0038461538461538464,0.02773500981126146,0.2,102,0.9807692307692307,104,1.0,104,1.0,0,0.0
verdict,APPROVE,F1,J5,104,0,2,0,0.0,0.0038461538461538464,0.0038461538461538464,0.0,0.0,0.0,0.0038461538461538464,0.02773500981126146,0.2,102,0.9807692307692307,104,1.0,104,1.0,0,0.0
verdict,APPROVE,F1,U2,104,0,2,0,0.0,0.0038461538461538464,0.0038461538461538464,0.0,0.0,0.0,0.0038461538461538464,0.02773500981126146,0.2,102,0.9807692307692307,104,1.0,104,1.0,0,0.0
verdict,APPROVE,F2,J4,104,0,2,0,0.0,0.0038461538461538464,0.0038461538461538464,0.0,0.0,0.0,0.0038461538461538464,0.02773500981126146,0.2,102,0.9807692307692307,104,1.0,104,1.0,0,0.0
verdict,APPROVE,F2,J5,104,0,2,0,0.0,0.0038461538461538464,0.0038461538461538464,0.0,0.0,0.0,0.0038461538461538464,0.02773500981126146,0.2,102,0.9807692307692307,104,1.0,104,1.0,0,0.0
verdict,APPROVE,F2,U2,104,0,2,0,0.0,0.0038461538461538464,0.0038461538461538464,0.0,0.0,0.0,0.0038461538461538464,0.02773500981126146,0.2,102,0.9807692307692307,104,1.0,104,1.0,0,0.0
verdict,APPROVE,F3,J4,104,0,2,0,0.0,0.0038461538461538464,0.0038461538461538464,0.0,0.0,0.0,0.0038461538461538464,0.02773500981126146,0.2,102,0.9807692307692307,104,1.0,104,1.0,0,0.0
verdict,APPROVE,F3,J5,104,0,2,0,0.0,0.0038461538461538464,0.0038461538461538464,0.0,0.0,0.0,0.0038461538461538464,0.02773500981126146,0.2,102,0.9807692307692307,104,1.0,104,1.0,0,0.0
verdict,APPROVE,F3,U2,104,0,2,0,0.0,0.0038461538461538464,0.0038461538461538464,0.0,0.0,0.0,0.0038461538461538464,0.02773500981126146,0.2,102,0.9807692307692307,104,1.0,104,1.0,0,0.0
quadrant,FLAWED_BLOCK,F1,J3,78,0,2,0,0.0,0.005128205128205128,0.005128205128205128,0.0,0.0,0.0,0.005128205128205128,0.03202563076101743,0.2,76,0.9743589743589743,78,1.0,78,1.0,0,0.0
quadrant,FLAWED_BLOCK,F1,J4,78,0,2,0,0.0,0.005128205128205128,0.005128205128205128,0.0,0.0,0.0,0.005128205128205128,0.03202563076101743,0.2,76,0.9743589743589743,78,1.0,78,1.0,0,0.0
quadrant,FLAWED_BLOCK,F1,J5,78,0,2,0,0.0,0.005128205128205128,0.005128205128205128,0.0,0.0,0.0,0.005128205128205128,0.03202563076101743,0.2,76,0.9743589743589743,78,1.0,78,1.0,0,0.0
quadrant,FLAWED_BLOCK,F1,U2,78,0,2,0,0.0,0.005128205128205128,0.005128205128205128,0.0,0.0,0.0,0.005128205128205128,0.03202563076101743,0.2,76,0.9743589743589743,78,1.0,78,1.0,0,0.0
quadrant,FLAWED_BLOCK,F2,J3,78,0,2,0,0.0,0.005128205128205128,0.005128205128205128,0.0,0.0,0.0,0.005128205128205128,0.03202563076101743,0.2,76,0.9743589743589743,78,1.0,78,1.0,0,0.0
quadrant,FLAWED_BLOCK,F2,J4,78,0,2,0,0.0,0.005128205128205128,0.005128205128205128,0.0,0.0,0.0,0.005128205128205128,0.03202563076101743,0.2,76,0.9743589743589743,78,1.0,78,1.0,0,0.0
quadrant,FLAWED_BLOCK,F2,J5,78,0,2,0,0.0,0.005128205128205128,0.005128205128205128,0.0,0.0,0.0,0.005128205128205128,0.03202563076101743,0.2,76,0.9743589743589743,78,1.0,78,1.0,0,0.0
quadrant,FLAWED_BLOCK,F2,U2,78,0,2,0,0.0,0.005128205128205128,0.005128205128205128,0.0,0.0,0.0,0.005128205128205128,0.03202563076101743,0.2,76,0.9743589743589743,78,1.0,78,1.0,0,0.0
quadrant,FLAWED_BLOCK,F3,J3,78,0,2,0,0.0,0.005128205128205128,0.005128205128205128,0.0,0.0,0.0,0.005128205128205128,0.03202563076101743,0.2,76,0.9743589743589743,78,1.0,78,1.0,0,0.0
quadrant,FLAWED_BLOCK,F3,J4,78,0,2,0,0.0,0.005128205128205128,0.005128205128205128,0.0,0.0,0.0,0.005128205128205128,0.03202563076101743,0.2,76,0.9743589743589743,78,1.0,78,1.0,0,0.0
quadrant,FLAWED_BLOCK,F3,J5,78,0,2,0,0.0,0.005128205128205128,0.005128205128205128,0.0,0.0,0.0,0.005128205128205128,0.03202563076101743,0.2,76,0.9743589743589743,78,1.0,78,1.0,0,0.0
quadrant,FLAWED_BLOCK,F3,U2,78,0,2,0,0.0,0.005128205128205128,0.005128205128205128,0.0,0.0,0.0,0.005128205128205128,0.03202563076101743,0.2,76,0.9743589743589743,78,1.0,78,1.0,0,0.0
verdict,APPROVE,F1,J3,104,0,3,0,0.0,0.00576923076923077,0.00576923076923077,0.0,0.0,0.0,0.00576923076923077,0.03396831102433788,0.2,101,0.9711538461538461,104,1.0,104,1.0,0,0.0
verdict,APPROVE,F2,J3,104,0,3,0,0.0,0.00576923076923077,0.00576923076923077,0.0,0.0,0.0,0.00576923076923077,0.03396831102433788,0.2,101,0.9711538461538461,104,1.0,104,1.0,0,0.0
verdict,APPROVE,F3,J3,104,0,3,0,0.0,0.00576923076923077,0.00576923076923077,0.0,0.0,0.0,0.00576923076923077,0.03396831102433788,0.2,101,0.9711538461538461,104,1.0,104,1.0,0,0.0
quadrant,VALIDATED_APPROVAL,F1,J3,26,0,1,0,0.0,0.007692307692307693,0.007692307692307693,0.0,0.0,0.0,0.007692307692307693,0.03922322702763681,0.2,25,0.9615384615384616,26,1.0,26,1.0,0,0.0
quadrant,VALIDATED_APPROVAL,F2,J3,26,0,1,0,0.0,0.007692307692307693,0.007692307692307693,0.0,0.0,0.0,0.007692307692307693,0.03922322702763681,0.2,25,0.9615384615384616,26,1.0,26,1.0,0,0.0
quadrant,VALIDATED_APPROVAL,F3,J3,26,0,1,0,0.0,0.007692307692307693,0.007692307692307693,0.0,0.0,0.0,0.007692307692307693,0.03922322702763681,0.2,25,0.9615384615384616,26,1.0,26,1.0,0,0.0
quadrant,VALIDATED_APPROVAL,J3,J4,26,1,0,0,0.007692307692307693,0.0,0.007692307692307693,0.0,0.0,0.0,0.007692307692307693,0.03922322702763681,0.2,25,0.9615384615384616,26,1.0,26,1.0,0,0.0
quadrant,VALIDATED_APPROVAL,J3,J5,26,1,0,0,0.007692307692307693,0.0,0.007692307692307693,0.0,0.0,0.0,0.007692307692307693,0.03922322702763681,0.2,25,0.9615384615384616,26,1.0,26,1.0,0,0.0
quadrant,VALIDATED_APPROVAL,J3,U2,26,1,0,0,0.007692307692307693,0.0,0.007692307692307693,0.0,0.0,0.0,0.007692307692307693,0.03922322702763681,0.2,25,0.9615384615384616,26,1.0,26,1.0,0,0.0
quadrant,FLAWED_APPROVAL,S1,U2,73,3,0,0,0.008219178082191782,0.0,0.008219178082191782,0.0,0.0,0.0,0.008219178082191782,0.04054424270396916,0.2,70,0.958904109589041,73,1.0,73,1.0,0,0.0
quadrant,VALIDATED_BLOCK,J4,U2,125,7,0,0,0.011200000000000002,0.0,0.011200000000000002,0.0,0.0,0.0,0.011200000000000002,0.047328638264796934,0.2,118,0.944,125,1.0,125,1.0,0,0.0
quadrant,VALIDATED_BLOCK,J5,U2,125,8,0,0,0.0128,0.0,0.0128,0.0,0.0,0.0,0.0128,0.05059644256269408,0.2,117,0.936,125,1.0,125,1.0,0,0.0
quadrant,FLAWED_APPROVAL,F2,U1,73,73,73,73,0.9863013698630136,1.0,0.013698630136986356,0.0,0.0,0.9986908469224315,0.013698630136986299,0.05234239225902136,0.19999999999999996,68,0.9315068493150684,73,1.0,73,1.0,0,0.0
quadrant,FLAWED_BLOCK,F1,J2,78,0,6,0,0.0,0.015384615384615387,0.015384615384615387,0.0,0.0,0.0,0.015384615384615387,0.05547001962252292,0.2,72,0.9230769230769231,78,1.0,78,1.0,0,0.0
quadrant,FLAWED_BLOCK,F2,J2,78,0,6,0,0.0,0.015384615384615387,0.015384615384615387,0.0,0.0,0.0,0.015384615384615387,0.05547001962252292,0.2,72,0.9230769230769231,78,1.0,78,1.0,0,0.0
quadrant,FLAWED_BLOCK,F3,J2,78,0,6,0,0.0,0.015384615384615387,0.015384615384615387,0.0,0.0,0.0,0.015384615384615387,0.05547001962252292,0.2,72,0.9230769230769231,78,1.0,78,1.0,0,0.0
verdict,BLOCK,S1,U2,198,13,0,0,0.015404040404040406,0.0,0.015404040404040406,0.0,0.0,0.0,0.015404040404040406,0.06286509525977196,0.4,185,0.9343434343434344,195,0.9848484848484849,198,1.0,0,0.0
quadrant,VALIDATED_BLOCK,J3,U2,125,10,0,0,0.016,0.0,0.016,0.0,0.0,0.0,0.016,0.05656854249492381,0.2,115,0.92,125,1.0,125,1.0,0,0.0
verdict,APPROVE,F1,J2,104,0,9,0,0.0,0.01730769230769231,0.01730769230769231,0.0,0.0,0.0,0.01730769230769231,0.05883484054145522,0.2,95,0.9134615384615384,104,1.0,104,1.0,0,0.0
verdict,APPROVE,F2,J2,104,0,9,0,0.0,0.01730769230769231,0.01730769230769231,0.0,0.0,0.0,0.01730769230769231,0.05883484054145522,0.2,95,0.9134615384615384,104,1.0,104,1.0,0,0.0
verdict,APPROVE,F3,J2,104,0,9,0,0.0,0.01730769230769231,0.01730769230769231,0.0,0.0,0.0,0.01730769230769231,0.05883484054145522,0.2,95,0.9134615384615384,104,1.0,104,1.0,0,0.0
quadrant,VALIDATED_BLOCK,S1,U2,125,10,0,0,0.019600000000000003,0.0,0.019600000000000003,0.0,0.0,0.0,0.019600000000000003,0.07280109889280519,0.4,115,0.92,122,0.976,125,1.0,0,0.0
quadrant,VALIDATED_BLOCK,J2,U2,125,13,0,0,0.021200000000000004,0.0,0.021200000000000004,0.0,0.0,0.0,0.021200000000000004,0.06587867636800242,0.25,112,0.896,124,0.992,125,1.0,0,0.0
quadrant,VALIDATED_APPROVAL,F1,J2,26,0,3,0,0.0,0.02307692307692308,0.02307692307692308,0.0,0.0,0.0,0.02307692307692308,0.06793662204867576,0.2,23,0.8846153846153846,26,1.0,26,1.0,0,0.0
quadrant,VALIDATED_APPROVAL,F2,J2,26,0,3,0,0.0,0.02307692307692308,0.02307692307692308,0.0,0.0,0.0,0.02307692307692308,0.06793662204867576,0.2,23,0.8846153846153846,26,1.0,26,1.0,0,0.0
quadrant,VALIDATED_APPROVAL,F3,J2,26,0,3,0,0.0,0.02307692307692308,0.02307692307692308,0.0,0.0,0.0,0.02307692307692308,0.06793662204867576,0.2,23,0.8846153846153846,26,1.0,26,1.0,0,0.0
quadrant,VALIDATED_APPROVAL,J2,J4,26,3,0,0,0.02307692307692308,0.0,0.02307692307692308,0.0,0.0,0.0,0.02307692307692308,0.06793662204867576,0.2,23,0.8846153846153846,26,1.0,26,1.0,0,0.0
quadrant,VALIDATED_APPROVAL,J2,J5,26,3,0,0,0.02307692307692308,0.0,0.02307692307692308,0.0,0.0,0.0,0.02307692307692308,0.06793662204867576,0.2,23,0.8846153846153846,26,1.0,26,1.0,0,0.0
quadrant,VALIDATED_APPROVAL,J2,U2,26,3,0,0,0.02307692307692308,0.0,0.02307692307692308,0.0,0.0,0.0,0.02307692307692308,0.06793662204867576,0.2,23,0.8846153846153846,26,1.0,26,1.0,0,0.0
ground_truth,ROGUE,S1,U2,197,17,0,0,0.027411167512690352,0.0,0.027411167512690352,0.0,0.0,0.0,0.027411167512690352,0.11129144981547531,1.0,180,0.9137055837563451,191,0.9695431472081218,195,0.9898477157360406,0,0.0
quadrant,FLAWED_BLOCK,F1,J1,78,0,11,0,0.0,0.03333333333333334,0.03333333333333334,0.0,0.0,0.0,0.03333333333333334,0.09336995618478526,0.4,67,0.8589743589743589,76,0.9743589743589743,78,1.0,0,0.0
quadrant,FLAWED_BLOCK,F2,J1,78,0,11,0,0.0,0.03333333333333334,0.03333333333333334,0.0,0.0,0.0,0.03333333333333334,0.09336995618478526,0.4,67,0.8589743589743589,76,0.9743589743589743,78,1.0,0,0.0
quadrant,FLAWED_BLOCK,F3,J1,78,0,11,0,0.0,0.03333333333333334,0.03333333333333334,0.0,0.0,0.0,0.03333333333333334,0.09336995618478526,0.4,67,0.8589743589743589,76,0.9743589743589743,78,1.0,0,0.0
quadrant,VALIDATED_BLOCK,J1,U2,125,21,0,0,0.034,0.0,0.034,0.0,0.0,0.0,0.034,0.08306623862918076,0.25,104,0.832,124,0.992,125,1.0,0,0.0
verdict,APPROVE,F1,J1,104,0,20,0,0.0,0.04230769230769231,0.04230769230769231,0.0,0.0,0.0,0.04230769230769231,0.1,0.4,84,0.8076923076923077,102,0.9807692307692307,104,1.0,0,0.0
verdict,APPROVE,F2,J1,104,0,20,0,0.0,0.04230769230769231,0.04230769230769231,0.0,0.0,0.0,0.04230769230769231,0.1,0.4,84,0.8076923076923077,102,0.9807692307692307,104,1.0,0,0.0
verdict,APPROVE,F3,J1,104,0,20,0,0.0,0.04230769230769231,0.04230769230769231,0.0,0.0,0.0,0.04230769230769231,0.1,0.4,84,0.8076923076923077,102,0.9807692307692307,104,1.0,0,0.0
verdict,BLOCK,J4,U2,198,48,0,0,0.06666666666666667,0.0,0.06666666666666667,0.0,0.0,0.0,0.06666666666666667,0.1556997888323046,1.0,150,0.7575757575757576,186,0.9393939393939394,194,0.9797979797979798,0,0.0
ground_truth,ROGUE,J4,U2,197,48,0,0,0.06700507614213198,0.0,0.06700507614213198,0.0,0.0,0.0,0.06700507614213198,0.15609446573630514,1.0,149,0.7563451776649747,185,0.9390862944162437,193,0.9796954314720813,0,0.0
verdict,BLOCK,J5,U2,198,50,0,0,0.06868686868686869,0.0,0.06868686868686869,0.0,0.0,0.0,0.06868686868686869,0.1582735134206133,1.0,148,0.7474747474747475,187,0.9444444444444444,193,0.9747474747474747,0,0.0
ground_truth,ROGUE,J5,U2,197,50,0,0,0.06903553299492386,0.0,0.06903553299492386,0.0,0.0,0.0,0.06903553299492386,0.158674714351781,1.0,147,0.7461928934010152,186,0.9441624365482234,192,0.9746192893401016,0,0.0
quadrant,VALIDATED_APPROVAL,F1,J1,26,0,9,0,0.0,0.06923076923076923,0.06923076923076923,0.0,0.0,0.0,0.06923076923076923,0.11766968108291044,0.2,17,0.6538461538461539,26,1.0,26,1.0,0,0.0
quadrant,VALIDATED_APPROVAL,F2,J1,26,0,9,0,0.0,0.06923076923076923,0.06923076923076923,0.0,0.0,0.0,0.06923076923076923,0.11766968108291044,0.2,17,0.6538461538461539,26,1.0,26,1.0,0,0.0
quadrant,VALIDATED_APPROVAL,F3,J1,26,0,9,0,0.0,0.06923076923076923,0.06923076923076923,0.0,0.0,0.0,0.06923076923076923,0.11766968108291044,0.2,17,0.6538461538461539,26,1.0,26,1.0,0,0.0
quadrant,VALIDATED_APPROVAL,J1,J4,26,9,0,0,0.06923076923076923,0.0,0.06923076923076923,0.0,0.0,0.0,0.06923076923076923,0.11766968108291044,0.2,17,0.6538461538461539,26,1.0,26,1.0,0,0.0
quadrant,VALIDATED_APPROVAL,J1,J5,26,9,0,0,0.06923076923076923,0.0,0.06923076923076923,0.0,0.0,0.0,0.06923076923076923,0.11766968108291044,0.2,17,0.6538461538461539,26,1.0,26,1.0,0,0.0
quadrant,VALIDATED_APPROVAL,J1,U2,26,9,0,0,0.06923076923076923,0.0,0.06923076923076923,0.0,0.0,0.0,0.06923076923076923,0.11766968108291044,0.2,17,0.6538461538461539,26,1.0,26,1.0,0,0.0
verdict,BLOCK,J3,U2,198,54,0,0,0.07575757575757576,0.0,0.07575757575757576,0.0,0.0,0.0,0.07575757575757576,0.16514456476895412,1.0,144,0.7272727272727273,183,0.9242424242424242,194,0.9797979797979798,0,0.0
ground_truth,ROGUE,J3,U2,197,54,0,0,0.07614213197969544,0.0,0.07614213197969544,0.0,0.0,0.0,0.07614213197969544,0.16556318284174884,1.0,143,0.7258883248730964,182,0.9238578680203046,193,0.9796954314720813,0,0.0
verdict,BLOCK,J2,U2,198,62,0,0,0.09116161616161615,0.0,0.09116161616161615,0.0,0.0,0.0,0.09116161616161615,0.1856261584666092,1.0,136,0.6868686868686869,178,0.898989898989899,191,0.9646464646464646,0,0.0
ground_truth,ROGUE,J2,U2,197,62,0,0,0.09137055837563451,0.0,0.09137055837563451,0.0,0.0,0.0,0.09137055837563451,0.18578957585790956,1.0,135,0.6852791878172588,178,0.9035532994923858,190,0.9644670050761421,0,0.0
quadrant,FLAWED_APPROVAL,U1,U3,73,73,73,73,1.0,0.895890410958904,0.10410958904109602,0.0,0.0,0.9878613100868773,0.10410958904109588,0.17517114918515922,0.6,43,0.589041095890411,66,0.9041095890410958,72,0.9863013698630136,0,0.0
ground_truth,ROGUE,J1,U2,197,71,0,0,0.11065989847715735,0.0,0.11065989847715735,0.0,0.0,0.0,0.11065989847715735,0.21183270863278056,1.0,126,0.6395939086294417,173,0.8781725888324873,186,0.9441624365482234,0,0.0
verdict,BLOCK,J1,U2,198,72,0,0,0.11136363636363635,0.0,0.11136363636363635,0.0,0.0,0.0,0.11136363636363635,0.2120427344006892,1.0,126,0.6363636363636364,173,0.8737373737373737,187,0.9444444444444444,0,0.0
quadrant,FLAWED_APPROVAL,F1,U1,73,71,73,71,0.8684931506849314,1.0,0.13150684931506862,0.0,0.0,0.9700087885092127,0.13150684931506848,0.25427845808596394,1.0,46,0.6301369863013698,60,0.821917808219178,69,0.9452054794520548,0,0.0
quadrant,FLAWED_APPROVAL,J4,U2,73,41,0,0,0.16164383561643833,0.0,0.16164383561643833,0.0,0.0,0.0,0.16164383561643833,0.24883289215692145,1.0,32,0.4383561643835616,61,0.8356164383561644,69,0.9452054794520548,0,0.0
quadrant,FLAWED_APPROVAL,J5,U2,73,42,0,0,0.1643835616438356,0.0,0.1643835616438356,0.0,0.0,0.0,0.1643835616438356,0.25211434674690064,1.0,31,0.4246575342465753,62,0.8493150684931506,68,0.9315068493150684,0,0.0
quadrant,FLAWED_APPROVAL,J3,U2,73,44,0,0,0.17808219178082188,0.0,0.17808219178082188,0.0,0.0,0.0,0.17808219178082188,0.2617119612951069,1.0,29,0.3972602739726027,58,0.7945205479452054,69,0.9452054794520548,0,0.0
quadrant,FLAWED_APPROVAL,J2,U2,73,49,0,0,0.21095890410958903,0.0,0.21095890410958903,0.0,0.0,0.0,0.21095890410958903,0.29330427419366734,1.0,24,0.3287671232876712,54,0.7397260273972602,66,0.9041095890410958,0,0.0
quadrant,FLAWED_BLOCK,F1,H1,78,0,52,0,0.0,0.22799145299145296,0.22799145299145296,0.0,0.0,0.0,0.22799145299145296,0.31242662956348466,1.0,26,0.3333333333333333,48,0.6153846153846154,74,0.9487179487179487,0,0.0
quadrant,FLAWED_BLOCK,F2,H1,78,0,52,0,0.0,0.22799145299145296,0.22799145299145296,0.0,0.0,0.0,0.22799145299145296,0.31242662956348466,1.0,26,0.3333333333333333,48,0.6153846153846154,74,0.9487179487179487,0,0.0
quadrant,FLAWED_BLOCK,F3,H1,78,0,52,0,0.0,0.22799145299145296,0.22799145299145296,0.0,0.0,0.0,0.22799145299145296,0.31242662956348466,1.0,26,0.3333333333333333,48,0.6153846153846154,74,0.9487179487179487,0,0.0
quadrant,FLAWED_APPROVAL,J1,U2,73,51,0,0,0.24383561643835616,0.0,0.24383561643835616,0.0,0.0,0.0,0.24383561643835616,0.3318689294004033,1.0,22,0.3013698630136986,49,0.6712328767123288,62,0.8493150684931506,0,0.0
verdict,APPROVE,F1,H1,104,0,77,0,0.0,0.28445512820512825,0.28445512820512825,0.0,0.0,0.0,0.28445512820512825,0.3707270807158123,1.0,27,0.25961538461538464,54,0.5192307692307693,91,0.875,0,0.0
verdict,APPROVE,F2,H1,104,0,77,0,0.0,0.28445512820512825,0.28445512820512825,0.0,0.0,0.0,0.28445512820512825,0.3707270807158123,1.0,27,0.25961538461538464,54,0.5192307692307693,91,0.875,0,0.0
verdict,APPROVE,F3,H1,104,0,77,0,0.0,0.28445512820512825,0.28445512820512825,0.0,0.0,0.0,0.28445512820512825,0.3707270807158123,1.0,27,0.25961538461538464,54,0.5192307692307693,91,0.875,0,0.0
quadrant,FLAWED_APPROVAL,H1,U1,73,73,73,73,0.6958904109589041,1.0,0.30410958904109586,0.0,0.0,0.9584837416850871,0.3041095890410958,0.3678892030943891,0.8,13,0.1780821917808219,38,0.5205479452054794,58,0.7945205479452054,0,0.0
quadrant,VALIDATED_BLOCK,F3,U2,125,89,0,0,0.31120000000000003,0.0,0.31120000000000003,0.0,0.0,0.0,0.31120000000000003,0.4136181814185639,1.0,36,0.288,62,0.496,97,0.776,0,0.0
ground_truth,ROGUE,F3,U2,197,143,0,0,0.32182741116751273,0.0,0.32182741116751273,0.0,0.0,0.0,0.32182741116751273,0.4210212384770286,1.0,54,0.27411167512690354,96,0.4873096446700508,151,0.766497461928934,0,0.0
verdict,BLOCK,F3,U2,198,144,0,0,0.3237373737373737,0.0,0.3237373737373737,0.0,0.0,0.0,0.3237373737373737,0.4222654151219122,1.0,54,0.2727272727272727,94,0.47474747474747475,150,0.7575757575757576,0,0.0
quadrant,FLAWED_APPROVAL,F3,U2,73,55,0,0,0.34520547945205476,0.0,0.34520547945205476,0.0,0.0,0.0,0.34520547945205476,0.4366748578826692,0.8,18,0.2465753424657534,32,0.4383561643835616,53,0.726027397260274,0,0.0
quadrant,FLAWED_BLOCK,F1,U3,78,0,65,0,0.0,0.35662393162393163,0.35662393162393163,0.0,0.0,0.0,0.35662393162393163,0.43036872152520156,1.0,13,0.16666666666666666,31,0.3974358974358974,60,0.7692307692307693,0,0.0
quadrant,FLAWED_BLOCK,F2,U3,78,0,65,0,0.0,0.35662393162393163,0.35662393162393163,0.0,0.0,0.0,0.35662393162393163,0.43036872152520156,1.0,13,0.16666666666666666,31,0.3974358974358974,60,0.7692307692307693,0,0.0
quadrant,FLAWED_BLOCK,F3,U3,78,0,65,0,0.0,0.35662393162393163,0.35662393162393163,0.0,0.0,0.0,0.35662393162393163,0.43036872152520156,1.0,13,0.16666666666666666,31,0.3974358974358974,60,0.7692307692307693,0,0.0
quadrant,FLAWED_BLOCK,F1,U4,78,0,68,0,0.0,0.36047008547008547,0.36047008547008547,0.0,0.0,0.0,0.36047008547008547,0.4287271627235439,1.0,10,0.1282051282051282,33,0.4230769230769231,57,0.7307692307692307,0,0.0
quadrant,FLAWED_BLOCK,F2,U4,78,0,68,0,0.0,0.36047008547008547,0.36047008547008547,0.0,0.0,0.0,0.36047008547008547,0.4287271627235439,1.0,10,0.1282051282051282,33,0.4230769230769231,57,0.7307692307692307,0,0.0
quadrant,FLAWED_BLOCK,F3,U4,78,0,68,0,0.0,0.36047008547008547,0.36047008547008547,0.0,0.0,0.0,0.36047008547008547,0.4287271627235439,1.0,10,0.1282051282051282,33,0.4230769230769231,57,0.7307692307692307,0,0.0
verdict,APPROVE,F1,U3,104,0,87,0,0.0,0.361698717948718,0.361698717948718,0.0,0.0,0.0,0.361698717948718,0.43508337446407075,1.0,17,0.16346153846153846,41,0.3942307692307692,78,0.75,0,0.0
verdict,APPROVE,F2,U3,104,0,87,0,0.0,0.361698717948718,0.361698717948718,0.0,0.0,0.0,0.361698717948718,0.43508337446407075,1.0,17,0.16346153846153846,41,0.3942307692307692,78,0.75,0,0.0
verdict,APPROVE,F3,U3,104,0,87,0,0.0,0.361698717948718,0.361698717948718,0.0,0.0,0.0,0.361698717948718,0.43508337446407075,1.0,17,0.16346153846153846,41,0.3942307692307692,78,0.75,0,0.0
verdict,APPROVE,F1,U4,104,0,91,0,0.0,0.3703525641025641,0.3703525641025641,0.0,0.0,0.0,0.3703525641025641,0.43871473608498684,1.0,13,0.125,43,0.41346153846153844,73,0.7019230769230769,0,0.0
verdict,APPROVE,F2,U4,104,0,91,0,0.0,0.3703525641025641,0.3703525641025641,0.0,0.0,0.0,0.3703525641025641,0.43871473608498684,1.0,13,0.125,43,0.41346153846153844,73,0.7019230769230769,0,0.0
verdict,APPROVE,F3,U4,104,0,91,0,0.0,0.3703525641025641,0.3703525641025641,0.0,0.0,0.0,0.3703525641025641,0.43871473608498684,1.0,13,0.125,43,0.41346153846153844,73,0.7019230769230769,0,0.0
quadrant,VALIDATED_APPROVAL,F1,U3,26,0,22,0,0.0,0.37692307692307686,0.37692307692307686,0.0,0.0,0.0,0.37692307692307686,0.44893035265891923,0.8,4,0.15384615384615385,10,0.38461538461538464,18,0.6923076923076923,0,0.0
quadrant,VALIDATED_APPROVAL,F2,U3,26,0,22,0,0.0,0.37692307692307686,0.37692307692307686,0.0,0.0,0.0,0.37692307692307686,0.44893035265891923,0.8,4,0.15384615384615385,10,0.38461538461538464,18,0.6923076923076923,0,0.0
quadrant,VALIDATED_APPROVAL,F3,U3,26,0,22,0,0.0,0.37692307692307686,0.37692307692307686,0.0,0.0,0.0,0.37692307692307686,0.44893035265891923,0.8,4,0.15384615384615385,10,0.38461538461538464,18,0.6923076923076923,0,0.0
quadrant,VALIDATED_APPROVAL,J4,U3,26,0,22,0,0.0,0.37692307692307686,0.37692307692307686,0.0,0.0,0.0,0.37692307692307686,0.44893035265891923,0.8,4,0.15384615384615385,10,0.38461538461538464,18,0.6923076923076923,0,0.0
quadrant,VALIDATED_APPROVAL,J5,U3,26,0,22,0,0.0,0.37692307692307686,0.37692307692307686,0.0,0.0,0.0,0.37692307692307686,0.44893035265891923,0.8,4,0.15384615384615385,10,0.38461538461538464,18,0.6923076923076923,0,0.0
quadrant,VALIDATED_APPROVAL,U2,U3,26,0,22,0,0.0,0.37692307692307686,0.37692307692307686,0.0,0.0,0.0,0.37692307692307686,0.44893035265891923,0.8,4,0.15384615384615385,10,0.38461538461538464,18,0.6923076923076923,0,0.0
quadrant,VALIDATED_BLOCK,H1,U2,125,111,0,0,0.38386666666666674,0.0,0.38386666666666674,0.0,0.0,0.0,0.38386666666666674,0.45504822699235836,1.0,14,0.112,48,0.384,91,0.728,0,0.0
quadrant,VALIDATED_APPROVAL,F1,U4,26,0,23,0,0.0,0.4,0.4,0.0,0.0,0.0,0.4,0.4673986932604096,0.8,3,0.11538461538461539,10,0.38461538461538464,16,0.6153846153846154,0,0.0
quadrant,VALIDATED_APPROVAL,F2,U4,26,0,23,0,0.0,0.4,0.4,0.0,0.0,0.0,0.4,0.4673986932604096,0.8,3,0.11538461538461539,10,0.38461538461538464,16,0.6153846153846154,0,0.0
quadrant,VALIDATED_APPROVAL,F3,U4,26,0,23,0,0.0,0.4,0.4,0.0,0.0,0.0,0.4,0.4673986932604096,0.8,3,0.11538461538461539,10,0.38461538461538464,16,0.6153846153846154,0,0.0
quadrant,VALIDATED_APPROVAL,J4,U4,26,0,23,0,0.0,0.4,0.4,0.0,0.0,0.0,0.4,0.4673986932604096,0.8,3,0.11538461538461539,10,0.38461538461538464,16,0.6153846153846154,0,0.0
quadrant,VALIDATED_APPROVAL,J5,U4,26,0,23,0,0.0,0.4,0.4,0.0,0.0,0.0,0.4,0.4673986932604096,0.8,3,0.11538461538461539,10,0.38461538461538464,16,0.6153846153846154,0,0.0
quadrant,VALIDATED_APPROVAL,U2,U4,26,0,23,0,0.0,0.4,0.4,0.0,0.0,0.0,0.4,0.4673986932604096,0.8,3,0.11538461538461539,10,0.38461538461538464,16,0.6153846153846154,0,0.0
quadrant,VALIDATED_APPROVAL,F1,H1,26,0,25,0,0.0,0.4538461538461539,0.4538461538461539,0.0,0.0,0.0,0.4538461538461539,0.5068758002934022,1.0,1,0.038461538461538464,6,0.23076923076923078,17,0.6538461538461539,0,0.0
quadrant,VALIDATED_APPROVAL,F2,H1,26,0,25,0,0.0,0.4538461538461539,0.4538461538461539,0.0,0.0,0.0,0.4538461538461539,0.5068758002934022,1.0,1,0.038461538461538464,6,0.23076923076923078,17,0.6538461538461539,0,0.0
quadrant,VALIDATED_APPROVAL,F3,H1,26,0,25,0,0.0,0.4538461538461539,0.4538461538461539,0.0,0.0,0.0,0.4538461538461539,0.5068758002934022,1.0,1,0.038461538461538464,6,0.23076923076923078,17,0.6538461538461539,0,0.0
quadrant,VALIDATED_APPROVAL,H1,J4,26,25,0,0,0.4538461538461539,0.0,0.4538461538461539,0.0,0.0,0.0,0.4538461538461539,0.5068758002934022,1.0,1,0.038461538461538464,6,0.23076923076923078,17,0.6538461538461539,0,0.0
quadrant,VALIDATED_APPROVAL,H1,J5,26,25,0,0,0.4538461538461539,0.0,0.4538461538461539,0.0,0.0,0.0,0.4538461538461539,0.5068758002934022,1.0,1,0.038461538461538464,6,0.23076923076923078,17,0.6538461538461539,0,0.0
quadrant,VALIDATED_APPROVAL,H1,U2,26,25,0,0,0.4538461538461539,0.0,0.4538461538461539,0.0,0.0,0.0,0.4538461538461539,0.5068758002934022,1.0,1,0.038461538461538464,6,0.23076923076923078,17,0.6538461538461539,0,0.0
quadrant,FLAWED_APPROVAL,U2,U4,73,0,71,0,0.0,0.4712328767123288,0.4712328767123288,0.0,0.0,0.0,0.4712328767123288,0.5223760257982435,1.0,2,0.0273972602739726,18,0.2465753424657534,42,0.5753424657534246,0,0.0
ground_truth,ROGUE,H1,U2,197,184,0,0,0.49441624365482234,0.0,0.49441624365482234,0.0,0.0,0.0,0.49441624365482234,0.564427745777124,1.0,13,0.06598984771573604,50,0.25380710659898476,107,0.5431472081218274,0,0.0
verdict,BLOCK,H1,U2,198,184,0,0,0.49890572390572396,0.0,0.49890572390572396,0.0,0.0,0.0,0.49890572390572396,0.5701480009483587,1.0,14,0.0707070707070707,49,0.2474747474747475,106,0.5353535353535354,0,0.0
quadrant,FLAWED_APPROVAL,U1,U4,73,73,71,71,1.0,0.4712328767123288,0.5287671232876712,0.0,0.0,0.9020951449527898,0.5287671232876713,0.5748138471749873,1.0,1,0.0136986301369863,14,0.1917808219178082,31,0.4246575342465753,0,0.0
verdict,BLOCK,U2,U4,198,0,194,0,0.0,0.5882154882154882,0.5882154882154882,0.0,0.0,0.0,0.5882154882154882,0.6387505339871831,1.0,4,0.020202020202020204,29,0.14646464646464646,69,0.3484848484848485,0,0.0
ground_truth,ROGUE,U2,U4,197,0,194,0,0.0,0.5898477157360407,0.5898477157360407,0.0,0.0,0.0,0.5898477157360407,0.6386851976724436,1.0,3,0.015228426395939087,28,0.14213197969543148,69,0.350253807106599,0,0.0
quadrant,FLAWED_BLOCK,F1,U1,78,0,76,0,0.0,0.6448717948717948,0.6448717948717948,0.0,0.0,0.0,0.6448717948717948,0.6932827890846748,1.0,2,0.02564102564102564,6,0.07692307692307693,21,0.2692307692307692,0,0.0
quadrant,FLAWED_BLOCK,F2,U1,78,0,76,0,0.0,0.6448717948717948,0.6448717948717948,0.0,0.0,0.0,0.6448717948717948,0.6932827890846748,1.0,2,0.02564102564102564,6,0.07692307692307693,21,0.2692307692307692,0,0.0
quadrant,FLAWED_BLOCK,F3,U1,78,0,76,0,0.0,0.6448717948717948,0.6448717948717948,0.0,0.0,0.0,0.6448717948717948,0.6932827890846748,1.0,2,0.02564102564102564,6,0.07692307692307693,21,0.2692307692307692,0,0.0
quadrant,FLAWED_APPROVAL,F3,U1,73,55,73,55,0.34520547945205476,1.0,0.6547945205479453,0.0,0.0,0.7905320703048322,0.6547945205479453,0.7073004825410059,1.0,0,0.0,10,0.136986301369863,20,0.273972602739726,0,0.0
quadrant,VALIDATED_BLOCK,U2,U4,125,0,123,0,0.0,0.6565333333333332,0.6565333333333332,0.0,0.0,0.0,0.6565333333333332,0.6977933473139133,1.0,2,0.016,11,0.088,27,0.216,0,0.0
verdict,APPROVE,F1,U1,104,0,101,0,0.0,0.6875,0.6875,0.0,0.0,0.0,0.6875,0.73465062339968,1.0,3,0.028846153846153848,7,0.0673076923076923,23,0.22115384615384615,0,0.0
verdict,APPROVE,F2,U1,104,0,101,0,0.0,0.6875,0.6875,0.0,0.0,0.0,0.6875,0.73465062339968,1.0,3,0.028846153846153848,7,0.0673076923076923,23,0.22115384615384615,0,0.0
verdict,APPROVE,F3,U1,104,0,101,0,0.0,0.6875,0.6875,0.0,0.0,0.0,0.6875,0.73465062339968,1.0,3,0.028846153846153848,7,0.0673076923076923,23,0.22115384615384615,0,0.0
quadrant,FLAWED_APPROVAL,H1,U2,73,73,0,0,0.6958904109589041,0.0,0.6958904109589041,0.0,0.0,0.0,0.6958904109589041,0.7260325665362629,1.0,0,0.0,1,0.0136986301369863,15,0.2054794520547945,0,0.0
quadrant,FLAWED_APPROVAL,J1,U1,73,51,73,51,0.24383561643835616,1.0,0.7561643835616438,0.0,0.0,0.7347346944436788,0.7561643835616438,0.7889649887191812,1.0,1,0.0136986301369863,2,0.0273972602739726,11,0.1506849315068493,0,0.0
quadrant,VALIDATED_BLOCK,F1,U2,125,123,0,0,0.7865333333333333,0.0,0.7865333333333333,0.0,0.0,0.0,0.7865333333333333,0.8271490528046052,1.0,2,0.016,9,0.072,17,0.136,0,0.0
quadrant,FLAWED_APPROVAL,J2,U1,73,49,73,49,0.21095890410958903,1.0,0.7890410958904109,0.0,0.0,0.7192493348061266,0.7890410958904108,0.8149291926548563,1.0,1,0.0136986301369863,1,0.0136986301369863,7,0.0958904109589041,0,0.0
ground_truth,ROGUE,F1,U2,197,192,0,0,0.8091370558375633,0.0,0.8091370558375633,0.0,0.0,0.0,0.8091370558375633,0.8488869989909362,1.0,5,0.025380710659898477,14,0.07106598984771574,23,0.116751269035533,0,0.0
quadrant,VALIDATED_APPROVAL,F1,U1,26,0,25,0,0.0,0.8153846153846154,0.8153846153846154,0.0,0.0,0.0,0.8153846153846154,0.8467131018964317,1.0,1,0.038461538461538464,1,0.038461538461538464,2,0.07692307692307693,0,0.0
quadrant,VALIDATED_APPROVAL,F2,U1,26,0,25,0,0.0,0.8153846153846154,0.8153846153846154,0.0,0.0,0.0,0.8153846153846154,0.8467131018964317,1.0,1,0.038461538461538464,1,0.038461538461538464,2,0.07692307692307693,0,0.0
quadrant,VALIDATED_APPROVAL,F3,U1,26,0,25,0,0.0,0.8153846153846154,0.8153846153846154,0.0,0.0,0.0,0.8153846153846154,0.8467131018964317,1.0,1,0.038461538461538464,1,0.038461538461538464,2,0.07692307692307693,0,0.0
quadrant,VALIDATED_APPROVAL,J4,U1,26,0,25,0,0.0,0.8153846153846154,0.8153846153846154,0.0,0.0,0.0,0.8153846153846154,0.8467131018964317,1.0,1,0.038461538461538464,1,0.038461538461538464,2,0.07692307692307693,0,0.0
quadrant,VALIDATED_APPROVAL,J5,U1,26,0,25,0,0.0,0.8153846153846154,0.8153846153846154,0.0,0.0,0.0,0.8153846153846154,0.8467131018964317,1.0,1,0.038461538461538464,1,0.038461538461538464,2,0.07692307692307693,0,0.0
quadrant,VALIDATED_APPROVAL,U1,U2,26,25,0,0,0.8153846153846154,0.0,0.8153846153846154,0.0,0.0,0.0,0.8153846153846154,0.8467131018964317,1.0,1,0.038461538461538464,1,0.038461538461538464,2,0.07692307692307693,0,0.0
verdict,BLOCK,F1,U2,198,194,0,0,0.8167508417508417,0.0,0.8167508417508417,0.0,0.0,0.0,0.8167508417508417,0.8529270589571154,1.0,4,0.020202020202020204,11,0.05555555555555555,21,0.10606060606060606,0,0.0
quadrant,FLAWED_APPROVAL,J3,U1,73,44,73,44,0.17808219178082188,1.0,0.8219178082191781,0.0,0.0,0.6804510993672779,0.821917808219178,0.8439957151095543,1.0,1,0.0136986301369863,1,0.0136986301369863,4,0.0547945205479452,0,0.0
quadrant,FLAWED_APPROVAL,J5,U1,73,42,73,42,0.1643835616438356,1.0,0.8356164383561644,0.0,0.0,0.652019862276467,0.8356164383561644,0.8572015635473056,1.0,1,0.0136986301369863,1,0.0136986301369863,5,0.0684931506849315,0,0.0
quadrant,FLAWED_APPROVAL,J4,U1,73,41,73,41,0.16164383561643833,1.0,0.8383561643835616,0.0,0.0,0.6496079927990426,0.8383561643835615,0.8594359411767124,1.0,1,0.0136986301369863,1,0.0136986301369863,4,0.0547945205479452,0,0.0
quadrant,FLAWED_APPROVAL,F1,U2,73,71,0,0,0.8684931506849314,0.0,0.8684931506849314,0.0,0.0,0.0,0.8684931506849314,0.895345651475696,1.0,2,0.0273972602739726,2,0.0273972602739726,4,0.0547945205479452,0,0.0
quadrant,FLAWED_APPROVAL,U2,U3,73,0,73,0,0.0,0.895890410958904,0.895890410958904,0.0,0.0,0.0,0.895890410958904,0.9068989764161484,1.0,0,0.0,0,0.0,1,0.0136986301369863,0,0.0
ground_truth,ROGUE,U2,U3,197,0,197,0,0.0,0.9065989847715737,0.9065989847715737,0.0,0.0,0.0,0.9065989847715737,0.9167366532273914,1.0,0,0.0,0,0.0,3,0.015228426395939087,0,0.0
verdict,BLOCK,U2,U3,198,0,198,0,0.0,0.9142255892255893,0.9142255892255893,0.0,0.0,0.0,0.9142255892255893,0.9232325304466756,1.0,0,0.0,0,0.0,2,0.010101010101010102,0,0.0
quadrant,VALIDATED_BLOCK,U2,U3,125,0,125,0,0.0,0.9249333333333334,0.9249333333333334,0.0,0.0,0.0,0.9249333333333334,0.9326390274675168,1.0,0,0.0,0,0.0,1,0.008,0,0.0
ground_truth,ROGUE,F2,U2,197,196,0,0,0.9736040609137057,0.0,0.9736040609137057,0.0,0.0,0.0,0.9736040609137057,0.9794849988356955,1.0,1,0.005076142131979695,1,0.005076142131979695,3,0.015228426395939087,0,0.0
quadrant,VALIDATED_BLOCK,F2,U2,125,124,0,0,0.9777333333333333,0.0,0.9777333333333333,0.0,0.0,0.0,0.9777333333333333,0.9832474538769758,1.0,1,0.008,1,0.008,1,0.008,0,0.0
verdict,BLOCK,F2,U2,198,197,0,0,0.980892255892256,0.0,0.980892255892256,0.0,0.0,0.0,0.980892255892256,0.9848523050948957,1.0,1,0.005050505050505051,1,0.005050505050505051,1,0.005050505050505051,0,0.0
quadrant,FLAWED_BLOCK,F1,S1,78,0,77,0,0.0,0.9846153846153846,0.9846153846153846,0.0,0.0,0.0,0.9846153846153846,0.9912437150187146,1.0,1,0.01282051282051282,1,0.01282051282051282,1,0.01282051282051282,0,0.0
quadrant,FLAWED_BLOCK,F2,S1,78,0,77,0,0.0,0.9846153846153846,0.9846153846153846,0.0,0.0,0.0,0.9846153846153846,0.9912437150187146,1.0,1,0.01282051282051282,1,0.01282051282051282,1,0.01282051282051282,0,0.0
quadrant,FLAWED_BLOCK,F3,S1,78,0,77,0,0.0,0.9846153846153846,0.9846153846153846,0.0,0.0,0.0,0.9846153846153846,0.9912437150187146,1.0,1,0.01282051282051282,1,0.01282051282051282,1,0.01282051282051282,0,0.0
quadrant,FLAWED_APPROVAL,F2,U2,73,73,0,0,0.9863013698630136,0.0,0.9863013698630136,0.0,0.0,0.0,0.9863013698630136,0.9875942819566265,1.0,0,0.0,0,0.0,0,0.0,0,0.0
verdict,APPROVE,F1,S1,104,0,103,0,0.0,0.9865384615384615,0.9865384615384615,0.0,0.0,0.0,0.9865384615384615,0.9916962934596149,1.0,1,0.009615384615384616,1,0.009615384615384616,1,0.009615384615384616,0,0.0
verdict,APPROVE,F2,S1,104,0,103,0,0.0,0.9865384615384615,0.9865384615384615,0.0,0.0,0.0,0.9865384615384615,0.9916962934596149,1.0,1,0.009615384615384616,1,0.009615384615384616,1,0.009615384615384616,0,0.0
verdict,APPROVE,F3,S1,104,0,103,0,0.0,0.9865384615384615,0.9865384615384615,0.0,0.0,0.0,0.9865384615384615,0.9916962934596149,1.0,1,0.009615384615384616,1,0.009615384615384616,1,0.009615384615384616,0,0.0
quadrant,VALIDATED_BLOCK,U1,U2,125,125,0,0,0.9904000000000001,0.0,0.9904000000000001,0.0,0.0,0.0,0.9904000000000001,0.9919677414109795,1.0,0,0.0,0,0.0,0,0.0,0,0.0
ground_truth,ROGUE,U1,U2,197,197,0,0,0.9908629441624365,0.0,0.9908629441624365,0.0,0.0,0.0,0.9908629441624365,0.9921519451341627,1.0,0,0.0,0,0.0,0,0.0,0,0.0
quadrant,FLAWED_APPROVAL,S1,U1,73,3,73,3,0.008219178082191782,1.0,0.9917808219178083,0.0,0.0,0.2027212135198458,0.9917808219178083,0.9925751757182197,1.0,0,0.0,0,0.0,0,0.0,0,0.0
quadrant,VALIDATED_APPROVAL,F1,S1,26,0,26,0,0.0,0.9923076923076923,0.9923076923076923,0.0,0.0,0.0,0.9923076923076923,0.9930527912220206,1.0,0,0.0,0,0.0,0,0.0,0,0.0
quadrant,VALIDATED_APPROVAL,F2,S1,26,0,26,0,0.0,0.9923076923076923,0.9923076923076923,0.0,0.0,0.0,0.9923076923076923,0.9930527912220206,1.0,0,0.0,0,0.0,0,0.0,0,0.0
quadrant,VALIDATED_APPROVAL,F3,S1,26,0,26,0,0.0,0.9923076923076923,0.9923076923076923,0.0,0.0,0.0,0.9923076923076923,0.9930527912220206,1.0,0,0.0,0,0.0,0,0.0,0,0.0
quadrant,VALIDATED_APPROVAL,J4,S1,26,0,26,0,0.0,0.9923076923076923,0.9923076923076923,0.0,0.0,0.0,0.9923076923076923,0.9930527912220206,1.0,0,0.0,0,0.0,0,0.0,0,0.0
quadrant,VALIDATED_APPROVAL,J5,S1,26,0,26,0,0.0,0.9923076923076923,0.9923076923076923,0.0,0.0,0.0,0.9923076923076923,0.9930527912220206,1.0,0,0.0,0,0.0,0,0.0,0,0.0
quadrant,VALIDATED_APPROVAL,S1,U2,26,26,0,0,0.9923076923076923,0.0,0.9923076923076923,0.0,0.0,0.0,0.9923076923076923,0.9930527912220206,1.0,0,0.0,0,0.0,0,0.0,0,0.0
verdict,BLOCK,U1,U2,198,198,0,0,0.993939393939394,0.0,0.993939393939394,0.0,0.0,0.0,0.993939393939394,0.9949366763261821,1.0,0,0.0,0,0.0,0,0.0,0,0.0
quadrant,FLAWED_APPROVAL,U1,U2,73,73,0,0,1.0,0.0,1.0,0.0,0.0,0.0,1.0,1.0,1.0,0,0.0,0,0.0,0,0.0,0,0.0
ground_truth,ROGUE,J1,U1,197,71,197,71,0.11065989847715735,0.9908629441624365,0.8802030456852792,-0.0004514463356938869,-0.008220565935734253,0.5216945711547427,0.8802030456852792,0.8999717987685393,1.0,1,0.005076142131979695,2,0.01015228426395939,13,0.06598984771573604,3,-5.408189605266869e-05
quadrant,VALIDATED_BLOCK,F2,J5,125,124,8,8,0.9777333333333333,0.0128,0.9649333333333333,-0.006873372215080398,-0.05054743714784824,0.25086020464182707,0.9649333333333333,0.9717898721202828,1.0,1,0.008,1,0.008,1,0.008,1,-0.0002410262523421528
quadrant,FLAWED_APPROVAL,F1,S1,73,71,3,3,0.8684931506849314,0.008219178082191782,0.8602739726027396,-0.0017374234091417865,-0.0038045337864936798,0.196227812235748,0.8602739726027396,0.8882798522371264,1.0,2,0.0273972602739726,2,0.0273972602739726,5,0.0684931506849315,1,-0.00024276327086638678
quadrant,VALIDATED_BLOCK,F2,J4,125,124,7,7,0.9777333333333333,0.011200000000000002,0.9665333333333334,-0.01476732759981868,-0.0634934680203873,0.2337986804641341,0.9665333333333334,0.9732705459200723,1.0,1,0.008,1,0.008,1,0.008,1,-0.0004942132303405981
verdict,BLOCK,S1,U1,198,13,198,13,0.015404040404040406,0.993939393939394,0.9785353535353536,-0.04003154212993173,-0.10318603437259673,0.24305037014601524,0.9785353535353535,0.9815533453139312,1.0,0,0.0,0,0.0,0,0.0,1,-0.0008592628992535872
quadrant,VALIDATED_BLOCK,S1,U1,125,10,125,10,0.019600000000000003,0.9904000000000001,0.9708000000000001,-0.033730206405603896,-0.10720015722789163,0.26697558422250234,0.9708,0.9750589725755053,1.0,0,0.0,0,0.0,0,0.0,1,-0.0009849220270436339
quadrant,VALIDATED_BLOCK,F2,S1,125,124,10,10,0.9777333333333333,0.019600000000000003,0.9581333333333334,-0.02792204489406093,-0.036279597235404595,0.2648729251418943,0.9581333333333334,0.9665172298286024,1.0,1,0.008,1,0.008,2,0.016,1,-0.0011690029462313493
ground_truth,ROGUE,J3,U1,197,54,197,54,0.07614213197969544,0.9908629441624365,0.914720812182741,-0.015669436827171496,0.0014700456749088318,0.4585912032521787,0.914720812182741,0.9279637661401633,1.0,1,0.005076142131979695,1,0.005076142131979695,6,0.030456852791878174,2,-0.0013362768461750323
verdict,BLOCK,J4,S1,198,48,13,4,0.06666666666666667,0.015404040404040406,0.05126262626262626,-0.001963085225314086,0.03625911696123743,0.10319703127050601,0.07398989898989898,0.16178455558007515,1.0,144,0.7272727272727273,184,0.9292929292929293,194,0.9797979797979798,4,-0.0018178367477845335
verdict,BLOCK,J1,U1,198,72,198,72,0.11136363636363635,0.993939393939394,0.8825757575757577,-0.016568501953313823,-0.02262313348383475,0.5240367381395648,0.8825757575757576,0.9020809276334358,1.0,1,0.005050505050505051,2,0.010101010101010102,13,0.06565656565656566,2,-0.0019455437899724567
verdict,BLOCK,F2,S1,198,197,13,13,0.980892255892256,0.015404040404040406,0.9654882154882156,-0.057968577894237885,-0.08665607043175746,0.23901312292655694,0.9654882154882156,0.9717459150708019,1.0,1,0.005050505050505051,1,0.005050505050505051,2,0.010101010101010102,2,-0.0020005990687405255
verdict,BLOCK,F1,J4,198,194,48,46,0.8167508417508417,0.06666666666666667,0.750084175084175,-0.008925172643586938,-0.021482967447212786,0.40768964325896784,0.7561447811447813,0.8021497141187739,1.0,5,0.025252525252525252,15,0.07575757575757576,34,0.1717171717171717,22,-0.002176449928322503
quadrant,FLAWED_APPROVAL,S1,U4,73,3,71,3,0.008219178082191782,0.4712328767123288,0.46301369863013697,-0.004193397410053596,-0.013541439380010305,0.18110178933147764,0.46301369863013697,0.5165745977770231,1.0,3,0.0410958904109589,19,0.2602739726027397,42,0.5753424657534246,3,-0.0022517969653986433
ground_truth,ROGUE,F2,H1,197,196,184,183,0.9736040609137057,0.49441624365482234,0.4791878172588833,-0.00505101396881509,-0.05013692814924117,0.8704342428007368,0.4893401015228426,0.5617232369449014,1.0,18,0.09137055837563451,52,0.2639593908629442,94,0.47715736040609136,13,-0.002579350280521818
quadrant,VALIDATED_APPROVAL,J3,U1,26,1,25,1,0.007692307692307693,0.8153846153846154,0.8076923076923077,-0.01348399724926483,-0.08591684043324421,0.18529642184483178,0.8076923076923078,0.8403296056630672,1.0,1,0.038461538461538464,1,0.038461538461538464,2,0.07692307692307693,1,-0.002593076394089389
quadrant,FLAWED_APPROVAL,J5,U4,73,42,71,40,0.1643835616438356,0.4712328767123288,0.30684931506849317,-0.004703207557454411,0.01610385415321392,0.5866450988091461,0.3616438356164383,0.42651823902287944,1.0,11,0.1506849315068493,26,0.3561643835616438,54,0.7397260273972602,39,-0.0030023215366763775
verdict,BLOCK,F3,H1,198,144,184,132,0.3237373737373737,0.49890572390572396,0.17516835016835025,-0.005052983145020494,-0.009704873200855689,0.6692994066221791,0.3398148148148148,0.4255632697035345,1.0,32,0.16161616161616163,91,0.4595959595959596,153,0.7727272727272727,118,-0.0033359046133329745
ground_truth,ROGUE,F1,J3,197,192,54,52,0.8091370558375633,0.07614213197969544,0.7329949238578679,-0.013053554339604744,-0.031737985670510706,0.43485714645005724,0.7390862944162437,0.7910668758268525,1.0,7,0.03553299492385787,20,0.10152284263959391,38,0.19289340101522842,25,-0.003405851233785196
verdict,BLOCK,S1,U3,198,13,198,13,0.015404040404040406,0.9142255892255893,0.8988215488215489,-0.0376094869159717,-0.043106831965678445,0.23756189459560928,0.8988215488215489,0.910348596912872,1.0,0,0.0,0,0.0,4,0.020202020202020204,6,-0.0038052696357742397
ground_truth,ROGUE,F1,J5,197,192,50,48,0.8091370558375633,0.06903553299492386,0.7401015228426395,-0.01719788590217645,-0.004894002225609242,0.4100200193348784,0.7482233502538072,0.7970758742043186,1.0,7,0.03553299492385787,17,0.08629441624365482,35,0.17766497461928935,22,-0.004330026095167268
verdict,BLOCK,J3,U1,198,54,198,54,0.07575757575757576,0.993939393939394,0.9181818181818182,-0.05339311977104306,-0.06191994898062526,0.45615137188665134,0.9181818181818182,0.9312747861253022,1.0,1,0.005050505050505051,1,0.005050505050505051,6,0.030303030303030304,2,-0.0043685279812671575
quadrant,VALIDATED_BLOCK,H1,U1,125,111,125,111,0.38386666666666674,0.9904000000000001,0.6065333333333334,-0.01136902731087095,0.01985043302141489,0.8418972609471783,0.6065333333333331,0.6565177496119626,1.0,5,0.04,16,0.128,34,0.272,4,-0.004473333279250692
quadrant,VALIDATED_BLOCK,J1,S1,125,21,10,2,0.034,0.019600000000000003,0.0144,-0.004968185943071528,0.020191372287360947,0.10583211949635381,0.047200000000000006,0.10449880382090505,0.4,98,0.784,121,0.968,125,1.0,2,-0.004733687566558552
quadrant,FLAWED_APPROVAL,F2,S1,73,73,3,3,0.9863013698630136,0.008219178082191782,0.9780821917808219,-0.2170595446838844,-0.2170595446838847,0.19158319302639065,0.978082191780822,0.9806344046669169,1.0,0,0.0,0,0.0,0,0.0,1,-0.004757469472523474
ground_truth,CLEAN,J1,U3,99,21,86,18,0.04646464646464647,0.37777777777777777,0.3313131313131313,-0.007910009878601775,-0.03736244645576232,0.37045571643401626,0.34747474747474744,0.42163702135578396,1.0,16,0.16161616161616163,43,0.43434343434343436,77,0.7777777777777778,17,-0.005161481193511865
quadrant,FLAWED_APPROVAL,F3,U4,73,55,71,54,0.34520547945205476,0.4712328767123288,0.126027397260274,-0.00796865024392618,0.037204376974612326,0.7110291694468479,0.2958904109589041,0.37306578802106855,1.0,15,0.2054794520547945,35,0.4794520547945205,61,0.8356164383561644,54,-0.005610803048463091
ground_truth,ROGUE,F1,H1,197,192,184,179,0.8091370558375633,0.49441624365482234,0.314720812182741,-0.009437199973733844,-0.014548045010969369,0.8335658011631206,0.4040609137055838,0.49031223865059537,1.0,26,0.1319796954314721,68,0.34517766497461927,131,0.6649746192893401,79,-0.005623996329524636
ground_truth,CLEAN,F2,S1,99,1,98,0,0.010101010101010102,0.9838383838383837,0.9737373737373737,-0.9453477466847853,-0.5077524002897474,0.0,0.9939393939393939,0.9945304968128977,1.0,0,0.0,0,0.0,0,0.0,0,-0.00572938028293813
quadrant,FLAWED_APPROVAL,F2,J3,73,73,44,44,0.9863013698630136,0.17808219178082188,0.8082191780821918,-0.030990065402665173,-0.09650674540163152,0.6783986432040705,0.8082191780821918,0.8325567157446434,1.0,1,0.0136986301369863,1,0.0136986301369863,4,0.0547945205479452,5,-0.005943300214209759
ground_truth,ROGUE,F1,J1,197,192,71,69,0.8091370558375633,0.11065989847715735,0.698477157360406,-0.021804246782555263,-0.03733536565831378,0.4923085210408552,0.7086294416243655,0.7670895618759822,1.0,10,0.050761421319796954,22,0.1116751269035533,44,0.2233502538071066,34,-0.0063531155599932596
verdict,BLOCK,F1,J3,198,194,54,52,0.8167508417508417,0.07575757575757576,0.7409932659932659,-0.029585034129124128,-0.04047147051371571,0.43170305234701545,0.7470538720538722,0.7957016611505849,1.0,6,0.030303030303030304,17,0.08585858585858586,36,0.18181818181818182,25,-0.00748341982811599
verdict,BLOCK,F1,J5,198,194,50,48,0.8167508417508417,0.06868686868686869,0.748063973063973,-0.03283112505864979,-0.0128200910766331,0.40704607321102937,0.7561447811447813,0.8016458588758192,1.0,6,0.030303030303030304,14,0.0707070707070707,33,0.16666666666666666,22,-0.008006041186440098
quadrant,FLAWED_APPROVAL,J4,U4,73,41,71,39,0.16164383561643833,0.4712328767123288,0.30958904109589047,-0.013024745978782188,0.00208198168051279,0.5817349992393572,0.35890410958904106,0.4284409455638157,1.0,13,0.1780821917808219,26,0.3561643835616438,53,0.726027397260274,38,-0.008350111120643924
quadrant,VALIDATED_BLOCK,S1,U3,125,10,125,10,0.019600000000000003,0.9249333333333334,0.9053333333333334,-0.09163797667507287,-0.09828116941067123,0.25568084970927246,0.9053333333333333,0.9167309068399274,1.0,0,0.0,0,0.0,3,0.024,5,-0.008675061791906899
quadrant,VALIDATED_BLOCK,F1,J4,125,123,7,7,0.7865333333333333,0.011200000000000002,0.7753333333333333,-0.04155245262382738,-0.054145745707390856,0.2125276990736738,0.7753333333333333,0.8183981644380415,1.0,3,0.024,9,0.072,18,0.144,5,-0.009335451022819886
quadrant,VALIDATED_BLOCK,J3,U1,125,10,125,10,0.016,0.9904000000000001,0.9744,-0.3723869155846465,-0.286803701842883,0.2623223363156124,0.9744,0.9786521343153551,1.0,0,0.0,0,0.0,2,0.016,2,-0.009533105038966934
quadrant,FLAWED_APPROVAL,F2,J4,73,73,41,41,0.9863013698630136,0.16164383561643833,0.8246575342465753,-0.054978192568626016,-0.13943081713335184,0.6466194666205987,0.8246575342465753,0.8482051961610001,1.0,1,0.0136986301369863,1,0.0136986301369863,4,0.0547945205479452,5,-0.009640011847649496
quadrant,VALIDATED_BLOCK,J1,U1,125,21,125,21,0.034,0.9904000000000001,0.9564,-0.22569903424310717,-0.1632248647854904,0.3970920573852008,0.9564000000000001,0.9620083159723725,1.0,0,0.0,0,0.0,2,0.016,2,-0.00984047789299944
ground_truth,CLEAN,J1,S1,99,21,98,20,0.04646464646464647,0.9838383838383837,0.9373737373737373,-0.17015594848368684,-0.1415394028776683,0.4261553144784275,0.9414141414141415,0.9496410805236797,1.0,0,0.0,1,0.010101010101010102,1,0.010101010101010102,1,-0.009968732335407904
ground_truth,ROGUE,S1,U1,197,17,197,17,0.027411167512690352,0.9908629441624365,0.9634517766497461,-0.28917256684589815,-0.3336633759012702,0.23169908676414,0.965482233502538,0.9724113102721388,1.0,0,0.0,1,0.005076142131979695,3,0.015228426395939087,3,-0.009981591139858423
quadrant,FLAWED_BLOCK,U1,U2,78,76,2,2,0.6448717948717948,0.005128205128205128,0.6397435897435897,-0.028599372171994587,-0.029712231396733093,0.13858254350998725,0.6397435897435897,0.689574376345888,1.0,2,0.02564102564102564,6,0.07692307692307693,23,0.2948717948717949,2,-0.010303107154269846
quadrant,FLAWED_APPROVAL,F2,J1,73,73,51,51,0.9863013698630136,0.24383561643835616,0.7424657534246575,-0.043560039029812536,-0.09418967566664374,0.7322612972241371,0.7424657534246575,0.7781256017217237,1.0,1,0.0136986301369863,2,0.0273972602739726,13,0.1780821917808219,5,-0.011218201832335286
quadrant,VALIDATED_BLOCK,F1,J2,125,123,13,13,0.7865333333333333,0.021200000000000004,0.7653333333333333,-0.04850237409795929,-0.05514814579310734,0.2917887092023101,0.7653333333333334,0.8103798834840088,1.0,4,0.032,9,0.072,19,0.152,8,-0.011381890454987775
quadrant,FLAWED_APPROVAL,J1,U4,73,51,71,49,0.24383561643835616,0.4712328767123288,0.2273972602739726,-0.018340498426860186,-0.025102507506751456,0.6574316906726182,0.32602739726027397,0.3937873704814375,0.8,12,0.1643835616438356,32,0.4383561643835616,57,0.7808219178082192,47,-0.01236099346029481
ground_truth,CLEAN,F1,U4,99,2,88,2,0.0060606060606060615,0.36565656565656574,0.3595959595959597,-0.01980531744510808,0.021948518670717124,0.1050596382718834,0.3636363636363637,0.4254528187826484,1.0,11,0.1111111111111111,41,0.41414141414141414,72,0.7272727272727273,2,-0.01260338382870514
verdict,BLOCK,F1,H1,198,194,184,180,0.8167508417508417,0.49890572390572396,0.3178451178451177,-0.0213445885727607,-0.02158074259147059,0.8349545779613853,0.40269360269360277,0.4903931174599378,1.0,28,0.1414141414141414,67,0.3383838383838384,132,0.6666666666666666,79,-0.012749259302382989
verdict,APPROVE,J3,U3,104,3,87,2,0.00576923076923077,0.361698717948718,0.35592948717948725,-0.020216976293631443,-0.005936080421036584,0.13012184567375368,0.3597756410256411,0.4319782807534831,1.0,16,0.15384615384615385,42,0.40384615384615385,79,0.7596153846153846,2,-0.01294340068799
ground_truth,CLEAN,F1,S1,99,2,98,1,0.0060606060606060615,0.9838383838383837,0.9777777777777776,-0.9283401700378386,-0.7071443602677628,0.03634111785407857,0.9858585858585858,0.9888264649460884,1.0,0,0.0,0,0.0,1,0.010101010101010102,1,-0.013128042808615984
ground_truth,CLEAN,F3,S1,99,1,98,0,0.00202020202020202,0.9838383838383837,0.9818181818181817,-0.9453477466847832,-0.5077524002897474,0.0,0.985858585858586,0.9896433394884944,1.0,0,0.0,1,0.010101010101010102,1,0.010101010101010102,0,-0.013368553993522062
verdict,BLOCK,F1,J1,198,194,72,70,0.8167508417508417,0.11136363636363635,0.7053872053872053,-0.04804268080639596,-0.061555556252245555,0.49113810655569495,0.7154882154882156,0.7712296505982124,1.0,9,0.045454545454545456,20,0.10101010101010101,41,0.20707070707070707,35,-0.013668708848957767
ground_truth,CLEAN,F2,U2,99,1,2,0,0.010101010101010102,0.00404040404040404,0.0060606060606060615,-0.014504945216194562,-0.014504945216194557,0.0,0.01414141414141414,0.1044465935734187,1.0,96,0.9696969696969697,98,0.98989898989899,98,0.98989898989899,0,-0.01429982477879383
ground_truth,CLEAN,F2,J4,99,1,2,0,0.010101010101010102,0.00404040404040404,0.0060606060606060615,-0.01450494521619459,-0.014504945216194557,0.0,0.01414141414141414,0.1044465935734187,1.0,96,0.9696969696969697,98,0.98989898989899,98,0.98989898989899,0,-0.014299824778793858
ground_truth,CLEAN,F2,J5,99,1,2,0,0.010101010101010102,0.00404040404040404,0.0060606060606060615,-0.01450494521619459,-0.014504945216194557,0.0,0.01414141414141414,0.1044465935734187,1.0,96,0.9696969696969697,98,0.98989898989899,98,0.98989898989899,0,-0.014299824778793858
ground_truth,CLEAN,F3,U2,99,1,2,0,0.00202020202020202,0.00404040404040404,0.00202020202020202,-0.014504945216194606,-0.014504945216194557,0.0,0.0060606060606060615,0.03481553119113957,0.2,96,0.9696969696969697,99,1.0,99,1.0,0,-0.014417036457308578
ground_truth,CLEAN,F3,J4,99,1,2,0,0.00202020202020202,0.00404040404040404,0.00202020202020202,-0.014504945216194632,-0.014504945216194557,0.0,0.0060606060606060615,0.03481553119113957,0.2,96,0.9696969696969697,99,1.0,99,1.0,0,-0.014417036457308604
ground_truth,CLEAN,F3,J5,99,1,2,0,0.00202020202020202,0.00404040404040404,0.00202020202020202,-0.014504945216194632,-0.014504945216194557,0.0,0.0060606060606060615,0.03481553119113957,0.2,96,0.9696969696969697,99,1.0,99,1.0,0,-0.014417036457308604
verdict,APPROVE,U1,U2,104,101,2,2,0.6875,0.0038461538461538464,0.6836538461538462,-0.04731582832839082,-0.06479766652851134,0.11325795797837009,0.6836538461538461,0.7320282676341021,1.0,3,0.028846153846153848,7,0.0673076923076923,25,0.2403846153846154,2,-0.014968180307731331
ground_truth,ROGUE,S1,U4,197,17,194,17,0.027411167512690352,0.5898477157360407,0.5624365482233503,-0.03557788095516,0.0026501740223797863,0.2142428699957158,0.5705583756345178,0.6243778629452206,1.0,6,0.030456852791878174,33,0.16751269035532995,73,0.37055837563451777,15,-0.015278622988865662
quadrant,FLAWED_APPROVAL,F3,U3,73,55,73,55,0.34520547945205476,0.895890410958904,0.5506849315068492,-0.03506558334717616,-0.016730107795879724,0.7776001710919491,0.5561643835616439,0.6302858668672515,1.0,6,0.0821917808219178,13,0.1780821917808219,29,0.3972602739726027,23,-0.015563354800664486
quadrant,VALIDATED_BLOCK,F3,J4,125,89,7,5,0.31120000000000003,0.011200000000000002,0.30000000000000004,-0.022782519832694543,-0.025760183868349315,0.16346559076874947,0.30640000000000006,0.40855844135202984,1.0,36,0.288,64,0.512,97,0.776,5,-0.015801955755956935
ground_truth,CLEAN,U1,U2,99,97,2,2,0.6888888888888889,0.00404040404040404,0.6848484848484848,-0.050767308256681,-0.06731659629198568,0.11629129983033293,0.6848484848484848,0.7305733185227706,1.0,2,0.020202020202020204,6,0.06060606060606061,24,0.24242424242424243,2,-0.015999394117257044
verdict,BLOCK,J3,S1,198,54,13,4,0.07575757575757576,0.015404040404040406,0.060353535353535354,-0.01753974557734808,0.015590362996314605,0.09729509414625999,0.08308080808080809,0.17089337451915876,1.0,138,0.696969696969697,181,0.9141414141414141,194,0.9797979797979798,4,-0.016082529341250224
quadrant,FLAWED_BLOCK,H1,J3,78,52,2,1,0.22799145299145296,0.005128205128205128,0.22286324786324782,-0.02125724608569839,-0.011320128542124601,0.10250608536718815,0.22799145299145296,0.3107808839596764,1.0,25,0.32051282051282054,49,0.6282051282051282,74,0.9487179487179487,1,-0.016410775664023138
quadrant,FLAWED_BLOCK,H1,J4,78,52,2,1,0.22799145299145296,0.005128205128205128,0.22286324786324782,-0.02125724608569839,-0.011320128542124601,0.10250608536718815,0.22799145299145296,0.3107808839596764,1.0,25,0.32051282051282054,49,0.6282051282051282,74,0.9487179487179487,1,-0.016410775664023138
quadrant,FLAWED_BLOCK,H1,J5,78,52,2,1,0.22799145299145296,0.005128205128205128,0.22286324786324782,-0.02125724608569839,-0.011320128542124601,0.10250608536718815,0.22799145299145296,0.3107808839596764,1.0,25,0.32051282051282054,49,0.6282051282051282,74,0.9487179487179487,1,-0.016410775664023138
quadrant,FLAWED_APPROVAL,H1,J1,73,73,51,51,0.6958904109589041,0.24383561643835616,0.452054794520548,-0.031405111556304745,-0.021597541408526218,0.6981565401732863,0.473972602739726,0.5484723491737931,1.0,8,0.1095890410958904,17,0.2328767123287671,37,0.5068493150684932,41,-0.01651994909263154
quadrant,VALIDATED_BLOCK,J2,U3,125,13,125,13,0.021200000000000004,0.9249333333333334,0.9037333333333334,-0.17267474414254316,-0.15332983363370123,0.2981721106014398,0.9037333333333334,0.9151587597545879,1.0,0,0.0,1,0.008,1,0.008,7,-0.016622822036122146
quadrant,VALIDATED_BLOCK,J4,U3,125,7,125,7,0.011200000000000002,0.9249333333333334,0.9137333333333334,-0.1961709245610634,-0.14048534618891143,0.21023759602837877,0.9137333333333334,0.9238482318841962,1.0,0,0.0,1,0.008,1,0.008,4,-0.016923011758801055
ground_truth,CLEAN,F2,J3,99,1,3,0,0.010101010101010102,0.0060606060606060615,0.00404040404040404,-0.017857142857142894,-0.017857142857142856,0.0,0.01616161616161616,0.1063632046956621,1.0,95,0.9595959595959596,98,0.98989898989899,98,0.98989898989899,0,-0.017568542568542605
verdict,BLOCK,J2,S1,198,62,13,5,0.09116161616161615,0.015404040404040406,0.07575757575757575,-0.019495614708749436,0.027453145975525162,0.10387171361839384,0.09646464646464645,0.18969672765983203,1.0,132,0.6666666666666666,176,0.8888888888888888,191,0.9646464646464646,5,-0.01761497712825896
ground_truth,CLEAN,F3,J3,99,1,3,0,0.00202020202020202,0.0060606060606060615,0.004040404040404041,-0.017857142857142926,-0.017857142857142856,0.0,0.00808080808080808,0.04020151261036849,0.2,95,0.9595959595959596,99,1.0,99,1.0,0,-0.01771284271284278
quadrant,VALIDATED_BLOCK,J5,U3,125,8,125,8,0.0128,0.9249333333333334,0.9121333333333334,-0.2184156146014278,-0.17522386310837917,0.2237846791998872,0.9121333333333334,0.9226351150674656,1.0,0,0.0,1,0.008,1,0.008,5,-0.019191452002978785
ground_truth,CLEAN,F1,U2,99,2,2,0,0.0060606060606060615,0.00404040404040404,0.002020202020202021,-0.019540346058685015,-0.020617483237190506,0.0,0.010101010101010102,0.05318160234783105,0.4,95,0.9595959595959596,98,0.98989898989899,99,1.0,0,-0.019342968825769007
ground_truth,CLEAN,F1,J4,99,2,2,0,0.0060606060606060615,0.00404040404040404,0.002020202020202021,-0.019540346058685064,-0.020617483237190506,0.0,0.010101010101010102,0.05318160234783105,0.4,95,0.9595959595959596,98,0.98989898989899,99,1.0,0,-0.019342968825769052
ground_truth,CLEAN,F1,J5,99,2,2,0,0.0060606060606060615,0.00404040404040404,0.002020202020202021,-0.019540346058685064,-0.020617483237190506,0.0,0.010101010101010102,0.05318160234783105,0.4,95,0.9595959595959596,98,0.98989898989899,99,1.0,0,-0.019342968825769052
verdict,APPROVE,J4,U2,104,2,2,0,0.0038461538461538464,0.0038461538461538464,0.0,-0.019607843137254954,-0.019607843137254905,0.0,0.007692307692307693,0.03922322702763681,0.2,100,0.9615384615384616,104,1.0,104,1.0,0,-0.019457013574660686
verdict,APPROVE,J5,U2,104,2,2,0,0.0038461538461538464,0.0038461538461538464,0.0,-0.019607843137254954,-0.019607843137254905,0.0,0.007692307692307693,0.03922322702763681,0.2,100,0.9615384615384616,104,1.0,104,1.0,0,-0.019457013574660686
quadrant,VALIDATED_BLOCK,F3,J2,125,89,13,9,0.31120000000000003,0.021200000000000004,0.29000000000000004,-0.028093747411690122,-0.020924868167830183,0.22459854402769916,0.30280000000000007,0.40395544308747716,1.0,35,0.28,65,0.52,99,0.792,9,-0.01958696069543035
quadrant,VALIDATED_BLOCK,F1,J5,125,123,8,8,0.7865333333333333,0.0128,0.7737333333333333,-0.0883851679201861,-0.06334094005400887,0.21409387868967564,0.7737333333333335,0.8178114425437906,1.0,4,0.032,9,0.072,18,0.144,5,-0.019998617328074092
ground_truth,CLEAN,J3,U3,99,3,86,2,0.0060606060606060615,0.37777777777777777,0.3717171717171717,-0.0323731106426758,-0.012842236406349643,0.1292287382909359,0.3757575757575758,0.44585634321817025,1.0,12,0.12121212121212122,38,0.3838383838383838,75,0.7575757575757576,2,-0.020208669067852167
ground_truth,CLEAN,J4,U2,99,2,2,0,0.00404040404040404,0.00404040404040404,0.0,-0.020618556701031018,-0.02061855670103093,0.0,0.00808080808080808,0.04020151261036849,0.2,95,0.9595959595959596,99,1.0,99,1.0,0,-0.020451942101426725
ground_truth,CLEAN,J5,U2,99,2,2,0,0.00404040404040404,0.00404040404040404,0.0,-0.020618556701031018,-0.02061855670103093,0.0,0.00808080808080808,0.04020151261036849,0.2,95,0.9595959595959596,99,1.0,99,1.0,0,-0.020451942101426725
quadrant,FLAWED_APPROVAL,F2,J2,73,73,49,49,0.9863013698630136,0.21095890410958903,0.7753424657534246,-0.09187344486370455,-0.14866730204194573,0.7150426922017173,0.7753424657534246,0.8044397352637629,1.0,1,0.0136986301369863,1,0.0136986301369863,9,0.1232876712328767,5,-0.020640061585818565
verdict,APPROVE,J1,U3,104,20,87,17,0.04230769230769231,0.361698717948718,0.31939102564102567,-0.03136688349408716,-0.04938033576648296,0.3359214686929289,0.334775641025641,0.4123915293798765,1.0,20,0.19230769230769232,47,0.4519230769230769,81,0.7788461538461539,17,-0.02086601496537753
quadrant,VALIDATED_APPROVAL,J1,S1,26,9,26,9,0.06923076923076923,0.9923076923076923,0.9230769230769231,-0.2748737083745107,-0.2748737083745107,0.5792985040578003,0.9230769230769231,0.9298469683853278,1.0,0,0.0,0,0.0,0,0.0,1,-0.021144131413423885
quadrant,VALIDATED_BLOCK,F1,J3,125,123,10,10,0.7865333333333333,0.016,0.7705333333333333,-0.09967320162654492,-0.10086848513248894,0.23936423315835417,0.7705333333333334,0.8154603335267483,1.0,3,0.024,11,0.088,18,0.144,7,-0.022871677333237833
quadrant,VALIDATED_BLOCK,J3,U3,125,10,125,10,0.016,0.9249333333333334,0.9089333333333334,-0.2586341064568108,-0.2361223903422337,0.24868252067358992,0.9089333333333333,0.920204083644251,1.0,0,0.0,1,0.008,1,0.008,7,-0.023552945961333588
ground_truth,CLEAN,F1,J3,99,2,3,0,0.0060606060606060615,0.0060606060606060615,0.0,-0.02405626121623439,-0.02538233257925051,0.0,0.012121212121212121,0.05685352436149612,0.4,94,0.9494949494949495,98,0.98989898989899,99,1.0,0,-0.023764670171189127
verdict,APPROVE,J3,U2,104,3,2,0,0.00576923076923077,0.0038461538461538464,0.001923076923076924,-0.024133196686197574,-0.024133196686197622,0.0,0.009615384615384616,0.043852900965351466,0.2,99,0.9519230769230769,104,1.0,104,1.0,0,-0.02390114671806106
quadrant,VALIDATED_BLOCK,F3,J5,125,89,8,5,0.31120000000000003,0.0128,0.29840000000000005,-0.03474221981744855,-0.03629880409137859,0.16819886467539583,0.30800000000000005,0.4081666326391711,1.0,34,0.272,65,0.52,97,0.776,5,-0.024041616113674395
ground_truth,CLEAN,J3,U2,99,3,2,0,0.0060606060606060615,0.00404040404040404,0.002020202020202021,-0.025383654128340555,-0.025383654128340472,0.0,0.010101010101010102,0.044946657497549475,0.2,94,0.9494949494949495,99,1.0,99,1.0,0,-0.025127253581589643
quadrant,FLAWED_APPROVAL,J3,U4,73,44,71,42,0.17808219178082188,0.4712328767123288,0.29315068493150687,-0.039933323984524725,-0.02981165902760943,0.6012036120421518,0.347945205479452,0.42069739881518525,1.0,13,0.1780821917808219,30,0.410958904109589,53,0.726027397260274,41,-0.02603871536525174
quadrant,FLAWED_BLOCK,J3,U2,78,2,2,0,0.005128205128205128,0.005128205128205128,0.0,-0.026315789473684292,-0.026315789473684213,0.0,0.010256410256410256,0.04529108136578384,0.2,74,0.9487179487179487,78,1.0,78,1.0,0,-0.026045883940620865
quadrant,FLAWED_BLOCK,J4,U2,78,2,2,0,0.005128205128205128,0.005128205128205128,0.0,-0.026315789473684292,-0.026315789473684213,0.0,0.010256410256410256,0.04529108136578384,0.2,74,0.9487179487179487,78,1.0,78,1.0,0,-0.026045883940620865
quadrant,FLAWED_BLOCK,J5,U2,78,2,2,0,0.005128205128205128,0.005128205128205128,0.0,-0.026315789473684292,-0.026315789473684213,0.0,0.010256410256410256,0.04529108136578384,0.2,74,0.9487179487179487,78,1.0,78,1.0,0,-0.026045883940620865
verdict,APPROVE,U2,U4,104,2,91,2,0.0038461538461538464,0.3703525641025641,0.3665064102564103,-0.041888479070932745,-0.04325749614467427,0.09482816804410472,0.36650641025641034,0.43695784478557903,1.0,14,0.1346153846153846,44,0.4230769230769231,73,0.7019230769230769,2,-0.026536082975544408
quadrant,VALIDATED_APPROVAL,J2,U1,26,3,25,3,0.02307692307692308,0.8153846153846154,0.7923076923076923,-0.1298626009487131,-0.12067034151655014,0.2941975823379672,0.7923076923076925,0.8292721553822411,1.0,1,0.038461538461538464,2,0.07692307692307693,2,0.07692307692307693,2,-0.026971463273963468
quadrant,VALIDATED_BLOCK,J1,U3,125,21,125,21,0.034,0.9249333333333334,0.8909333333333334,-0.24788989131794806,-0.23612878749701685,0.3769161279525046,0.8909333333333334,0.9046079568274622,1.0,0,0.0,1,0.008,2,0.016,12,-0.027036524146410862
ground_truth,CLEAN,U2,U4,99,2,88,2,0.00404040404040404,0.36565656565656574,0.36161616161616167,-0.042449364873285045,-0.04424105412760438,0.09966832412776433,0.3616161616161617,0.42592738983791756,1.0,12,0.12121212121212122,42,0.42424242424242425,71,0.7171717171717171,2,-0.027098988484763782
quadrant,FLAWED_BLOCK,U2,U4,78,2,68,2,0.005128205128205128,0.36047008547008547,0.35534188034188036,-0.042265125123200485,-0.04278904147132612,0.11204899133601846,0.3553418803418803,0.42632815765053333,1.0,11,0.14102564102564102,34,0.4358974358974359,57,0.7307692307692307,2,-0.02724655608903758
ground_truth,ROGUE,S1,U3,197,17,197,17,0.027411167512690352,0.9065989847715737,0.8791878172588834,-0.24079101397141117,-0.17548800234630121,0.20896649982081425,0.883248730964467,0.9000845983928174,1.0,1,0.005076142131979695,1,0.005076142131979695,8,0.04060913705583756,10,-0.028112656453515013
quadrant,FLAWED_APPROVAL,J5,S1,73,42,3,2,0.1643835616438356,0.008219178082191782,0.15616438356164383,-0.03362745381552741,-0.0035599413016358964,0.10721125348377948,0.16164383561643836,0.2510252948014144,1.0,32,0.4383561643835616,62,0.8493150684931506,68,0.9315068493150684,2,-0.028191783198770925
verdict,BLOCK,F2,U1,198,197,198,197,0.980892255892256,0.993939393939394,0.013047138047137974,-0.029471260030312627,-0.03958782307487584,0.9948625312846436,0.025168350168350163,0.10084519367039638,1.0,180,0.9090909090909091,193,0.9747474747474747,197,0.9949494949494949,0,-0.028729517037967216
quadrant,VALIDATED_BLOCK,F3,S1,125,89,10,9,0.31120000000000003,0.019600000000000003,0.2916,-0.041853077071626284,-0.0013894758539314425,0.1760103935545657,0.3012,0.40716090185576514,1.0,40,0.32,63,0.504,98,0.784,9,-0.029246930257652445
ground_truth,ROGUE,H1,U3,197,184,197,184,0.49441624365482234,0.9065989847715737,0.4121827411167514,-0.05248507905006563,-0.04513879903764501,0.8625186671164053,0.44060913705583754,0.5161355820773205,1.0,21,0.1065989847715736,49,0.24873096446700507,115,0.583756345177665,65,-0.02935967366150879
ground_truth,ROGUE,J5,U3,197,50,197,50,0.06903553299492386,0.9065989847715737,0.8375634517766499,-0.1907054178110618,-0.18007011679162835,0.40479901039171623,0.8416243654822335,0.8647642793751652,1.0,0,0.0,2,0.01015228426395939,13,0.06598984771573604,25,-0.030203091551802678
quadrant,VALIDATED_APPROVAL,J1,U1,26,9,25,9,0.06923076923076923,0.8153846153846154,0.7461538461538462,-0.11991282236408352,-0.2431087702822773,0.5404478970474261,0.7461538461538463,0.7893522173763263,1.0,1,0.038461538461538464,2,0.07692307692307693,3,0.11538461538461539,7,-0.030439408753959646
ground_truth,ROGUE,F2,S1,197,196,17,16,0.9736040609137057,0.027411167512690352,0.9461928934010153,-0.7453791242618247,-0.37963955991062176,0.16577696434737677,0.9583756345177664,0.9672820259709665,1.0,1,0.005076142131979695,2,0.01015228426395939,4,0.02030456852791878,6,-0.031025933091101392
ground_truth,CLEAN,F2,J2,99,1,9,0,0.010101010101010102,0.01818181818181818,0.008080808080808079,-0.03194382824999688,-0.031943828249996996,0.0,0.02828282828282828,0.11720654306553768,1.0,89,0.898989898989899,98,0.98989898989899,98,0.98989898989899,0,-0.031040366440906058
quadrant,VALIDATED_BLOCK,J4,U4,125,7,123,7,0.011200000000000002,0.6565333333333332,0.6453333333333332,-0.08768705307409544,-0.11998248460006156,0.19378900827457976,0.6453333333333331,0.6901851603414518,1.0,2,0.016,13,0.104,31,0.248,7,-0.031099674823612537
ground_truth,CLEAN,F3,J2,99,1,9,0,0.00202020202020202,0.01818181818181818,0.01616161616161616,-0.031943828249997024,-0.031943828249996996,0.0,0.020202020202020204,0.06356417261637283,0.2,89,0.898989898989899,99,1.0,99,1.0,0,-0.03129849838636072
ground_truth,ROGUE,H1,S1,197,184,17,15,0.49441624365482234,0.027411167512690352,0.467005076142132,-0.060469985002405316,-0.0738720879119512,0.1874785579133007,0.48121827411167517,0.5544467219784877,1.0,16,0.08121827411167512,54,0.27411167512690354,110,0.5583756345177665,12,-0.031370723183988945
ground_truth,ROGUE,J4,U3,197,48,197,48,0.06700507614213198,0.9065989847715737,0.8395939086294417,-0.20315373415297733,-0.181133519639807,0.397301033801946,0.8436548223350253,0.8666406347775967,1.0,0,0.0,2,0.01015228426395939,13,0.06598984771573604,24,-0.03176210665945028
verdict,APPROVE,J1,U4,104,20,91,19,0.04230769230769231,0.3703525641025641,0.3280448717948718,-0.04943229008671441,-0.041182892582314425,0.333140955004378,0.33573717948717946,0.4162209154131378,1.0,23,0.22115384615384615,45,0.4326923076923077,77,0.7403846153846154,19,-0.032836032437408846
ground_truth,ROGUE,F3,J4,197,143,48,33,0.32182741116751273,0.06700507614213198,0.25482233502538076,-0.048828178027776274,-0.06471939803523248,0.2996911990946929,0.3076142131979695,0.40278220236012297,1.0,50,0.25380710659898476,106,0.5380710659898477,155,0.7868020304568528,32,-0.03380793646187149
verdict,BLOCK,F3,S1,198,144,13,11,0.3237373737373737,0.015404040404040406,0.3083333333333333,-0.05040094652859322,-0.024046185634843332,0.15648604903170224,0.3164141414141414,0.41707555694624476,1.0,58,0.29292929292929293,95,0.4797979797979798,152,0.7676767676767676,11,-0.034453374306288344
verdict,BLOCK,J5,U3,198,50,198,50,0.06868686868686869,0.9142255892255893,0.8455387205387206,-0.22947199717691724,-0.21025574836415212,0.40093452657789547,0.8495791245791245,0.8719157603540378,1.0,0,0.0,2,0.010101010101010102,12,0.06060606060606061,25,-0.034517378699928554
ground_truth,ROGUE,J3,U3,197,54,197,54,0.07614213197969544,0.9065989847715737,0.8304568527918783,-0.21307010255070352,-0.22245270776750306,0.42675251143064935,0.8345177664974618,0.8592287889003295,1.0,0,0.0,2,0.01015228426395939,14,0.07106598984771574,29,-0.03525931646270528
verdict,APPROVE,H1,J4,104,77,2,1,0.28445512820512825,0.0038461538461538464,0.2806089743589744,-0.04974220992048238,-0.041187041322794604,0.07481247325582414,0.28445512820512825,0.3696881626544697,1.0,26,0.25,55,0.5288461538461539,91,0.875,1,-0.03559278322034517
verdict,APPROVE,H1,J5,104,77,2,1,0.28445512820512825,0.0038461538461538464,0.2806089743589744,-0.04974220992048238,-0.041187041322794604,0.07481247325582414,0.28445512820512825,0.3696881626544697,1.0,26,0.25,55,0.5288461538461539,91,0.875,1,-0.03559278322034517
quadrant,VALIDATED_BLOCK,F2,U1,125,124,125,124,0.9777333333333333,0.9904000000000001,0.012666666666666715,-0.03687417542494693,-0.05060453763311985,0.9926011949127043,0.03186666666666666,0.12045284923524595,1.0,112,0.896,120,0.96,124,0.992,0,-0.03569911836807195
verdict,BLOCK,J4,U3,198,48,198,48,0.06666666666666667,0.9142255892255893,0.8475589225589226,-0.24212269925810426,-0.21054454640574846,0.3935081307193615,0.8515993265993267,0.8737673697192423,1.0,0,0.0,2,0.010101010101010102,12,0.06060606060606061,24,-0.03593117161549138
verdict,BLOCK,F3,J4,198,144,48,33,0.3237373737373737,0.06666666666666667,0.25707070707070706,-0.05207568287364478,-0.07070764209912642,0.29805265787579754,0.3095959595959596,0.4041764291229585,1.0,50,0.25252525252525254,104,0.5252525252525253,154,0.7777777777777778,32,-0.03595326186276384
verdict,BLOCK,H1,S1,198,184,13,11,0.49890572390572396,0.015404040404040406,0.48350168350168354,-0.07256235585994662,-0.0739795265030237,0.18036306026041948,0.48804713804713806,0.5622201261589067,1.0,17,0.08585858585858586,52,0.26262626262626265,107,0.5404040404040404,9,-0.037148505752541694
verdict,BLOCK,H1,U3,198,184,198,184,0.49890572390572396,0.9142255892255893,0.4153198653198653,-0.06800219211881134,-0.042187130222821646,0.8619225604892843,0.44360269360269367,0.5196449405098936,1.0,21,0.10606060606060606,49,0.2474747474747475,114,0.5757575757575758,61,-0.03783623652401876
verdict,BLOCK,F1,F2,198,194,197,193,0.8167508417508417,0.980892255892256,0.16414141414141437,-0.04650835339525858,-0.0024547939267109626,0.9525348140064451,0.18636363636363631,0.31168327617385033,1.0,100,0.5050505050505051,149,0.7525252525252525,176,0.8888888888888888,7,-0.03784088753523312
quadrant,VALIDATED_BLOCK,F3,J3,125,89,10,7,0.31120000000000003,0.016,0.2952,-0.055413804914088004,-0.05541925070500233,0.1777946631629873,0.30480000000000007,0.407381884722431,1.0,36,0.288,65,0.52,97,0.776,7,-0.038523677176273974
ground_truth,CLEAN,H1,J4,99,75,2,1,0.2888888888888889,0.00404040404040404,0.28484848484848485,-0.05517563460299758,-0.04721956110855668,0.07680953726425686,0.28888888888888886,0.36900083490639446,1.0,23,0.23232323232323232,52,0.5252525252525253,87,0.8787878787878788,1,-0.03923600682879828
ground_truth,CLEAN,H1,J5,99,75,2,1,0.2888888888888889,0.00404040404040404,0.28484848484848485,-0.05517563460299758,-0.04721956110855668,0.07680953726425686,0.28888888888888886,0.36900083490639446,1.0,23,0.23232323232323232,52,0.5252525252525253,87,0.8787878787878788,1,-0.03923600682879828
ground_truth,CLEAN,J1,U4,99,21,88,20,0.04646464646464647,0.36565656565656574,0.31919191919191925,-0.05932711879930723,-0.060504224623421754,0.3526416654675024,0.3272727272727273,0.4030189107526375,1.0,22,0.2222222222222222,43,0.43434343434343436,75,0.7575757575757576,20,-0.03991097082862486
quadrant,FLAWED_APPROVAL,F3,S1,73,55,3,2,0.34520547945205476,0.008219178082191782,0.33698630136986296,-0.0607978091350168,-0.058824923582041895,0.12379689211803455,0.3424657534246575,0.43352647609973266,0.8,18,0.2465753424657534,32,0.4383561643835616,54,0.7397260273972602,2,-0.03997664162302474
verdict,BLOCK,J3,U3,198,54,198,54,0.07575757575757576,0.9142255892255893,0.8384680134680135,-0.2550631522903418,-0.25496056103778797,0.42267844471952964,0.8425084175084175,0.8664537746809177,1.0,0,0.0,2,0.010101010101010102,13,0.06565656565656566,29,-0.04017029948949743
verdict,BLOCK,J1,S1,198,72,13,5,0.11136363636363635,0.015404040404040406,0.09595959595959594,-0.0457660915798514,-0.004814087881563639,0.09093123245567596,0.11666666666666665,0.2156151641000674,1.0,122,0.6161616161616161,171,0.8636363636363636,187,0.9444444444444444,5,-0.04042671422886873
ground_truth,ROGUE,F3,J2,197,143,62,41,0.32182741116751273,0.09137055837563451,0.23045685279187822,-0.059288883560174685,-0.09117652833125064,0.3426433824958877,0.3076142131979696,0.39770917619849727,1.0,43,0.2182741116751269,111,0.5634517766497462,156,0.7918781725888325,40,-0.041050780292425516
quadrant,VALIDATED_BLOCK,H1,S1,125,111,10,8,0.38386666666666674,0.019600000000000003,0.36426666666666674,-0.06559070535889415,-0.07680771642618778,0.19318998671461096,0.3714666666666668,0.44673133860172487,1.0,17,0.136,50,0.4,92,0.736,8,-0.04122594467491026
verdict,BLOCK,F3,J2,198,144,62,41,0.3237373737373737,0.09116161616161615,0.23257575757575755,-0.05972988961497725,-0.09056398728862064,0.34310712126155385,0.30934343434343436,0.3987195414414407,1.0,43,0.21717171717171718,108,0.5454545454545454,156,0.7878787878787878,40,-0.04125284042852596
ground_truth,CLEAN,F1,J2,99,2,9,0,0.0060606060606060615,0.01818181818181818,0.01212121212121212,-0.04303314829119348,-0.045405296859769365,0.0,0.024242424242424246,0.07521014330903551,0.4,88,0.8888888888888888,98,0.98989898989899,99,1.0,0,-0.04198992045383121
verdict,APPROVE,J2,U2,104,9,2,0,0.01730769230769231,0.0038461538461538464,0.013461538461538462,-0.04309971159206164,-0.043099711592061565,0.0,0.021153846153846155,0.0650443635587991,0.2,93,0.8942307692307693,104,1.0,104,1.0,0,-0.04218798692376803
ground_truth,ROGUE,J2,U3,197,62,197,62,0.09137055837563451,0.9065989847715737,0.8152284263959393,-0.23975109681367757,-0.22970022977193116,0.4553980734615059,0.8192893401015229,0.8484084831699416,1.0,1,0.005076142131979695,3,0.015228426395939087,19,0.09644670050761421,32,-0.04332557891658335
verdict,APPROVE,H1,J3,104,77,3,2,0.28445512820512825,0.00576923076923077,0.2786858974358975,-0.06122236531647353,-0.05665657324243641,0.09162619293619102,0.2825320512820513,0.3691676072222782,1.0,27,0.25961538461538464,55,0.5288461538461539,91,0.875,2,-0.04392508485927115
ground_truth,CLEAN,J2,U2,99,9,2,0,0.01818181818181818,0.00404040404040404,0.01414141414141414,-0.045407660918649985,-0.04540766091864998,0.0,0.022222222222222223,0.06666666666666668,0.2,88,0.8888888888888888,99,1.0,99,1.0,0,-0.04439860178712443
quadrant,VALIDATED_BLOCK,F1,J1,125,123,21,21,0.7865333333333333,0.034,0.7525333333333333,-0.17946595579934982,-0.18620170357206203,0.33853329497029216,0.7525333333333334,0.8028421735033329,1.0,5,0.04,12,0.096,20,0.16,15,-0.04441184186181243
quadrant,FLAWED_BLOCK,J2,U2,78,6,2,0,0.015384615384615387,0.005128205128205128,0.010256410256410258,-0.04682929057908466,-0.0468292905790847,0.0,0.020512820512820513,0.06405126152203486,0.2,70,0.8974358974358975,78,1.0,78,1.0,0,-0.04586868974669318
ground_truth,CLEAN,F2,U4,99,1,88,1,0.010101010101010102,0.36565656565656574,0.3555555555555556,-0.07534588173606693,-0.08604630673068903,0.04698409857349397,0.37171717171717183,0.43484584520368724,1.0,11,0.1111111111111111,40,0.40404040404040403,70,0.7070707070707071,0,-0.04733852367659962
verdict,BLOCK,J2,U3,198,62,198,62,0.09116161616161615,0.9142255892255893,0.8230639730639732,-0.2747821124235074,-0.2442610695705713,0.4529584872301304,0.827104377104377,0.8553144747573944,1.0,1,0.005050505050505051,3,0.015151515151515152,18,0.09090909090909091,31,-0.04750862448803742
ground_truth,CLEAN,F3,U4,99,1,88,1,0.00202020202020202,0.36565656565656574,0.3636363636363637,-0.07534588173606725,-0.08604630673068903,0.04698409857349397,0.3636363636363637,0.42734794094070777,1.0,12,0.12121212121212122,41,0.41414141414141414,71,0.7171717171717171,1,-0.047947379286588244
verdict,BLOCK,J5,S1,198,50,13,3,0.06868686868686869,0.015404040404040406,0.05328282828282828,-0.05200830646585172,-0.02293209231695088,0.06091135135506209,0.07803030303030303,0.16670454115111574,1.0,141,0.7121212121212122,184,0.9292929292929293,193,0.9747474747474747,3,-0.04795008255222845
ground_truth,CLEAN,H1,J3,99,75,3,2,0.2888888888888889,0.0060606060606060615,0.2828282828282829,-0.06792712241609787,-0.06459149205852728,0.09407208683835973,0.28686868686868683,0.3684529491774707,1.0,24,0.24242424242424243,52,0.5252525252525253,87,0.8787878787878788,2,-0.048440958005823334
quadrant,VALIDATED_BLOCK,F3,H1,125,89,111,77,0.31120000000000003,0.38386666666666674,0.07266666666666671,-0.07058103353000014,-0.09785416570164876,0.6097242837794395,0.31106666666666677,0.38552417419519736,1.0,21,0.168,62,0.496,103,0.824,72,-0.048625626699934754
quadrant,FLAWED_APPROVAL,F1,J2,73,71,49,47,0.8684931506849314,0.21095890410958903,0.6575342465753423,-0.15283822487465448,-0.14858064009175806,0.6718678848990958,0.6794520547945205,0.7312964655650575,1.0,2,0.0273972602739726,7,0.0958904109589041,18,0.2465753424657534,19,-0.04899197893242349
quadrant,VALIDATED_APPROVAL,H1,J2,26,25,3,3,0.4538461538461539,0.02307692307692308,0.4307692307692308,-0.08615751684814256,-0.07572986854312726,0.2680602309652621,0.4307692307692308,0.49302831873729436,1.0,2,0.07692307692307693,7,0.2692307692307692,18,0.6923076923076923,3,-0.04904350959048115
ground_truth,ROGUE,F1,S1,197,192,17,16,0.8091370558375633,0.027411167512690352,0.781725888324873,-0.24368788606494735,-0.05524060680605483,0.163341174897156,0.797969543147208,0.8379331594437777,1.0,5,0.025380710659898477,13,0.06598984771573604,26,0.1319796954314721,7,-0.04923237495119243
ground_truth,ROGUE,J4,S1,197,48,17,4,0.06700507614213198,0.027411167512690352,0.039593908629441635,-0.05401958701213156,-0.011844405535782894,0.05844057277652307,0.08629441624365482,0.18633521455361335,1.0,139,0.7055837563451777,180,0.9137055837563451,191,0.9695431472081218,4,-0.049357998285196346
quadrant,VALIDATED_BLOCK,J5,U4,125,8,123,8,0.0128,0.6565333333333332,0.6437333333333332,-0.14549949510283142,-0.16509260228250777,0.19033666950012168,0.6437333333333333,0.6899532995468285,1.0,3,0.024,13,0.104,31,0.248,8,-0.05183662012196875
ground_truth,ROGUE,F3,J5,197,143,50,33,0.32182741116751273,0.06903553299492386,0.25279187817258886,-0.07550332050152529,-0.07902192734808595,0.2887391281967063,0.3116751269035533,0.4047936116347497,1.0,47,0.23857868020304568,106,0.5380710659898477,154,0.7817258883248731,32,-0.05197081350257273
quadrant,VALIDATED_BLOCK,J3,U4,125,10,123,10,0.016,0.6565333333333332,0.6405333333333332,-0.1453700187746654,-0.1734138314910896,0.2188829476867798,0.6405333333333332,0.6876303916753211,1.0,3,0.024,13,0.104,33,0.264,10,-0.05225567608219975
quadrant,FLAWED_APPROVAL,F1,J4,73,71,41,39,0.8684931506849314,0.16164383561643833,0.706849315068493,-0.18905838922969084,-0.24596730150187499,0.5951877460019521,0.7232876712328766,0.7735348501415833,1.0,2,0.0273972602739726,6,0.0821917808219178,16,0.2191780821917808,17,-0.05231478715670899
verdict,BLOCK,F3,J5,198,144,50,33,0.3237373737373737,0.06868686868686869,0.255050505050505,-0.07875563120357189,-0.08488212579691959,0.28716046667949324,0.31363636363636366,0.40617083533255743,1.0,47,0.23737373737373738,104,0.5252525252525253,153,0.7727272727272727,32,-0.05405500141699706
ground_truth,ROGUE,J2,S1,197,62,17,6,0.09137055837563451,0.027411167512690352,0.06395939086294417,-0.06208159484751841,0.006762643232202289,0.06873986293284998,0.1065989847715736,0.20990691676451198,1.0,129,0.6548223350253807,173,0.8781725888324873,188,0.9543147208121827,6,-0.0554637598637728
ground_truth,ROGUE,J1,U3,197,71,197,71,0.11065989847715735,0.9065989847715737,0.7959390862944165,-0.2819088740247547,-0.2783959623673135,0.4809655624631866,0.8020304568527918,0.835749458486457,1.0,2,0.01015228426395939,4,0.02030456852791878,24,0.1218274111675127,38,-0.05580937099982454
quadrant,VALIDATED_BLOCK,F1,H1,125,123,111,109,0.7865333333333333,0.38386666666666674,0.40266666666666656,-0.1055965415945026,-0.16957701986847787,0.7846001529282927,0.46346666666666675,0.5482781127209885,1.0,14,0.112,34,0.272,71,0.568,59,-0.05665606445017046
quadrant,FLAWED_BLOCK,J1,U2,78,11,2,0,0.03333333333333334,0.005128205128205128,0.028205128205128212,-0.06199902709982362,-0.06561762452603967,0.0,0.038461538461538464,0.09870962335856492,0.4,65,0.8333333333333334,76,0.9743589743589743,78,1.0,0,-0.05961444913444579
quadrant,FLAWED_APPROVAL,F1,J5,73,71,42,40,0.8684931506849314,0.1643835616438356,0.7041095890410958,-0.21796008564536337,-0.21989152167177461,0.5922958212962908,0.726027397260274,0.7731805863949781,1.0,2,0.0273972602739726,5,0.0684931506849315,15,0.2054794520547945,17,-0.0597150919576338
verdict,BLOCK,J1,U3,198,72,198,72,0.11136363636363635,0.9142255892255893,0.8028619528619529,-0.3195353829577658,-0.29065018409834054,0.48218047057240676,0.8089225589225588,0.8417437541789154,1.0,2,0.010101010101010102,4,0.020202020202020204,23,0.11616161616161616,37,-0.06105600330927009
ground_truth,ROGUE,J3,S1,197,54,17,4,0.07614213197969544,0.027411167512690352,0.04873096446700509,-0.06759672008392524,-0.03329140486110723,0.05509830040894054,0.09543147208121826,0.19433604262186915,1.0,133,0.6751269035532995,177,0.8984771573604061,191,0.9695431472081218,4,-0.0611458655784542
quadrant,VALIDATED_BLOCK,F1,F2,125,123,124,122,0.7865333333333333,0.9777333333333333,0.19120000000000004,-0.07829423581747219,-0.024395865655721903,0.9430012428707016,0.2168,0.3421695486158872,1.0,56,0.448,89,0.712,106,0.848,5,-0.06132004549224422
quadrant,FLAWED_APPROVAL,J5,U3,73,42,73,42,0.1643835616438356,0.895890410958904,0.7315068493150684,-0.2394347347441459,-0.2158985236051661,0.6159050749226253,0.7424657534246576,0.7774210967319035,1.0,0,0.0,1,0.0136986301369863,11,0.1506849315068493,20,-0.061662644016300575
quadrant,VALIDATED_APPROVAL,J2,U4,26,3,23,3,0.02307692307692308,0.4,0.3769230769230769,-0.09957958919521011,-0.10721377765560682,0.24225079155575452,0.37692307692307686,0.45573271518765,0.8,5,0.19230769230769232,10,0.38461538461538464,17,0.6538461538461539,3,-0.06204574403701553
verdict,APPROVE,J1,U2,104,20,2,0,0.04230769230769231,0.0038461538461538464,0.038461538461538464,-0.06538243723197001,-0.06818632245332874,0.0,0.04615384615384615,0.10377490433255417,0.4,82,0.7884615384615384,102,0.9807692307692307,104,1.0,0,-0.06236478628280217
quadrant,FLAWED_APPROVAL,F1,J3,73,71,44,42,0.8684931506849314,0.17808219178082188,0.6904109589041095,-0.21347056488544736,-0.26708264670964704,0.6220201692140624,0.7068493150684931,0.7606774197952121,1.0,3,0.0410958904109589,6,0.0821917808219178,18,0.2465753424657534,18,-0.06257904230888457
verdict,APPROVE,J4,U4,104,2,91,2,0.0038461538461538464,0.3703525641025641,0.3665064102564103,-0.1014292784792743,-0.11535332305246469,0.06321877869606982,0.36650641025641034,0.43783717166189634,1.0,15,0.14423076923076922,43,0.41346153846153844,73,0.7019230769230769,2,-0.06425479772893769
verdict,APPROVE,J5,U4,104,2,91,2,0.0038461538461538464,0.3703525641025641,0.3665064102564103,-0.1014292784792743,-0.11535332305246469,0.06321877869606982,0.36650641025641034,0.43783717166189634,1.0,15,0.14423076923076922,43,0.41346153846153844,73,0.7019230769230769,2,-0.06425479772893769
ground_truth,CLEAN,J1,U2,99,21,2,0,0.04646464646464647,0.00404040404040404,0.042424242424242434,-0.07132545917361587,-0.07432339076720361,0.0,0.050505050505050504,0.10824588545146517,0.4,76,0.7676767676767676,97,0.9797979797979798,99,1.0,0,-0.06772316325575647
ground_truth,CLEAN,J4,U4,99,2,88,2,0.00404040404040404,0.36565656565656574,0.36161616161616167,-0.10710301291105802,-0.12231350258808271,0.06644554941850955,0.3616161616161617,0.4268749491621899,1.0,13,0.13131313131313133,41,0.41414141414141414,71,0.7171717171717171,2,-0.06837283248463501
ground_truth,CLEAN,J5,U4,99,2,88,2,0.00404040404040404,0.36565656565656574,0.36161616161616167,-0.10710301291105802,-0.12231350258808271,0.06644554941850955,0.3616161616161617,0.4268749491621899,1.0,13,0.13131313131313133,41,0.41414141414141414,71,0.7171717171717171,2,-0.06837283248463501
verdict,BLOCK,F1,U3,198,194,198,194,0.8167508417508417,0.9142255892255893,0.0974747474747476,-0.08603041089939793,-0.06501965289247412,0.9447894600878552,0.2005050505050505,0.3031401316123277,1.0,80,0.40404040404040403,140,0.7070707070707071,180,0.9090909090909091,31,-0.0687808790170439
ground_truth,ROGUE,F3,J3,197,143,54,36,0.32182741116751273,0.07614213197969544,0.2456852791878173,-0.10015666756495378,-0.11629177693429422,0.2942031834133373,0.31065989847715736,0.4045427323967462,1.0,49,0.24873096446700507,104,0.5279187817258884,155,0.7868020304568528,35,-0.06904200738741484
verdict,BLOCK,F2,H1,198,197,184,183,0.980892255892256,0.49890572390572396,0.4819865319865321,-0.1376412221401071,-0.10163805697524991,0.8655588731251823,0.4961279461279461,0.5682958359224742,1.0,17,0.08585858585858586,51,0.25757575757575757,93,0.4696969696969697,10,-0.06935356529719539
ground_truth,ROGUE,F3,J1,197,143,71,47,0.32182741116751273,0.11065989847715735,0.21116751269035539,-0.10102457323354325,-0.12149703568694596,0.3437745233595161,0.3126903553299493,0.4010139433250629,1.0,43,0.2182741116751269,106,0.5380710659898477,155,0.7868020304568528,46,-0.06943516353209012
quadrant,FLAWED_APPROVAL,J4,U3,73,41,73,41,0.16164383561643833,0.895890410958904,0.7342465753424656,-0.2731950873411569,-0.24666818519260061,0.6094585212914562,0.7452054794520547,0.780586361969738,1.0,0,0.0,1,0.0136986301369863,11,0.1506849315068493,20,-0.0696086112951441
quadrant,VALIDATED_APPROVAL,J2,J3,26,3,1,0,0.02307692307692308,0.007692307692307693,0.015384615384615389,-0.0722315118514616,-0.07223151185146152,0.0,0.03076923076923077,0.07844645405527362,0.2,22,0.8461538461538461,26,1.0,26,1.0,0,-0.07000900379449354
verdict,BLOCK,F3,J3,198,144,54,36,0.3237373737373737,0.07575757575757576,0.24797979797979797,-0.10359757492120983,-0.12251432292945212,0.2925946475463876,0.31262626262626264,0.40592207044299433,1.0,49,0.2474747474747475,102,0.5151515151515151,154,0.7777777777777778,35,-0.07121025225644777
verdict,BLOCK,F3,J1,198,144,72,48,0.3237373737373737,0.11136363636363635,0.21237373737373738,-0.1046226007745242,-0.1256601322422904,0.3454872255934542,0.31338383838383843,0.4017480742349802,1.0,44,0.2222222222222222,103,0.5202020202020202,155,0.7828282828282829,47,-0.07183556856210387
quadrant,FLAWED_BLOCK,J3,U4,78,2,68,2,0.005128205128205128,0.36047008547008547,0.35534188034188036,-0.11215939564495965,-0.13022751752142733,0.07469932755734564,0.35534188034188036,0.4275293428892794,1.0,12,0.15384615384615385,33,0.4230769230769231,57,0.7307692307692307,2,-0.07230446509847077
quadrant,FLAWED_BLOCK,J4,U4,78,2,68,2,0.005128205128205128,0.36047008547008547,0.35534188034188036,-0.11215939564495965,-0.13022751752142733,0.07469932755734564,0.35534188034188036,0.4275293428892794,1.0,12,0.15384615384615385,33,0.4230769230769231,57,0.7307692307692307,2,-0.07230446509847077
quadrant,FLAWED_BLOCK,J5,U4,78,2,68,2,0.005128205128205128,0.36047008547008547,0.35534188034188036,-0.11215939564495965,-0.13022751752142733,0.07469932755734564,0.35534188034188036,0.4275293428892794,1.0,12,0.15384615384615385,33,0.4230769230769231,57,0.7307692307692307,2,-0.07230446509847077
ground_truth,ROGUE,J1,S1,197,71,17,6,0.11065989847715735,0.027411167512690352,0.083248730964467,-0.08273708766573912,-0.02657431365854046,0.060288848031322076,0.12588832487309642,0.2332728952425085,1.0,120,0.6091370558375635,168,0.8527918781725888,184,0.934010152284264,6,-0.0723214542946207
quadrant,FLAWED_APPROVAL,J3,U3,73,44,73,44,0.17808219178082188,0.895890410958904,0.7178082191780821,-0.2669897706295077,-0.2577422828394111,0.641799601781923,0.7287671232876712,0.765703186530534,1.0,0,0.0,1,0.0136986301369863,12,0.1643835616438356,22,-0.07241640354060619
quadrant,VALIDATED_BLOCK,J2,U4,125,13,123,13,0.021200000000000004,0.6565333333333332,0.6353333333333332,-0.20336328919139984,-0.22615509251994015,0.23754776518626614,0.6353333333333332,0.6851390775277351,1.0,4,0.032,14,0.112,33,0.264,13,-0.07415981279179718
quadrant,VALIDATED_BLOCK,F3,J1,125,89,21,14,0.31120000000000003,0.034,0.2772,-0.10754721382000454,-0.09904418584135267,0.24332241110517594,0.2996000000000001,0.4015719113683127,1.0,35,0.28,67,0.536,99,0.792,14,-0.07532606855953117
ground_truth,ROGUE,J5,S1,197,50,17,3,0.06903553299492386,0.027411167512690352,0.041624365482233514,-0.08326919999782957,-0.06460709941454529,0.03449415373637055,0.0903553299492386,0.19064411258933392,1.0,136,0.6903553299492385,180,0.9137055837563451,190,0.9644670050761421,3,-0.07574538395741655
quadrant,FLAWED_APPROVAL,F1,J1,73,71,51,49,0.8684931506849314,0.24383561643835616,0.6246575342465752,-0.21785558593652593,-0.22387726445118938,0.6767774387100587,0.652054794520548,0.7138550560834395,1.0,4,0.0547945205479452,8,0.1095890410958904,21,0.2876712328767123,20,-0.07580180661353092
quadrant,VALIDATED_APPROVAL,U3,U4,26,22,23,20,0.37692307692307686,0.4,0.02307692307692316,-0.10436907540811552,-0.08552869557301399,0.6892043875970488,0.2692307692307693,0.3616202853397895,0.8,7,0.2692307692307692,16,0.6153846153846154,21,0.8076923076923077,20,-0.07626970895208442
ground_truth,CLEAN,H1,S1,99,75,98,74,0.2888888888888889,0.9838383838383837,0.6949494949494948,-0.273209376554307,-0.24461540020949782,0.7580191560114782,0.7111111111111111,0.7488712044190782,1.0,3,0.030303030303030304,5,0.050505050505050504,13,0.13131313131313133,3,-0.07892715322679979
ground_truth,ROGUE,F3,S1,197,143,17,13,0.32182741116751273,0.027411167512690352,0.2944162436548224,-0.12098800299874941,-0.0749266032044816,0.11266818769746763,0.3228426395939087,0.42318588636229787,1.0,55,0.27918781725888325,94,0.47715736040609136,152,0.7715736040609137,13,-0.08192791675143742
quadrant,VALIDATED_BLOCK,F2,H1,125,124,111,110,0.9777333333333333,0.38386666666666674,0.5938666666666665,-0.21492705060513406,-0.11860410775952775,0.8266363502950245,0.6098666666666666,0.6588845793376021,1.0,4,0.032,13,0.104,34,0.272,7,-0.08385020667608299
verdict,APPROVE,J2,U4,104,9,91,9,0.01730769230769231,0.3703525641025641,0.3530448717948718,-0.13569970151817798,-0.15201647837327525,0.1788097084572905,0.3530448717948718,0.432089561189447,1.0,20,0.19230769230769232,44,0.4230769230769231,74,0.7115384615384616,9,-0.08779161779309047
verdict,APPROVE,S1,U1,104,103,101,100,0.9865384615384615,0.6875,0.2990384615384615,-0.1314176456937769,-0.1250132333874052,0.926233497001052,0.3182692307692307,0.41660255917083894,1.0,29,0.27884615384615385,50,0.4807692307692308,79,0.7596153846153846,2,-0.08959145268931522
ground_truth,CLEAN,J2,U4,99,9,88,9,0.01818181818181818,0.36565656565656574,0.34747474747474755,-0.14094665875993043,-0.1598374808969364,0.18793639429397585,0.34747474747474755,0.4206776639776552,1.0,18,0.18181818181818182,42,0.42424242424242425,72,0.7272727272727273,9,-0.09197125409991419
quadrant,FLAWED_BLOCK,H1,S1,78,52,77,51,0.22799145299145296,0.9846153846153846,0.7566239316239316,-0.4229166037977038,-0.23088212324662113,0.6914806872097004,0.7822649572649572,0.8073932766216865,1.0,1,0.01282051282051282,1,0.01282051282051282,4,0.05128205128205128,1,-0.09208376480125222
verdict,APPROVE,H1,S1,104,77,103,76,0.28445512820512825,0.9865384615384615,0.7020833333333332,-0.33702959014027123,-0.23814902339145086,0.7412839271927174,0.7213141025641026,0.758838589077746,1.0,3,0.028846153846153848,5,0.04807692307692308,13,0.125,2,-0.09392539379069419
quadrant,FLAWED_APPROVAL,F2,H1,73,73,73,73,0.9863013698630136,0.6958904109589041,0.2904109589041095,-0.13636285591867375,-0.14303550764267803,0.9552399469785489,0.3013698630136986,0.36414659098504193,0.8,13,0.1780821917808219,38,0.5205479452054794,59,0.8082191780821918,3,-0.09526720071030632
verdict,BLOCK,J4,U4,198,48,194,46,0.06666666666666667,0.5882154882154882,0.5215488215488215,-0.20821528821787016,-0.22376000918521152,0.3209464588355992,0.5397306397306397,0.606964813702534,1.0,15,0.07575757575757576,39,0.19696969696969696,84,0.42424242424242425,45,-0.09583511750633956
quadrant,VALIDATED_BLOCK,J1,U4,125,21,123,21,0.034,0.6565333333333332,0.6225333333333332,-0.2613425707460801,-0.28305940463849444,0.30433171319382485,0.6225333333333332,0.6771525349251494,1.0,6,0.048,14,0.112,38,0.304,21,-0.0986481090376204
ground_truth,ROGUE,J4,U4,197,48,194,46,0.06700507614213198,0.5898477157360407,0.5228426395939086,-0.2154926073014346,-0.22892614969631994,0.3217929280890277,0.5411167512690356,0.6067304404850374,1.0,14,0.07106598984771574,38,0.19289340101522842,84,0.4263959390862944,45,-0.09888594771598826
verdict,BLOCK,J5,U4,198,50,194,48,0.06868686868686869,0.5882154882154882,0.5195286195286195,-0.2161683794430299,-0.23956952544061252,0.32372056990306913,0.5397306397306397,0.6062987747512533,1.0,14,0.0707070707070707,39,0.19696969696969696,85,0.4292929292929293,47,-0.09949568171670771
ground_truth,CLEAN,S1,U3,99,98,86,85,0.9838383838383837,0.37777777777777777,0.606060606060606,-0.2674537447226398,-0.13735762411154462,0.8212223689470806,0.6262626262626262,0.6714976477316141,1.0,2,0.020202020202020204,11,0.1111111111111111,25,0.25252525252525254,3,-0.09995746014886539
ground_truth,ROGUE,J5,U4,197,50,194,48,0.06903553299492386,0.5898477157360407,0.5208121827411168,-0.22365976983531985,-0.24484005909446074,0.3245743556407883,0.5411167512690357,0.6060607598830755,1.0,13,0.06598984771573604,38,0.19289340101522842,85,0.43147208121827413,47,-0.10263372179245131
quadrant,FLAWED_BLOCK,J2,U4,78,6,68,6,0.015384615384615387,0.36047008547008547,0.3450854700854701,-0.1581298520153252,-0.17987559635593767,0.15094686905731136,0.3450854700854701,0.4239155764470279,1.0,15,0.19230769230769232,34,0.4358974358974359,57,0.7307692307692307,6,-0.10356153769807089
quadrant,VALIDATED_BLOCK,F1,U3,125,123,125,123,0.7865333333333333,0.9249333333333334,0.13840000000000008,-0.13305439540768485,-0.10828047736842861,0.937757359715517,0.2216,0.3273530204534548,1.0,47,0.376,85,0.68,110,0.88,20,-0.10356954138534188
quadrant,FLAWED_APPROVAL,J2,U3,73,49,73,49,0.21095890410958903,0.895890410958904,0.6849315068493149,-0.3420077385415783,-0.34708555618206394,0.6736085335289708,0.695890410958904,0.7417121991051313,1.0,1,0.0136986301369863,2,0.0273972602739726,17,0.2328767123287671,24,-0.10400783281675398
quadrant,FLAWED_APPROVAL,H1,U3,73,73,73,73,0.6958904109589041,0.895890410958904,0.19999999999999984,-0.14618390405803663,-0.16050543919132101,0.9403738881563195,0.2657534246575342,0.3335159317219026,0.8,17,0.2328767123287671,33,0.4520547945205479,63,0.863013698630137,25,-0.107335030924805
quadrant,FLAWED_BLOCK,S1,U1,78,77,76,75,0.9846153846153846,0.6448717948717948,0.33974358974358976,-0.16996541466707443,-0.17154509841950527,0.9167473936087602,0.36538461538461536,0.4507827949302505,1.0,17,0.21794871794871795,29,0.3717948717948718,55,0.7051282051282052,1,-0.10786266700025877
quadrant,FLAWED_BLOCK,J1,U4,78,11,68,10,0.03333333333333334,0.36047008547008547,0.32713675213675214,-0.162909040448939,-0.16280252504419063,0.21778409278208716,0.3373931623931624,0.4184364125396251,1.0,16,0.20512820512820512,35,0.44871794871794873,58,0.7435897435897436,10,-0.10794464410943586
ground_truth,CLEAN,S1,U1,99,98,97,96,0.9838383838383837,0.6888888888888889,0.29494949494949485,-0.15966088740210121,-0.1821621041356842,0.9282604884209101,0.31919191919191914,0.4119429204355498,1.0,26,0.26262626262626265,47,0.47474747474747475,76,0.7676767676767676,2,-0.10869842233233962
quadrant,FLAWED_APPROVAL,F3,J4,73,55,41,28,0.34520547945205476,0.16164383561643833,0.18356164383561643,-0.16067912535717174,-0.20395549161158183,0.4387230061282342,0.3150684931506849,0.3965605552404358,0.8,14,0.1917808219178082,40,0.547945205479452,57,0.7808219178082192,27,-0.11005419545011765
verdict,BLOCK,J3,U4,198,54,194,52,0.07575757575757576,0.5882154882154882,0.5124579124579124,-0.2409461528385449,-0.263974261067155,0.33897877541739785,0.5326599326599327,0.603125045431283,1.0,16,0.08080808080808081,43,0.21717171717171718,86,0.43434343434343436,51,-0.11260379129289572
ground_truth,ROGUE,J3,U4,197,54,194,52,0.07614213197969544,0.5898477157360407,0.5137055837563452,-0.24918000330389586,-0.26981708040677244,0.3398728033870371,0.5340101522842641,0.602869618283876,1.0,15,0.07614213197969544,42,0.2131979695431472,86,0.4365482233502538,51,-0.11611535179338901
verdict,BLOCK,J2,U4,198,62,194,60,0.09116161616161615,0.5882154882154882,0.497053872053872,-0.24739164135276273,-0.2844081698812454,0.36823863675512764,0.5253367003367004,0.595932951809807,1.0,14,0.0707070707070707,46,0.23232323232323232,90,0.45454545454545453,58,-0.11742773279362195
ground_truth,ROGUE,J2,U4,197,62,194,60,0.09137055837563451,0.5898477157360407,0.49847715736040615,-0.2584224625755094,-0.2942419997519586,0.367895123174379,0.5269035532994925,0.5959252499712523,1.0,13,0.06598984771573604,46,0.233502538071066,89,0.4517766497461929,58,-0.12225874879206838
quadrant,VALIDATED_APPROVAL,H1,J3,26,25,1,1,0.4538461538461539,0.007692307692307693,0.44615384615384623,-0.22492739827502903,-0.2656029140076402,0.07738232325341368,0.44615384615384623,0.505355929404826,1.0,2,0.07692307692307693,6,0.23076923076923078,17,0.6538461538461539,1,-0.12457517442924683
quadrant,FLAWED_APPROVAL,F3,J2,73,55,49,32,0.34520547945205476,0.21095890410958903,0.13424657534246573,-0.1900803077491238,-0.24018950690790758,0.4877142030546069,0.3205479452054794,0.38959058242956573,0.8,8,0.1095890410958904,43,0.589041095890411,57,0.7808219178082192,31,-0.12915045567611702
quadrant,FLAWED_APPROVAL,J1,U3,73,51,73,51,0.24383561643835616,0.895890410958904,0.6520547945205478,-0.39169773108347133,-0.37007842494133636,0.6845410081155643,0.6684931506849314,0.7214900866993804,1.0,2,0.0273972602739726,3,0.0410958904109589,21,0.2876712328767123,25,-0.12985048071534258
verdict,BLOCK,J1,U4,198,72,194,70,0.11136363636363635,0.5882154882154882,0.47685185185185186,-0.2748425960598266,-0.31858767832637924,0.39246618341066014,0.5132154882154882,0.5887709525510759,1.0,18,0.09090909090909091,46,0.23232323232323232,95,0.4797979797979798,68,-0.13378911894057047
ground_truth,ROGUE,J1,U4,197,71,194,69,0.11065989847715735,0.5898477157360407,0.4791878172588833,-0.27749196083329514,-0.316005025575394,0.3917007491139232,0.5157360406091371,0.5888989985191457,1.0,16,0.08121827411167512,46,0.233502538071066,94,0.47715736040609136,67,-0.13437935565226575
quadrant,FLAWED_APPROVAL,F1,H1,73,71,73,71,0.8684931506849314,0.6958904109589041,0.17260273972602724,-0.19441873914822141,-0.14706687567900353,0.9162623576016645,0.2986301369863013,0.37085609955256565,1.0,14,0.1917808219178082,33,0.4520547945205479,61,0.8356164383561644,20,-0.13635944444368406
ground_truth,CLEAN,H1,U4,99,75,88,67,0.2888888888888889,0.36565656565656574,0.07676767676767682,-0.1843738715344048,-0.07873311555625054,0.6073345765884985,0.2585858585858586,0.3573188599511194,1.0,29,0.29292929292929293,66,0.6666666666666666,82,0.8282828282828283,67,-0.13669739566288194
quadrant,VALIDATED_APPROVAL,H1,S1,26,25,26,25,0.4538461538461539,0.9923076923076923,0.5384615384615384,-0.30671917946594873,-0.29356111548212854,0.8894176400082906,0.5384615384615384,0.5896543968226708,1.0,2,0.07692307692307693,4,0.15384615384615385,9,0.34615384615384615,1,-0.14156269821505327
quadrant,FLAWED_APPROVAL,F3,J5,73,55,42,28,0.34520547945205476,0.1643835616438356,0.18082191780821916,-0.20967760552997788,-0.24708758380483548,0.41808122941317727,0.32328767123287666,0.4027304071235717,0.8,13,0.1780821917808219,39,0.5342465753424658,56,0.7671232876712328,27,-0.14189142072850558
quadrant,VALIDATED_APPROVAL,H1,J1,26,25,9,9,0.4538461538461539,0.06923076923076923,0.3846153846153847,-0.24521256234496472,-0.2881865444540381,0.43849983176934426,0.38461538461538464,0.4673986932604096,1.0,5,0.19230769230769232,9,0.34615384615384615,18,0.6923076923076923,9,-0.15090003836613214
quadrant,FLAWED_BLOCK,H1,U4,78,52,68,45,0.22799145299145296,0.36047008547008547,0.1324786324786325,-0.21738064311014707,-0.09887851938356632,0.5331014821781846,0.26581196581196576,0.37229556618900067,1.0,23,0.2948717948717949,51,0.6538461538461539,64,0.8205128205128205,45,-0.15959826703556954
quadrant,FLAWED_APPROVAL,F3,J1,73,55,51,34,0.34520547945205476,0.24383561643835616,0.1013698630136986,-0.2422454951447134,-0.2828671553155277,0.48019327135835344,0.33698630136986296,0.40204954373365276,0.8,9,0.1232876712328767,36,0.4931506849315068,56,0.7671232876712328,33,-0.16061208171238534
verdict,APPROVE,H1,U4,104,77,91,68,0.28445512820512825,0.3703525641025641,0.08589743589743587,-0.22468476999036383,-0.11293480146766652,0.5704859315402224,0.2743589743589744,0.37991789486362293,1.0,30,0.28846153846153844,66,0.6346153846153846,84,0.8076923076923077,68,-0.16304048694172554
quadrant,VALIDATED_APPROVAL,J1,U3,26,9,22,6,0.06923076923076923,0.37692307692307686,0.3076923076923076,-0.26266879298274215,-0.2657483551581215,0.37860509121978303,0.35384615384615387,0.41878946427126773,0.8,3,0.11538461538461539,12,0.46153846153846156,19,0.7307692307692307,6,-0.1697244508503872
quadrant,FLAWED_APPROVAL,F3,J3,73,55,44,29,0.34520547945205476,0.17808219178082188,0.16712328767123288,-0.25845907458099243,-0.314193414732359,0.421927705307138,0.3260273972602739,0.40341012137451054,0.8,13,0.1780821917808219,37,0.5068493150684932,57,0.7808219178082192,28,-0.17419433519705246
quadrant,VALIDATED_APPROVAL,J3,U3,26,1,22,0,0.007692307692307693,0.37692307692307686,0.36923076923076914,-0.30913134595949077,-0.30131984799155,0.0,0.38461538461538464,0.45064056971928645,0.8,3,0.11538461538461539,10,0.38461538461538464,18,0.6923076923076923,0,-0.1902346744366097
quadrant,VALIDATED_APPROVAL,H1,U4,26,25,23,23,0.4538461538461539,0.4,0.05384615384615388,-0.4510381556064015,-0.45415150193045123,0.6623655919867222,0.3,0.4019184762342502,1.0,7,0.2692307692307692,15,0.5769230769230769,20,0.7692307692307693,23,-0.315726708924481
quadrant,FLAWED_APPROVAL,H1,U4,73,73,71,71,0.6958904109589041,0.4712328767123288,0.22465753424657536,-0.5690434648942096,-0.572320391674761,0.7946218120558409,0.36164383561643837,0.4441399261185632,1.0,11,0.1506849315068493,28,0.3835616438356164,49,0.6712328767123288,59,-0.3632524036173995
ground_truth,ROGUE,H1,U4,197,184,194,181,0.49441624365482234,0.5898477157360407,0.09543147208121833,-0.7711210427245997,-0.7602755805797001,0.6663206986765026,0.41218274111675135,0.49607597256708136,1.0,21,0.1065989847715736,72,0.36548223350253806,123,0.6243654822335025,161,-0.45327825760156665
verdict,BLOCK,H1,U4,198,184,194,180,0.49890572390572396,0.5882154882154882,0.08930976430976423,-0.7833508834313585,-0.7718656532141701,0.658001251318065,0.4170875420875421,0.5037917394348417,1.0,22,0.1111111111111111,71,0.35858585858585856,122,0.6161616161616161,160,-0.45662498886886843
quadrant,VALIDATED_BLOCK,H1,U4,125,111,123,109,0.38386666666666674,0.6565333333333332,0.27266666666666645,-0.8386220299931594,-0.8144291643501687,0.6411300282792962,0.44946666666666674,0.535564084763802,1.0,11,0.088,43,0.344,73,0.584,101,-0.46168938157890066
