spec,case_id,passes,entropy_bits,normalized_entropy,unique_sets,modal_count,modal_rate,state_counts
original,01d3ad510b42,5,1.3709505944546687,0.5904362833084089,3,3,0.6,S1 U1 U4:3 | S1 U1 U3 U4:1 | H1 S1 U1 U3:1
original,02de4bafb196,5,1.9219280948873623,0.8277293767706428,4,2,0.4,F1 F2 F3 H1 U1 U3:2 | F1 F2 F3 U1 U4:1 | F1 F2 F3 J1 J2 J3 J4 J5 U1 U3 U4:1 | F1 F2 H1 U1 U3 U4:1
original,039ed8d2c4fe,5,2.321928094887362,1.0,5,1,0.2,F1 F2 F3 H1 U1 U3:1 | F1 F2 F3 J1 J2 U1 U3 U4:1 | F1 F2 H1 J1 J2 J3 J4 J5 U1:1 | F1 F2 U1 U3 U4:1 | F1 F2 F3 J1 J2 J3 J4 U1 U3 U4:1
original,04278d8d1006,5,0.7219280948873623,0.31091750708257115,2,4,0.8,S1:4 | S1 U1 U4:1
original,043aa1b0134c,5,1.9219280948873623,0.8277293767706428,4,2,0.4,F1 F2 U1 U3 U4:2 | F2 U1 U3 U4:1 | F1 F2 H1 U1 U3:1 | F1 F2 H1 U1 U3 U4:1
original,046e6d52bc8e,5,1.5219280948873621,0.6554587535412855,3,2,0.4,S1:2 | S1 U1 U4:2 | H1 S1 U1 U3:1
original,04827fb71269,5,1.3709505944546687,0.5904362833084089,3,3,0.6,S1:3 | S1 U1 U4:1 | S1 U1:1
original,04f6f12c9dd1,5,1.9219280948873623,0.8277293767706428,4,2,0.4,F1 F2 F3 H1 U1 U3:2 | F1 F2 U1 U3 U4:1 | F1 F2 F3 U1 U3 U4:1 | F1 F2 F3 H1 U1 U3 U4:1
original,0686dccb5baa,5,1.9219280948873623,0.8277293767706428,4,2,0.4,F1 F2 U1 U3 U4:2 | F2 U1 U3 U4:1 | F1 F2 U1 U4:1 | F2 H1 U1 U3 U4:1
original,0688cd1db5ca,5,1.5219280948873621,0.6554587535412855,3,2,0.4,F1 F2 U1 U3 U4:2 | F1 F2 F3 U1 U3 U4:2 | F2 U1 U3 U4:1
original,06ed3c1819be,5,2.321928094887362,1.0,5,1,0.2,F1 F2 U1 U3 U4:1 | F2 H1 J1 J2 J3 J4 J5 U1 U3:1 | F1 F2 H1 U1 U3:1 | F2 F3 H1 J1 J2 J3 J4 J5 U1:1 | F1 F2 F3 H1 J1 J2 J3 J4 J5 U1 U3:1
original,084b592e02b3,5,1.5219280948873621,0.6554587535412855,3,2,0.4,F2 H1 U1 U3:2 | F2 U1 U3 U4:2 | F2 U1 U3:1
original,088747fa7d04,5,1.9219280948873623,0.8277293767706428,4,2,0.4,S1:2 | H1 S1 U1:1 | S1 U1 U4:1 | H1 S1 U1 U3:1
original,08ad0e53abb1,5,0.9709505944546686,0.4181656600790516,2,3,0.6,H1 S1 U1 U3:3 | H1 J1 S1 U1:2
original,0a81f336c8fb,5,2.321928094887362,1.0,5,1,0.2,F1 F2 F3 H1 U1 U3:1 | F1 F2 U1 U3 U4:1 | F2 H1 U1 U3:1 | F1 F2 H1 U1 U3:1 | F1 F2 F3 J1 U1 U3 U4:1
original,0adf2d15eb47,5,2.321928094887362,1.0,5,1,0.2,F1 F2 U1 U4:1 | F1 F2 U1 U3 U4:1 | F1 F2 F3 H1 U1 U3:1 | F2 H1 U1 U3:1 | F1 F2 F3 U1 U3 U4:1
original,0b6eb6e593c5,5,0.9709505944546686,0.4181656600790516,2,3,0.6,S1 U1 U4:3 | H1 S1 U1 U3:2
original,0bf1eff0c800,5,1.9219280948873623,0.8277293767706428,4,2,0.4,F1 F2 U1 U3 U4:2 | F2 H1 S1 U1 U3:1 | F2 H1 U1 U3:1 | F1 F2 F3 U1 U3 U4:1
original,0d34d4795612,5,1.3709505944546687,0.5904362833084089,3,3,0.6,S1 U1 U4:3 | S1:1 | H1 J1 J3 S1 U1 U4:1
original,0d63f36e3688,5,1.5219280948873621,0.6554587535412855,3,2,0.4,F1 F2 F3 H1 U1 U3:2 | F1 F2 U1 U3 U4:2 | F1 F2 F3 H1 U1 U3 U4:1
original,0d8f07836540,5,1.5219280948873621,0.6554587535412855,3,2,0.4,F2 H1 U1 U3:2 | F2 U1 U3 U4:2 | F1 F2 U1 U3 U4:1
original,0f5f4d284afb,5,1.9219280948873623,0.8277293767706428,4,2,0.4,F1 F2 F3 H1 U1 U3:2 | F1 F2 F3 H1 U1 U3 U4:1 | F1 F2 U1 U3 U4:1 | F1 F2 H1 S1 U1 U3:1
original,109ca777fa12,5,1.3709505944546687,0.5904362833084089,3,3,0.6,F1 F2 U1 U3 U4:3 | F1 F2 F3 U1 U3 U4:1 | F1 F2 F3 H1 U1 U3:1
original,112d585f8fdf,5,2.321928094887362,1.0,5,1,0.2,H1 J1 S1 U1:1 | S1 U1 U3 U4:1 | S1:1 | S1 U1 U4:1 | H1 J1 J2 S1 U1:1
original,134acf006762,5,2.321928094887362,1.0,5,1,0.2,H1 S1 U1 U3:1 | S1:1 | S1 U1 U4:1 | H1 S1 U1:1 | S1 U1 U3 U4:1
original,14ab57dc9ec8,5,1.9219280948873623,0.8277293767706428,4,2,0.4,F2 U1 U3 U4:2 | F2 H1 U1 U3:1 | F2 J1 U1 U3 U4:1 | F1 F2 U1 U4:1
original,14d73efad7ab,5,1.9219280948873623,0.8277293767706428,4,2,0.4,S1 U1 U3 U4:2 | H1 S1 U1 U3:1 | S1:1 | H1 S1 U1:1
original,16ac7d4eada1,5,2.321928094887362,1.0,5,1,0.2,S1 U1 U3 U4:1 | S1 U1:1 | S1:1 | S1 U1 U4:1 | H1 S1 U1 U3:1
original,1921370ef769,5,1.9219280948873623,0.8277293767706428,4,2,0.4,F1 F2 H1 U1 U3:2 | F1 H1 U1 U3:1 | F1 F2 U1 U3 U4:1 | F1 F2 H1 U1 U3 U4:1
original,1b3433cd4628,5,2.321928094887362,1.0,5,1,0.2,F2 H1 U1 U3:1 | F1 F2 H1 U1 U3:1 | F1 F2 U1 U3 U4:1 | F1 F2 H1 U1 U3 U4:1 | F1 F2 U1 U4:1
original,1bce6dff94b8,5,1.5219280948873621,0.6554587535412855,3,2,0.4,S1 U1 U4:2 | H1 S1 U1 U3:2 | S1:1
original,1c36cac6bccc,5,2.321928094887362,1.0,5,1,0.2,F1 F2 F3 H1 U1 U3:1 | F2 H1 U1 U3:1 | F2 J1 U1 U3:1 | F2 H1 U1 U3 U4:1 | F1 F2 H1 U1 U3:1
original,1c99d4b10868,5,1.9219280948873623,0.8277293767706428,4,2,0.4,F1 F2 F3 H1 U1:2 | F1 F2 H1 J1 J2 J3 J4 J5 U1 U3:1 | F1 F2 U1 U3 U4:1 | F1 F2 F3 H1 U1 U3:1
original,1d3a4f93114f,5,0.9709505944546686,0.4181656600790516,2,3,0.6,F1 F2 F3 H1 U1 U3:3 | F2 H1 U1 U3:2
original,1dc1f1d9c3bd,5,0.9709505944546686,0.4181656600790516,2,3,0.6,H1 S1 U1 U3:3 | H1 S1 U1:2
original,1e85a8697898,5,1.9219280948873623,0.8277293767706428,4,2,0.4,F2 U1 U3 U4:2 | F1 F2 H1 U1 U3:1 | F2 H1 U1 U3:1 | F1 F2 F3 H1 U1 U3:1
original,1fb5bb36812c,5,1.5219280948873621,0.6554587535412855,3,2,0.4,F1 F2 H1 U1 U3:2 | F1 F2 U1 U3 U4:2 | F1 H1 U1 U3:1
original,1fb64399ccd8,5,1.9219280948873623,0.8277293767706428,4,2,0.4,F1 F2 H1 J1 J2 J3 J4 J5 U1 U3:2 | F1 F2 H1 J1 J2 J3 J4 J5 U1 U4:1 | F1 F2 F3 J1 J2 J3 J4 J5 U1 U3 U4:1 | F1 F2 H1 J1 J2 J3 J4 J5 U1:1
original,2065ada1a306,5,1.9219280948873623,0.8277293767706428,4,2,0.4,S1:2 | S1 U1 U3 U4:1 | S1 U1:1 | J1 S1 U1:1
original,209fa336c13a,5,1.3709505944546687,0.5904362833084089,3,3,0.6,F1 F2 F3 U1 U3 U4:3 | F1 F2 F3 H1 U1 U3:1 | F1 F2 F3 U1 U4:1
original,21da45ff7758,5,1.3709505944546687,0.5904362833084089,3,3,0.6,H1 S1 U1 U3:3 | S1:1 | S1 U1 U4:1
original,23161751e203,5,1.5219280948873621,0.6554587535412855,3,2,0.4,F1 F2 F3 H1 U1 U3:2 | F1 F2 U1 U3 U4:2 | F1 F2 J1 J2 U1 U4:1
original,2440338f40ce,5,0.7219280948873623,0.31091750708257115,2,4,0.8,F1 F2 U1 U3 U4:4 | F1 F2 H1 U1 U3:1
original,25b03ee6601d,5,1.9219280948873623,0.8277293767706428,4,2,0.4,F1 F2 H1 U1 U3:2 | F2 U1 U3 U4:1 | F1 F2 F3 U1 U3 U4:1 | F1 F2 U1 U3 U4:1
original,2802cf486896,5,1.5219280948873621,0.6554587535412855,3,2,0.4,S1:2 | H1 S1 U1 U3:2 | S1 U1 U3:1
original,2a0d8f20ab72,5,2.321928094887362,1.0,5,1,0.2,F1 F2 F3 U1 U3 U4:1 | F2 U1 U3 U4:1 | F1 F2 U1 U3 U4:1 | F1 F2 U1 U4:1 | F1 F2 F3 H1 U1 U3:1
original,2a27a571e7fc,5,1.3709505944546687,0.5904362833084089,3,3,0.6,F1 F2 U1 U3 U4:3 | F1 F2 F3 H1 U1 U3:1 | F1 F2 H1 U1 U3:1
original,2aa0f685bafa,5,2.321928094887362,1.0,5,1,0.2,F1 F2 U1 U4:1 | F1 F2 H1 J1 J2 J3 J4 J5 U1 U3:1 | F1 F2 U1 U3 U4:1 | F1 F2 H1 U1 U3 U4:1 | F1 F2 H1 U1 U3:1
original,2c0cb0230b61,5,2.321928094887362,1.0,5,1,0.2,S1 U1 U3:1 | H1 S1 U1:1 | S1 U1 U3 U4:1 | H1 S1 U1 U3:1 | S1 U1 U4:1
original,2c7c7c5def5a,5,1.9219280948873623,0.8277293767706428,4,2,0.4,S1 U1 U4:2 | H1 S1 U1 U3:1 | H1 S1 U1:1 | S1 U1:1
original,2cabf84d8c88,5,1.9219280948873623,0.8277293767706428,4,2,0.4,F1 F2 U1 U3 U4:2 | F1 F2 F3 U1 U3 U4:1 | F1 F2 H1 J1 J2 J3 J4 J5 U1 U3:1 | F1 F2 H1 U1:1
original,2e9adc656f2b,5,1.3709505944546687,0.5904362833084089,3,3,0.6,F1 F2 H1 U1 U3 U4:3 | F2 J1 J2 J3 J4 J5 U1 U3 U4:1 | F1 F2 H1 U1 U3:1
original,2fb56e19e29d,5,1.9219280948873623,0.8277293767706428,4,2,0.4,S1:2 | S1 U1 U3 U4:1 | H1 J1 S1 U1:1 | S1 U1 U4:1
original,30b481a7c8e2,5,0.9709505944546686,0.4181656600790516,2,3,0.6,F1 F2 F3 U1 U3 U4:3 | F1 F2 U1 U3 U4:2
original,31a19e00325e,5,2.321928094887362,1.0,5,1,0.2,F2 H1 J1 U1 U4:1 | F2 H1 J1 J2 J3 J4 J5 U1 U3:1 | F1 F2 H1 J3 J4 U1 U3:1 | F1 F2 U1 U3 U4:1 | F1 F2 H1 U1 U3:1
original,31a2fec2be77,5,1.9219280948873623,0.8277293767706428,4,2,0.4,F1 F2 H1 U1 U3:2 | F1 F2 F3 H1 J1 J2 J5 U1 U3 U4:1 | F1 F2 F3 J1 J2 U1 U3 U4:1 | F1 F2 J1 J2 J5 U1 U3:1
original,31b5e609ef46,5,1.9219280948873623,0.8277293767706428,4,2,0.4,H1 S1 U1 U3:2 | S1 U1 U4:1 | J1 J2 J3 J4 J5 S1 U1 U3:1 | S1:1
original,3257ed9e00aa,5,0.9709505944546686,0.4181656600790516,2,3,0.6,F1 F2 F3 U1 U3 U4:3 | F1 F2 U1 U3 U4:2
original,353095dd4786,5,0.0,0.0,1,5,1.0,S1:5
original,362055c7a5a9,5,1.9219280948873623,0.8277293767706428,4,2,0.4,F2 U1 U3 U4:2 | F1 F2 U1 U3 U4:1 | F1 F2 H1 U1 U3:1 | F1 F2 H1 U1 U3 U4:1
original,3680e8deae2f,5,1.9219280948873623,0.8277293767706428,4,2,0.4,S1:2 | S1 U1 U3:1 | S1 U1 U4:1 | H1 S1 U1 U3:1
original,37c368833872,5,1.9219280948873623,0.8277293767706428,4,2,0.4,S1:2 | S1 U1 U3:1 | S1 U1 U3 U4:1 | J1 J2 J3 J4 J5 S1 U1:1
original,37f61727e427,5,1.3709505944546687,0.5904362833084089,3,3,0.6,S1 U1 U3 U4:3 | S1:1 | H1 S1 U1 U3:1
original,3885f7d6d282,5,1.5219280948873621,0.6554587535412855,3,2,0.4,F1 F2 F3 U1 U3 U4:2 | F1 F2 F3 H1 U1 U3:2 | F1 F2 F3 H1 U1 U3 U4:1
original,39b63b84df43,5,1.5219280948873621,0.6554587535412855,3,2,0.4,S1:2 | S1 U1 U4:2 | S1 U1 U3 U4:1
original,3a2203603d61,5,2.321928094887362,1.0,5,1,0.2,F2 U1 U3:1 | F1 F2 F3 H1 U1 U3 U4:1 | F2 H1 J1 J3 U3:1 | F2 U1 U3 U4:1 | F1 F2 U4:1
original,3c4f97f6fb20,5,1.9219280948873623,0.8277293767706428,4,2,0.4,S1:2 | H1 S1 U1 U3:1 | S1 U1 U3 U4:1 | S1 U1 U4:1
original,3cb443c08221,5,2.321928094887362,1.0,5,1,0.2,F1 U1 U3 U4:1 | F1 F2 U1 U4:1 | F1 F2 F3 H1 J1 J2 J3 J4 J5 U1:1 | F1 F2 F3 U1 U3 U4:1 | F1 F2 H1 U1 U3:1
original,3ff2979ec750,5,1.5219280948873621,0.6554587535412855,3,2,0.4,S1 U1 U3 U4:2 | S1:2 | S1 U1 U4:1
original,408fd2a91abd,5,1.9219280948873623,0.8277293767706428,4,2,0.4,F1 F2 H1 U1 U3:2 | F2 H1 U1 U3:1 | F1 F2 F3 U1 U3 U4:1 | F2 U1 U3 U4:1
original,410ecd5b1e40,5,1.9219280948873623,0.8277293767706428,4,2,0.4,S1:2 | H1 J1 S1 U1:1 | H1 S1 U1:1 | S1 U1 U3 U4:1
original,430464d25f28,5,1.3709505944546687,0.5904362833084089,3,3,0.6,F1 F2 F3 H1 U1 U3:3 | F1 F2 H1 U1 U3:1 | F1 F2 F3 U1 U4:1
original,43748fb30948,5,1.9219280948873623,0.8277293767706428,4,2,0.4,F1 F2 H1 U1 U3:2 | F2 H1 U1 U3:1 | F1 F2 F3 H1 U1 U3:1 | F1 F2 U1 U3 U4:1
original,43e4036c30f9,5,1.3709505944546687,0.5904362833084089,3,3,0.6,S1:3 | H1 S1 U1 U3:1 | S1 U4:1
original,4463568f621e,5,2.321928094887362,1.0,5,1,0.2,F1 F2 H1 U1 U3 U4:1 | F1 F2 F3 U1 U3 U4:1 | F1 F2 U1 U3 U4:1 | F1 F2 H1 U1 U4:1 | F2 U1 U3 U4:1
original,447d40f8ace5,5,2.321928094887362,1.0,5,1,0.2,F1 F2 H1 U1 U3:1 | F1 F2 F3 J1 J2 J3 J4 J5 U1 U3 U4:1 | F1 F2 J1 J2 U1 U3 U4:1 | F1 F2 H1 U1 U3 U4:1 | F1 F2 U1 U3 U4:1
original,4707c2930bd5,5,1.3709505944546687,0.5904362833084089,3,3,0.6,F2 U1 U3 U4:3 | F1 F2 U1 U3 U4:1 | F2 H1 U1 U3:1
original,472b9b93ad9f,5,1.9219280948873623,0.8277293767706428,4,2,0.4,F1 F2 F3 H1 U1 U3:2 | F1 F2 F3 H1 J1 J2 J3 J4 J5 U1 U3 U4:1 | F1 F2 H1 U1 U3 U4:1 | F1 F2 F3 H1 U1 U3 U4:1
original,49067b2ff40c,5,1.5219280948873621,0.6554587535412855,3,2,0.4,H1 S1 U1 U3:2 | S1 U1 U3 U4:2 | S1 U1 U4:1
original,4bb8afe35408,5,0.9709505944546686,0.4181656600790516,2,3,0.6,F1 F2 U1 U3 U4:3 | F1 F2 F3 U1 U3 U4:2
original,4f06bfffb535,5,1.9219280948873623,0.8277293767706428,4,2,0.4,S1:2 | S1 U1 U3:1 | S1 U1 U3 U4:1 | S1 U1:1
original,4fdfdbf582cb,5,1.3709505944546687,0.5904362833084089,3,3,0.6,F1 F2 U1 U3 U4:3 | F1 F2 F3 U1 U3 U4:1 | F1 F2 F3 H1 U1 U3:1
original,4ff4163fd5c7,5,2.321928094887362,1.0,5,1,0.2,F1 F2 F3 H1 U1 U3 U4:1 | F2 U1 U4:1 | F1 F2 F3 H1 U1 U3:1 | F1 F2 U1 U3 U4:1 | F1 F2 F3 U1 U3 U4:1
original,512ffd6391ed,5,1.9219280948873623,0.8277293767706428,4,2,0.4,S1 U1 U4:2 | H1 S1 U1 U3:1 | S1 U1 U3 U4:1 | S1:1
original,5341a4972339,5,1.3709505944546687,0.5904362833084089,3,3,0.6,F2 H1 U1 U3:3 | F2 H1 U1 U3 U4:1 | F1 F2 H1 J1 J2 J5 U1 U3:1
original,5478288b68f4,5,1.9219280948873623,0.8277293767706428,4,2,0.4,F1 F2 U1 U3 U4:2 | F1 F2 U1:1 | F1 F2 F3 U1 U3 U4:1 | F1 F2 F3 H1 U1 U3 U4:1
original,55157f0433cc,5,1.3709505944546687,0.5904362833084089,3,3,0.6,F1 F2 H1 U1 U3:3 | F1 H1 J1 J2 J3 J4 J5 U1:1 | F1 F2 J1 J2 U1 U3 U4:1
original,560a71c4eb88,5,1.5219280948873621,0.6554587535412855,3,2,0.4,F1 F2 F3 H1 U1 U3:2 | F1 F2 F3 U1 U3 U4:2 | F1 F2 H1 U1 U3:1
original,57d543f72b94,5,0.9709505944546686,0.4181656600790516,2,3,0.6,F1 F2 F3 U1 U3 U4:3 | F2 U1 U3 U4:2
original,5860caa8b811,5,1.9219280948873623,0.8277293767706428,4,2,0.4,F1 F2 H1 U1 U3:2 | F1 F2 H1 J1 J2 J3 J5 U1 U3 U4:1 | F1 F2 H1 J3 J5 U1 U3:1 | F1 F2 U1 U3 U4:1
original,5932b68b6a3b,5,0.7219280948873623,0.31091750708257115,2,4,0.8,F1 F2 F3 U1 U3 U4:4 | F1 F2 U1 U3 U4:1
original,5aefd3e8b445,5,1.3709505944546687,0.5904362833084089,3,3,0.6,S1:3 | S1 U1 U4:1 | S1 U1 U3 U4:1
original,5ccdfc01ba3c,5,1.3709505944546687,0.5904362833084089,3,3,0.6,S1 U1 U4:3 | H1 S1 U1:1 | H1 S1 U1 U3:1
original,5cdb0ba3c556,5,2.321928094887362,1.0,5,1,0.2,F1 F2 H1 J1 J2 J3 J4 J5 U1:1 | F1 F2 H1 U1 U3:1 | F1 F2 H1 J1 J2 J3 J4 J5 U1 U3 U4:1 | F1 F2 F3 H1 U1 U3:1 | F1 F2 F3 J1 J2 J3 J4 J5 U1 U3 U4:1
original,5d40cd729024,5,1.9219280948873623,0.8277293767706428,4,2,0.4,F1 F2 U1 U3 U4:2 | F1 F2 F3 U1 U3 U4:1 | F1 F2 H1 U1 U3 U4:1 | F1 F2 F3 H1 U1 U3:1
original,5e17e32670ea,5,1.9219280948873623,0.8277293767706428,4,2,0.4,F1 F2 U1 U4:2 | F1 F2 F3 U1 U3 U4:1 | F2 H1 U1 U3:1 | F1 F2 F3 H1 U1 U3 U4:1
original,5e3faa420f8a,5,2.321928094887362,1.0,5,1,0.2,S1 U1 U3 U4:1 | S1 U1:1 | S1 U1 U4:1 | S1:1 | S1 U1 U3:1
original,5eb14f8b3cdc,5,1.3709505944546687,0.5904362833084089,3,3,0.6,F1 F2 U1 U3 U4:3 | F1 F2 J1 J2 S1 U1 U3:1 | F1 F2 F3 U1 U3 U4:1
original,5ebba28b6c1b,5,1.9219280948873623,0.8277293767706428,4,2,0.4,F1 F2 H1 U1 U3:2 | F2 H1 U1 U3:1 | F1 F2 H1 U1 U3 U4:1 | F1 F2 F3 U1 U3 U4:1
original,60160115004c,5,1.9219280948873623,0.8277293767706428,4,2,0.4,H1 S1 U1 U3:2 | S1 U1 U3 U4:1 | S1:1 | S1 U4:1
original,6025e1fa5134,5,1.9219280948873623,0.8277293767706428,4,2,0.4,F1 F2 H1 U1 U3:2 | F1 F2 H1 J1 J2 J3 U1:1 | F1 F2 F3 U1 U3 U4:1 | F1 F2 U1 U3 U4:1
original,6103d326f1f4,5,1.3709505944546687,0.5904362833084089,3,3,0.6,S1:3 | H1 S1 U1 U3:1 | S1 U1 U3 U4:1
original,615c9cf6b7e2,5,1.5219280948873621,0.6554587535412855,3,2,0.4,H1 S1 U1 U3:2 | S1:2 | H1 S1 U1:1
original,62126c371107,5,1.9219280948873623,0.8277293767706428,4,2,0.4,F1 F2 H1 U1 U3:2 | F1 F2 U1 U3 U4:1 | F1 F2 U1 U4:1 | F1 F2 J1 U1 U4:1
original,624266e9f779,5,1.9219280948873623,0.8277293767706428,4,2,0.4,F1 F2 F3 H1 U1 U3 U4:2 | F1 F2 H1 U1 U3:1 | F1 F2 F3 U1 U3 U4:1 | F1 F2 F3 H1 U1 U3:1
original,628cb522c3cd,5,1.9219280948873623,0.8277293767706428,4,2,0.4,S1 U1 U4:2 | H1 S1 U1 U3:1 | H1 J1 S1 U1:1 | S1 U1 U3:1
original,62e2c124f989,5,1.3709505944546687,0.5904362833084089,3,3,0.6,F2 H1 U1 U3:3 | F1 F2 H1 U1 U3:1 | F1 H1 J1 J2 J3 J4 J5 U1:1
original,643832575481,5,1.5219280948873621,0.6554587535412855,3,2,0.4,F1 F2 F3 H1 U1 U3:2 | F1 F2 H1 U1 U3:2 | F1 F2 H1 U1 U3 U4:1
original,64cf0bbee592,5,2.321928094887362,1.0,5,1,0.2,S1:1 | S1 U1 U4:1 | F1 F2 U1 U3 U4:1 | F1 H1 U1 U3:1 | F2 U1 U4:1
original,65008302b1e5,5,1.5219280948873621,0.6554587535412855,3,2,0.4,F2 U1 U3 U4:2 | F1 F2 F3 H1 U1 U3:2 | F1 F2 U1 U3 U4:1
original,660cc534fc78,5,1.9219280948873623,0.8277293767706428,4,2,0.4,H1 S1 U1:2 | S1:1 | H1 J1 U1 U4:1 | H1 S1 U1 U3:1
original,66604d92cdf6,5,1.9219280948873623,0.8277293767706428,4,2,0.4,F1 F2 U1 U3 U4:2 | F1 F2 F3 H1 U1 U3:1 | F1 F2 F3 U1 U3 U4:1 | F1 F2 H1 J1 J2 J3 J5 U1:1
original,684536b07bc7,5,0.9709505944546686,0.4181656600790516,2,3,0.6,H1 S1 U1 U3:3 | S1 U1 U3 U4:2
original,688178e946ff,5,1.5219280948873621,0.6554587535412855,3,2,0.4,F1 F2 F3 H1 U1 U3:2 | F1 F2 U1 U3 U4:2 | F2 U1 U3 U4:1
original,69262ac8f823,5,1.9219280948873623,0.8277293767706428,4,2,0.4,H1 S1 U1:2 | H1 S1 U1 U3:1 | S1:1 | H1 S1 U3 U4:1
original,6980ae227761,5,2.321928094887362,1.0,5,1,0.2,F1 F2 H1 U1 U3 U4:1 | F1 F2 F3 H1 U1 U3:1 | F1 F2 F3 H1 J1 J2 J3 J4 J5 U1 U3 U4:1 | F1 F2 F3 J1 J2 J3 J4 J5 U1 U3 U4:1 | F1 F2 J1 U1 U3 U4:1
original,699afdbeba4d,5,1.9219280948873623,0.8277293767706428,4,2,0.4,F1 F2 U1 U3 U4:2 | F2 H1 J1 J2 U1 U3:1 | F2 U1 U3 U4:1 | F1 F2 H1 U1 U3:1
original,6a1f6758e7d9,5,1.9219280948873623,0.8277293767706428,4,2,0.4,F1 F2 H1 U1 U3 U4:2 | F2 H1 U1 U3 U4:1 | F1 F2 F3 J1 J2 J3 J4 J5 U1 U3 U4:1 | F1 F2 H1 U1 U3:1
original,6bdd73210307,5,1.9219280948873623,0.8277293767706428,4,2,0.4,F1 F2 F3 H1 U1 U3:2 | F1 F2 F3 J1 J2 U1:1 | F1 F2 U1 U3 U4:1 | F1 F2 H1 U1 U3:1
original,6d850c9bb9a8,5,1.9219280948873623,0.8277293767706428,4,2,0.4,F1 F2 F3 U1 U3 U4:2 | F1 F2 H1 U1 U3:1 | F1 F2 U1 U3 U4:1 | F1 F2 F3 U1:1
original,6df425a01e7e,5,1.3709505944546687,0.5904362833084089,3,3,0.6,F1 F2 H1 U1 U3:3 | F1 F2 H1 U1 U3 U4:1 | F2 H1 U1 U3:1
original,6df59e956a95,5,1.9219280948873623,0.8277293767706428,4,2,0.4,F1 F2 U1 U3 U4:2 | F1 F2 H1 J1 J2 J3 J4 J5 U1 U3:1 | F1 F2 U1 U4:1 | F2 H1 U1 U3:1
original,6e3fc24135dd,5,0.9709505944546686,0.4181656600790516,2,3,0.6,F1 F2 F3 U1 U3 U4:3 | F1 F2 U1 U3 U4:2
original,6e65a2b06b3e,5,1.5219280948873621,0.6554587535412855,3,2,0.4,F1 F2 F3 U1 U3 U4:2 | F1 F2 U1 U3 U4:2 | F1 F2 F3 H1 U1 U3:1
original,6ebaa814e4ad,5,2.321928094887362,1.0,5,1,0.2,F2 H1 U1 U3:1 | F2 U1 U3 U4:1 | F1 F2:1 | F1 F2 H1 U1 U3:1 | F2 H1 J1 J3 U3:1
original,70d66563e84a,5,1.9219280948873623,0.8277293767706428,4,2,0.4,F1 F2 H1 U1 U3 U4:2 | F1 F2 F3 H1 U1 U3:1 | F2 U1 U3 U4:1 | F1 F2 U1 U3 U4:1
original,72eed7e29e02,5,0.7219280948873623,0.31091750708257115,2,4,0.8,F1 F2 U1 U3 U4:4 | F1 H1 U1 U3:1
original,7415e35108cc,5,1.9219280948873623,0.8277293767706428,4,2,0.4,F1 F2 U1 U3 U4:2 | F1 F2 F3 U1 U3 U4:1 | F1 F2 S1 U1 U3 U4:1 | F1 F2 H1 U1 U3:1
original,74fb44a7acc9,5,1.3709505944546687,0.5904362833084089,3,3,0.6,S1:3 | H1 J1 J2 S1 U1:1 | S1 U1 U4:1
original,754832888538,5,1.5219280948873621,0.6554587535412855,3,2,0.4,F1 F2 H1 U1 U3:2 | F1 F2 F3 U1 U3 U4:2 | F2 U1 U3 U4:1
original,760bf1553c4d,5,1.9219280948873623,0.8277293767706428,4,2,0.4,F1 F2 H1 U1 U3:2 | F1 F2 H1 U1:1 | F2 H1 U1 U3 U4:1 | F1 F2 F3 H1 U1 U3:1
original,774568d1460a,5,1.3709505944546687,0.5904362833084089,3,3,0.6,S1 U1 U4:3 | S1:1 | S1 U1 U3 U4:1
original,77e8cca793fb,5,2.321928094887362,1.0,5,1,0.2,S1:1 | S1 U1 U3 U4:1 | J1 S1 U1 U3 U4:1 | S1 U1 U4:1 | H1 S1 U1:1
original,7803d9a85054,5,0.9709505944546686,0.4181656600790516,2,3,0.6,S1 U1 U4:3 | H1 S1 U1 U3:2
original,78230d2a0091,5,1.9219280948873623,0.8277293767706428,4,2,0.4,F1 F2 H1 U1 U3:2 | F2 H1 U1 U3:1 | F1 F2 H1 U1 U3 U4:1 | F1 F2 F3 U1 U3 U4:1
original,7a02d7111976,5,1.9219280948873623,0.8277293767706428,4,2,0.4,F1 F2 U1 U3 U4:2 | F1 F2 S1 U1 U4:1 | F1 F2 H1 U1 U3:1 | F1 F2 H1 S1 U1 U3 U4:1
original,7a7a77e77a46,5,1.3709505944546687,0.5904362833084089,3,3,0.6,F1 F2 U1 U3 U4:3 | F1 F2 U1 U3:1 | F1 F2 H1 U1 U3:1
original,7b77237aee10,5,1.5219280948873621,0.6554587535412855,3,2,0.4,H1 S1 U1 U3:2 | S1 U1 U3 U4:2 | S1 U1:1
original,7c3d9a994e6f,5,1.3709505944546687,0.5904362833084089,3,3,0.6,S1:3 | S1 U1 U3 U4:1 | H1 J1 J2 S1 U1:1
original,7cebf4fe20ee,5,1.9219280948873623,0.8277293767706428,4,2,0.4,F1 F2 H1 U1 U3 U4:2 | F1 F2 F3 U1 U3 U4:1 | F1 F2 H1 J1 J2 J3 J4 J5 U1 U3:1 | F1 F2 F3 H1 U1 U3 U4:1
original,7df672f007f4,5,1.3709505944546687,0.5904362833084089,3,3,0.6,S1 U1 U4:3 | H1 J1 S1 U1 U4:1 | H1 S1 U1:1
original,7e30c8259061,5,1.3709505944546687,0.5904362833084089,3,3,0.6,S1:3 | H1 S1 U1 U3:1 | S1 U1 U3 U4:1
original,7e49e32d201b,5,1.9219280948873623,0.8277293767706428,4,2,0.4,F1 F2 U1 U3 U4:2 | F1 F2 H1 U1 U3:1 | F1 F2 J1 U1 U3:1 | F1 F2 H1 J1 J2 U1 U3:1
original,7e6b0d276a55,5,0.9709505944546686,0.4181656600790516,2,3,0.6,S1 U1 U4:3 | H1 S1 U1 U3:2
original,7f427673957c,5,1.9219280948873623,0.8277293767706428,4,2,0.4,F1 F2 U1 U3 U4:2 | F1 F2 F3 J1 U1 U3:1 | F2 H1 U1 U3:1 | F1 F2 F3 U1 U3 U4:1
original,7f45c1d942fc,5,2.321928094887362,1.0,5,1,0.2,F1 F2 H1 U1 U3 U4:1 | F1 F2 F3 H1 U1 U3:1 | F2 H1 U1 U3 U4:1 | F1 F2 H1 U1:1 | F1 F2 H1 U1 U3:1
original,805f4872bae8,5,2.321928094887362,1.0,5,1,0.2,F1 F2 U1 U3 U4:1 | F1 F2 U3 U4:1 | F1 F2 F3 H1 U1 U3:1 | F1 F2 F3 U1 U3 U4:1 | F2 U1 U3 U4:1
original,8078cef39704,5,1.9219280948873623,0.8277293767706428,4,2,0.4,F1 F2 H1 U1 U3:2 | F1 H1 U1 U3 U4:1 | F1 F2 F3 H1 J1 J2 J3 J4 U1 U3:1 | F1 F2 H1 S1 U1 U3:1
original,80db6dd984d5,5,1.9219280948873623,0.8277293767706428,4,2,0.4,F1 F2 U1 U3 U4:2 | F1 F2 F3 H1 U1 U3:1 | F1 F2 J1 J2 J3 J4 U1 U3 U4:1 | F1 F2 F3 H1 J1 J2 J3 J4 J5 U1 U3:1
original,8132df5e7a12,5,2.321928094887362,1.0,5,1,0.2,F1 F2 F3 H1 J1 J2 J5 U1:1 | F1 F2 U1 U3 U4:1 | F1 F2 H1 U1 U3 U4:1 | F1 F2 F3 U1 U3 U4:1 | F1 F2 H1 J1 J2 J3 J4 J5 U1 U3 U4:1
original,81607c6d9629,5,2.321928094887362,1.0,5,1,0.2,F1 F2 H1 U1 U3:1 | F1 F2 U1 U3 U4:1 | F2 U1 U3 U4:1 | F1 F2 U1 U3:1 | F1 F2 H1 U1:1
original,81a87f78403c,5,2.321928094887362,1.0,5,1,0.2,F1 U1 U3 U4:1 | F2 U1 U3 U4:1 | H1 U1:1 | F1 F2 F3 U1 U3 U4:1 | F1 F2 U1 U4:1
original,83b57a05ab3c,5,1.3709505944546687,0.5904362833084089,3,3,0.6,F1 F2 U1 U3 U4:3 | F1 F2 F3:1 | F1 F2 H1 S1 U1 U3 U4:1
original,849b8319a75f,5,0.9709505944546686,0.4181656600790516,2,3,0.6,S1:3 | S1 U1 U4:2
original,86090feb7a89,5,1.3709505944546687,0.5904362833084089,3,3,0.6,H1 S1 U1 U3:3 | S1 U1 U3 U4:1 | S1 U1 U4:1
original,87ecf58e6b0c,5,1.9219280948873623,0.8277293767706428,4,2,0.4,F1 F2 F3 H1 U1 U3:2 | F1 F2 F3 H1 U1 U3 U4:1 | F1 F2 F3 H1 J1 J2 U1:1 | F1 F2 H1 J1 J2 U1 U3:1
original,8a4969fb9f3f,5,1.9219280948873623,0.8277293767706428,4,2,0.4,F1 F2 H1 U1 U3:2 | F1 F2 F3 H1 U1:1 | F1 F2 F3 H1 U1 U3:1 | F1 F2 U1 U4:1
original,8b87a89244e2,5,1.9219280948873623,0.8277293767706428,4,2,0.4,S1:2 | S1 U1 U4:1 | H1 S1 U1:1 | H1 S1 U1 U3:1
original,8ba39229aeac,5,1.9219280948873623,0.8277293767706428,4,2,0.4,F1 F2 U1 U3 U4:2 | F1 F2 F3 H1 U1 U3:1 | F2 H1 S1 U1 U3:1 | F1 S1 U1 U4:1
original,8ca47f754a8b,5,1.5219280948873621,0.6554587535412855,3,2,0.4,F1 F2 F3 H1 U1 U3 U4:2 | F1 F2 U1 U3 U4:2 | F1 F2 F3 H1 U1 U3:1
original,8cfe1edbd00f,5,1.9219280948873623,0.8277293767706428,4,2,0.4,S1 U1 U3:2 | H1 S1 U1 U3:1 | S1 U1 U4:1 | J1 J2 S1 U1 U3:1
original,8e335947c0e1,5,1.9219280948873623,0.8277293767706428,4,2,0.4,F1 F2 U1 U3 U4:2 | F1 F2 F3 U1 U3 U4:1 | F2 H1 U1 U3 U4:1 | F1 F2 H1 U1 U3 U4:1
original,8e3c2e92cbc0,5,1.9219280948873623,0.8277293767706428,4,2,0.4,F1 F2 U1 U3 U4:2 | F1 F2 U1 U4:1 | F1 F2 F3 U1 U3 U4:1 | F1 F2 F3 U1 U4:1
original,8e440b80a157,5,1.3709505944546687,0.5904362833084089,3,3,0.6,F2 U1 U3 U4:3 | F1 F2 F3 H1 U1 U3 U4:1 | F1 F2 F3 H1 U1 U3:1
original,9002b1ff928f,5,0.0,0.0,1,5,1.0,S1:5
original,90b23b744311,5,1.3709505944546687,0.5904362833084089,3,3,0.6,S1 U1 U4:3 | H1 S1 U1 U3:1 | H1 S1 U1:1
original,9167dfcb1faa,5,1.9219280948873623,0.8277293767706428,4,2,0.4,F1 F2 H1 U1 U3:2 | F1 F2 U1 U3 U4:1 | F1 F2 F3 H1 U1 U3:1 | F1 F2 F3 S1 U1:1
original,91987904b44b,5,1.3709505944546687,0.5904362833084089,3,3,0.6,S1:3 | S1 U1 U3:1 | H1 S1 U1 U3:1
original,93630e0a3d67,5,1.3709505944546687,0.5904362833084089,3,3,0.6,F2 U1 U3 U4:3 | F1 F2 U1 U3 U4:1 | F2 H1 U1 U3:1
original,942b571c83ec,5,1.9219280948873623,0.8277293767706428,4,2,0.4,F1 F2 F3 H1 U1 U3 U4:2 | F1 F2 F3 H1 J1 J2 J3 J4 U1 U3:1 | F1 F2 H1 J1 J2 J3 J4 J5 U1:1 | F1 F2 H1 S1 U1 U3:1
original,94bc5a480449,5,0.9709505944546686,0.4181656600790516,2,3,0.6,S1:3 | S1 U1:2
original,94bf93368c00,5,1.3709505944546687,0.5904362833084089,3,3,0.6,F1 F2 F3 U1 U3 U4:3 | F1 F2 F3 H1 U1 U3:1 | F1 F2 F3 U1 U3:1
original,953cf8b9cd02,5,0.9709505944546686,0.4181656600790516,2,3,0.6,S1:3 | S1 U1 U3 U4:2
original,9623f8400850,5,1.9219280948873623,0.8277293767706428,4,2,0.4,F1 F2 H1 U1 U3:2 | F1 F2 F3 H1 U1 U3:1 | F1 F2 F3 U1 U3 U4:1 | F1 F2 H1 U1 U3 U4:1
original,96e911c67649,5,2.321928094887362,1.0,5,1,0.2,F1 F2 U1 U4:1 | F1 F2 F3 U1 U3 U4:1 | F1 F2 F3 H1 U1 U3:1 | F1 F2 U1 U3 U4:1 | F1 F2 H1 U1 U3:1
original,97abaa333a90,5,1.3709505944546687,0.5904362833084089,3,3,0.6,F1 F2 F3 U1 U3 U4:3 | F1 F2 U1 U3 U4:1 | F1 F2 F3 H1 U1 U3:1
original,9906ba89a54d,5,0.9709505944546686,0.4181656600790516,2,3,0.6,S1 U1 U3 U4:3 | S1 U1 U4:2
original,99d069fa1546,5,1.9219280948873623,0.8277293767706428,4,2,0.4,S1 U1 U3 U4:2 | H1 S1 U1 U3:1 | H1 S1 U1 U3 U4:1 | S1:1
original,9a9eff6df503,5,1.9219280948873623,0.8277293767706428,4,2,0.4,F1 F2 U1 U3 U4:2 | F1 F2 F3 H1 U1 U3:1 | F1 F2 F3 U1 U3 U4:1 | F1 F2 U1 U4:1
original,9b00fd3c63f5,5,1.5219280948873621,0.6554587535412855,3,2,0.4,S1:2 | S1 U1 U3 U4:2 | S1 U1 U4:1
original,9b8faec4d9b1,5,1.9219280948873623,0.8277293767706428,4,2,0.4,F1 F2 U1 U3 U4:2 | F2 U1 U3 U4:1 | F2 H1 U1 U3:1 | F1 F2 H1 U1 U3:1
original,9bbcadeaa0fa,5,2.321928094887362,1.0,5,1,0.2,F1 F2 F3 U1 U3 U4:1 | F1 F2 H1 U1 U3:1 | F1 F2 H1 U1 U3 U4:1 | F1 F2 F3 H1 U1 U3 U4:1 | F1 F2 U1 U3 U4:1
original,9bef5c2501ee,5,1.5219280948873621,0.6554587535412855,3,2,0.4,F1 F2 F3 H1 U1 U3:2 | F1 F2 U1 U3 U4:2 | F1 F2 F3 U1 U3 U4:1
original,9d41a00a9c93,5,1.9219280948873623,0.8277293767706428,4,2,0.4,S1 U1 U4:2 | H1 J1 S1 U1 U3:1 | H1 S1 U1:1 | S1 U1 U3 U4:1
original,9dfe141cf391,5,1.3709505944546687,0.5904362833084089,3,3,0.6,F1 F2 U1 U3 U4:3 | F1 F2 F3 H1 U1 U3:1 | F1 F2 F3 U1 U3 U4:1
original,9fd1f741bc64,5,2.321928094887362,1.0,5,1,0.2,F2 H1 U1 U3:1 | F1 F2 F3 U1 U3 U4:1 | F1 F2 F3 J1 U1:1 | F2 U1 U3 U4:1 | F1 F2 U1 U3 U4:1
original,a03d48541430,5,1.3709505944546687,0.5904362833084089,3,3,0.6,F1 F2 F3 U1 U3 U4:3 | F1 F2 H1 U1 U3:1 | F1 F2 F3 H1 U1 U3 U4:1
original,a0b20e4df225,5,1.3709505944546687,0.5904362833084089,3,3,0.6,S1:3 | H1 S1 U1 U3:1 | S1 U1 U3 U4:1
original,a0def0e8f780,5,1.9219280948873623,0.8277293767706428,4,2,0.4,H1 S1 U1 U3:2 | S1 U1 U3 U4:1 | S1:1 | S1 U2 U4:1
original,a21113615ced,5,0.9709505944546686,0.4181656600790516,2,3,0.6,F1 F2 F3 H1 U1 U3:3 | F1 F2 F3 U1 U3 U4:2
original,a2ee1ad7e572,5,2.321928094887362,1.0,5,1,0.2,F1 H1 J1 J2 J3 J4 J5 U1:1 | F1 F2 F3 H1 U1:1 | F1 F2 U1 U4:1 | F2 H1 U1 U3:1 | F1 F2 F3 U1 U3 U4:1
original,a32fbd13c2e3,5,1.3709505944546687,0.5904362833084089,3,3,0.6,F2 U1 U3 U4:3 | F1 F2 H1 U1 U3:1 | F2 U1 U3:1
original,a41084c34754,5,1.9219280948873623,0.8277293767706428,4,2,0.4,F1 F2 H1 U1 U3:2 | F2 U1 U3 U4:1 | F1 F2 H1 J1 J3 J4 U1 U3:1 | F1 F2 H1 J1 J2 J3 J4 J5 U1 U3:1
original,a4265bd21da8,5,0.9709505944546686,0.4181656600790516,2,3,0.6,S1:3 | S1 U1 U4:2
original,a44c5fe6a989,5,1.9219280948873623,0.8277293767706428,4,2,0.4,S1:2 | H1 S1 U1 U3:1 | S1 U1 U3 U4:1 | S1 U1 U4:1
original,a45c83f69ba7,5,1.9219280948873623,0.8277293767706428,4,2,0.4,S1:2 | S1 U1 U3 U4:1 | H1 S1 U1 U3:1 | S1 U1 U4:1
original,a5e0df042d50,5,1.3709505944546687,0.5904362833084089,3,3,0.6,F1 F2 U1 U3 U4:3 | F2 U1 U3 U4:1 | F1 F2 H1 U1 U3:1
original,a69a5c9bdd1d,5,1.9219280948873623,0.8277293767706428,4,2,0.4,F1 F2 F3 U1 U3 U4:2 | F1 F2 U1 U3 U4:1 | F1 F2 J1 J2 J3 J4 J5 U1 U3 U4:1 | F1 F2 H1 U1 U3:1
original,a82568887b73,5,1.9219280948873623,0.8277293767706428,4,2,0.4,F1 F2 H1 U1 U3:2 | F1 F2 F3 H1 U1 U3:1 | F1 F2 F3 U1 U3 U4:1 | F1 F2 U1 U3 U4:1
original,ad4a3ebaa5bc,5,1.9219280948873623,0.8277293767706428,4,2,0.4,F2 H1 U1 U3:2 | F2 U1 U3 U4:1 | F2 H1 J1 J2 J3 J4 J5 U1 U3:1 | F2 H1 U1:1
original,ae184ed23fd2,5,1.9219280948873623,0.8277293767706428,4,2,0.4,F1 F2 H1 J1 J2 J3 J4 J5 U1 U3 U4:2 | F1 F2 F3 H1 J1 J2 J3 J4 J5 U1:1 | F2 U1 U3 U4:1 | F1 F2 F3 U1 U3 U4:1
original,aebd35259e42,5,2.321928094887362,1.0,5,1,0.2,F2 H1 U1 U3:1 | F1 F2 F3 H1 U1 U3:1 | F2 U1 U3 U4:1 | F1 U1 U3 U4:1 | F1 F2 H1 U1 U3:1
original,afe283c2f92e,5,2.321928094887362,1.0,5,1,0.2,F1 F2 H1 U1 U3:1 | F1 F2 F3 H1 U1 U3:1 | F1 F2 F3 H1 U1 U3 U4:1 | F1 F2 U1 U3 U4:1 | F1 F2 F3 U1 U3 U4:1
original,b0c69164f2c2,5,1.3709505944546687,0.5904362833084089,3,3,0.6,S1:3 | S1 U1 U4:1 | S1 U1:1
original,b2790c4ddf09,5,1.5219280948873621,0.6554587535412855,3,2,0.4,F1 F2 F3 U1 U3 U4:2 | F1 F2 U1 U3 U4:2 | F2 H1 U1 U3:1
original,b38b2a0c0e03,5,1.9219280948873623,0.8277293767706428,4,2,0.4,F1 F2 U1 U3 U4:2 | F1 F2 U1 U4:1 | F1 F2 H1 U1 U3:1 | F1 F2 F3 H1 U1 U3 U4:1
original,b498f4cd8561,5,1.9219280948873623,0.8277293767706428,4,2,0.4,F1 F2 H1 U1 U3:2 | F1 F2 U1 U4:1 | F1 F2 U1 U3 U4:1 | F1 F2 F3 U1 U3 U4:1
original,b4b46e41a207,5,1.5219280948873621,0.6554587535412855,3,2,0.4,F1 F2 F3 H1 U1 U3:2 | F1 F2 H1 U1 U3:2 | F1 F2 U1 U3 U4:1
original,b71b3713bf7e,5,1.5219280948873621,0.6554587535412855,3,2,0.4,H1 S1 U1 U3:2 | S1:2 | S1 U1 U3:1
original,b73f5ed4014d,5,1.3709505944546687,0.5904362833084089,3,3,0.6,F1 F2 F3 H1 U1 U3:3 | F1 F2 U1 U3 U4:1 | F1 F2 F3 U1 U3 U4:1
original,b747c4e5f4ac,5,2.321928094887362,1.0,5,1,0.2,F2 S1 U1 U3 U4:1 | S1 U1 U4:1 | F1 F2 U1 U3 U4:1 | F2 U1 U3 U4:1 | F2 F3 U1 U3 U4:1
original,b7ab98dbfd54,5,1.9219280948873623,0.8277293767706428,4,2,0.4,F1 F2 U1 U3 U4:2 | F1 F2 H1 U1 U3:1 | F2 U1 U3 U4:1 | F1 F2 F3 H1 U1 U3:1
original,b8c47f333bb5,5,1.5219280948873621,0.6554587535412855,3,2,0.4,S1 U1 U4:2 | H1 S1 U1 U3:2 | S1:1
original,ba1df2e0ede2,5,2.321928094887362,1.0,5,1,0.2,F2 J1 U1 U3 U4:1 | F2 H1 J1 J2 J3 J4 J5 U1:1 | F1 F2 J1 U1 U3 U4:1 | F1 F2 H1 U1 U3:1 | F1 F2 F3 J1 J2 U1 U3 U4:1
original,ba73af4e78a2,5,1.5219280948873621,0.6554587535412855,3,2,0.4,F1 F2 U1 U3 U4:2 | F2 U1 U3 U4:2 | F1 F2 U1 U4:1
original,baca3b71517c,5,1.5219280948873621,0.6554587535412855,3,2,0.4,F1 F2 F3 H1 U1 U3:2 | F1 F2 H1 U1 U3 U4:2 | F1 F2 F3 H1 J1 J2 J3 J4 J5 U1 U3:1
original,bb4148602b38,5,1.9219280948873623,0.8277293767706428,4,2,0.4,F1 F2 U1 U3 U4:2 | F2 H1 U1 U3:1 | F1 F2 F3 U1 U3 U4:1 | F1 F2 H1 U1 U3:1
original,bbea276f3086,5,2.321928094887362,1.0,5,1,0.2,F1 F2 U1 U3 U4:1 | F2 H1 U1 U3 U4:1 | F2 H1 U1 U3:1 | F1 F2 H1 J1 J2 J3 J4 J5 U1 U3:1 | F2 H1 J1 J3 U1 U3 U4:1
original,bbf0a1f63b46,5,1.9219280948873623,0.8277293767706428,4,2,0.4,F1 F2 U1 U3 U4:2 | F1 F2 H1 J1 J2 J3 J4 J5 U1 U3 U4:1 | F2 H1 S1 U1 U3:1 | F2 U1 U3 U4:1
original,be79c347aa60,5,1.9219280948873623,0.8277293767706428,4,2,0.4,F1 F2 F3 H1 U1 U3:2 | F1 F2 F3 H1 U1 U3 U4:1 | F2 F3 H1 U1 U3:1 | F2 U1 U3 U4:1
original,bee5861ae116,5,1.5219280948873621,0.6554587535412855,3,2,0.4,F2 H1 U1 U3:2 | F2 U1 U3 U4:2 | F2 U1 U3:1
original,bf53db1c5f96,5,2.321928094887362,1.0,5,1,0.2,F1 F2 H1 U1 U3 U4:1 | F1 F2 F3 U1 U3 U4:1 | F1 F2 F3 H1 U1 U3:1 | F1 F2 H1 U1 U3:1 | F2 H1 U1 U3 U4:1
original,bfc9fd64bb7b,5,1.5219280948873621,0.6554587535412855,3,2,0.4,F1 F2 F3 H1 U1 U3:2 | F1 F2 U1 U3 U4:2 | F1 F2 U1 U4:1
original,c080e2571f6a,5,1.9219280948873623,0.8277293767706428,4,2,0.4,F1 F2 H1 U1 U3:2 | F1 F2 U1 U3 U4:1 | F1 F2 F3 H1 U1 U3:1 | F1 F2 F3 J1 J2 J3 J4 J5 U1 U3:1
original,c1ee1d19767b,5,2.321928094887362,1.0,5,1,0.2,F1 F2 H1 U1:1 | F1 F2 H1 U1 U3 U4:1 | F1 F2 F3 J1 J2 U1:1 | F2 H1 J1 J2 J3 J4 J5 U1 U3:1 | F2 H1 J1 U1:1
original,c37b7a2d4ebd,5,1.9219280948873623,0.8277293767706428,4,2,0.4,S1 U1 U4:2 | H1 J1 J2 S1 U1 U3:1 | H1 S1 U1 U3:1 | S1 U1 U3 U4:1
original,c3a619319924,5,1.5219280948873621,0.6554587535412855,3,2,0.4,S1 U1 U3 U4:2 | H1 S1 U1 U3:2 | S1 U1 U4:1
original,c6fa35b52649,5,2.321928094887362,1.0,5,1,0.2,S1 U1 U3 U4:1 | S1 U2:1 | H1 S1 U1:1 | S1:1 | S1 U1 U3:1
original,c7436f1e497c,5,2.321928094887362,1.0,5,1,0.2,F1 F2 F3 H1 U1 U3 U4:1 | F1 F2 U1 U3 U4:1 | F1 F2 H1 U1 U3 U4:1 | F1 F2 H1 U1 U3:1 | F1 F2 F3 H1 U1 U3:1
original,c7550543387f,5,1.9219280948873623,0.8277293767706428,4,2,0.4,F2 H1 U1 U3:2 | F1 F2 H1 U1 U3 U4:1 | F1 F2 U1 U3 U4:1 | F2 U1 U3 U4:1
original,c8b99a321068,5,0.7219280948873623,0.31091750708257115,2,4,0.8,S1:4 | S1 U1 U3 U4:1
original,c95cf215efb4,5,1.3709505944546687,0.5904362833084089,3,3,0.6,F1 F2 U1 U3 U4:3 | F1 F2 H1 U1 U3 U4:1 | F2 H1 U1 U3:1
original,c9b8620edc48,5,0.9709505944546686,0.4181656600790516,2,3,0.6,S1:3 | S1 U1 U4:2
original,c9d423f4830b,5,1.9219280948873623,0.8277293767706428,4,2,0.4,F1 F2 F3 U1 U3 U4:2 | F2 J1 J2 J3 J4 J5 U1 U3 U4:1 | F1 F2 H1 U1 U3:1 | F2 H1 U1 U3:1
original,c9f7d2e17c2a,5,1.5219280948873621,0.6554587535412855,3,2,0.4,S1:2 | S1 U1 U4:2 | H1 S1 U1 U3 U4:1
original,cb577e429912,5,1.3709505944546687,0.5904362833084089,3,3,0.6,F1 F2 U1 U3 U4:3 | F1 F2 F3 U1 U3 U4:1 | F1 F2 H1 U1 U3 U4:1
original,cb74cfb960dd,5,1.5219280948873621,0.6554587535412855,3,2,0.4,H1 S1 U1 U3:2 | S1:2 | S1 U1 U4:1
original,cb8d47011c7b,5,1.9219280948873623,0.8277293767706428,4,2,0.4,F1 F2 H1 U1 U3:2 | F1 F2 F3 U1 U3 U4:1 | F1 F2 H1 J1 J2 U1:1 | F2 U1 U3 U4:1
original,cd161c6d2917,5,0.7219280948873623,0.31091750708257115,2,4,0.8,F1 F2 U1 U3 U4:4 | F1 F2 U1 U4:1
original,cd554c210646,5,2.321928094887362,1.0,5,1,0.2,S1 U1 U4:1 | F2 H1 U1 U3:1 | S1 U1 U3 U4:1 | H1 S1 U1 U3:1 | F1 F2 F3 U1 U3 U4:1
original,cd9b0d4387fc,5,1.9219280948873623,0.8277293767706428,4,2,0.4,F1 F2 F3 H1 U1 U3:2 | F1 F2 H1 U1 U3:1 | F1 F2 F3 U1 U3 U4:1 | F1 F2 F3 H1 J1 J2 J3 J4 J5 U1:1
original,ce0620750a2c,5,1.9219280948873623,0.8277293767706428,4,2,0.4,F2 H1 U1 U3:2 | F2 J1 J2 J3 J4 J5 U1 U3:1 | F1 F2 U1 U3 U4:1 | F2 U1 U3 U4:1
original,cf3cfeed36df,5,2.321928094887362,1.0,5,1,0.2,F1 F2 F3 U1 U4:1 | F1 F2 F3 H1 U1 U3 U4:1 | F1 F2 H1 U1 U3:1 | F1 F2 F3 H1 U1 U3:1 | F1 F2 H1 U1:1
original,cfa9b6bdca54,5,2.321928094887362,1.0,5,1,0.2,F2 H1 J1 J2 J5 U1 U3:1 | F2 H1 J1 J2 J3 J4 J5 U1 U3:1 | F2 H1 U1 U3 U4:1 | F2 H1 J1 J2 J3 J4 J5 U1 U3 U4:1 | F2 H1 U1 U3:1
original,cfec2db4e8d7,5,1.5219280948873621,0.6554587535412855,3,2,0.4,F1 F2 U1 U3 U4:2 | F1 F2 F3 U1 U3 U4:2 | F1 F2 H1 U1 U3 U4:1
original,d2148c314266,5,1.3709505944546687,0.5904362833084089,3,3,0.6,F1 F2 F3 H1 U1 U3:3 | F1 F2 F3 H1 J1 J2 J3 J4 J5 U1 U3:1 | F1 F2 H1 U1 U3:1
original,d4cdd75dc42a,5,1.3709505944546687,0.5904362833084089,3,3,0.6,F1 F2 F3 U1 U3 U4:3 | F1 F2 H1 J1 J2 J3 J4 J5 U1:1 | F1 F2 F3 S1 U1 U3 U4:1
original,d6342c6ebaac,5,1.3709505944546687,0.5904362833084089,3,3,0.6,F1 F2 U1 U3 U4:3 | F1 F2 H1 U1 U3 U4:1 | F2 H1 J1 J2 U1 U3 U4:1
original,d64e8b13bb9b,5,2.321928094887362,1.0,5,1,0.2,F1 F2 F3 J1 J2 U1 U3 U4:1 | F1 F2 H1 U1 U3:1 | F1 F2 F3 H1 U1 U3:1 | S1:1 | F2 H1 U1 U3 U4:1
original,d6ba0fff7766,5,2.321928094887362,1.0,5,1,0.2,F1 F2 F3 H1 U1 U3:1 | F1 F2 H1 J1 J2 J3 J4 J5 U1:1 | F1 F2 H1 J1 U1 U3:1 | F1 F2 J1 J2 U1 U3 U4:1 | F1 F2 H1 U1:1
original,d75b4cbb6504,5,1.3709505944546687,0.5904362833084089,3,3,0.6,H1 S1 U1:3 | S1 U1 U4:1 | S1 U1 U3 U4:1
original,d7edd402f862,5,1.9219280948873623,0.8277293767706428,4,2,0.4,F1 F2 F3 U1 U3 U4:2 | F1 F2 U1 U3 U4:1 | F2 U1 U3 U4:1 | F1 F2 H1 U1 U3 U4:1
original,d8dfa8ae12d2,5,1.9219280948873623,0.8277293767706428,4,2,0.4,S1 U1 U4:2 | S1:1 | H1 J1 S1 U1 U3:1 | S1 U1 U3 U4:1
original,d912436f2119,5,1.5219280948873621,0.6554587535412855,3,2,0.4,S1:2 | S1 U1 U4:2 | S1 U1 U3 U4:1
original,dab8bf6d9681,5,1.9219280948873623,0.8277293767706428,4,2,0.4,F1 F2 U1 U3 U4:2 | F1 F2 H1 U1 U3 U4:1 | F2 U1 U3 U4:1 | F2 H1 U1 U3:1
original,db6b212b08de,5,2.321928094887362,1.0,5,1,0.2,F2 J1 J3 U1:1 | F1 F2 U1 U3 U4:1 | F1 F2 H1 U1 U3:1 | F2 H1 U1 U3:1 | F1 F2 J1 J2 U1 U3 U4:1
original,dbc0cd127ca0,5,1.3709505944546687,0.5904362833084089,3,3,0.6,S1:3 | S1 U1 U4:1 | H1 J1 J2 S1 U1 U3:1
original,dceec3c64e83,5,1.9219280948873623,0.8277293767706428,4,2,0.4,F1 F2 F3 U1 U3 U4:2 | F1 F2 H1 U1 U3 U4:1 | F1 F2 F3 H1 U1 U3:1 | F1 F2 F3 H1 U1 U3 U4:1
original,dd9481d7200f,5,1.3709505944546687,0.5904362833084089,3,3,0.6,F1 F2 U1 U3 U4:3 | F1 F2 F3 H1 U1 U3:1 | F1 F2 F3 U1 U3 U4:1
original,e09ebc09591c,5,1.5219280948873621,0.6554587535412855,3,2,0.4,F1 F2 F3 U1 U3 U4:2 | F1 F2 F3 H1 U1 U3:2 | F1 F2 U1 U3 U4:1
original,e0c26c29dd33,5,1.5219280948873621,0.6554587535412855,3,2,0.4,S1:2 | S1 U1 U4:2 | S1 U1 U3 U4:1
original,e214388abd4f,5,1.3709505944546687,0.5904362833084089,3,3,0.6,H1 S1 U1 U3:3 | H1 S1 U1:1 | S1:1
original,e2827a5d260a,5,1.9219280948873623,0.8277293767706428,4,2,0.4,F1 F2 H1 U1 U3:2 | F2 H1 U1 U3:1 | F2 H1 J1 J2 J3 J4 J5 U1 U3:1 | F1 F2 H1 U1 U3 U4:1
original,e2aa21641a6f,5,1.5219280948873621,0.6554587535412855,3,2,0.4,S1:2 | H1 S1 U1 U3:2 | S1 U1:1
original,e4745f13bbb4,5,1.9219280948873623,0.8277293767706428,4,2,0.4,F1 F2 U1 U3 U4:2 | F1 F2 H1 U1 U3 U4:1 | F1 F2 F3 H1 J1 J3 J4 U1 U3:1 | F2 H1 U1 U3:1
original,e57564408718,5,1.9219280948873623,0.8277293767706428,4,2,0.4,S1 U1:2 | H1 S1 U1 U3 U4:1 | H1 S1 U1 U3:1 | S1 U1 U4:1
original,e588129c3f2f,5,1.9219280948873623,0.8277293767706428,4,2,0.4,F1 F2 F3 U1 U3 U4:2 | F2 U1 U3 U4:1 | F1 F2 H1 U1 U3:1 | F1 F2 H1 U1 U3 U4:1
original,e5cd0826ccfa,5,1.9219280948873623,0.8277293767706428,4,2,0.4,S1 U1 U4:2 | S1:1 | H1 U1 U3:1 | H1 S1 U1 U3:1
original,e68e6ab7e5af,5,2.321928094887362,1.0,5,1,0.2,H1 S1 U1:1 | S1 U1 U3 U4:1 | S1:1 | H1 S1 U1 U3:1 | S1 U1 U4:1
original,ea1f6637fdad,5,1.9219280948873623,0.8277293767706428,4,2,0.4,F1 F2 F3 H1 U1 U3:2 | F1 F2 F3 U1 U3 U4:1 | F1 F2 U1 U3 U4:1 | F1 F2 F3 U1 U4:1
original,eb081c1ea631,5,0.9709505944546686,0.4181656600790516,2,3,0.6,F1 F2 U1 U3 U4:3 | F1 F2 F3 U1 U3 U4:2
original,ec36fab3fcd8,5,1.9219280948873623,0.8277293767706428,4,2,0.4,H1 S1 U1 U3:2 | S1:1 | S1 U1 U3 U4:1 | S1 U1 U3:1
original,ed25d91cd910,5,2.321928094887362,1.0,5,1,0.2,F1 F2 F3 H1 U1 U3:1 | F1 F2 H1 U1 U3 U4:1 | F1 F2 H1 J1 J2 J3 J4 J5 U1 U3 U4:1 | F2 H1 U1 U3 U4:1 | F1 J1 J2 U1 U4:1
original,ee5e2d9e72a7,5,1.9219280948873623,0.8277293767706428,4,2,0.4,F1 F2 F3 H1 U1 U3:2 | F1 F2 U1 U3 U4:1 | F1 F2 H1 U1 U3 U4:1 | F1 F2 H1 U1 U3:1
original,ef9277c4054f,5,1.9219280948873623,0.8277293767706428,4,2,0.4,S1:2 | S1 U1 U4:1 | H1 S1 U1 U3:1 | S1 U1 U3 U4:1
original,f19c50362dd0,5,1.9219280948873623,0.8277293767706428,4,2,0.4,F1 F2 F3 H1 U1 U3:2 | F1 F2 U1 U3 U4:1 | F1 F2 H1 U1 U3:1 | F1 F2 F3 U1 U3 U4:1
original,f301c4c40fe7,5,1.5219280948873621,0.6554587535412855,3,2,0.4,F1 F2 F3 U1 U3 U4:2 | F1 F2 U1 U3 U4:2 | F1 F2 H1 U1 U3:1
original,f37e85a4c407,5,1.9219280948873623,0.8277293767706428,4,2,0.4,F1 F2 H1 U1 U3:2 | F2 H1 J1 J2 J3 J4 J5 U1 U3:1 | F1 F2 U1 U3 U4:1 | F1 F2 H1 J3 J5 U1:1
original,f3cbf2089cd8,5,1.9219280948873623,0.8277293767706428,4,2,0.4,H1 S1 U1 U3:2 | H1 J1 J2 S1 U1 U3:1 | S1:1 | S1 U1 U3 U4:1
original,f47252c3b412,5,1.5219280948873621,0.6554587535412855,3,2,0.4,F1 F2 F3 U1 U3 U4:2 | F1 F2 U1 U3 U4:2 | F1 F2 F3 H1 U1 U3:1
original,f4f868eb242a,5,0.7219280948873623,0.31091750708257115,2,4,0.8,S1:4 | S1 U1 U4:1
original,f57b85b8c16e,5,1.9219280948873623,0.8277293767706428,4,2,0.4,F1 F2 H1 U1 U3:2 | F2 H1 U1 U3:1 | F2 H1 U1 U3 U4:1 | F1 F2 H1 U1 U3 U4:1
original,f59b70069029,5,1.3709505944546687,0.5904362833084089,3,3,0.6,S1:3 | H1 S1 U1 U3:1 | S1 U1 U4:1
original,f59c1123c57c,5,1.9219280948873623,0.8277293767706428,4,2,0.4,F1 F2 U1 U3 U4:2 | F1 F2 F3 H1 J1 J2 J3 J4 J5 U1 U3:1 | F1 F2 H1 U1 U3:1 | F2 U1 U3 U4:1
original,fa936747b53e,5,1.5219280948873621,0.6554587535412855,3,2,0.4,S1 U1 U3 U4:2 | S1 U1 U4:2 | H1 S1 U1 U3:1
original,fad7d84a6b2b,5,1.9219280948873623,0.8277293767706428,4,2,0.4,F1 F2 F3 U1 U3 U4:2 | F1 F2 H1 U1 U3:1 | F1 F2 U1 U3 U4:1 | F1 F2 F3 H1 U1 U3:1
original,fb0061bbb89c,5,1.9219280948873623,0.8277293767706428,4,2,0.4,F1 F2 F3 H1 U1 U3:2 | F1 F2 F3 H1 U1 U4:1 | F1 F2 F3 J1 U1 U3 U4:1 | F1 F2 H1 U1:1
original,fb5a123a805f,5,1.9219280948873623,0.8277293767706428,4,2,0.4,F1 F2 U1 U3 U4:2 | F2 H1 U1 U3:1 | F2 U1 U3 U4:1 | F2 U1 U4:1
original,fb78cd234795,5,2.321928094887362,1.0,5,1,0.2,S1:1 | H1 S1 U1 U3 U4:1 | H1 S1 U1:1 | S1 U1 U3 U4:1 | H1 S1 U1 U4:1
original,fc1af8998b89,5,1.9219280948873623,0.8277293767706428,4,2,0.4,S1:2 | H1 S1 U1 U3:1 | H1 S1 U1:1 | S1 U1 U4:1
original,fc51297a412d,5,1.9219280948873623,0.8277293767706428,4,2,0.4,F1 F2 H1 U1 U3:2 | F1 F2 U1 U3 U4:1 | F2 J1 J2 J3 J4 J5 U1 U3 U4:1 | F2 H1 U1 U3:1
original,fcd053a713e3,5,1.9219280948873623,0.8277293767706428,4,2,0.4,F1 F2 H1 U1 U3:2 | F1 F2 U1 U3 U4:1 | F1 F2 H1 U1 U3 U4:1 | F2 U1 U3 U4:1
original,fcee27de1d97,5,2.321928094887362,1.0,5,1,0.2,F1 F2 F3 U1 U3 U4:1 | F1 F2 H1 U1 U3:1 | F2 H1 J1 J2 J3 J4 J5 U1 U3:1 | F1 F2 H1 J1 J2 J3 J4 J5 U1 U3 U4:1 | F1 F2 U1 U3 U4:1
original,fd5adc3e3a3a,5,1.5219280948873621,0.6554587535412855,3,2,0.4,F1 F2 U1 U3 U4:2 | F1 F2 F3 H1 U1 U3:2 | F1 F2 H1 U1 U3:1
original,fe727d4718be,5,2.321928094887362,1.0,5,1,0.2,F2 H1 U1 U3:1 | F1 F2 H1 U1 U3:1 | F1 F2 U1 U3 U4:1 | F1 F2 F3 U1 U3 U4:1 | F2 U1 U3 U4:1
original,ff5570d33911,5,1.9219280948873623,0.8277293767706428,4,2,0.4,S1 U1 U3 U4:2 | H1 S1 U1 U3:1 | F1 H1 U1 U3:1 | S1 U1 U4:1
natural_tight,01d3ad510b42,5,0.7219280948873623,0.31091750708257115,2,4,0.8,S1 U13 U4:4 | H1 S1 U13:1
natural_tight,02de4bafb196,5,1.9219280948873623,0.8277293767706428,4,2,0.4,F12 F3 H1 U13:2 | F12 F3 U13 U4:1 | F12 F3 J12 J345 U13 U4:1 | F12 H1 U13 U4:1
natural_tight,039ed8d2c4fe,5,2.321928094887362,1.0,5,1,0.2,F12 F3 H1 U13:1 | F12 F3 J12 U13 U4:1 | F12 H1 J12 J345 U13:1 | F12 U13 U4:1 | F12 F3 J12 J345 U13 U4:1
natural_tight,04278d8d1006,5,0.7219280948873623,0.31091750708257115,2,4,0.8,S1:4 | S1 U13 U4:1
natural_tight,043aa1b0134c,5,1.3709505944546687,0.5904362833084089,3,3,0.6,F12 U13 U4:3 | F12 H1 U13:1 | F12 H1 U13 U4:1
natural_tight,046e6d52bc8e,5,1.5219280948873621,0.6554587535412855,3,2,0.4,S1:2 | S1 U13 U4:2 | H1 S1 U13:1
natural_tight,04827fb71269,5,1.3709505944546687,0.5904362833084089,3,3,0.6,S1:3 | S1 U13 U4:1 | S1 U13:1
natural_tight,04f6f12c9dd1,5,1.9219280948873623,0.8277293767706428,4,2,0.4,F12 F3 H1 U13:2 | F12 U13 U4:1 | F12 F3 U13 U4:1 | F12 F3 H1 U13 U4:1
natural_tight,0686dccb5baa,5,0.7219280948873623,0.31091750708257115,2,4,0.8,F12 U13 U4:4 | F12 H1 U13 U4:1
natural_tight,0688cd1db5ca,5,0.9709505944546686,0.4181656600790516,2,3,0.6,F12 U13 U4:3 | F12 F3 U13 U4:2
natural_tight,06ed3c1819be,5,1.9219280948873623,0.8277293767706428,4,2,0.4,F12 F3 H1 J12 J345 U13:2 | F12 U13 U4:1 | F12 H1 J12 J345 U13:1 | F12 H1 U13:1
natural_tight,084b592e02b3,5,1.5219280948873621,0.6554587535412855,3,2,0.4,F12 H1 U13:2 | F12 U13 U4:2 | F12 U13:1
natural_tight,088747fa7d04,5,1.5219280948873621,0.6554587535412855,3,2,0.4,S1:2 | H1 S1 U13:2 | S1 U13 U4:1
natural_tight,08ad0e53abb1,5,0.9709505944546686,0.4181656600790516,2,3,0.6,H1 S1 U13:3 | H1 J12 S1 U13:2
natural_tight,0a81f336c8fb,5,1.9219280948873623,0.8277293767706428,4,2,0.4,F12 H1 U13:2 | F12 F3 H1 U13:1 | F12 U13 U4:1 | F12 F3 J12 U13 U4:1
natural_tight,0adf2d15eb47,5,1.9219280948873623,0.8277293767706428,4,2,0.4,F12 U13 U4:2 | F12 F3 H1 U13:1 | F12 H1 U13:1 | F12 F3 U13 U4:1
natural_tight,0b6eb6e593c5,5,0.9709505944546686,0.4181656600790516,2,3,0.6,S1 U13 U4:3 | H1 S1 U13:2
natural_tight,0bf1eff0c800,5,1.9219280948873623,0.8277293767706428,4,2,0.4,F12 U13 U4:2 | F12 H1 S1 U13:1 | F12 H1 U13:1 | F12 F3 U13 U4:1
natural_tight,0d34d4795612,5,1.3709505944546687,0.5904362833084089,3,3,0.6,S1 U13 U4:3 | S1:1 | H1 J12 J345 S1 U13 U4:1
natural_tight,0d63f36e3688,5,1.5219280948873621,0.6554587535412855,3,2,0.4,F12 F3 H1 U13:2 | F12 U13 U4:2 | F12 F3 H1 U13 U4:1
natural_tight,0d8f07836540,5,0.9709505944546686,0.4181656600790516,2,3,0.6,F12 U13 U4:3 | F12 H1 U13:2
natural_tight,0f5f4d284afb,5,1.9219280948873623,0.8277293767706428,4,2,0.4,F12 F3 H1 U13:2 | F12 F3 H1 U13 U4:1 | F12 U13 U4:1 | F12 H1 S1 U13:1
natural_tight,109ca777fa12,5,1.3709505944546687,0.5904362833084089,3,3,0.6,F12 U13 U4:3 | F12 F3 U13 U4:1 | F12 F3 H1 U13:1
natural_tight,112d585f8fdf,5,1.5219280948873621,0.6554587535412855,3,2,0.4,H1 J12 S1 U13:2 | S1 U13 U4:2 | S1:1
natural_tight,134acf006762,5,1.5219280948873621,0.6554587535412855,3,2,0.4,H1 S1 U13:2 | S1 U13 U4:2 | S1:1
natural_tight,14ab57dc9ec8,5,1.3709505944546687,0.5904362833084089,3,3,0.6,F12 U13 U4:3 | F12 H1 U13:1 | F12 J12 U13 U4:1
natural_tight,14d73efad7ab,5,1.5219280948873621,0.6554587535412855,3,2,0.4,H1 S1 U13:2 | S1 U13 U4:2 | S1:1
natural_tight,16ac7d4eada1,5,1.9219280948873623,0.8277293767706428,4,2,0.4,S1 U13 U4:2 | S1 U13:1 | S1:1 | H1 S1 U13:1
natural_tight,1921370ef769,5,1.3709505944546687,0.5904362833084089,3,3,0.6,F12 H1 U13:3 | F12 U13 U4:1 | F12 H1 U13 U4:1
natural_tight,1b3433cd4628,5,1.5219280948873621,0.6554587535412855,3,2,0.4,F12 H1 U13:2 | F12 U13 U4:2 | F12 H1 U13 U4:1
natural_tight,1bce6dff94b8,5,1.5219280948873621,0.6554587535412855,3,2,0.4,S1 U13 U4:2 | H1 S1 U13:2 | S1:1
natural_tight,1c36cac6bccc,5,1.9219280948873623,0.8277293767706428,4,2,0.4,F12 H1 U13:2 | F12 F3 H1 U13:1 | F12 J12 U13:1 | F12 H1 U13 U4:1
natural_tight,1c99d4b10868,5,1.3709505944546687,0.5904362833084089,3,3,0.6,F12 F3 H1 U13:3 | F12 H1 J12 J345 U13:1 | F12 U13 U4:1
natural_tight,1d3a4f93114f,5,0.9709505944546686,0.4181656600790516,2,3,0.6,F12 F3 H1 U13:3 | F12 H1 U13:2
natural_tight,1dc1f1d9c3bd,5,0.0,0.0,1,5,1.0,H1 S1 U13:5
natural_tight,1e85a8697898,5,1.5219280948873621,0.6554587535412855,3,2,0.4,F12 H1 U13:2 | F12 U13 U4:2 | F12 F3 H1 U13:1
natural_tight,1fb5bb36812c,5,0.9709505944546686,0.4181656600790516,2,3,0.6,F12 H1 U13:3 | F12 U13 U4:2
natural_tight,1fb64399ccd8,5,1.3709505944546687,0.5904362833084089,3,3,0.6,F12 H1 J12 J345 U13:3 | F12 H1 J12 J345 U13 U4:1 | F12 F3 J12 J345 U13 U4:1
natural_tight,2065ada1a306,5,1.9219280948873623,0.8277293767706428,4,2,0.4,S1:2 | S1 U13 U4:1 | S1 U13:1 | J12 S1 U13:1
natural_tight,209fa336c13a,5,0.7219280948873623,0.31091750708257115,2,4,0.8,F12 F3 U13 U4:4 | F12 F3 H1 U13:1
natural_tight,21da45ff7758,5,1.3709505944546687,0.5904362833084089,3,3,0.6,H1 S1 U13:3 | S1:1 | S1 U13 U4:1
natural_tight,23161751e203,5,1.5219280948873621,0.6554587535412855,3,2,0.4,F12 F3 H1 U13:2 | F12 U13 U4:2 | F12 J12 U13 U4:1
natural_tight,2440338f40ce,5,0.7219280948873623,0.31091750708257115,2,4,0.8,F12 U13 U4:4 | F12 H1 U13:1
natural_tight,25b03ee6601d,5,1.5219280948873621,0.6554587535412855,3,2,0.4,F12 U13 U4:2 | F12 H1 U13:2 | F12 F3 U13 U4:1
natural_tight,2802cf486896,5,1.5219280948873621,0.6554587535412855,3,2,0.4,S1:2 | H1 S1 U13:2 | S1 U13:1
natural_tight,2a0d8f20ab72,5,1.3709505944546687,0.5904362833084089,3,3,0.6,F12 U13 U4:3 | F12 F3 U13 U4:1 | F12 F3 H1 U13:1
natural_tight,2a27a571e7fc,5,1.3709505944546687,0.5904362833084089,3,3,0.6,F12 U13 U4:3 | F12 F3 H1 U13:1 | F12 H1 U13:1
natural_tight,2aa0f685bafa,5,1.9219280948873623,0.8277293767706428,4,2,0.4,F12 U13 U4:2 | F12 H1 J12 J345 U13:1 | F12 H1 U13 U4:1 | F12 H1 U13:1
natural_tight,2c0cb0230b61,5,1.5219280948873621,0.6554587535412855,3,2,0.4,H1 S1 U13:2 | S1 U13 U4:2 | S1 U13:1
natural_tight,2c7c7c5def5a,5,1.5219280948873621,0.6554587535412855,3,2,0.4,H1 S1 U13:2 | S1 U13 U4:2 | S1 U13:1
natural_tight,2cabf84d8c88,5,1.9219280948873623,0.8277293767706428,4,2,0.4,F12 U13 U4:2 | F12 F3 U13 U4:1 | F12 H1 J12 J345 U13:1 | F12 H1 U13:1
natural_tight,2e9adc656f2b,5,1.3709505944546687,0.5904362833084089,3,3,0.6,F12 H1 U13 U4:3 | F12 J12 J345 U13 U4:1 | F12 H1 U13:1
natural_tight,2fb56e19e29d,5,1.5219280948873621,0.6554587535412855,3,2,0.4,S1:2 | S1 U13 U4:2 | H1 J12 S1 U13:1
natural_tight,30b481a7c8e2,5,0.9709505944546686,0.4181656600790516,2,3,0.6,F12 F3 U13 U4:3 | F12 U13 U4:2
natural_tight,31a19e00325e,5,2.321928094887362,1.0,5,1,0.2,F12 H1 J12 U13 U4:1 | F12 H1 J12 J345 U13:1 | F12 H1 J345 U13:1 | F12 U13 U4:1 | F12 H1 U13:1
natural_tight,31a2fec2be77,5,1.9219280948873623,0.8277293767706428,4,2,0.4,F12 H1 U13:2 | F12 F3 H1 J12 J345 U13 U4:1 | F12 F3 J12 U13 U4:1 | F12 J12 J345 U13:1
natural_tight,31b5e609ef46,5,1.9219280948873623,0.8277293767706428,4,2,0.4,H1 S1 U13:2 | S1 U13 U4:1 | J12 J345 S1 U13:1 | S1:1
natural_tight,3257ed9e00aa,5,0.9709505944546686,0.4181656600790516,2,3,0.6,F12 F3 U13 U4:3 | F12 U13 U4:2
natural_tight,353095dd4786,5,0.0,0.0,1,5,1.0,S1:5
natural_tight,362055c7a5a9,5,1.3709505944546687,0.5904362833084089,3,3,0.6,F12 U13 U4:3 | F12 H1 U13:1 | F12 H1 U13 U4:1
natural_tight,3680e8deae2f,5,1.9219280948873623,0.8277293767706428,4,2,0.4,S1:2 | S1 U13:1 | S1 U13 U4:1 | H1 S1 U13:1
natural_tight,37c368833872,5,1.9219280948873623,0.8277293767706428,4,2,0.4,S1:2 | S1 U13:1 | S1 U13 U4:1 | J12 J345 S1 U13:1
natural_tight,37f61727e427,5,1.3709505944546687,0.5904362833084089,3,3,0.6,S1 U13 U4:3 | S1:1 | H1 S1 U13:1
natural_tight,3885f7d6d282,5,1.5219280948873621,0.6554587535412855,3,2,0.4,F12 F3 U13 U4:2 | F12 F3 H1 U13:2 | F12 F3 H1 U13 U4:1
natural_tight,39b63b84df43,5,0.9709505944546686,0.4181656600790516,2,3,0.6,S1 U13 U4:3 | S1:2
natural_tight,3a2203603d61,5,2.321928094887362,1.0,5,1,0.2,F12 U13:1 | F12 F3 H1 U13 U4:1 | F12 H1 J12 J345 U13:1 | F12 U13 U4:1 | F12 U4:1
natural_tight,3c4f97f6fb20,5,1.5219280948873621,0.6554587535412855,3,2,0.4,S1:2 | S1 U13 U4:2 | H1 S1 U13:1
natural_tight,3cb443c08221,5,1.9219280948873623,0.8277293767706428,4,2,0.4,F12 U13 U4:2 | F12 F3 H1 J12 J345 U13:1 | F12 F3 U13 U4:1 | F12 H1 U13:1
natural_tight,3ff2979ec750,5,0.9709505944546686,0.4181656600790516,2,3,0.6,S1 U13 U4:3 | S1:2
natural_tight,408fd2a91abd,5,1.3709505944546687,0.5904362833084089,3,3,0.6,F12 H1 U13:3 | F12 F3 U13 U4:1 | F12 U13 U4:1
natural_tight,410ecd5b1e40,5,1.9219280948873623,0.8277293767706428,4,2,0.4,S1:2 | H1 J12 S1 U13:1 | H1 S1 U13:1 | S1 U13 U4:1
natural_tight,430464d25f28,5,1.3709505944546687,0.5904362833084089,3,3,0.6,F12 F3 H1 U13:3 | F12 H1 U13:1 | F12 F3 U13 U4:1
natural_tight,43748fb30948,5,1.3709505944546687,0.5904362833084089,3,3,0.6,F12 H1 U13:3 | F12 F3 H1 U13:1 | F12 U13 U4:1
natural_tight,43e4036c30f9,5,1.3709505944546687,0.5904362833084089,3,3,0.6,S1:3 | H1 S1 U13:1 | S1 U4:1
natural_tight,4463568f621e,5,1.5219280948873621,0.6554587535412855,3,2,0.4,F12 H1 U13 U4:2 | F12 U13 U4:2 | F12 F3 U13 U4:1
natural_tight,447d40f8ace5,5,2.321928094887362,1.0,5,1,0.2,F12 H1 U13:1 | F12 F3 J12 J345 U13 U4:1 | F12 J12 U13 U4:1 | F12 H1 U13 U4:1 | F12 U13 U4:1
natural_tight,4707c2930bd5,5,0.7219280948873623,0.31091750708257115,2,4,0.8,F12 U13 U4:4 | F12 H1 U13:1
natural_tight,472b9b93ad9f,5,1.9219280948873623,0.8277293767706428,4,2,0.4,F12 F3 H1 U13:2 | F12 F3 H1 J12 J345 U13 U4:1 | F12 H1 U13 U4:1 | F12 F3 H1 U13 U4:1
natural_tight,49067b2ff40c,5,0.9709505944546686,0.4181656600790516,2,3,0.6,S1 U13 U4:3 | H1 S1 U13:2
natural_tight,4bb8afe35408,5,0.9709505944546686,0.4181656600790516,2,3,0.6,F12 U13 U4:3 | F12 F3 U13 U4:2
natural_tight,4f06bfffb535,5,1.5219280948873621,0.6554587535412855,3,2,0.4,S1 U13:2 | S1:2 | S1 U13 U4:1
natural_tight,4fdfdbf582cb,5,1.3709505944546687,0.5904362833084089,3,3,0.6,F12 U13 U4:3 | F12 F3 U13 U4:1 | F12 F3 H1 U13:1
natural_tight,4ff4163fd5c7,5,1.9219280948873623,0.8277293767706428,4,2,0.4,F12 U13 U4:2 | F12 F3 H1 U13 U4:1 | F12 F3 H1 U13:1 | F12 F3 U13 U4:1
natural_tight,512ffd6391ed,5,1.3709505944546687,0.5904362833084089,3,3,0.6,S1 U13 U4:3 | H1 S1 U13:1 | S1:1
natural_tight,5341a4972339,5,1.3709505944546687,0.5904362833084089,3,3,0.6,F12 H1 U13:3 | F12 H1 U13 U4:1 | F12 H1 J12 J345 U13:1
natural_tight,5478288b68f4,5,1.9219280948873623,0.8277293767706428,4,2,0.4,F12 U13 U4:2 | F12 U13:1 | F12 F3 U13 U4:1 | F12 F3 H1 U13 U4:1
natural_tight,55157f0433cc,5,1.3709505944546687,0.5904362833084089,3,3,0.6,F12 H1 U13:3 | F12 H1 J12 J345 U13:1 | F12 J12 U13 U4:1
natural_tight,560a71c4eb88,5,1.5219280948873621,0.6554587535412855,3,2,0.4,F12 F3 H1 U13:2 | F12 F3 U13 U4:2 | F12 H1 U13:1
natural_tight,57d543f72b94,5,0.9709505944546686,0.4181656600790516,2,3,0.6,F12 F3 U13 U4:3 | F12 U13 U4:2
natural_tight,5860caa8b811,5,1.9219280948873623,0.8277293767706428,4,2,0.4,F12 H1 U13:2 | F12 H1 J12 J345 U13 U4:1 | F12 H1 J345 U13:1 | F12 U13 U4:1
natural_tight,5932b68b6a3b,5,0.7219280948873623,0.31091750708257115,2,4,0.8,F12 F3 U13 U4:4 | F12 U13 U4:1
natural_tight,5aefd3e8b445,5,0.9709505944546686,0.4181656600790516,2,3,0.6,S1:3 | S1 U13 U4:2
natural_tight,5ccdfc01ba3c,5,0.9709505944546686,0.4181656600790516,2,3,0.6,S1 U13 U4:3 | H1 S1 U13:2
natural_tight,5cdb0ba3c556,5,2.321928094887362,1.0,5,1,0.2,F12 H1 J12 J345 U13:1 | F12 H1 U13:1 | F12 H1 J12 J345 U13 U4:1 | F12 F3 H1 U13:1 | F12 F3 J12 J345 U13 U4:1
natural_tight,5d40cd729024,5,1.9219280948873623,0.8277293767706428,4,2,0.4,F12 U13 U4:2 | F12 F3 U13 U4:1 | F12 H1 U13 U4:1 | F12 F3 H1 U13:1
natural_tight,5e17e32670ea,5,1.9219280948873623,0.8277293767706428,4,2,0.4,F12 U13 U4:2 | F12 F3 U13 U4:1 | F12 H1 U13:1 | F12 F3 H1 U13 U4:1
natural_tight,5e3faa420f8a,5,1.5219280948873621,0.6554587535412855,3,2,0.4,S1 U13 U4:2 | S1 U13:2 | S1:1
natural_tight,5eb14f8b3cdc,5,1.3709505944546687,0.5904362833084089,3,3,0.6,F12 U13 U4:3 | F12 J12 S1 U13:1 | F12 F3 U13 U4:1
natural_tight,5ebba28b6c1b,5,1.3709505944546687,0.5904362833084089,3,3,0.6,F12 H1 U13:3 | F12 H1 U13 U4:1 | F12 F3 U13 U4:1
natural_tight,60160115004c,5,1.9219280948873623,0.8277293767706428,4,2,0.4,H1 S1 U13:2 | S1 U13 U4:1 | S1:1 | S1 U4:1
natural_tight,6025e1fa5134,5,1.9219280948873623,0.8277293767706428,4,2,0.4,F12 H1 U13:2 | F12 H1 J12 J345 U13:1 | F12 F3 U13 U4:1 | F12 U13 U4:1
natural_tight,6103d326f1f4,5,1.3709505944546687,0.5904362833084089,3,3,0.6,S1:3 | H1 S1 U13:1 | S1 U13 U4:1
natural_tight,615c9cf6b7e2,5,0.9709505944546686,0.4181656600790516,2,3,0.6,H1 S1 U13:3 | S1:2
natural_tight,62126c371107,5,1.5219280948873621,0.6554587535412855,3,2,0.4,F12 H1 U13:2 | F12 U13 U4:2 | F12 J12 U13 U4:1
natural_tight,624266e9f779,5,1.9219280948873623,0.8277293767706428,4,2,0.4,F12 F3 H1 U13 U4:2 | F12 H1 U13:1 | F12 F3 U13 U4:1 | F12 F3 H1 U13:1
natural_tight,628cb522c3cd,5,1.9219280948873623,0.8277293767706428,4,2,0.4,S1 U13 U4:2 | H1 S1 U13:1 | H1 J12 S1 U13:1 | S1 U13:1
natural_tight,62e2c124f989,5,0.7219280948873623,0.31091750708257115,2,4,0.8,F12 H1 U13:4 | F12 H1 J12 J345 U13:1
natural_tight,643832575481,5,1.5219280948873621,0.6554587535412855,3,2,0.4,F12 F3 H1 U13:2 | F12 H1 U13:2 | F12 H1 U13 U4:1
natural_tight,64cf0bbee592,5,1.9219280948873623,0.8277293767706428,4,2,0.4,F12 U13 U4:2 | S1:1 | S1 U13 U4:1 | F12 H1 U13:1
natural_tight,65008302b1e5,5,0.9709505944546686,0.4181656600790516,2,3,0.6,F12 U13 U4:3 | F12 F3 H1 U13:2
natural_tight,660cc534fc78,5,1.3709505944546687,0.5904362833084089,3,3,0.6,H1 S1 U13:3 | S1:1 | H1 J12 U13 U4:1
natural_tight,66604d92cdf6,5,1.9219280948873623,0.8277293767706428,4,2,0.4,F12 U13 U4:2 | F12 F3 H1 U13:1 | F12 F3 U13 U4:1 | F12 H1 J12 J345 U13:1
natural_tight,684536b07bc7,5,0.9709505944546686,0.4181656600790516,2,3,0.6,H1 S1 U13:3 | S1 U13 U4:2
natural_tight,688178e946ff,5,0.9709505944546686,0.4181656600790516,2,3,0.6,F12 U13 U4:3 | F12 F3 H1 U13:2
natural_tight,69262ac8f823,5,1.3709505944546687,0.5904362833084089,3,3,0.6,H1 S1 U13:3 | S1:1 | H1 S1 U13 U4:1
natural_tight,6980ae227761,5,2.321928094887362,1.0,5,1,0.2,F12 H1 U13 U4:1 | F12 F3 H1 U13:1 | F12 F3 H1 J12 J345 U13 U4:1 | F12 F3 J12 J345 U13 U4:1 | F12 J12 U13 U4:1
natural_tight,699afdbeba4d,5,1.3709505944546687,0.5904362833084089,3,3,0.6,F12 U13 U4:3 | F12 H1 J12 U13:1 | F12 H1 U13:1
natural_tight,6a1f6758e7d9,5,1.3709505944546687,0.5904362833084089,3,3,0.6,F12 H1 U13 U4:3 | F12 F3 J12 J345 U13 U4:1 | F12 H1 U13:1
natural_tight,6bdd73210307,5,1.9219280948873623,0.8277293767706428,4,2,0.4,F12 F3 H1 U13:2 | F12 F3 J12 U13:1 | F12 U13 U4:1 | F12 H1 U13:1
natural_tight,6d850c9bb9a8,5,1.9219280948873623,0.8277293767706428,4,2,0.4,F12 F3 U13 U4:2 | F12 H1 U13:1 | F12 U13 U4:1 | F12 F3 U13:1
natural_tight,6df425a01e7e,5,0.7219280948873623,0.31091750708257115,2,4,0.8,F12 H1 U13:4 | F12 H1 U13 U4:1
natural_tight,6df59e956a95,5,1.3709505944546687,0.5904362833084089,3,3,0.6,F12 U13 U4:3 | F12 H1 J12 J345 U13:1 | F12 H1 U13:1
natural_tight,6e3fc24135dd,5,0.9709505944546686,0.4181656600790516,2,3,0.6,F12 F3 U13 U4:3 | F12 U13 U4:2
natural_tight,6e65a2b06b3e,5,1.5219280948873621,0.6554587535412855,3,2,0.4,F12 F3 U13 U4:2 | F12 U13 U4:2 | F12 F3 H1 U13:1
natural_tight,6ebaa814e4ad,5,1.9219280948873623,0.8277293767706428,4,2,0.4,F12 H1 U13:2 | F12 U13 U4:1 | F12:1 | F12 H1 J12 J345 U13:1
natural_tight,70d66563e84a,5,1.5219280948873621,0.6554587535412855,3,2,0.4,F12 H1 U13 U4:2 | F12 U13 U4:2 | F12 F3 H1 U13:1
natural_tight,72eed7e29e02,5,0.7219280948873623,0.31091750708257115,2,4,0.8,F12 U13 U4:4 | F12 H1 U13:1
natural_tight,7415e35108cc,5,1.9219280948873623,0.8277293767706428,4,2,0.4,F12 U13 U4:2 | F12 F3 U13 U4:1 | F12 S1 U13 U4:1 | F12 H1 U13:1
natural_tight,74fb44a7acc9,5,1.3709505944546687,0.5904362833084089,3,3,0.6,S1:3 | H1 J12 S1 U13:1 | S1 U13 U4:1
natural_tight,754832888538,5,1.5219280948873621,0.6554587535412855,3,2,0.4,F12 H1 U13:2 | F12 F3 U13 U4:2 | F12 U13 U4:1
natural_tight,760bf1553c4d,5,1.3709505944546687,0.5904362833084089,3,3,0.6,F12 H1 U13:3 | F12 H1 U13 U4:1 | F12 F3 H1 U13:1
natural_tight,774568d1460a,5,0.7219280948873623,0.31091750708257115,2,4,0.8,S1 U13 U4:4 | S1:1
natural_tight,77e8cca793fb,5,1.9219280948873623,0.8277293767706428,4,2,0.4,S1 U13 U4:2 | S1:1 | J12 S1 U13 U4:1 | H1 S1 U13:1
natural_tight,7803d9a85054,5,0.9709505944546686,0.4181656600790516,2,3,0.6,S1 U13 U4:3 | H1 S1 U13:2
natural_tight,78230d2a0091,5,1.3709505944546687,0.5904362833084089,3,3,0.6,F12 H1 U13:3 | F12 H1 U13 U4:1 | F12 F3 U13 U4:1
natural_tight,7a02d7111976,5,1.9219280948873623,0.8277293767706428,4,2,0.4,F12 U13 U4:2 | F12 S1 U13 U4:1 | F12 H1 U13:1 | F12 H1 S1 U13 U4:1
natural_tight,7a7a77e77a46,5,1.3709505944546687,0.5904362833084089,3,3,0.6,F12 U13 U4:3 | F12 U13:1 | F12 H1 U13:1
natural_tight,7b77237aee10,5,1.5219280948873621,0.6554587535412855,3,2,0.4,H1 S1 U13:2 | S1 U13 U4:2 | S1 U13:1
natural_tight,7c3d9a994e6f,5,1.3709505944546687,0.5904362833084089,3,3,0.6,S1:3 | S1 U13 U4:1 | H1 J12 S1 U13:1
natural_tight,7cebf4fe20ee,5,1.9219280948873623,0.8277293767706428,4,2,0.4,F12 H1 U13 U4:2 | F12 F3 U13 U4:1 | F12 H1 J12 J345 U13:1 | F12 F3 H1 U13 U4:1
natural_tight,7df672f007f4,5,1.3709505944546687,0.5904362833084089,3,3,0.6,S1 U13 U4:3 | H1 J12 S1 U13 U4:1 | H1 S1 U13:1
natural_tight,7e30c8259061,5,1.3709505944546687,0.5904362833084089,3,3,0.6,S1:3 | H1 S1 U13:1 | S1 U13 U4:1
natural_tight,7e49e32d201b,5,1.9219280948873623,0.8277293767706428,4,2,0.4,F12 U13 U4:2 | F12 H1 U13:1 | F12 J12 U13:1 | F12 H1 J12 U13:1
natural_tight,7e6b0d276a55,5,0.9709505944546686,0.4181656600790516,2,3,0.6,S1 U13 U4:3 | H1 S1 U13:2
natural_tight,7f427673957c,5,1.9219280948873623,0.8277293767706428,4,2,0.4,F12 U13 U4:2 | F12 F3 J12 U13:1 | F12 H1 U13:1 | F12 F3 U13 U4:1
natural_tight,7f45c1d942fc,5,1.5219280948873621,0.6554587535412855,3,2,0.4,F12 H1 U13 U4:2 | F12 H1 U13:2 | F12 F3 H1 U13:1
natural_tight,805f4872bae8,5,1.3709505944546687,0.5904362833084089,3,3,0.6,F12 U13 U4:3 | F12 F3 H1 U13:1 | F12 F3 U13 U4:1
natural_tight,8078cef39704,5,1.9219280948873623,0.8277293767706428,4,2,0.4,F12 H1 U13:2 | F12 H1 U13 U4:1 | F12 F3 H1 J12 J345 U13:1 | F12 H1 S1 U13:1
natural_tight,80db6dd984d5,5,1.9219280948873623,0.8277293767706428,4,2,0.4,F12 U13 U4:2 | F12 F3 H1 U13:1 | F12 J12 J345 U13 U4:1 | F12 F3 H1 J12 J345 U13:1
natural_tight,8132df5e7a12,5,2.321928094887362,1.0,5,1,0.2,F12 F3 H1 J12 J345 U13:1 | F12 U13 U4:1 | F12 H1 U13 U4:1 | F12 F3 U13 U4:1 | F12 H1 J12 J345 U13 U4:1
natural_tight,81607c6d9629,5,1.5219280948873621,0.6554587535412855,3,2,0.4,F12 H1 U13:2 | F12 U13 U4:2 | F12 U13:1
natural_tight,81a87f78403c,5,1.3709505944546687,0.5904362833084089,3,3,0.6,F12 U13 U4:3 | H1 U13:1 | F12 F3 U13 U4:1
natural_tight,83b57a05ab3c,5,1.3709505944546687,0.5904362833084089,3,3,0.6,F12 U13 U4:3 | F12 F3:1 | F12 H1 S1 U13 U4:1
natural_tight,849b8319a75f,5,0.9709505944546686,0.4181656600790516,2,3,0.6,S1:3 | S1 U13 U4:2
natural_tight,86090feb7a89,5,0.9709505944546686,0.4181656600790516,2,3,0.6,H1 S1 U13:3 | S1 U13 U4:2
natural_tight,87ecf58e6b0c,5,1.9219280948873623,0.8277293767706428,4,2,0.4,F12 F3 H1 U13:2 | F12 F3 H1 U13 U4:1 | F12 F3 H1 J12 U13:1 | F12 H1 J12 U13:1
natural_tight,8a4969fb9f3f,5,1.5219280948873621,0.6554587535412855,3,2,0.4,F12 F3 H1 U13:2 | F12 H1 U13:2 | F12 U13 U4:1
natural_tight,8b87a89244e2,5,1.5219280948873621,0.6554587535412855,3,2,0.4,S1:2 | H1 S1 U13:2 | S1 U13 U4:1
natural_tight,8ba39229aeac,5,1.9219280948873623,0.8277293767706428,4,2,0.4,F12 U13 U4:2 | F12 F3 H1 U13:1 | F12 H1 S1 U13:1 | F12 S1 U13 U4:1
natural_tight,8ca47f754a8b,5,1.5219280948873621,0.6554587535412855,3,2,0.4,F12 F3 H1 U13 U4:2 | F12 U13 U4:2 | F12 F3 H1 U13:1
natural_tight,8cfe1edbd00f,5,1.9219280948873623,0.8277293767706428,4,2,0.4,S1 U13:2 | H1 S1 U13:1 | S1 U13 U4:1 | J12 S1 U13:1
natural_tight,8e335947c0e1,5,1.5219280948873621,0.6554587535412855,3,2,0.4,F12 U13 U4:2 | F12 H1 U13 U4:2 | F12 F3 U13 U4:1
natural_tight,8e3c2e92cbc0,5,0.9709505944546686,0.4181656600790516,2,3,0.6,F12 U13 U4:3 | F12 F3 U13 U4:2
natural_tight,8e440b80a157,5,1.3709505944546687,0.5904362833084089,3,3,0.6,F12 U13 U4:3 | F12 F3 H1 U13 U4:1 | F12 F3 H1 U13:1
natural_tight,9002b1ff928f,5,0.0,0.0,1,5,1.0,S1:5
natural_tight,90b23b744311,5,0.9709505944546686,0.4181656600790516,2,3,0.6,S1 U13 U4:3 | H1 S1 U13:2
natural_tight,9167dfcb1faa,5,1.9219280948873623,0.8277293767706428,4,2,0.4,F12 H1 U13:2 | F12 U13 U4:1 | F12 F3 H1 U13:1 | F12 F3 S1 U13:1
natural_tight,91987904b44b,5,1.3709505944546687,0.5904362833084089,3,3,0.6,S1:3 | S1 U13:1 | H1 S1 U13:1
natural_tight,93630e0a3d67,5,0.7219280948873623,0.31091750708257115,2,4,0.8,F12 U13 U4:4 | F12 H1 U13:1
natural_tight,942b571c83ec,5,1.9219280948873623,0.8277293767706428,4,2,0.4,F12 F3 H1 U13 U4:2 | F12 F3 H1 J12 J345 U13:1 | F12 H1 J12 J345 U13:1 | F12 H1 S1 U13:1
natural_tight,94bc5a480449,5,0.9709505944546686,0.4181656600790516,2,3,0.6,S1:3 | S1 U13:2
natural_tight,94bf93368c00,5,1.3709505944546687,0.5904362833084089,3,3,0.6,F12 F3 U13 U4:3 | F12 F3 H1 U13:1 | F12 F3 U13:1
natural_tight,953cf8b9cd02,5,0.9709505944546686,0.4181656600790516,2,3,0.6,S1:3 | S1 U13 U4:2
natural_tight,9623f8400850,5,1.9219280948873623,0.8277293767706428,4,2,0.4,F12 H1 U13:2 | F12 F3 H1 U13:1 | F12 F3 U13 U4:1 | F12 H1 U13 U4:1
natural_tight,96e911c67649,5,1.9219280948873623,0.8277293767706428,4,2,0.4,F12 U13 U4:2 | F12 F3 U13 U4:1 | F12 F3 H1 U13:1 | F12 H1 U13:1
natural_tight,97abaa333a90,5,1.3709505944546687,0.5904362833084089,3,3,0.6,F12 F3 U13 U4:3 | F12 U13 U4:1 | F12 F3 H1 U13:1
natural_tight,9906ba89a54d,5,0.0,0.0,1,5,1.0,S1 U13 U4:5
natural_tight,99d069fa1546,5,1.9219280948873623,0.8277293767706428,4,2,0.4,S1 U13 U4:2 | H1 S1 U13:1 | H1 S1 U13 U4:1 | S1:1
natural_tight,9a9eff6df503,5,1.3709505944546687,0.5904362833084089,3,3,0.6,F12 U13 U4:3 | F12 F3 H1 U13:1 | F12 F3 U13 U4:1
natural_tight,9b00fd3c63f5,5,0.9709505944546686,0.4181656600790516,2,3,0.6,S1 U13 U4:3 | S1:2
natural_tight,9b8faec4d9b1,5,0.9709505944546686,0.4181656600790516,2,3,0.6,F12 U13 U4:3 | F12 H1 U13:2
natural_tight,9bbcadeaa0fa,5,2.321928094887362,1.0,5,1,0.2,F12 F3 U13 U4:1 | F12 H1 U13:1 | F12 H1 U13 U4:1 | F12 F3 H1 U13 U4:1 | F12 U13 U4:1
natural_tight,9bef5c2501ee,5,1.5219280948873621,0.6554587535412855,3,2,0.4,F12 F3 H1 U13:2 | F12 U13 U4:2 | F12 F3 U13 U4:1
natural_tight,9d41a00a9c93,5,1.3709505944546687,0.5904362833084089,3,3,0.6,S1 U13 U4:3 | H1 J12 S1 U13:1 | H1 S1 U13:1
natural_tight,9dfe141cf391,5,1.3709505944546687,0.5904362833084089,3,3,0.6,F12 U13 U4:3 | F12 F3 H1 U13:1 | F12 F3 U13 U4:1
natural_tight,9fd1f741bc64,5,1.9219280948873623,0.8277293767706428,4,2,0.4,F12 U13 U4:2 | F12 H1 U13:1 | F12 F3 U13 U4:1 | F12 F3 J12 U13:1
natural_tight,a03d48541430,5,1.3709505944546687,0.5904362833084089,3,3,0.6,F12 F3 U13 U4:3 | F12 H1 U13:1 | F12 F3 H1 U13 U4:1
natural_tight,a0b20e4df225,5,1.3709505944546687,0.5904362833084089,3,3,0.6,S1:3 | H1 S1 U13:1 | S1 U13 U4:1
natural_tight,a0def0e8f780,5,1.9219280948873623,0.8277293767706428,4,2,0.4,H1 S1 U13:2 | S1 U13 U4:1 | S1:1 | S1 U2 U4:1
natural_tight,a21113615ced,5,0.9709505944546686,0.4181656600790516,2,3,0.6,F12 F3 H1 U13:3 | F12 F3 U13 U4:2
natural_tight,a2ee1ad7e572,5,2.321928094887362,1.0,5,1,0.2,F12 H1 J12 J345 U13:1 | F12 F3 H1 U13:1 | F12 U13 U4:1 | F12 H1 U13:1 | F12 F3 U13 U4:1
natural_tight,a32fbd13c2e3,5,1.3709505944546687,0.5904362833084089,3,3,0.6,F12 U13 U4:3 | F12 H1 U13:1 | F12 U13:1
natural_tight,a41084c34754,5,1.5219280948873621,0.6554587535412855,3,2,0.4,F12 H1 U13:2 | F12 H1 J12 J345 U13:2 | F12 U13 U4:1
natural_tight,a4265bd21da8,5,0.9709505944546686,0.4181656600790516,2,3,0.6,S1:3 | S1 U13 U4:2
natural_tight,a44c5fe6a989,5,1.5219280948873621,0.6554587535412855,3,2,0.4,S1:2 | S1 U13 U4:2 | H1 S1 U13:1
natural_tight,a45c83f69ba7,5,1.5219280948873621,0.6554587535412855,3,2,0.4,S1 U13 U4:2 | S1:2 | H1 S1 U13:1
natural_tight,a5e0df042d50,5,0.7219280948873623,0.31091750708257115,2,4,0.8,F12 U13 U4:4 | F12 H1 U13:1
natural_tight,a69a5c9bdd1d,5,1.9219280948873623,0.8277293767706428,4,2,0.4,F12 F3 U13 U4:2 | F12 U13 U4:1 | F12 J12 J345 U13 U4:1 | F12 H1 U13:1
natural_tight,a82568887b73,5,1.9219280948873623,0.8277293767706428,4,2,0.4,F12 H1 U13:2 | F12 F3 H1 U13:1 | F12 F3 U13 U4:1 | F12 U13 U4:1
natural_tight,ad4a3ebaa5bc,5,1.3709505944546687,0.5904362833084089,3,3,0.6,F12 H1 U13:3 | F12 U13 U4:1 | F12 H1 J12 J345 U13:1
natural_tight,ae184ed23fd2,5,1.9219280948873623,0.8277293767706428,4,2,0.4,F12 H1 J12 J345 U13 U4:2 | F12 F3 H1 J12 J345 U13:1 | F12 U13 U4:1 | F12 F3 U13 U4:1
natural_tight,aebd35259e42,5,1.5219280948873621,0.6554587535412855,3,2,0.4,F12 H1 U13:2 | F12 U13 U4:2 | F12 F3 H1 U13:1
natural_tight,afe283c2f92e,5,2.321928094887362,1.0,5,1,0.2,F12 H1 U13:1 | F12 F3 H1 U13:1 | F12 F3 H1 U13 U4:1 | F12 U13 U4:1 | F12 F3 U13 U4:1
natural_tight,b0c69164f2c2,5,1.3709505944546687,0.5904362833084089,3,3,0.6,S1:3 | S1 U13 U4:1 | S1 U13:1
natural_tight,b2790c4ddf09,5,1.5219280948873621,0.6554587535412855,3,2,0.4,F12 F3 U13 U4:2 | F12 U13 U4:2 | F12 H1 U13:1
natural_tight,b38b2a0c0e03,5,1.3709505944546687,0.5904362833084089,3,3,0.6,F12 U13 U4:3 | F12 H1 U13:1 | F12 F3 H1 U13 U4:1
natural_tight,b498f4cd8561,5,1.5219280948873621,0.6554587535412855,3,2,0.4,F12 U13 U4:2 | F12 H1 U13:2 | F12 F3 U13 U4:1
natural_tight,b4b46e41a207,5,1.5219280948873621,0.6554587535412855,3,2,0.4,F12 F3 H1 U13:2 | F12 H1 U13:2 | F12 U13 U4:1
natural_tight,b71b3713bf7e,5,1.5219280948873621,0.6554587535412855,3,2,0.4,H1 S1 U13:2 | S1:2 | S1 U13:1
natural_tight,b73f5ed4014d,5,1.3709505944546687,0.5904362833084089,3,3,0.6,F12 F3 H1 U13:3 | F12 U13 U4:1 | F12 F3 U13 U4:1
natural_tight,b747c4e5f4ac,5,1.9219280948873623,0.8277293767706428,4,2,0.4,F12 U13 U4:2 | F12 S1 U13 U4:1 | S1 U13 U4:1 | F12 F3 U13 U4:1
natural_tight,b7ab98dbfd54,5,1.3709505944546687,0.5904362833084089,3,3,0.6,F12 U13 U4:3 | F12 H1 U13:1 | F12 F3 H1 U13:1
natural_tight,b8c47f333bb5,5,1.5219280948873621,0.6554587535412855,3,2,0.4,S1 U13 U4:2 | H1 S1 U13:2 | S1:1
natural_tight,ba1df2e0ede2,5,1.9219280948873623,0.8277293767706428,4,2,0.4,F12 J12 U13 U4:2 | F12 H1 J12 J345 U13:1 | F12 H1 U13:1 | F12 F3 J12 U13 U4:1
natural_tight,ba73af4e78a2,5,0.0,0.0,1,5,1.0,F12 U13 U4:5
natural_tight,baca3b71517c,5,1.5219280948873621,0.6554587535412855,3,2,0.4,F12 F3 H1 U13:2 | F12 H1 U13 U4:2 | F12 F3 H1 J12 J345 U13:1
natural_tight,bb4148602b38,5,1.5219280948873621,0.6554587535412855,3,2,0.4,F12 U13 U4:2 | F12 H1 U13:2 | F12 F3 U13 U4:1
natural_tight,bbea276f3086,5,2.321928094887362,1.0,5,1,0.2,F12 U13 U4:1 | F12 H1 U13 U4:1 | F12 H1 U13:1 | F12 H1 J12 J345 U13:1 | F12 H1 J12 J345 U13 U4:1
natural_tight,bbf0a1f63b46,5,1.3709505944546687,0.5904362833084089,3,3,0.6,F12 U13 U4:3 | F12 H1 J12 J345 U13 U4:1 | F12 H1 S1 U13:1
natural_tight,be79c347aa60,5,1.3709505944546687,0.5904362833084089,3,3,0.6,F12 F3 H1 U13:3 | F12 F3 H1 U13 U4:1 | F12 U13 U4:1
natural_tight,bee5861ae116,5,1.5219280948873621,0.6554587535412855,3,2,0.4,F12 H1 U13:2 | F12 U13 U4:2 | F12 U13:1
natural_tight,bf53db1c5f96,5,1.9219280948873623,0.8277293767706428,4,2,0.4,F12 H1 U13 U4:2 | F12 F3 U13 U4:1 | F12 F3 H1 U13:1 | F12 H1 U13:1
natural_tight,bfc9fd64bb7b,5,0.9709505944546686,0.4181656600790516,2,3,0.6,F12 U13 U4:3 | F12 F3 H1 U13:2
natural_tight,c080e2571f6a,5,1.9219280948873623,0.8277293767706428,4,2,0.4,F12 H1 U13:2 | F12 U13 U4:1 | F12 F3 H1 U13:1 | F12 F3 J12 J345 U13:1
natural_tight,c1ee1d19767b,5,2.321928094887362,1.0,5,1,0.2,F12 H1 U13:1 | F12 H1 U13 U4:1 | F12 F3 J12 U13:1 | F12 H1 J12 J345 U13:1 | F12 H1 J12 U13:1
natural_tight,c37b7a2d4ebd,5,1.3709505944546687,0.5904362833084089,3,3,0.6,S1 U13 U4:3 | H1 J12 S1 U13:1 | H1 S1 U13:1
natural_tight,c3a619319924,5,0.9709505944546686,0.4181656600790516,2,3,0.6,S1 U13 U4:3 | H1 S1 U13:2
natural_tight,c6fa35b52649,5,2.321928094887362,1.0,5,1,0.2,S1 U13 U4:1 | S1 U2:1 | H1 S1 U13:1 | S1:1 | S1 U13:1
natural_tight,c7436f1e497c,5,2.321928094887362,1.0,5,1,0.2,F12 F3 H1 U13 U4:1 | F12 U13 U4:1 | F12 H1 U13 U4:1 | F12 H1 U13:1 | F12 F3 H1 U13:1
natural_tight,c7550543387f,5,1.5219280948873621,0.6554587535412855,3,2,0.4,F12 H1 U13:2 | F12 U13 U4:2 | F12 H1 U13 U4:1
natural_tight,c8b99a321068,5,0.7219280948873623,0.31091750708257115,2,4,0.8,S1:4 | S1 U13 U4:1
natural_tight,c95cf215efb4,5,1.3709505944546687,0.5904362833084089,3,3,0.6,F12 U13 U4:3 | F12 H1 U13 U4:1 | F12 H1 U13:1
natural_tight,c9b8620edc48,5,0.9709505944546686,0.4181656600790516,2,3,0.6,S1:3 | S1 U13 U4:2
natural_tight,c9d423f4830b,5,1.5219280948873621,0.6554587535412855,3,2,0.4,F12 F3 U13 U4:2 | F12 H1 U13:2 | F12 J12 J345 U13 U4:1
natural_tight,c9f7d2e17c2a,5,1.5219280948873621,0.6554587535412855,3,2,0.4,S1:2 | S1 U13 U4:2 | H1 S1 U13 U4:1
natural_tight,cb577e429912,5,1.3709505944546687,0.5904362833084089,3,3,0.6,F12 U13 U4:3 | F12 F3 U13 U4:1 | F12 H1 U13 U4:1
natural_tight,cb74cfb960dd,5,1.5219280948873621,0.6554587535412855,3,2,0.4,H1 S1 U13:2 | S1:2 | S1 U13 U4:1
natural_tight,cb8d47011c7b,5,1.9219280948873623,0.8277293767706428,4,2,0.4,F12 H1 U13:2 | F12 F3 U13 U4:1 | F12 H1 J12 U13:1 | F12 U13 U4:1
natural_tight,cd161c6d2917,5,0.0,0.0,1,5,1.0,F12 U13 U4:5
natural_tight,cd554c210646,5,1.9219280948873623,0.8277293767706428,4,2,0.4,S1 U13 U4:2 | F12 H1 U13:1 | H1 S1 U13:1 | F12 F3 U13 U4:1
natural_tight,cd9b0d4387fc,5,1.9219280948873623,0.8277293767706428,4,2,0.4,F12 F3 H1 U13:2 | F12 H1 U13:1 | F12 F3 U13 U4:1 | F12 F3 H1 J12 J345 U13:1
natural_tight,ce0620750a2c,5,1.5219280948873621,0.6554587535412855,3,2,0.4,F12 H1 U13:2 | F12 U13 U4:2 | F12 J12 J345 U13:1
natural_tight,cf3cfeed36df,5,1.9219280948873623,0.8277293767706428,4,2,0.4,F12 H1 U13:2 | F12 F3 U13 U4:1 | F12 F3 H1 U13 U4:1 | F12 F3 H1 U13:1
natural_tight,cfa9b6bdca54,5,1.9219280948873623,0.8277293767706428,4,2,0.4,F12 H1 J12 J345 U13:2 | F12 H1 U13 U4:1 | F12 H1 J12 J345 U13 U4:1 | F12 H1 U13:1
natural_tight,cfec2db4e8d7,5,1.5219280948873621,0.6554587535412855,3,2,0.4,F12 U13 U4:2 | F12 F3 U13 U4:2 | F12 H1 U13 U4:1
natural_tight,d2148c314266,5,1.3709505944546687,0.5904362833084089,3,3,0.6,F12 F3 H1 U13:3 | F12 F3 H1 J12 J345 U13:1 | F12 H1 U13:1
natural_tight,d4cdd75dc42a,5,1.3709505944546687,0.5904362833084089,3,3,0.6,F12 F3 U13 U4:3 | F12 H1 J12 J345 U13:1 | F12 F3 S1 U13 U4:1
natural_tight,d6342c6ebaac,5,1.3709505944546687,0.5904362833084089,3,3,0.6,F12 U13 U4:3 | F12 H1 U13 U4:1 | F12 H1 J12 U13 U4:1
natural_tight,d64e8b13bb9b,5,2.321928094887362,1.0,5,1,0.2,F12 F3 J12 U13 U4:1 | F12 H1 U13:1 | F12 F3 H1 U13:1 | S1:1 | F12 H1 U13 U4:1
natural_tight,d6ba0fff7766,5,2.321928094887362,1.0,5,1,0.2,F12 F3 H1 U13:1 | F12 H1 J12 J345 U13:1 | F12 H1 J12 U13:1 | F12 J12 U13 U4:1 | F12 H1 U13:1
natural_tight,d75b4cbb6504,5,0.9709505944546686,0.4181656600790516,2,3,0.6,H1 S1 U13:3 | S1 U13 U4:2
natural_tight,d7edd402f862,5,1.5219280948873621,0.6554587535412855,3,2,0.4,F12 F3 U13 U4:2 | F12 U13 U4:2 | F12 H1 U13 U4:1
natural_tight,d8dfa8ae12d2,5,1.3709505944546687,0.5904362833084089,3,3,0.6,S1 U13 U4:3 | S1:1 | H1 J12 S1 U13:1
natural_tight,d912436f2119,5,0.9709505944546686,0.4181656600790516,2,3,0.6,S1 U13 U4:3 | S1:2
natural_tight,dab8bf6d9681,5,1.3709505944546687,0.5904362833084089,3,3,0.6,F12 U13 U4:3 | F12 H1 U13 U4:1 | F12 H1 U13:1
natural_tight,db6b212b08de,5,1.9219280948873623,0.8277293767706428,4,2,0.4,F12 H1 U13:2 | F12 J12 J345 U13:1 | F12 U13 U4:1 | F12 J12 U13 U4:1
natural_tight,dbc0cd127ca0,5,1.3709505944546687,0.5904362833084089,3,3,0.6,S1:3 | S1 U13 U4:1 | H1 J12 S1 U13:1
natural_tight,dceec3c64e83,5,1.9219280948873623,0.8277293767706428,4,2,0.4,F12 F3 U13 U4:2 | F12 H1 U13 U4:1 | F12 F3 H1 U13:1 | F12 F3 H1 U13 U4:1
natural_tight,dd9481d7200f,5,1.3709505944546687,0.5904362833084089,3,3,0.6,F12 U13 U4:3 | F12 F3 H1 U13:1 | F12 F3 U13 U4:1
natural_tight,e09ebc09591c,5,1.5219280948873621,0.6554587535412855,3,2,0.4,F12 F3 U13 U4:2 | F12 F3 H1 U13:2 | F12 U13 U4:1
natural_tight,e0c26c29dd33,5,0.9709505944546686,0.4181656600790516,2,3,0.6,S1 U13 U4:3 | S1:2
natural_tight,e214388abd4f,5,0.7219280948873623,0.31091750708257115,2,4,0.8,H1 S1 U13:4 | S1:1
natural_tight,e2827a5d260a,5,1.3709505944546687,0.5904362833084089,3,3,0.6,F12 H1 U13:3 | F12 H1 J12 J345 U13:1 | F12 H1 U13 U4:1
natural_tight,e2aa21641a6f,5,1.5219280948873621,0.6554587535412855,3,2,0.4,S1:2 | H1 S1 U13:2 | S1 U13:1
natural_tight,e4745f13bbb4,5,1.9219280948873623,0.8277293767706428,4,2,0.4,F12 U13 U4:2 | F12 H1 U13 U4:1 | F12 F3 H1 J12 J345 U13:1 | F12 H1 U13:1
natural_tight,e57564408718,5,1.9219280948873623,0.8277293767706428,4,2,0.4,S1 U13:2 | H1 S1 U13 U4:1 | H1 S1 U13:1 | S1 U13 U4:1
natural_tight,e588129c3f2f,5,1.9219280948873623,0.8277293767706428,4,2,0.4,F12 F3 U13 U4:2 | F12 U13 U4:1 | F12 H1 U13:1 | F12 H1 U13 U4:1
natural_tight,e5cd0826ccfa,5,1.9219280948873623,0.8277293767706428,4,2,0.4,S1 U13 U4:2 | S1:1 | H1 U13:1 | H1 S1 U13:1
natural_tight,e68e6ab7e5af,5,1.5219280948873621,0.6554587535412855,3,2,0.4,H1 S1 U13:2 | S1 U13 U4:2 | S1:1
natural_tight,ea1f6637fdad,5,1.5219280948873621,0.6554587535412855,3,2,0.4,F12 F3 H1 U13:2 | F12 F3 U13 U4:2 | F12 U13 U4:1
natural_tight,eb081c1ea631,5,0.9709505944546686,0.4181656600790516,2,3,0.6,F12 U13 U4:3 | F12 F3 U13 U4:2
natural_tight,ec36fab3fcd8,5,1.9219280948873623,0.8277293767706428,4,2,0.4,H1 S1 U13:2 | S1:1 | S1 U13 U4:1 | S1 U13:1
natural_tight,ed25d91cd910,5,1.9219280948873623,0.8277293767706428,4,2,0.4,F12 H1 U13 U4:2 | F12 F3 H1 U13:1 | F12 H1 J12 J345 U13 U4:1 | F12 J12 U13 U4:1
natural_tight,ee5e2d9e72a7,5,1.9219280948873623,0.8277293767706428,4,2,0.4,F12 F3 H1 U13:2 | F12 U13 U4:1 | F12 H1 U13 U4:1 | F12 H1 U13:1
natural_tight,ef9277c4054f,5,1.5219280948873621,0.6554587535412855,3,2,0.4,S1 U13 U4:2 | S1:2 | H1 S1 U13:1
natural_tight,f19c50362dd0,5,1.9219280948873623,0.8277293767706428,4,2,0.4,F12 F3 H1 U13:2 | F12 U13 U4:1 | F12 H1 U13:1 | F12 F3 U13 U4:1
natural_tight,f301c4c40fe7,5,1.5219280948873621,0.6554587535412855,3,2,0.4,F12 F3 U13 U4:2 | F12 U13 U4:2 | F12 H1 U13:1
natural_tight,f37e85a4c407,5,1.9219280948873623,0.8277293767706428,4,2,0.4,F12 H1 U13:2 | F12 H1 J12 J345 U13:1 | F12 U13 U4:1 | F12 H1 J345 U13:1
natural_tight,f3cbf2089cd8,5,1.9219280948873623,0.8277293767706428,4,2,0.4,H1 S1 U13:2 | H1 J12 S1 U13:1 | S1:1 | S1 U13 U4:1
natural_tight,f47252c3b412,5,1.5219280948873621,0.6554587535412855,3,2,0.4,F12 F3 U13 U4:2 | F12 U13 U4:2 | F12 F3 H1 U13:1
natural_tight,f4f868eb242a,5,0.7219280948873623,0.31091750708257115,2,4,0.8,S1:4 | S1 U13 U4:1
natural_tight,f57b85b8c16e,5,0.9709505944546686,0.4181656600790516,2,3,0.6,F12 H1 U13:3 | F12 H1 U13 U4:2
natural_tight,f59b70069029,5,1.3709505944546687,0.5904362833084089,3,3,0.6,S1:3 | H1 S1 U13:1 | S1 U13 U4:1
natural_tight,f59c1123c57c,5,1.3709505944546687,0.5904362833084089,3,3,0.6,F12 U13 U4:3 | F12 F3 H1 J12 J345 U13:1 | F12 H1 U13:1
natural_tight,fa936747b53e,5,0.7219280948873623,0.31091750708257115,2,4,0.8,S1 U13 U4:4 | H1 S1 U13:1
natural_tight,fad7d84a6b2b,5,1.9219280948873623,0.8277293767706428,4,2,0.4,F12 F3 U13 U4:2 | F12 H1 U13:1 | F12 U13 U4:1 | F12 F3 H1 U13:1
natural_tight,fb0061bbb89c,5,1.9219280948873623,0.8277293767706428,4,2,0.4,F12 F3 H1 U13:2 | F12 F3 H1 U13 U4:1 | F12 F3 J12 U13 U4:1 | F12 H1 U13:1
natural_tight,fb5a123a805f,5,0.7219280948873623,0.31091750708257115,2,4,0.8,F12 U13 U4:4 | F12 H1 U13:1
natural_tight,fb78cd234795,5,1.9219280948873623,0.8277293767706428,4,2,0.4,H1 S1 U13 U4:2 | S1:1 | H1 S1 U13:1 | S1 U13 U4:1
natural_tight,fc1af8998b89,5,1.5219280948873621,0.6554587535412855,3,2,0.4,S1:2 | H1 S1 U13:2 | S1 U13 U4:1
natural_tight,fc51297a412d,5,1.3709505944546687,0.5904362833084089,3,3,0.6,F12 H1 U13:3 | F12 U13 U4:1 | F12 J12 J345 U13 U4:1
natural_tight,fcd053a713e3,5,1.5219280948873621,0.6554587535412855,3,2,0.4,F12 U13 U4:2 | F12 H1 U13:2 | F12 H1 U13 U4:1
natural_tight,fcee27de1d97,5,2.321928094887362,1.0,5,1,0.2,F12 F3 U13 U4:1 | F12 H1 U13:1 | F12 H1 J12 J345 U13:1 | F12 H1 J12 J345 U13 U4:1 | F12 U13 U4:1
natural_tight,fd5adc3e3a3a,5,1.5219280948873621,0.6554587535412855,3,2,0.4,F12 U13 U4:2 | F12 F3 H1 U13:2 | F12 H1 U13:1
natural_tight,fe727d4718be,5,1.5219280948873621,0.6554587535412855,3,2,0.4,F12 H1 U13:2 | F12 U13 U4:2 | F12 F3 U13 U4:1
natural_tight,ff5570d33911,5,1.3709505944546687,0.5904362833084089,3,3,0.6,S1 U13 U4:3 | H1 S1 U13:1 | F12 H1 U13:1
j_only,01d3ad510b42,5,1.3709505944546687,0.5904362833084089,3,3,0.6,S1 U1 U4:3 | S1 U1 U3 U4:1 | H1 S1 U1 U3:1
j_only,02de4bafb196,5,1.9219280948873623,0.8277293767706428,4,2,0.4,F1 F2 F3 H1 U1 U3:2 | F1 F2 F3 U1 U4:1 | F1 F2 F3 J12 J345 U1 U3 U4:1 | F1 F2 H1 U1 U3 U4:1
j_only,039ed8d2c4fe,5,2.321928094887362,1.0,5,1,0.2,F1 F2 F3 H1 U1 U3:1 | F1 F2 F3 J12 U1 U3 U4:1 | F1 F2 H1 J12 J345 U1:1 | F1 F2 U1 U3 U4:1 | F1 F2 F3 J12 J345 U1 U3 U4:1
j_only,04278d8d1006,5,0.7219280948873623,0.31091750708257115,2,4,0.8,S1:4 | S1 U1 U4:1
j_only,043aa1b0134c,5,1.9219280948873623,0.8277293767706428,4,2,0.4,F1 F2 U1 U3 U4:2 | F2 U1 U3 U4:1 | F1 F2 H1 U1 U3:1 | F1 F2 H1 U1 U3 U4:1
j_only,046e6d52bc8e,5,1.5219280948873621,0.6554587535412855,3,2,0.4,S1:2 | S1 U1 U4:2 | H1 S1 U1 U3:1
j_only,04827fb71269,5,1.3709505944546687,0.5904362833084089,3,3,0.6,S1:3 | S1 U1 U4:1 | S1 U1:1
j_only,04f6f12c9dd1,5,1.9219280948873623,0.8277293767706428,4,2,0.4,F1 F2 F3 H1 U1 U3:2 | F1 F2 U1 U3 U4:1 | F1 F2 F3 U1 U3 U4:1 | F1 F2 F3 H1 U1 U3 U4:1
j_only,0686dccb5baa,5,1.9219280948873623,0.8277293767706428,4,2,0.4,F1 F2 U1 U3 U4:2 | F2 U1 U3 U4:1 | F1 F2 U1 U4:1 | F2 H1 U1 U3 U4:1
j_only,0688cd1db5ca,5,1.5219280948873621,0.6554587535412855,3,2,0.4,F1 F2 U1 U3 U4:2 | F1 F2 F3 U1 U3 U4:2 | F2 U1 U3 U4:1
j_only,06ed3c1819be,5,2.321928094887362,1.0,5,1,0.2,F1 F2 U1 U3 U4:1 | F2 H1 J12 J345 U1 U3:1 | F1 F2 H1 U1 U3:1 | F2 F3 H1 J12 J345 U1:1 | F1 F2 F3 H1 J12 J345 U1 U3:1
j_only,084b592e02b3,5,1.5219280948873621,0.6554587535412855,3,2,0.4,F2 H1 U1 U3:2 | F2 U1 U3 U4:2 | F2 U1 U3:1
j_only,088747fa7d04,5,1.9219280948873623,0.8277293767706428,4,2,0.4,S1:2 | H1 S1 U1:1 | S1 U1 U4:1 | H1 S1 U1 U3:1
j_only,08ad0e53abb1,5,0.9709505944546686,0.4181656600790516,2,3,0.6,H1 S1 U1 U3:3 | H1 J12 S1 U1:2
j_only,0a81f336c8fb,5,2.321928094887362,1.0,5,1,0.2,F1 F2 F3 H1 U1 U3:1 | F1 F2 U1 U3 U4:1 | F2 H1 U1 U3:1 | F1 F2 H1 U1 U3:1 | F1 F2 F3 J12 U1 U3 U4:1
j_only,0adf2d15eb47,5,2.321928094887362,1.0,5,1,0.2,F1 F2 U1 U4:1 | F1 F2 U1 U3 U4:1 | F1 F2 F3 H1 U1 U3:1 | F2 H1 U1 U3:1 | F1 F2 F3 U1 U3 U4:1
j_only,0b6eb6e593c5,5,0.9709505944546686,0.4181656600790516,2,3,0.6,S1 U1 U4:3 | H1 S1 U1 U3:2
j_only,0bf1eff0c800,5,1.9219280948873623,0.8277293767706428,4,2,0.4,F1 F2 U1 U3 U4:2 | F2 H1 S1 U1 U3:1 | F2 H1 U1 U3:1 | F1 F2 F3 U1 U3 U4:1
j_only,0d34d4795612,5,1.3709505944546687,0.5904362833084089,3,3,0.6,S1 U1 U4:3 | S1:1 | H1 J12 J345 S1 U1 U4:1
j_only,0d63f36e3688,5,1.5219280948873621,0.6554587535412855,3,2,0.4,F1 F2 F3 H1 U1 U3:2 | F1 F2 U1 U3 U4:2 | F1 F2 F3 H1 U1 U3 U4:1
j_only,0d8f07836540,5,1.5219280948873621,0.6554587535412855,3,2,0.4,F2 H1 U1 U3:2 | F2 U1 U3 U4:2 | F1 F2 U1 U3 U4:1
j_only,0f5f4d284afb,5,1.9219280948873623,0.8277293767706428,4,2,0.4,F1 F2 F3 H1 U1 U3:2 | F1 F2 F3 H1 U1 U3 U4:1 | F1 F2 U1 U3 U4:1 | F1 F2 H1 S1 U1 U3:1
j_only,109ca777fa12,5,1.3709505944546687,0.5904362833084089,3,3,0.6,F1 F2 U1 U3 U4:3 | F1 F2 F3 U1 U3 U4:1 | F1 F2 F3 H1 U1 U3:1
j_only,112d585f8fdf,5,1.9219280948873623,0.8277293767706428,4,2,0.4,H1 J12 S1 U1:2 | S1 U1 U3 U4:1 | S1:1 | S1 U1 U4:1
j_only,134acf006762,5,2.321928094887362,1.0,5,1,0.2,H1 S1 U1 U3:1 | S1:1 | S1 U1 U4:1 | H1 S1 U1:1 | S1 U1 U3 U4:1
j_only,14ab57dc9ec8,5,1.9219280948873623,0.8277293767706428,4,2,0.4,F2 U1 U3 U4:2 | F2 H1 U1 U3:1 | F2 J12 U1 U3 U4:1 | F1 F2 U1 U4:1
j_only,14d73efad7ab,5,1.9219280948873623,0.8277293767706428,4,2,0.4,S1 U1 U3 U4:2 | H1 S1 U1 U3:1 | S1:1 | H1 S1 U1:1
j_only,16ac7d4eada1,5,2.321928094887362,1.0,5,1,0.2,S1 U1 U3 U4:1 | S1 U1:1 | S1:1 | S1 U1 U4:1 | H1 S1 U1 U3:1
j_only,1921370ef769,5,1.9219280948873623,0.8277293767706428,4,2,0.4,F1 F2 H1 U1 U3:2 | F1 H1 U1 U3:1 | F1 F2 U1 U3 U4:1 | F1 F2 H1 U1 U3 U4:1
j_only,1b3433cd4628,5,2.321928094887362,1.0,5,1,0.2,F2 H1 U1 U3:1 | F1 F2 H1 U1 U3:1 | F1 F2 U1 U3 U4:1 | F1 F2 H1 U1 U3 U4:1 | F1 F2 U1 U4:1
j_only,1bce6dff94b8,5,1.5219280948873621,0.6554587535412855,3,2,0.4,S1 U1 U4:2 | H1 S1 U1 U3:2 | S1:1
j_only,1c36cac6bccc,5,2.321928094887362,1.0,5,1,0.2,F1 F2 F3 H1 U1 U3:1 | F2 H1 U1 U3:1 | F2 J12 U1 U3:1 | F2 H1 U1 U3 U4:1 | F1 F2 H1 U1 U3:1
j_only,1c99d4b10868,5,1.9219280948873623,0.8277293767706428,4,2,0.4,F1 F2 F3 H1 U1:2 | F1 F2 H1 J12 J345 U1 U3:1 | F1 F2 U1 U3 U4:1 | F1 F2 F3 H1 U1 U3:1
j_only,1d3a4f93114f,5,0.9709505944546686,0.4181656600790516,2,3,0.6,F1 F2 F3 H1 U1 U3:3 | F2 H1 U1 U3:2
j_only,1dc1f1d9c3bd,5,0.9709505944546686,0.4181656600790516,2,3,0.6,H1 S1 U1 U3:3 | H1 S1 U1:2
j_only,1e85a8697898,5,1.9219280948873623,0.8277293767706428,4,2,0.4,F2 U1 U3 U4:2 | F1 F2 H1 U1 U3:1 | F2 H1 U1 U3:1 | F1 F2 F3 H1 U1 U3:1
j_only,1fb5bb36812c,5,1.5219280948873621,0.6554587535412855,3,2,0.4,F1 F2 H1 U1 U3:2 | F1 F2 U1 U3 U4:2 | F1 H1 U1 U3:1
j_only,1fb64399ccd8,5,1.9219280948873623,0.8277293767706428,4,2,0.4,F1 F2 H1 J12 J345 U1 U3:2 | F1 F2 H1 J12 J345 U1 U4:1 | F1 F2 F3 J12 J345 U1 U3 U4:1 | F1 F2 H1 J12 J345 U1:1
j_only,2065ada1a306,5,1.9219280948873623,0.8277293767706428,4,2,0.4,S1:2 | S1 U1 U3 U4:1 | S1 U1:1 | J12 S1 U1:1
j_only,209fa336c13a,5,1.3709505944546687,0.5904362833084089,3,3,0.6,F1 F2 F3 U1 U3 U4:3 | F1 F2 F3 H1 U1 U3:1 | F1 F2 F3 U1 U4:1
j_only,21da45ff7758,5,1.3709505944546687,0.5904362833084089,3,3,0.6,H1 S1 U1 U3:3 | S1:1 | S1 U1 U4:1
j_only,23161751e203,5,1.5219280948873621,0.6554587535412855,3,2,0.4,F1 F2 F3 H1 U1 U3:2 | F1 F2 U1 U3 U4:2 | F1 F2 J12 U1 U4:1
j_only,2440338f40ce,5,0.7219280948873623,0.31091750708257115,2,4,0.8,F1 F2 U1 U3 U4:4 | F1 F2 H1 U1 U3:1
j_only,25b03ee6601d,5,1.9219280948873623,0.8277293767706428,4,2,0.4,F1 F2 H1 U1 U3:2 | F2 U1 U3 U4:1 | F1 F2 F3 U1 U3 U4:1 | F1 F2 U1 U3 U4:1
j_only,2802cf486896,5,1.5219280948873621,0.6554587535412855,3,2,0.4,S1:2 | H1 S1 U1 U3:2 | S1 U1 U3:1
j_only,2a0d8f20ab72,5,2.321928094887362,1.0,5,1,0.2,F1 F2 F3 U1 U3 U4:1 | F2 U1 U3 U4:1 | F1 F2 U1 U3 U4:1 | F1 F2 U1 U4:1 | F1 F2 F3 H1 U1 U3:1
j_only,2a27a571e7fc,5,1.3709505944546687,0.5904362833084089,3,3,0.6,F1 F2 U1 U3 U4:3 | F1 F2 F3 H1 U1 U3:1 | F1 F2 H1 U1 U3:1
j_only,2aa0f685bafa,5,2.321928094887362,1.0,5,1,0.2,F1 F2 U1 U4:1 | F1 F2 H1 J12 J345 U1 U3:1 | F1 F2 U1 U3 U4:1 | F1 F2 H1 U1 U3 U4:1 | F1 F2 H1 U1 U3:1
j_only,2c0cb0230b61,5,2.321928094887362,1.0,5,1,0.2,S1 U1 U3:1 | H1 S1 U1:1 | S1 U1 U3 U4:1 | H1 S1 U1 U3:1 | S1 U1 U4:1
j_only,2c7c7c5def5a,5,1.9219280948873623,0.8277293767706428,4,2,0.4,S1 U1 U4:2 | H1 S1 U1 U3:1 | H1 S1 U1:1 | S1 U1:1
j_only,2cabf84d8c88,5,1.9219280948873623,0.8277293767706428,4,2,0.4,F1 F2 U1 U3 U4:2 | F1 F2 F3 U1 U3 U4:1 | F1 F2 H1 J12 J345 U1 U3:1 | F1 F2 H1 U1:1
j_only,2e9adc656f2b,5,1.3709505944546687,0.5904362833084089,3,3,0.6,F1 F2 H1 U1 U3 U4:3 | F2 J12 J345 U1 U3 U4:1 | F1 F2 H1 U1 U3:1
j_only,2fb56e19e29d,5,1.9219280948873623,0.8277293767706428,4,2,0.4,S1:2 | S1 U1 U3 U4:1 | H1 J12 S1 U1:1 | S1 U1 U4:1
j_only,30b481a7c8e2,5,0.9709505944546686,0.4181656600790516,2,3,0.6,F1 F2 F3 U1 U3 U4:3 | F1 F2 U1 U3 U4:2
j_only,31a19e00325e,5,2.321928094887362,1.0,5,1,0.2,F2 H1 J12 U1 U4:1 | F2 H1 J12 J345 U1 U3:1 | F1 F2 H1 J345 U1 U3:1 | F1 F2 U1 U3 U4:1 | F1 F2 H1 U1 U3:1
j_only,31a2fec2be77,5,1.9219280948873623,0.8277293767706428,4,2,0.4,F1 F2 H1 U1 U3:2 | F1 F2 F3 H1 J12 J345 U1 U3 U4:1 | F1 F2 F3 J12 U1 U3 U4:1 | F1 F2 J12 J345 U1 U3:1
j_only,31b5e609ef46,5,1.9219280948873623,0.8277293767706428,4,2,0.4,H1 S1 U1 U3:2 | S1 U1 U4:1 | J12 J345 S1 U1 U3:1 | S1:1
j_only,3257ed9e00aa,5,0.9709505944546686,0.4181656600790516,2,3,0.6,F1 F2 F3 U1 U3 U4:3 | F1 F2 U1 U3 U4:2
j_only,353095dd4786,5,0.0,0.0,1,5,1.0,S1:5
j_only,362055c7a5a9,5,1.9219280948873623,0.8277293767706428,4,2,0.4,F2 U1 U3 U4:2 | F1 F2 U1 U3 U4:1 | F1 F2 H1 U1 U3:1 | F1 F2 H1 U1 U3 U4:1
j_only,3680e8deae2f,5,1.9219280948873623,0.8277293767706428,4,2,0.4,S1:2 | S1 U1 U3:1 | S1 U1 U4:1 | H1 S1 U1 U3:1
j_only,37c368833872,5,1.9219280948873623,0.8277293767706428,4,2,0.4,S1:2 | S1 U1 U3:1 | S1 U1 U3 U4:1 | J12 J345 S1 U1:1
j_only,37f61727e427,5,1.3709505944546687,0.5904362833084089,3,3,0.6,S1 U1 U3 U4:3 | S1:1 | H1 S1 U1 U3:1
j_only,3885f7d6d282,5,1.5219280948873621,0.6554587535412855,3,2,0.4,F1 F2 F3 U1 U3 U4:2 | F1 F2 F3 H1 U1 U3:2 | F1 F2 F3 H1 U1 U3 U4:1
j_only,39b63b84df43,5,1.5219280948873621,0.6554587535412855,3,2,0.4,S1:2 | S1 U1 U4:2 | S1 U1 U3 U4:1
j_only,3a2203603d61,5,2.321928094887362,1.0,5,1,0.2,F2 U1 U3:1 | F1 F2 F3 H1 U1 U3 U4:1 | F2 H1 J12 J345 U3:1 | F2 U1 U3 U4:1 | F1 F2 U4:1
j_only,3c4f97f6fb20,5,1.9219280948873623,0.8277293767706428,4,2,0.4,S1:2 | H1 S1 U1 U3:1 | S1 U1 U3 U4:1 | S1 U1 U4:1
j_only,3cb443c08221,5,2.321928094887362,1.0,5,1,0.2,F1 U1 U3 U4:1 | F1 F2 U1 U4:1 | F1 F2 F3 H1 J12 J345 U1:1 | F1 F2 F3 U1 U3 U4:1 | F1 F2 H1 U1 U3:1
j_only,3ff2979ec750,5,1.5219280948873621,0.6554587535412855,3,2,0.4,S1 U1 U3 U4:2 | S1:2 | S1 U1 U4:1
j_only,408fd2a91abd,5,1.9219280948873623,0.8277293767706428,4,2,0.4,F1 F2 H1 U1 U3:2 | F2 H1 U1 U3:1 | F1 F2 F3 U1 U3 U4:1 | F2 U1 U3 U4:1
j_only,410ecd5b1e40,5,1.9219280948873623,0.8277293767706428,4,2,0.4,S1:2 | H1 J12 S1 U1:1 | H1 S1 U1:1 | S1 U1 U3 U4:1
j_only,430464d25f28,5,1.3709505944546687,0.5904362833084089,3,3,0.6,F1 F2 F3 H1 U1 U3:3 | F1 F2 H1 U1 U3:1 | F1 F2 F3 U1 U4:1
j_only,43748fb30948,5,1.9219280948873623,0.8277293767706428,4,2,0.4,F1 F2 H1 U1 U3:2 | F2 H1 U1 U3:1 | F1 F2 F3 H1 U1 U3:1 | F1 F2 U1 U3 U4:1
j_only,43e4036c30f9,5,1.3709505944546687,0.5904362833084089,3,3,0.6,S1:3 | H1 S1 U1 U3:1 | S1 U4:1
j_only,4463568f621e,5,2.321928094887362,1.0,5,1,0.2,F1 F2 H1 U1 U3 U4:1 | F1 F2 F3 U1 U3 U4:1 | F1 F2 U1 U3 U4:1 | F1 F2 H1 U1 U4:1 | F2 U1 U3 U4:1
j_only,447d40f8ace5,5,2.321928094887362,1.0,5,1,0.2,F1 F2 H1 U1 U3:1 | F1 F2 F3 J12 J345 U1 U3 U4:1 | F1 F2 J12 U1 U3 U4:1 | F1 F2 H1 U1 U3 U4:1 | F1 F2 U1 U3 U4:1
j_only,4707c2930bd5,5,1.3709505944546687,0.5904362833084089,3,3,0.6,F2 U1 U3 U4:3 | F1 F2 U1 U3 U4:1 | F2 H1 U1 U3:1
j_only,472b9b93ad9f,5,1.9219280948873623,0.8277293767706428,4,2,0.4,F1 F2 F3 H1 U1 U3:2 | F1 F2 F3 H1 J12 J345 U1 U3 U4:1 | F1 F2 H1 U1 U3 U4:1 | F1 F2 F3 H1 U1 U3 U4:1
j_only,49067b2ff40c,5,1.5219280948873621,0.6554587535412855,3,2,0.4,H1 S1 U1 U3:2 | S1 U1 U3 U4:2 | S1 U1 U4:1
j_only,4bb8afe35408,5,0.9709505944546686,0.4181656600790516,2,3,0.6,F1 F2 U1 U3 U4:3 | F1 F2 F3 U1 U3 U4:2
j_only,4f06bfffb535,5,1.9219280948873623,0.8277293767706428,4,2,0.4,S1:2 | S1 U1 U3:1 | S1 U1 U3 U4:1 | S1 U1:1
j_only,4fdfdbf582cb,5,1.3709505944546687,0.5904362833084089,3,3,0.6,F1 F2 U1 U3 U4:3 | F1 F2 F3 U1 U3 U4:1 | F1 F2 F3 H1 U1 U3:1
j_only,4ff4163fd5c7,5,2.321928094887362,1.0,5,1,0.2,F1 F2 F3 H1 U1 U3 U4:1 | F2 U1 U4:1 | F1 F2 F3 H1 U1 U3:1 | F1 F2 U1 U3 U4:1 | F1 F2 F3 U1 U3 U4:1
j_only,512ffd6391ed,5,1.9219280948873623,0.8277293767706428,4,2,0.4,S1 U1 U4:2 | H1 S1 U1 U3:1 | S1 U1 U3 U4:1 | S1:1
j_only,5341a4972339,5,1.3709505944546687,0.5904362833084089,3,3,0.6,F2 H1 U1 U3:3 | F2 H1 U1 U3 U4:1 | F1 F2 H1 J12 J345 U1 U3:1
j_only,5478288b68f4,5,1.9219280948873623,0.8277293767706428,4,2,0.4,F1 F2 U1 U3 U4:2 | F1 F2 U1:1 | F1 F2 F3 U1 U3 U4:1 | F1 F2 F3 H1 U1 U3 U4:1
j_only,55157f0433cc,5,1.3709505944546687,0.5904362833084089,3,3,0.6,F1 F2 H1 U1 U3:3 | F1 H1 J12 J345 U1:1 | F1 F2 J12 U1 U3 U4:1
j_only,560a71c4eb88,5,1.5219280948873621,0.6554587535412855,3,2,0.4,F1 F2 F3 H1 U1 U3:2 | F1 F2 F3 U1 U3 U4:2 | F1 F2 H1 U1 U3:1
j_only,57d543f72b94,5,0.9709505944546686,0.4181656600790516,2,3,0.6,F1 F2 F3 U1 U3 U4:3 | F2 U1 U3 U4:2
j_only,5860caa8b811,5,1.9219280948873623,0.8277293767706428,4,2,0.4,F1 F2 H1 U1 U3:2 | F1 F2 H1 J12 J345 U1 U3 U4:1 | F1 F2 H1 J345 U1 U3:1 | F1 F2 U1 U3 U4:1
j_only,5932b68b6a3b,5,0.7219280948873623,0.31091750708257115,2,4,0.8,F1 F2 F3 U1 U3 U4:4 | F1 F2 U1 U3 U4:1
j_only,5aefd3e8b445,5,1.3709505944546687,0.5904362833084089,3,3,0.6,S1:3 | S1 U1 U4:1 | S1 U1 U3 U4:1
j_only,5ccdfc01ba3c,5,1.3709505944546687,0.5904362833084089,3,3,0.6,S1 U1 U4:3 | H1 S1 U1:1 | H1 S1 U1 U3:1
j_only,5cdb0ba3c556,5,2.321928094887362,1.0,5,1,0.2,F1 F2 H1 J12 J345 U1:1 | F1 F2 H1 U1 U3:1 | F1 F2 H1 J12 J345 U1 U3 U4:1 | F1 F2 F3 H1 U1 U3:1 | F1 F2 F3 J12 J345 U1 U3 U4:1
j_only,5d40cd729024,5,1.9219280948873623,0.8277293767706428,4,2,0.4,F1 F2 U1 U3 U4:2 | F1 F2 F3 U1 U3 U4:1 | F1 F2 H1 U1 U3 U4:1 | F1 F2 F3 H1 U1 U3:1
j_only,5e17e32670ea,5,1.9219280948873623,0.8277293767706428,4,2,0.4,F1 F2 U1 U4:2 | F1 F2 F3 U1 U3 U4:1 | F2 H1 U1 U3:1 | F1 F2 F3 H1 U1 U3 U4:1
j_only,5e3faa420f8a,5,2.321928094887362,1.0,5,1,0.2,S1 U1 U3 U4:1 | S1 U1:1 | S1 U1 U4:1 | S1:1 | S1 U1 U3:1
j_only,5eb14f8b3cdc,5,1.3709505944546687,0.5904362833084089,3,3,0.6,F1 F2 U1 U3 U4:3 | F1 F2 J12 S1 U1 U3:1 | F1 F2 F3 U1 U3 U4:1
j_only,5ebba28b6c1b,5,1.9219280948873623,0.8277293767706428,4,2,0.4,F1 F2 H1 U1 U3:2 | F2 H1 U1 U3:1 | F1 F2 H1 U1 U3 U4:1 | F1 F2 F3 U1 U3 U4:1
j_only,60160115004c,5,1.9219280948873623,0.8277293767706428,4,2,0.4,H1 S1 U1 U3:2 | S1 U1 U3 U4:1 | S1:1 | S1 U4:1
j_only,6025e1fa5134,5,1.9219280948873623,0.8277293767706428,4,2,0.4,F1 F2 H1 U1 U3:2 | F1 F2 H1 J12 J345 U1:1 | F1 F2 F3 U1 U3 U4:1 | F1 F2 U1 U3 U4:1
j_only,6103d326f1f4,5,1.3709505944546687,0.5904362833084089,3,3,0.6,S1:3 | H1 S1 U1 U3:1 | S1 U1 U3 U4:1
j_only,615c9cf6b7e2,5,1.5219280948873621,0.6554587535412855,3,2,0.4,H1 S1 U1 U3:2 | S1:2 | H1 S1 U1:1
j_only,62126c371107,5,1.9219280948873623,0.8277293767706428,4,2,0.4,F1 F2 H1 U1 U3:2 | F1 F2 U1 U3 U4:1 | F1 F2 U1 U4:1 | F1 F2 J12 U1 U4:1
j_only,624266e9f779,5,1.9219280948873623,0.8277293767706428,4,2,0.4,F1 F2 F3 H1 U1 U3 U4:2 | F1 F2 H1 U1 U3:1 | F1 F2 F3 U1 U3 U4:1 | F1 F2 F3 H1 U1 U3:1
j_only,628cb522c3cd,5,1.9219280948873623,0.8277293767706428,4,2,0.4,S1 U1 U4:2 | H1 S1 U1 U3:1 | H1 J12 S1 U1:1 | S1 U1 U3:1
j_only,62e2c124f989,5,1.3709505944546687,0.5904362833084089,3,3,0.6,F2 H1 U1 U3:3 | F1 F2 H1 U1 U3:1 | F1 H1 J12 J345 U1:1
j_only,643832575481,5,1.5219280948873621,0.6554587535412855,3,2,0.4,F1 F2 F3 H1 U1 U3:2 | F1 F2 H1 U1 U3:2 | F1 F2 H1 U1 U3 U4:1
j_only,64cf0bbee592,5,2.321928094887362,1.0,5,1,0.2,S1:1 | S1 U1 U4:1 | F1 F2 U1 U3 U4:1 | F1 H1 U1 U3:1 | F2 U1 U4:1
j_only,65008302b1e5,5,1.5219280948873621,0.6554587535412855,3,2,0.4,F2 U1 U3 U4:2 | F1 F2 F3 H1 U1 U3:2 | F1 F2 U1 U3 U4:1
j_only,660cc534fc78,5,1.9219280948873623,0.8277293767706428,4,2,0.4,H1 S1 U1:2 | S1:1 | H1 J12 U1 U4:1 | H1 S1 U1 U3:1
j_only,66604d92cdf6,5,1.9219280948873623,0.8277293767706428,4,2,0.4,F1 F2 U1 U3 U4:2 | F1 F2 F3 H1 U1 U3:1 | F1 F2 F3 U1 U3 U4:1 | F1 F2 H1 J12 J345 U1:1
j_only,684536b07bc7,5,0.9709505944546686,0.4181656600790516,2,3,0.6,H1 S1 U1 U3:3 | S1 U1 U3 U4:2
j_only,688178e946ff,5,1.5219280948873621,0.6554587535412855,3,2,0.4,F1 F2 F3 H1 U1 U3:2 | F1 F2 U1 U3 U4:2 | F2 U1 U3 U4:1
j_only,69262ac8f823,5,1.9219280948873623,0.8277293767706428,4,2,0.4,H1 S1 U1:2 | H1 S1 U1 U3:1 | S1:1 | H1 S1 U3 U4:1
j_only,6980ae227761,5,2.321928094887362,1.0,5,1,0.2,F1 F2 H1 U1 U3 U4:1 | F1 F2 F3 H1 U1 U3:1 | F1 F2 F3 H1 J12 J345 U1 U3 U4:1 | F1 F2 F3 J12 J345 U1 U3 U4:1 | F1 F2 J12 U1 U3 U4:1
j_only,699afdbeba4d,5,1.9219280948873623,0.8277293767706428,4,2,0.4,F1 F2 U1 U3 U4:2 | F2 H1 J12 U1 U3:1 | F2 U1 U3 U4:1 | F1 F2 H1 U1 U3:1
j_only,6a1f6758e7d9,5,1.9219280948873623,0.8277293767706428,4,2,0.4,F1 F2 H1 U1 U3 U4:2 | F2 H1 U1 U3 U4:1 | F1 F2 F3 J12 J345 U1 U3 U4:1 | F1 F2 H1 U1 U3:1
j_only,6bdd73210307,5,1.9219280948873623,0.8277293767706428,4,2,0.4,F1 F2 F3 H1 U1 U3:2 | F1 F2 F3 J12 U1:1 | F1 F2 U1 U3 U4:1 | F1 F2 H1 U1 U3:1
j_only,6d850c9bb9a8,5,1.9219280948873623,0.8277293767706428,4,2,0.4,F1 F2 F3 U1 U3 U4:2 | F1 F2 H1 U1 U3:1 | F1 F2 U1 U3 U4:1 | F1 F2 F3 U1:1
j_only,6df425a01e7e,5,1.3709505944546687,0.5904362833084089,3,3,0.6,F1 F2 H1 U1 U3:3 | F1 F2 H1 U1 U3 U4:1 | F2 H1 U1 U3:1
j_only,6df59e956a95,5,1.9219280948873623,0.8277293767706428,4,2,0.4,F1 F2 U1 U3 U4:2 | F1 F2 H1 J12 J345 U1 U3:1 | F1 F2 U1 U4:1 | F2 H1 U1 U3:1
j_only,6e3fc24135dd,5,0.9709505944546686,0.4181656600790516,2,3,0.6,F1 F2 F3 U1 U3 U4:3 | F1 F2 U1 U3 U4:2
j_only,6e65a2b06b3e,5,1.5219280948873621,0.6554587535412855,3,2,0.4,F1 F2 F3 U1 U3 U4:2 | F1 F2 U1 U3 U4:2 | F1 F2 F3 H1 U1 U3:1
j_only,6ebaa814e4ad,5,2.321928094887362,1.0,5,1,0.2,F2 H1 U1 U3:1 | F2 U1 U3 U4:1 | F1 F2:1 | F1 F2 H1 U1 U3:1 | F2 H1 J12 J345 U3:1
j_only,70d66563e84a,5,1.9219280948873623,0.8277293767706428,4,2,0.4,F1 F2 H1 U1 U3 U4:2 | F1 F2 F3 H1 U1 U3:1 | F2 U1 U3 U4:1 | F1 F2 U1 U3 U4:1
j_only,72eed7e29e02,5,0.7219280948873623,0.31091750708257115,2,4,0.8,F1 F2 U1 U3 U4:4 | F1 H1 U1 U3:1
j_only,7415e35108cc,5,1.9219280948873623,0.8277293767706428,4,2,0.4,F1 F2 U1 U3 U4:2 | F1 F2 F3 U1 U3 U4:1 | F1 F2 S1 U1 U3 U4:1 | F1 F2 H1 U1 U3:1
j_only,74fb44a7acc9,5,1.3709505944546687,0.5904362833084089,3,3,0.6,S1:3 | H1 J12 S1 U1:1 | S1 U1 U4:1
j_only,754832888538,5,1.5219280948873621,0.6554587535412855,3,2,0.4,F1 F2 H1 U1 U3:2 | F1 F2 F3 U1 U3 U4:2 | F2 U1 U3 U4:1
j_only,760bf1553c4d,5,1.9219280948873623,0.8277293767706428,4,2,0.4,F1 F2 H1 U1 U3:2 | F1 F2 H1 U1:1 | F2 H1 U1 U3 U4:1 | F1 F2 F3 H1 U1 U3:1
j_only,774568d1460a,5,1.3709505944546687,0.5904362833084089,3,3,0.6,S1 U1 U4:3 | S1:1 | S1 U1 U3 U4:1
j_only,77e8cca793fb,5,2.321928094887362,1.0,5,1,0.2,S1:1 | S1 U1 U3 U4:1 | J12 S1 U1 U3 U4:1 | S1 U1 U4:1 | H1 S1 U1:1
j_only,7803d9a85054,5,0.9709505944546686,0.4181656600790516,2,3,0.6,S1 U1 U4:3 | H1 S1 U1 U3:2
j_only,78230d2a0091,5,1.9219280948873623,0.8277293767706428,4,2,0.4,F1 F2 H1 U1 U3:2 | F2 H1 U1 U3:1 | F1 F2 H1 U1 U3 U4:1 | F1 F2 F3 U1 U3 U4:1
j_only,7a02d7111976,5,1.9219280948873623,0.8277293767706428,4,2,0.4,F1 F2 U1 U3 U4:2 | F1 F2 S1 U1 U4:1 | F1 F2 H1 U1 U3:1 | F1 F2 H1 S1 U1 U3 U4:1
j_only,7a7a77e77a46,5,1.3709505944546687,0.5904362833084089,3,3,0.6,F1 F2 U1 U3 U4:3 | F1 F2 U1 U3:1 | F1 F2 H1 U1 U3:1
j_only,7b77237aee10,5,1.5219280948873621,0.6554587535412855,3,2,0.4,H1 S1 U1 U3:2 | S1 U1 U3 U4:2 | S1 U1:1
j_only,7c3d9a994e6f,5,1.3709505944546687,0.5904362833084089,3,3,0.6,S1:3 | S1 U1 U3 U4:1 | H1 J12 S1 U1:1
j_only,7cebf4fe20ee,5,1.9219280948873623,0.8277293767706428,4,2,0.4,F1 F2 H1 U1 U3 U4:2 | F1 F2 F3 U1 U3 U4:1 | F1 F2 H1 J12 J345 U1 U3:1 | F1 F2 F3 H1 U1 U3 U4:1
j_only,7df672f007f4,5,1.3709505944546687,0.5904362833084089,3,3,0.6,S1 U1 U4:3 | H1 J12 S1 U1 U4:1 | H1 S1 U1:1
j_only,7e30c8259061,5,1.3709505944546687,0.5904362833084089,3,3,0.6,S1:3 | H1 S1 U1 U3:1 | S1 U1 U3 U4:1
j_only,7e49e32d201b,5,1.9219280948873623,0.8277293767706428,4,2,0.4,F1 F2 U1 U3 U4:2 | F1 F2 H1 U1 U3:1 | F1 F2 J12 U1 U3:1 | F1 F2 H1 J12 U1 U3:1
j_only,7e6b0d276a55,5,0.9709505944546686,0.4181656600790516,2,3,0.6,S1 U1 U4:3 | H1 S1 U1 U3:2
j_only,7f427673957c,5,1.9219280948873623,0.8277293767706428,4,2,0.4,F1 F2 U1 U3 U4:2 | F1 F2 F3 J12 U1 U3:1 | F2 H1 U1 U3:1 | F1 F2 F3 U1 U3 U4:1
j_only,7f45c1d942fc,5,2.321928094887362,1.0,5,1,0.2,F1 F2 H1 U1 U3 U4:1 | F1 F2 F3 H1 U1 U3:1 | F2 H1 U1 U3 U4:1 | F1 F2 H1 U1:1 | F1 F2 H1 U1 U3:1
j_only,805f4872bae8,5,2.321928094887362,1.0,5,1,0.2,F1 F2 U1 U3 U4:1 | F1 F2 U3 U4:1 | F1 F2 F3 H1 U1 U3:1 | F1 F2 F3 U1 U3 U4:1 | F2 U1 U3 U4:1
j_only,8078cef39704,5,1.9219280948873623,0.8277293767706428,4,2,0.4,F1 F2 H1 U1 U3:2 | F1 H1 U1 U3 U4:1 | F1 F2 F3 H1 J12 J345 U1 U3:1 | F1 F2 H1 S1 U1 U3:1
j_only,80db6dd984d5,5,1.9219280948873623,0.8277293767706428,4,2,0.4,F1 F2 U1 U3 U4:2 | F1 F2 F3 H1 U1 U3:1 | F1 F2 J12 J345 U1 U3 U4:1 | F1 F2 F3 H1 J12 J345 U1 U3:1
j_only,8132df5e7a12,5,2.321928094887362,1.0,5,1,0.2,F1 F2 F3 H1 J12 J345 U1:1 | F1 F2 U1 U3 U4:1 | F1 F2 H1 U1 U3 U4:1 | F1 F2 F3 U1 U3 U4:1 | F1 F2 H1 J12 J345 U1 U3 U4:1
j_only,81607c6d9629,5,2.321928094887362,1.0,5,1,0.2,F1 F2 H1 U1 U3:1 | F1 F2 U1 U3 U4:1 | F2 U1 U3 U4:1 | F1 F2 U1 U3:1 | F1 F2 H1 U1:1
j_only,81a87f78403c,5,2.321928094887362,1.0,5,1,0.2,F1 U1 U3 U4:1 | F2 U1 U3 U4:1 | H1 U1:1 | F1 F2 F3 U1 U3 U4:1 | F1 F2 U1 U4:1
j_only,83b57a05ab3c,5,1.3709505944546687,0.5904362833084089,3,3,0.6,F1 F2 U1 U3 U4:3 | F1 F2 F3:1 | F1 F2 H1 S1 U1 U3 U4:1
j_only,849b8319a75f,5,0.9709505944546686,0.4181656600790516,2,3,0.6,S1:3 | S1 U1 U4:2
j_only,86090feb7a89,5,1.3709505944546687,0.5904362833084089,3,3,0.6,H1 S1 U1 U3:3 | S1 U1 U3 U4:1 | S1 U1 U4:1
j_only,87ecf58e6b0c,5,1.9219280948873623,0.8277293767706428,4,2,0.4,F1 F2 F3 H1 U1 U3:2 | F1 F2 F3 H1 U1 U3 U4:1 | F1 F2 F3 H1 J12 U1:1 | F1 F2 H1 J12 U1 U3:1
j_only,8a4969fb9f3f,5,1.9219280948873623,0.8277293767706428,4,2,0.4,F1 F2 H1 U1 U3:2 | F1 F2 F3 H1 U1:1 | F1 F2 F3 H1 U1 U3:1 | F1 F2 U1 U4:1
j_only,8b87a89244e2,5,1.9219280948873623,0.8277293767706428,4,2,0.4,S1:2 | S1 U1 U4:1 | H1 S1 U1:1 | H1 S1 U1 U3:1
j_only,8ba39229aeac,5,1.9219280948873623,0.8277293767706428,4,2,0.4,F1 F2 U1 U3 U4:2 | F1 F2 F3 H1 U1 U3:1 | F2 H1 S1 U1 U3:1 | F1 S1 U1 U4:1
j_only,8ca47f754a8b,5,1.5219280948873621,0.6554587535412855,3,2,0.4,F1 F2 F3 H1 U1 U3 U4:2 | F1 F2 U1 U3 U4:2 | F1 F2 F3 H1 U1 U3:1
j_only,8cfe1edbd00f,5,1.9219280948873623,0.8277293767706428,4,2,0.4,S1 U1 U3:2 | H1 S1 U1 U3:1 | S1 U1 U4:1 | J12 S1 U1 U3:1
j_only,8e335947c0e1,5,1.9219280948873623,0.8277293767706428,4,2,0.4,F1 F2 U1 U3 U4:2 | F1 F2 F3 U1 U3 U4:1 | F2 H1 U1 U3 U4:1 | F1 F2 H1 U1 U3 U4:1
j_only,8e3c2e92cbc0,5,1.9219280948873623,0.8277293767706428,4,2,0.4,F1 F2 U1 U3 U4:2 | F1 F2 U1 U4:1 | F1 F2 F3 U1 U3 U4:1 | F1 F2 F3 U1 U4:1
j_only,8e440b80a157,5,1.3709505944546687,0.5904362833084089,3,3,0.6,F2 U1 U3 U4:3 | F1 F2 F3 H1 U1 U3 U4:1 | F1 F2 F3 H1 U1 U3:1
j_only,9002b1ff928f,5,0.0,0.0,1,5,1.0,S1:5
j_only,90b23b744311,5,1.3709505944546687,0.5904362833084089,3,3,0.6,S1 U1 U4:3 | H1 S1 U1 U3:1 | H1 S1 U1:1
j_only,9167dfcb1faa,5,1.9219280948873623,0.8277293767706428,4,2,0.4,F1 F2 H1 U1 U3:2 | F1 F2 U1 U3 U4:1 | F1 F2 F3 H1 U1 U3:1 | F1 F2 F3 S1 U1:1
j_only,91987904b44b,5,1.3709505944546687,0.5904362833084089,3,3,0.6,S1:3 | S1 U1 U3:1 | H1 S1 U1 U3:1
j_only,93630e0a3d67,5,1.3709505944546687,0.5904362833084089,3,3,0.6,F2 U1 U3 U4:3 | F1 F2 U1 U3 U4:1 | F2 H1 U1 U3:1
j_only,942b571c83ec,5,1.9219280948873623,0.8277293767706428,4,2,0.4,F1 F2 F3 H1 U1 U3 U4:2 | F1 F2 F3 H1 J12 J345 U1 U3:1 | F1 F2 H1 J12 J345 U1:1 | F1 F2 H1 S1 U1 U3:1
j_only,94bc5a480449,5,0.9709505944546686,0.4181656600790516,2,3,0.6,S1:3 | S1 U1:2
j_only,94bf93368c00,5,1.3709505944546687,0.5904362833084089,3,3,0.6,F1 F2 F3 U1 U3 U4:3 | F1 F2 F3 H1 U1 U3:1 | F1 F2 F3 U1 U3:1
j_only,953cf8b9cd02,5,0.9709505944546686,0.4181656600790516,2,3,0.6,S1:3 | S1 U1 U3 U4:2
j_only,9623f8400850,5,1.9219280948873623,0.8277293767706428,4,2,0.4,F1 F2 H1 U1 U3:2 | F1 F2 F3 H1 U1 U3:1 | F1 F2 F3 U1 U3 U4:1 | F1 F2 H1 U1 U3 U4:1
j_only,96e911c67649,5,2.321928094887362,1.0,5,1,0.2,F1 F2 U1 U4:1 | F1 F2 F3 U1 U3 U4:1 | F1 F2 F3 H1 U1 U3:1 | F1 F2 U1 U3 U4:1 | F1 F2 H1 U1 U3:1
j_only,97abaa333a90,5,1.3709505944546687,0.5904362833084089,3,3,0.6,F1 F2 F3 U1 U3 U4:3 | F1 F2 U1 U3 U4:1 | F1 F2 F3 H1 U1 U3:1
j_only,9906ba89a54d,5,0.9709505944546686,0.4181656600790516,2,3,0.6,S1 U1 U3 U4:3 | S1 U1 U4:2
j_only,99d069fa1546,5,1.9219280948873623,0.8277293767706428,4,2,0.4,S1 U1 U3 U4:2 | H1 S1 U1 U3:1 | H1 S1 U1 U3 U4:1 | S1:1
j_only,9a9eff6df503,5,1.9219280948873623,0.8277293767706428,4,2,0.4,F1 F2 U1 U3 U4:2 | F1 F2 F3 H1 U1 U3:1 | F1 F2 F3 U1 U3 U4:1 | F1 F2 U1 U4:1
j_only,9b00fd3c63f5,5,1.5219280948873621,0.6554587535412855,3,2,0.4,S1:2 | S1 U1 U3 U4:2 | S1 U1 U4:1
j_only,9b8faec4d9b1,5,1.9219280948873623,0.8277293767706428,4,2,0.4,F1 F2 U1 U3 U4:2 | F2 U1 U3 U4:1 | F2 H1 U1 U3:1 | F1 F2 H1 U1 U3:1
j_only,9bbcadeaa0fa,5,2.321928094887362,1.0,5,1,0.2,F1 F2 F3 U1 U3 U4:1 | F1 F2 H1 U1 U3:1 | F1 F2 H1 U1 U3 U4:1 | F1 F2 F3 H1 U1 U3 U4:1 | F1 F2 U1 U3 U4:1
j_only,9bef5c2501ee,5,1.5219280948873621,0.6554587535412855,3,2,0.4,F1 F2 F3 H1 U1 U3:2 | F1 F2 U1 U3 U4:2 | F1 F2 F3 U1 U3 U4:1
j_only,9d41a00a9c93,5,1.9219280948873623,0.8277293767706428,4,2,0.4,S1 U1 U4:2 | H1 J12 S1 U1 U3:1 | H1 S1 U1:1 | S1 U1 U3 U4:1
j_only,9dfe141cf391,5,1.3709505944546687,0.5904362833084089,3,3,0.6,F1 F2 U1 U3 U4:3 | F1 F2 F3 H1 U1 U3:1 | F1 F2 F3 U1 U3 U4:1
j_only,9fd1f741bc64,5,2.321928094887362,1.0,5,1,0.2,F2 H1 U1 U3:1 | F1 F2 F3 U1 U3 U4:1 | F1 F2 F3 J12 U1:1 | F2 U1 U3 U4:1 | F1 F2 U1 U3 U4:1
j_only,a03d48541430,5,1.3709505944546687,0.5904362833084089,3,3,0.6,F1 F2 F3 U1 U3 U4:3 | F1 F2 H1 U1 U3:1 | F1 F2 F3 H1 U1 U3 U4:1
j_only,a0b20e4df225,5,1.3709505944546687,0.5904362833084089,3,3,0.6,S1:3 | H1 S1 U1 U3:1 | S1 U1 U3 U4:1
j_only,a0def0e8f780,5,1.9219280948873623,0.8277293767706428,4,2,0.4,H1 S1 U1 U3:2 | S1 U1 U3 U4:1 | S1:1 | S1 U2 U4:1
j_only,a21113615ced,5,0.9709505944546686,0.4181656600790516,2,3,0.6,F1 F2 F3 H1 U1 U3:3 | F1 F2 F3 U1 U3 U4:2
j_only,a2ee1ad7e572,5,2.321928094887362,1.0,5,1,0.2,F1 H1 J12 J345 U1:1 | F1 F2 F3 H1 U1:1 | F1 F2 U1 U4:1 | F2 H1 U1 U3:1 | F1 F2 F3 U1 U3 U4:1
j_only,a32fbd13c2e3,5,1.3709505944546687,0.5904362833084089,3,3,0.6,F2 U1 U3 U4:3 | F1 F2 H1 U1 U3:1 | F2 U1 U3:1
j_only,a41084c34754,5,1.5219280948873621,0.6554587535412855,3,2,0.4,F1 F2 H1 U1 U3:2 | F1 F2 H1 J12 J345 U1 U3:2 | F2 U1 U3 U4:1
j_only,a4265bd21da8,5,0.9709505944546686,0.4181656600790516,2,3,0.6,S1:3 | S1 U1 U4:2
j_only,a44c5fe6a989,5,1.9219280948873623,0.8277293767706428,4,2,0.4,S1:2 | H1 S1 U1 U3:1 | S1 U1 U3 U4:1 | S1 U1 U4:1
j_only,a45c83f69ba7,5,1.9219280948873623,0.8277293767706428,4,2,0.4,S1:2 | S1 U1 U3 U4:1 | H1 S1 U1 U3:1 | S1 U1 U4:1
j_only,a5e0df042d50,5,1.3709505944546687,0.5904362833084089,3,3,0.6,F1 F2 U1 U3 U4:3 | F2 U1 U3 U4:1 | F1 F2 H1 U1 U3:1
j_only,a69a5c9bdd1d,5,1.9219280948873623,0.8277293767706428,4,2,0.4,F1 F2 F3 U1 U3 U4:2 | F1 F2 U1 U3 U4:1 | F1 F2 J12 J345 U1 U3 U4:1 | F1 F2 H1 U1 U3:1
j_only,a82568887b73,5,1.9219280948873623,0.8277293767706428,4,2,0.4,F1 F2 H1 U1 U3:2 | F1 F2 F3 H1 U1 U3:1 | F1 F2 F3 U1 U3 U4:1 | F1 F2 U1 U3 U4:1
j_only,ad4a3ebaa5bc,5,1.9219280948873623,0.8277293767706428,4,2,0.4,F2 H1 U1 U3:2 | F2 U1 U3 U4:1 | F2 H1 J12 J345 U1 U3:1 | F2 H1 U1:1
j_only,ae184ed23fd2,5,1.9219280948873623,0.8277293767706428,4,2,0.4,F1 F2 H1 J12 J345 U1 U3 U4:2 | F1 F2 F3 H1 J12 J345 U1:1 | F2 U1 U3 U4:1 | F1 F2 F3 U1 U3 U4:1
j_only,aebd35259e42,5,2.321928094887362,1.0,5,1,0.2,F2 H1 U1 U3:1 | F1 F2 F3 H1 U1 U3:1 | F2 U1 U3 U4:1 | F1 U1 U3 U4:1 | F1 F2 H1 U1 U3:1
j_only,afe283c2f92e,5,2.321928094887362,1.0,5,1,0.2,F1 F2 H1 U1 U3:1 | F1 F2 F3 H1 U1 U3:1 | F1 F2 F3 H1 U1 U3 U4:1 | F1 F2 U1 U3 U4:1 | F1 F2 F3 U1 U3 U4:1
j_only,b0c69164f2c2,5,1.3709505944546687,0.5904362833084089,3,3,0.6,S1:3 | S1 U1 U4:1 | S1 U1:1
j_only,b2790c4ddf09,5,1.5219280948873621,0.6554587535412855,3,2,0.4,F1 F2 F3 U1 U3 U4:2 | F1 F2 U1 U3 U4:2 | F2 H1 U1 U3:1
j_only,b38b2a0c0e03,5,1.9219280948873623,0.8277293767706428,4,2,0.4,F1 F2 U1 U3 U4:2 | F1 F2 U1 U4:1 | F1 F2 H1 U1 U3:1 | F1 F2 F3 H1 U1 U3 U4:1
j_only,b498f4cd8561,5,1.9219280948873623,0.8277293767706428,4,2,0.4,F1 F2 H1 U1 U3:2 | F1 F2 U1 U4:1 | F1 F2 U1 U3 U4:1 | F1 F2 F3 U1 U3 U4:1
j_only,b4b46e41a207,5,1.5219280948873621,0.6554587535412855,3,2,0.4,F1 F2 F3 H1 U1 U3:2 | F1 F2 H1 U1 U3:2 | F1 F2 U1 U3 U4:1
j_only,b71b3713bf7e,5,1.5219280948873621,0.6554587535412855,3,2,0.4,H1 S1 U1 U3:2 | S1:2 | S1 U1 U3:1
j_only,b73f5ed4014d,5,1.3709505944546687,0.5904362833084089,3,3,0.6,F1 F2 F3 H1 U1 U3:3 | F1 F2 U1 U3 U4:1 | F1 F2 F3 U1 U3 U4:1
j_only,b747c4e5f4ac,5,2.321928094887362,1.0,5,1,0.2,F2 S1 U1 U3 U4:1 | S1 U1 U4:1 | F1 F2 U1 U3 U4:1 | F2 U1 U3 U4:1 | F2 F3 U1 U3 U4:1
j_only,b7ab98dbfd54,5,1.9219280948873623,0.8277293767706428,4,2,0.4,F1 F2 U1 U3 U4:2 | F1 F2 H1 U1 U3:1 | F2 U1 U3 U4:1 | F1 F2 F3 H1 U1 U3:1
j_only,b8c47f333bb5,5,1.5219280948873621,0.6554587535412855,3,2,0.4,S1 U1 U4:2 | H1 S1 U1 U3:2 | S1:1
j_only,ba1df2e0ede2,5,2.321928094887362,1.0,5,1,0.2,F2 J12 U1 U3 U4:1 | F2 H1 J12 J345 U1:1 | F1 F2 J12 U1 U3 U4:1 | F1 F2 H1 U1 U3:1 | F1 F2 F3 J12 U1 U3 U4:1
j_only,ba73af4e78a2,5,1.5219280948873621,0.6554587535412855,3,2,0.4,F1 F2 U1 U3 U4:2 | F2 U1 U3 U4:2 | F1 F2 U1 U4:1
j_only,baca3b71517c,5,1.5219280948873621,0.6554587535412855,3,2,0.4,F1 F2 F3 H1 U1 U3:2 | F1 F2 H1 U1 U3 U4:2 | F1 F2 F3 H1 J12 J345 U1 U3:1
j_only,bb4148602b38,5,1.9219280948873623,0.8277293767706428,4,2,0.4,F1 F2 U1 U3 U4:2 | F2 H1 U1 U3:1 | F1 F2 F3 U1 U3 U4:1 | F1 F2 H1 U1 U3:1
j_only,bbea276f3086,5,2.321928094887362,1.0,5,1,0.2,F1 F2 U1 U3 U4:1 | F2 H1 U1 U3 U4:1 | F2 H1 U1 U3:1 | F1 F2 H1 J12 J345 U1 U3:1 | F2 H1 J12 J345 U1 U3 U4:1
j_only,bbf0a1f63b46,5,1.9219280948873623,0.8277293767706428,4,2,0.4,F1 F2 U1 U3 U4:2 | F1 F2 H1 J12 J345 U1 U3 U4:1 | F2 H1 S1 U1 U3:1 | F2 U1 U3 U4:1
j_only,be79c347aa60,5,1.9219280948873623,0.8277293767706428,4,2,0.4,F1 F2 F3 H1 U1 U3:2 | F1 F2 F3 H1 U1 U3 U4:1 | F2 F3 H1 U1 U3:1 | F2 U1 U3 U4:1
j_only,bee5861ae116,5,1.5219280948873621,0.6554587535412855,3,2,0.4,F2 H1 U1 U3:2 | F2 U1 U3 U4:2 | F2 U1 U3:1
j_only,bf53db1c5f96,5,2.321928094887362,1.0,5,1,0.2,F1 F2 H1 U1 U3 U4:1 | F1 F2 F3 U1 U3 U4:1 | F1 F2 F3 H1 U1 U3:1 | F1 F2 H1 U1 U3:1 | F2 H1 U1 U3 U4:1
j_only,bfc9fd64bb7b,5,1.5219280948873621,0.6554587535412855,3,2,0.4,F1 F2 F3 H1 U1 U3:2 | F1 F2 U1 U3 U4:2 | F1 F2 U1 U4:1
j_only,c080e2571f6a,5,1.9219280948873623,0.8277293767706428,4,2,0.4,F1 F2 H1 U1 U3:2 | F1 F2 U1 U3 U4:1 | F1 F2 F3 H1 U1 U3:1 | F1 F2 F3 J12 J345 U1 U3:1
j_only,c1ee1d19767b,5,2.321928094887362,1.0,5,1,0.2,F1 F2 H1 U1:1 | F1 F2 H1 U1 U3 U4:1 | F1 F2 F3 J12 U1:1 | F2 H1 J12 J345 U1 U3:1 | F2 H1 J12 U1:1
j_only,c37b7a2d4ebd,5,1.9219280948873623,0.8277293767706428,4,2,0.4,S1 U1 U4:2 | H1 J12 S1 U1 U3:1 | H1 S1 U1 U3:1 | S1 U1 U3 U4:1
j_only,c3a619319924,5,1.5219280948873621,0.6554587535412855,3,2,0.4,S1 U1 U3 U4:2 | H1 S1 U1 U3:2 | S1 U1 U4:1
j_only,c6fa35b52649,5,2.321928094887362,1.0,5,1,0.2,S1 U1 U3 U4:1 | S1 U2:1 | H1 S1 U1:1 | S1:1 | S1 U1 U3:1
j_only,c7436f1e497c,5,2.321928094887362,1.0,5,1,0.2,F1 F2 F3 H1 U1 U3 U4:1 | F1 F2 U1 U3 U4:1 | F1 F2 H1 U1 U3 U4:1 | F1 F2 H1 U1 U3:1 | F1 F2 F3 H1 U1 U3:1
j_only,c7550543387f,5,1.9219280948873623,0.8277293767706428,4,2,0.4,F2 H1 U1 U3:2 | F1 F2 H1 U1 U3 U4:1 | F1 F2 U1 U3 U4:1 | F2 U1 U3 U4:1
j_only,c8b99a321068,5,0.7219280948873623,0.31091750708257115,2,4,0.8,S1:4 | S1 U1 U3 U4:1
j_only,c95cf215efb4,5,1.3709505944546687,0.5904362833084089,3,3,0.6,F1 F2 U1 U3 U4:3 | F1 F2 H1 U1 U3 U4:1 | F2 H1 U1 U3:1
j_only,c9b8620edc48,5,0.9709505944546686,0.4181656600790516,2,3,0.6,S1:3 | S1 U1 U4:2
j_only,c9d423f4830b,5,1.9219280948873623,0.8277293767706428,4,2,0.4,F1 F2 F3 U1 U3 U4:2 | F2 J12 J345 U1 U3 U4:1 | F1 F2 H1 U1 U3:1 | F2 H1 U1 U3:1
j_only,c9f7d2e17c2a,5,1.5219280948873621,0.6554587535412855,3,2,0.4,S1:2 | S1 U1 U4:2 | H1 S1 U1 U3 U4:1
j_only,cb577e429912,5,1.3709505944546687,0.5904362833084089,3,3,0.6,F1 F2 U1 U3 U4:3 | F1 F2 F3 U1 U3 U4:1 | F1 F2 H1 U1 U3 U4:1
j_only,cb74cfb960dd,5,1.5219280948873621,0.6554587535412855,3,2,0.4,H1 S1 U1 U3:2 | S1:2 | S1 U1 U4:1
j_only,cb8d47011c7b,5,1.9219280948873623,0.8277293767706428,4,2,0.4,F1 F2 H1 U1 U3:2 | F1 F2 F3 U1 U3 U4:1 | F1 F2 H1 J12 U1:1 | F2 U1 U3 U4:1
j_only,cd161c6d2917,5,0.7219280948873623,0.31091750708257115,2,4,0.8,F1 F2 U1 U3 U4:4 | F1 F2 U1 U4:1
j_only,cd554c210646,5,2.321928094887362,1.0,5,1,0.2,S1 U1 U4:1 | F2 H1 U1 U3:1 | S1 U1 U3 U4:1 | H1 S1 U1 U3:1 | F1 F2 F3 U1 U3 U4:1
j_only,cd9b0d4387fc,5,1.9219280948873623,0.8277293767706428,4,2,0.4,F1 F2 F3 H1 U1 U3:2 | F1 F2 H1 U1 U3:1 | F1 F2 F3 U1 U3 U4:1 | F1 F2 F3 H1 J12 J345 U1:1
j_only,ce0620750a2c,5,1.9219280948873623,0.8277293767706428,4,2,0.4,F2 H1 U1 U3:2 | F2 J12 J345 U1 U3:1 | F1 F2 U1 U3 U4:1 | F2 U1 U3 U4:1
j_only,cf3cfeed36df,5,2.321928094887362,1.0,5,1,0.2,F1 F2 F3 U1 U4:1 | F1 F2 F3 H1 U1 U3 U4:1 | F1 F2 H1 U1 U3:1 | F1 F2 F3 H1 U1 U3:1 | F1 F2 H1 U1:1
j_only,cfa9b6bdca54,5,1.9219280948873623,0.8277293767706428,4,2,0.4,F2 H1 J12 J345 U1 U3:2 | F2 H1 U1 U3 U4:1 | F2 H1 J12 J345 U1 U3 U4:1 | F2 H1 U1 U3:1
j_only,cfec2db4e8d7,5,1.5219280948873621,0.6554587535412855,3,2,0.4,F1 F2 U1 U3 U4:2 | F1 F2 F3 U1 U3 U4:2 | F1 F2 H1 U1 U3 U4:1
j_only,d2148c314266,5,1.3709505944546687,0.5904362833084089,3,3,0.6,F1 F2 F3 H1 U1 U3:3 | F1 F2 F3 H1 J12 J345 U1 U3:1 | F1 F2 H1 U1 U3:1
j_only,d4cdd75dc42a,5,1.3709505944546687,0.5904362833084089,3,3,0.6,F1 F2 F3 U1 U3 U4:3 | F1 F2 H1 J12 J345 U1:1 | F1 F2 F3 S1 U1 U3 U4:1
j_only,d6342c6ebaac,5,1.3709505944546687,0.5904362833084089,3,3,0.6,F1 F2 U1 U3 U4:3 | F1 F2 H1 U1 U3 U4:1 | F2 H1 J12 U1 U3 U4:1
j_only,d64e8b13bb9b,5,2.321928094887362,1.0,5,1,0.2,F1 F2 F3 J12 U1 U3 U4:1 | F1 F2 H1 U1 U3:1 | F1 F2 F3 H1 U1 U3:1 | S1:1 | F2 H1 U1 U3 U4:1
j_only,d6ba0fff7766,5,2.321928094887362,1.0,5,1,0.2,F1 F2 F3 H1 U1 U3:1 | F1 F2 H1 J12 J345 U1:1 | F1 F2 H1 J12 U1 U3:1 | F1 F2 J12 U1 U3 U4:1 | F1 F2 H1 U1:1
j_only,d75b4cbb6504,5,1.3709505944546687,0.5904362833084089,3,3,0.6,H1 S1 U1:3 | S1 U1 U4:1 | S1 U1 U3 U4:1
j_only,d7edd402f862,5,1.9219280948873623,0.8277293767706428,4,2,0.4,F1 F2 F3 U1 U3 U4:2 | F1 F2 U1 U3 U4:1 | F2 U1 U3 U4:1 | F1 F2 H1 U1 U3 U4:1
j_only,d8dfa8ae12d2,5,1.9219280948873623,0.8277293767706428,4,2,0.4,S1 U1 U4:2 | S1:1 | H1 J12 S1 U1 U3:1 | S1 U1 U3 U4:1
j_only,d912436f2119,5,1.5219280948873621,0.6554587535412855,3,2,0.4,S1:2 | S1 U1 U4:2 | S1 U1 U3 U4:1
j_only,dab8bf6d9681,5,1.9219280948873623,0.8277293767706428,4,2,0.4,F1 F2 U1 U3 U4:2 | F1 F2 H1 U1 U3 U4:1 | F2 U1 U3 U4:1 | F2 H1 U1 U3:1
j_only,db6b212b08de,5,2.321928094887362,1.0,5,1,0.2,F2 J12 J345 U1:1 | F1 F2 U1 U3 U4:1 | F1 F2 H1 U1 U3:1 | F2 H1 U1 U3:1 | F1 F2 J12 U1 U3 U4:1
j_only,dbc0cd127ca0,5,1.3709505944546687,0.5904362833084089,3,3,0.6,S1:3 | S1 U1 U4:1 | H1 J12 S1 U1 U3:1
j_only,dceec3c64e83,5,1.9219280948873623,0.8277293767706428,4,2,0.4,F1 F2 F3 U1 U3 U4:2 | F1 F2 H1 U1 U3 U4:1 | F1 F2 F3 H1 U1 U3:1 | F1 F2 F3 H1 U1 U3 U4:1
j_only,dd9481d7200f,5,1.3709505944546687,0.5904362833084089,3,3,0.6,F1 F2 U1 U3 U4:3 | F1 F2 F3 H1 U1 U3:1 | F1 F2 F3 U1 U3 U4:1
j_only,e09ebc09591c,5,1.5219280948873621,0.6554587535412855,3,2,0.4,F1 F2 F3 U1 U3 U4:2 | F1 F2 F3 H1 U1 U3:2 | F1 F2 U1 U3 U4:1
j_only,e0c26c29dd33,5,1.5219280948873621,0.6554587535412855,3,2,0.4,S1:2 | S1 U1 U4:2 | S1 U1 U3 U4:1
j_only,e214388abd4f,5,1.3709505944546687,0.5904362833084089,3,3,0.6,H1 S1 U1 U3:3 | H1 S1 U1:1 | S1:1
j_only,e2827a5d260a,5,1.9219280948873623,0.8277293767706428,4,2,0.4,F1 F2 H1 U1 U3:2 | F2 H1 U1 U3:1 | F2 H1 J12 J345 U1 U3:1 | F1 F2 H1 U1 U3 U4:1
j_only,e2aa21641a6f,5,1.5219280948873621,0.6554587535412855,3,2,0.4,S1:2 | H1 S1 U1 U3:2 | S1 U1:1
j_only,e4745f13bbb4,5,1.9219280948873623,0.8277293767706428,4,2,0.4,F1 F2 U1 U3 U4:2 | F1 F2 H1 U1 U3 U4:1 | F1 F2 F3 H1 J12 J345 U1 U3:1 | F2 H1 U1 U3:1
j_only,e57564408718,5,1.9219280948873623,0.8277293767706428,4,2,0.4,S1 U1:2 | H1 S1 U1 U3 U4:1 | H1 S1 U1 U3:1 | S1 U1 U4:1
j_only,e588129c3f2f,5,1.9219280948873623,0.8277293767706428,4,2,0.4,F1 F2 F3 U1 U3 U4:2 | F2 U1 U3 U4:1 | F1 F2 H1 U1 U3:1 | F1 F2 H1 U1 U3 U4:1
j_only,e5cd0826ccfa,5,1.9219280948873623,0.8277293767706428,4,2,0.4,S1 U1 U4:2 | S1:1 | H1 U1 U3:1 | H1 S1 U1 U3:1
j_only,e68e6ab7e5af,5,2.321928094887362,1.0,5,1,0.2,H1 S1 U1:1 | S1 U1 U3 U4:1 | S1:1 | H1 S1 U1 U3:1 | S1 U1 U4:1
j_only,ea1f6637fdad,5,1.9219280948873623,0.8277293767706428,4,2,0.4,F1 F2 F3 H1 U1 U3:2 | F1 F2 F3 U1 U3 U4:1 | F1 F2 U1 U3 U4:1 | F1 F2 F3 U1 U4:1
j_only,eb081c1ea631,5,0.9709505944546686,0.4181656600790516,2,3,0.6,F1 F2 U1 U3 U4:3 | F1 F2 F3 U1 U3 U4:2
j_only,ec36fab3fcd8,5,1.9219280948873623,0.8277293767706428,4,2,0.4,H1 S1 U1 U3:2 | S1:1 | S1 U1 U3 U4:1 | S1 U1 U3:1
j_only,ed25d91cd910,5,2.321928094887362,1.0,5,1,0.2,F1 F2 F3 H1 U1 U3:1 | F1 F2 H1 U1 U3 U4:1 | F1 F2 H1 J12 J345 U1 U3 U4:1 | F2 H1 U1 U3 U4:1 | F1 J12 U1 U4:1
j_only,ee5e2d9e72a7,5,1.9219280948873623,0.8277293767706428,4,2,0.4,F1 F2 F3 H1 U1 U3:2 | F1 F2 U1 U3 U4:1 | F1 F2 H1 U1 U3 U4:1 | F1 F2 H1 U1 U3:1
j_only,ef9277c4054f,5,1.9219280948873623,0.8277293767706428,4,2,0.4,S1:2 | S1 U1 U4:1 | H1 S1 U1 U3:1 | S1 U1 U3 U4:1
j_only,f19c50362dd0,5,1.9219280948873623,0.8277293767706428,4,2,0.4,F1 F2 F3 H1 U1 U3:2 | F1 F2 U1 U3 U4:1 | F1 F2 H1 U1 U3:1 | F1 F2 F3 U1 U3 U4:1
j_only,f301c4c40fe7,5,1.5219280948873621,0.6554587535412855,3,2,0.4,F1 F2 F3 U1 U3 U4:2 | F1 F2 U1 U3 U4:2 | F1 F2 H1 U1 U3:1
j_only,f37e85a4c407,5,1.9219280948873623,0.8277293767706428,4,2,0.4,F1 F2 H1 U1 U3:2 | F2 H1 J12 J345 U1 U3:1 | F1 F2 U1 U3 U4:1 | F1 F2 H1 J345 U1:1
j_only,f3cbf2089cd8,5,1.9219280948873623,0.8277293767706428,4,2,0.4,H1 S1 U1 U3:2 | H1 J12 S1 U1 U3:1 | S1:1 | S1 U1 U3 U4:1
j_only,f47252c3b412,5,1.5219280948873621,0.6554587535412855,3,2,0.4,F1 F2 F3 U1 U3 U4:2 | F1 F2 U1 U3 U4:2 | F1 F2 F3 H1 U1 U3:1
j_only,f4f868eb242a,5,0.7219280948873623,0.31091750708257115,2,4,0.8,S1:4 | S1 U1 U4:1
j_only,f57b85b8c16e,5,1.9219280948873623,0.8277293767706428,4,2,0.4,F1 F2 H1 U1 U3:2 | F2 H1 U1 U3:1 | F2 H1 U1 U3 U4:1 | F1 F2 H1 U1 U3 U4:1
j_only,f59b70069029,5,1.3709505944546687,0.5904362833084089,3,3,0.6,S1:3 | H1 S1 U1 U3:1 | S1 U1 U4:1
j_only,f59c1123c57c,5,1.9219280948873623,0.8277293767706428,4,2,0.4,F1 F2 U1 U3 U4:2 | F1 F2 F3 H1 J12 J345 U1 U3:1 | F1 F2 H1 U1 U3:1 | F2 U1 U3 U4:1
j_only,fa936747b53e,5,1.5219280948873621,0.6554587535412855,3,2,0.4,S1 U1 U3 U4:2 | S1 U1 U4:2 | H1 S1 U1 U3:1
j_only,fad7d84a6b2b,5,1.9219280948873623,0.8277293767706428,4,2,0.4,F1 F2 F3 U1 U3 U4:2 | F1 F2 H1 U1 U3:1 | F1 F2 U1 U3 U4:1 | F1 F2 F3 H1 U1 U3:1
j_only,fb0061bbb89c,5,1.9219280948873623,0.8277293767706428,4,2,0.4,F1 F2 F3 H1 U1 U3:2 | F1 F2 F3 H1 U1 U4:1 | F1 F2 F3 J12 U1 U3 U4:1 | F1 F2 H1 U1:1
j_only,fb5a123a805f,5,1.9219280948873623,0.8277293767706428,4,2,0.4,F1 F2 U1 U3 U4:2 | F2 H1 U1 U3:1 | F2 U1 U3 U4:1 | F2 U1 U4:1
j_only,fb78cd234795,5,2.321928094887362,1.0,5,1,0.2,S1:1 | H1 S1 U1 U3 U4:1 | H1 S1 U1:1 | S1 U1 U3 U4:1 | H1 S1 U1 U4:1
j_only,fc1af8998b89,5,1.9219280948873623,0.8277293767706428,4,2,0.4,S1:2 | H1 S1 U1 U3:1 | H1 S1 U1:1 | S1 U1 U4:1
j_only,fc51297a412d,5,1.9219280948873623,0.8277293767706428,4,2,0.4,F1 F2 H1 U1 U3:2 | F1 F2 U1 U3 U4:1 | F2 J12 J345 U1 U3 U4:1 | F2 H1 U1 U3:1
j_only,fcd053a713e3,5,1.9219280948873623,0.8277293767706428,4,2,0.4,F1 F2 H1 U1 U3:2 | F1 F2 U1 U3 U4:1 | F1 F2 H1 U1 U3 U4:1 | F2 U1 U3 U4:1
j_only,fcee27de1d97,5,2.321928094887362,1.0,5,1,0.2,F1 F2 F3 U1 U3 U4:1 | F1 F2 H1 U1 U3:1 | F2 H1 J12 J345 U1 U3:1 | F1 F2 H1 J12 J345 U1 U3 U4:1 | F1 F2 U1 U3 U4:1
j_only,fd5adc3e3a3a,5,1.5219280948873621,0.6554587535412855,3,2,0.4,F1 F2 U1 U3 U4:2 | F1 F2 F3 H1 U1 U3:2 | F1 F2 H1 U1 U3:1
j_only,fe727d4718be,5,2.321928094887362,1.0,5,1,0.2,F2 H1 U1 U3:1 | F1 F2 H1 U1 U3:1 | F1 F2 U1 U3 U4:1 | F1 F2 F3 U1 U3 U4:1 | F2 U1 U3 U4:1
j_only,ff5570d33911,5,1.9219280948873623,0.8277293767706428,4,2,0.4,S1 U1 U3 U4:2 | H1 S1 U1 U3:1 | F1 H1 U1 U3:1 | S1 U1 U4:1
j_all,01d3ad510b42,5,1.3709505944546687,0.5904362833084089,3,3,0.6,S1 U1 U4:3 | S1 U1 U3 U4:1 | H1 S1 U1 U3:1
j_all,02de4bafb196,5,1.9219280948873623,0.8277293767706428,4,2,0.4,F1 F2 F3 H1 U1 U3:2 | F1 F2 F3 U1 U4:1 | F1 F2 F3 J_ALL U1 U3 U4:1 | F1 F2 H1 U1 U3 U4:1
j_all,039ed8d2c4fe,5,1.9219280948873623,0.8277293767706428,4,2,0.4,F1 F2 F3 J_ALL U1 U3 U4:2 | F1 F2 F3 H1 U1 U3:1 | F1 F2 H1 J_ALL U1:1 | F1 F2 U1 U3 U4:1
j_all,04278d8d1006,5,0.7219280948873623,0.31091750708257115,2,4,0.8,S1:4 | S1 U1 U4:1
j_all,043aa1b0134c,5,1.9219280948873623,0.8277293767706428,4,2,0.4,F1 F2 U1 U3 U4:2 | F2 U1 U3 U4:1 | F1 F2 H1 U1 U3:1 | F1 F2 H1 U1 U3 U4:1
j_all,046e6d52bc8e,5,1.5219280948873621,0.6554587535412855,3,2,0.4,S1:2 | S1 U1 U4:2 | H1 S1 U1 U3:1
j_all,04827fb71269,5,1.3709505944546687,0.5904362833084089,3,3,0.6,S1:3 | S1 U1 U4:1 | S1 U1:1
j_all,04f6f12c9dd1,5,1.9219280948873623,0.8277293767706428,4,2,0.4,F1 F2 F3 H1 U1 U3:2 | F1 F2 U1 U3 U4:1 | F1 F2 F3 U1 U3 U4:1 | F1 F2 F3 H1 U1 U3 U4:1
j_all,0686dccb5baa,5,1.9219280948873623,0.8277293767706428,4,2,0.4,F1 F2 U1 U3 U4:2 | F2 U1 U3 U4:1 | F1 F2 U1 U4:1 | F2 H1 U1 U3 U4:1
j_all,0688cd1db5ca,5,1.5219280948873621,0.6554587535412855,3,2,0.4,F1 F2 U1 U3 U4:2 | F1 F2 F3 U1 U3 U4:2 | F2 U1 U3 U4:1
j_all,06ed3c1819be,5,2.321928094887362,1.0,5,1,0.2,F1 F2 U1 U3 U4:1 | F2 H1 J_ALL U1 U3:1 | F1 F2 H1 U1 U3:1 | F2 F3 H1 J_ALL U1:1 | F1 F2 F3 H1 J_ALL U1 U3:1
j_all,084b592e02b3,5,1.5219280948873621,0.6554587535412855,3,2,0.4,F2 H1 U1 U3:2 | F2 U1 U3 U4:2 | F2 U1 U3:1
j_all,088747fa7d04,5,1.9219280948873623,0.8277293767706428,4,2,0.4,S1:2 | H1 S1 U1:1 | S1 U1 U4:1 | H1 S1 U1 U3:1
j_all,08ad0e53abb1,5,0.9709505944546686,0.4181656600790516,2,3,0.6,H1 S1 U1 U3:3 | H1 J_ALL S1 U1:2
j_all,0a81f336c8fb,5,2.321928094887362,1.0,5,1,0.2,F1 F2 F3 H1 U1 U3:1 | F1 F2 U1 U3 U4:1 | F2 H1 U1 U3:1 | F1 F2 H1 U1 U3:1 | F1 F2 F3 J_ALL U1 U3 U4:1
j_all,0adf2d15eb47,5,2.321928094887362,1.0,5,1,0.2,F1 F2 U1 U4:1 | F1 F2 U1 U3 U4:1 | F1 F2 F3 H1 U1 U3:1 | F2 H1 U1 U3:1 | F1 F2 F3 U1 U3 U4:1
j_all,0b6eb6e593c5,5,0.9709505944546686,0.4181656600790516,2,3,0.6,S1 U1 U4:3 | H1 S1 U1 U3:2
j_all,0bf1eff0c800,5,1.9219280948873623,0.8277293767706428,4,2,0.4,F1 F2 U1 U3 U4:2 | F2 H1 S1 U1 U3:1 | F2 H1 U1 U3:1 | F1 F2 F3 U1 U3 U4:1
j_all,0d34d4795612,5,1.3709505944546687,0.5904362833084089,3,3,0.6,S1 U1 U4:3 | S1:1 | H1 J_ALL S1 U1 U4:1
j_all,0d63f36e3688,5,1.5219280948873621,0.6554587535412855,3,2,0.4,F1 F2 F3 H1 U1 U3:2 | F1 F2 U1 U3 U4:2 | F1 F2 F3 H1 U1 U3 U4:1
j_all,0d8f07836540,5,1.5219280948873621,0.6554587535412855,3,2,0.4,F2 H1 U1 U3:2 | F2 U1 U3 U4:2 | F1 F2 U1 U3 U4:1
j_all,0f5f4d284afb,5,1.9219280948873623,0.8277293767706428,4,2,0.4,F1 F2 F3 H1 U1 U3:2 | F1 F2 F3 H1 U1 U3 U4:1 | F1 F2 U1 U3 U4:1 | F1 F2 H1 S1 U1 U3:1
j_all,109ca777fa12,5,1.3709505944546687,0.5904362833084089,3,3,0.6,F1 F2 U1 U3 U4:3 | F1 F2 F3 U1 U3 U4:1 | F1 F2 F3 H1 U1 U3:1
j_all,112d585f8fdf,5,1.9219280948873623,0.8277293767706428,4,2,0.4,H1 J_ALL S1 U1:2 | S1 U1 U3 U4:1 | S1:1 | S1 U1 U4:1
j_all,134acf006762,5,2.321928094887362,1.0,5,1,0.2,H1 S1 U1 U3:1 | S1:1 | S1 U1 U4:1 | H1 S1 U1:1 | S1 U1 U3 U4:1
j_all,14ab57dc9ec8,5,1.9219280948873623,0.8277293767706428,4,2,0.4,F2 U1 U3 U4:2 | F2 H1 U1 U3:1 | F2 J_ALL U1 U3 U4:1 | F1 F2 U1 U4:1
j_all,14d73efad7ab,5,1.9219280948873623,0.8277293767706428,4,2,0.4,S1 U1 U3 U4:2 | H1 S1 U1 U3:1 | S1:1 | H1 S1 U1:1
j_all,16ac7d4eada1,5,2.321928094887362,1.0,5,1,0.2,S1 U1 U3 U4:1 | S1 U1:1 | S1:1 | S1 U1 U4:1 | H1 S1 U1 U3:1
j_all,1921370ef769,5,1.9219280948873623,0.8277293767706428,4,2,0.4,F1 F2 H1 U1 U3:2 | F1 H1 U1 U3:1 | F1 F2 U1 U3 U4:1 | F1 F2 H1 U1 U3 U4:1
j_all,1b3433cd4628,5,2.321928094887362,1.0,5,1,0.2,F2 H1 U1 U3:1 | F1 F2 H1 U1 U3:1 | F1 F2 U1 U3 U4:1 | F1 F2 H1 U1 U3 U4:1 | F1 F2 U1 U4:1
j_all,1bce6dff94b8,5,1.5219280948873621,0.6554587535412855,3,2,0.4,S1 U1 U4:2 | H1 S1 U1 U3:2 | S1:1
j_all,1c36cac6bccc,5,2.321928094887362,1.0,5,1,0.2,F1 F2 F3 H1 U1 U3:1 | F2 H1 U1 U3:1 | F2 J_ALL U1 U3:1 | F2 H1 U1 U3 U4:1 | F1 F2 H1 U1 U3:1
j_all,1c99d4b10868,5,1.9219280948873623,0.8277293767706428,4,2,0.4,F1 F2 F3 H1 U1:2 | F1 F2 H1 J_ALL U1 U3:1 | F1 F2 U1 U3 U4:1 | F1 F2 F3 H1 U1 U3:1
j_all,1d3a4f93114f,5,0.9709505944546686,0.4181656600790516,2,3,0.6,F1 F2 F3 H1 U1 U3:3 | F2 H1 U1 U3:2
j_all,1dc1f1d9c3bd,5,0.9709505944546686,0.4181656600790516,2,3,0.6,H1 S1 U1 U3:3 | H1 S1 U1:2
j_all,1e85a8697898,5,1.9219280948873623,0.8277293767706428,4,2,0.4,F2 U1 U3 U4:2 | F1 F2 H1 U1 U3:1 | F2 H1 U1 U3:1 | F1 F2 F3 H1 U1 U3:1
j_all,1fb5bb36812c,5,1.5219280948873621,0.6554587535412855,3,2,0.4,F1 F2 H1 U1 U3:2 | F1 F2 U1 U3 U4:2 | F1 H1 U1 U3:1
j_all,1fb64399ccd8,5,1.9219280948873623,0.8277293767706428,4,2,0.4,F1 F2 H1 J_ALL U1 U3:2 | F1 F2 H1 J_ALL U1 U4:1 | F1 F2 F3 J_ALL U1 U3 U4:1 | F1 F2 H1 J_ALL U1:1
j_all,2065ada1a306,5,1.9219280948873623,0.8277293767706428,4,2,0.4,S1:2 | S1 U1 U3 U4:1 | S1 U1:1 | J_ALL S1 U1:1
j_all,209fa336c13a,5,1.3709505944546687,0.5904362833084089,3,3,0.6,F1 F2 F3 U1 U3 U4:3 | F1 F2 F3 H1 U1 U3:1 | F1 F2 F3 U1 U4:1
j_all,21da45ff7758,5,1.3709505944546687,0.5904362833084089,3,3,0.6,H1 S1 U1 U3:3 | S1:1 | S1 U1 U4:1
j_all,23161751e203,5,1.5219280948873621,0.6554587535412855,3,2,0.4,F1 F2 F3 H1 U1 U3:2 | F1 F2 U1 U3 U4:2 | F1 F2 J_ALL U1 U4:1
j_all,2440338f40ce,5,0.7219280948873623,0.31091750708257115,2,4,0.8,F1 F2 U1 U3 U4:4 | F1 F2 H1 U1 U3:1
j_all,25b03ee6601d,5,1.9219280948873623,0.8277293767706428,4,2,0.4,F1 F2 H1 U1 U3:2 | F2 U1 U3 U4:1 | F1 F2 F3 U1 U3 U4:1 | F1 F2 U1 U3 U4:1
j_all,2802cf486896,5,1.5219280948873621,0.6554587535412855,3,2,0.4,S1:2 | H1 S1 U1 U3:2 | S1 U1 U3:1
j_all,2a0d8f20ab72,5,2.321928094887362,1.0,5,1,0.2,F1 F2 F3 U1 U3 U4:1 | F2 U1 U3 U4:1 | F1 F2 U1 U3 U4:1 | F1 F2 U1 U4:1 | F1 F2 F3 H1 U1 U3:1
j_all,2a27a571e7fc,5,1.3709505944546687,0.5904362833084089,3,3,0.6,F1 F2 U1 U3 U4:3 | F1 F2 F3 H1 U1 U3:1 | F1 F2 H1 U1 U3:1
j_all,2aa0f685bafa,5,2.321928094887362,1.0,5,1,0.2,F1 F2 U1 U4:1 | F1 F2 H1 J_ALL U1 U3:1 | F1 F2 U1 U3 U4:1 | F1 F2 H1 U1 U3 U4:1 | F1 F2 H1 U1 U3:1
j_all,2c0cb0230b61,5,2.321928094887362,1.0,5,1,0.2,S1 U1 U3:1 | H1 S1 U1:1 | S1 U1 U3 U4:1 | H1 S1 U1 U3:1 | S1 U1 U4:1
j_all,2c7c7c5def5a,5,1.9219280948873623,0.8277293767706428,4,2,0.4,S1 U1 U4:2 | H1 S1 U1 U3:1 | H1 S1 U1:1 | S1 U1:1
j_all,2cabf84d8c88,5,1.9219280948873623,0.8277293767706428,4,2,0.4,F1 F2 U1 U3 U4:2 | F1 F2 F3 U1 U3 U4:1 | F1 F2 H1 J_ALL U1 U3:1 | F1 F2 H1 U1:1
j_all,2e9adc656f2b,5,1.3709505944546687,0.5904362833084089,3,3,0.6,F1 F2 H1 U1 U3 U4:3 | F2 J_ALL U1 U3 U4:1 | F1 F2 H1 U1 U3:1
j_all,2fb56e19e29d,5,1.9219280948873623,0.8277293767706428,4,2,0.4,S1:2 | S1 U1 U3 U4:1 | H1 J_ALL S1 U1:1 | S1 U1 U4:1
j_all,30b481a7c8e2,5,0.9709505944546686,0.4181656600790516,2,3,0.6,F1 F2 F3 U1 U3 U4:3 | F1 F2 U1 U3 U4:2
j_all,31a19e00325e,5,2.321928094887362,1.0,5,1,0.2,F2 H1 J_ALL U1 U4:1 | F2 H1 J_ALL U1 U3:1 | F1 F2 H1 J_ALL U1 U3:1 | F1 F2 U1 U3 U4:1 | F1 F2 H1 U1 U3:1
j_all,31a2fec2be77,5,1.9219280948873623,0.8277293767706428,4,2,0.4,F1 F2 H1 U1 U3:2 | F1 F2 F3 H1 J_ALL U1 U3 U4:1 | F1 F2 F3 J_ALL U1 U3 U4:1 | F1 F2 J_ALL U1 U3:1
j_all,31b5e609ef46,5,1.9219280948873623,0.8277293767706428,4,2,0.4,H1 S1 U1 U3:2 | S1 U1 U4:1 | J_ALL S1 U1 U3:1 | S1:1
j_all,3257ed9e00aa,5,0.9709505944546686,0.4181656600790516,2,3,0.6,F1 F2 F3 U1 U3 U4:3 | F1 F2 U1 U3 U4:2
j_all,353095dd4786,5,0.0,0.0,1,5,1.0,S1:5
j_all,362055c7a5a9,5,1.9219280948873623,0.8277293767706428,4,2,0.4,F2 U1 U3 U4:2 | F1 F2 U1 U3 U4:1 | F1 F2 H1 U1 U3:1 | F1 F2 H1 U1 U3 U4:1
j_all,3680e8deae2f,5,1.9219280948873623,0.8277293767706428,4,2,0.4,S1:2 | S1 U1 U3:1 | S1 U1 U4:1 | H1 S1 U1 U3:1
j_all,37c368833872,5,1.9219280948873623,0.8277293767706428,4,2,0.4,S1:2 | S1 U1 U3:1 | S1 U1 U3 U4:1 | J_ALL S1 U1:1
j_all,37f61727e427,5,1.3709505944546687,0.5904362833084089,3,3,0.6,S1 U1 U3 U4:3 | S1:1 | H1 S1 U1 U3:1
j_all,3885f7d6d282,5,1.5219280948873621,0.6554587535412855,3,2,0.4,F1 F2 F3 U1 U3 U4:2 | F1 F2 F3 H1 U1 U3:2 | F1 F2 F3 H1 U1 U3 U4:1
j_all,39b63b84df43,5,1.5219280948873621,0.6554587535412855,3,2,0.4,S1:2 | S1 U1 U4:2 | S1 U1 U3 U4:1
j_all,3a2203603d61,5,2.321928094887362,1.0,5,1,0.2,F2 U1 U3:1 | F1 F2 F3 H1 U1 U3 U4:1 | F2 H1 J_ALL U3:1 | F2 U1 U3 U4:1 | F1 F2 U4:1
j_all,3c4f97f6fb20,5,1.9219280948873623,0.8277293767706428,4,2,0.4,S1:2 | H1 S1 U1 U3:1 | S1 U1 U3 U4:1 | S1 U1 U4:1
j_all,3cb443c08221,5,2.321928094887362,1.0,5,1,0.2,F1 U1 U3 U4:1 | F1 F2 U1 U4:1 | F1 F2 F3 H1 J_ALL U1:1 | F1 F2 F3 U1 U3 U4:1 | F1 F2 H1 U1 U3:1
j_all,3ff2979ec750,5,1.5219280948873621,0.6554587535412855,3,2,0.4,S1 U1 U3 U4:2 | S1:2 | S1 U1 U4:1
j_all,408fd2a91abd,5,1.9219280948873623,0.8277293767706428,4,2,0.4,F1 F2 H1 U1 U3:2 | F2 H1 U1 U3:1 | F1 F2 F3 U1 U3 U4:1 | F2 U1 U3 U4:1
j_all,410ecd5b1e40,5,1.9219280948873623,0.8277293767706428,4,2,0.4,S1:2 | H1 J_ALL S1 U1:1 | H1 S1 U1:1 | S1 U1 U3 U4:1
j_all,430464d25f28,5,1.3709505944546687,0.5904362833084089,3,3,0.6,F1 F2 F3 H1 U1 U3:3 | F1 F2 H1 U1 U3:1 | F1 F2 F3 U1 U4:1
j_all,43748fb30948,5,1.9219280948873623,0.8277293767706428,4,2,0.4,F1 F2 H1 U1 U3:2 | F2 H1 U1 U3:1 | F1 F2 F3 H1 U1 U3:1 | F1 F2 U1 U3 U4:1
j_all,43e4036c30f9,5,1.3709505944546687,0.5904362833084089,3,3,0.6,S1:3 | H1 S1 U1 U3:1 | S1 U4:1
j_all,4463568f621e,5,2.321928094887362,1.0,5,1,0.2,F1 F2 H1 U1 U3 U4:1 | F1 F2 F3 U1 U3 U4:1 | F1 F2 U1 U3 U4:1 | F1 F2 H1 U1 U4:1 | F2 U1 U3 U4:1
j_all,447d40f8ace5,5,2.321928094887362,1.0,5,1,0.2,F1 F2 H1 U1 U3:1 | F1 F2 F3 J_ALL U1 U3 U4:1 | F1 F2 J_ALL U1 U3 U4:1 | F1 F2 H1 U1 U3 U4:1 | F1 F2 U1 U3 U4:1
j_all,4707c2930bd5,5,1.3709505944546687,0.5904362833084089,3,3,0.6,F2 U1 U3 U4:3 | F1 F2 U1 U3 U4:1 | F2 H1 U1 U3:1
j_all,472b9b93ad9f,5,1.9219280948873623,0.8277293767706428,4,2,0.4,F1 F2 F3 H1 U1 U3:2 | F1 F2 F3 H1 J_ALL U1 U3 U4:1 | F1 F2 H1 U1 U3 U4:1 | F1 F2 F3 H1 U1 U3 U4:1
j_all,49067b2ff40c,5,1.5219280948873621,0.6554587535412855,3,2,0.4,H1 S1 U1 U3:2 | S1 U1 U3 U4:2 | S1 U1 U4:1
j_all,4bb8afe35408,5,0.9709505944546686,0.4181656600790516,2,3,0.6,F1 F2 U1 U3 U4:3 | F1 F2 F3 U1 U3 U4:2
j_all,4f06bfffb535,5,1.9219280948873623,0.8277293767706428,4,2,0.4,S1:2 | S1 U1 U3:1 | S1 U1 U3 U4:1 | S1 U1:1
j_all,4fdfdbf582cb,5,1.3709505944546687,0.5904362833084089,3,3,0.6,F1 F2 U1 U3 U4:3 | F1 F2 F3 U1 U3 U4:1 | F1 F2 F3 H1 U1 U3:1
j_all,4ff4163fd5c7,5,2.321928094887362,1.0,5,1,0.2,F1 F2 F3 H1 U1 U3 U4:1 | F2 U1 U4:1 | F1 F2 F3 H1 U1 U3:1 | F1 F2 U1 U3 U4:1 | F1 F2 F3 U1 U3 U4:1
j_all,512ffd6391ed,5,1.9219280948873623,0.8277293767706428,4,2,0.4,S1 U1 U4:2 | H1 S1 U1 U3:1 | S1 U1 U3 U4:1 | S1:1
j_all,5341a4972339,5,1.3709505944546687,0.5904362833084089,3,3,0.6,F2 H1 U1 U3:3 | F2 H1 U1 U3 U4:1 | F1 F2 H1 J_ALL U1 U3:1
j_all,5478288b68f4,5,1.9219280948873623,0.8277293767706428,4,2,0.4,F1 F2 U1 U3 U4:2 | F1 F2 U1:1 | F1 F2 F3 U1 U3 U4:1 | F1 F2 F3 H1 U1 U3 U4:1
j_all,55157f0433cc,5,1.3709505944546687,0.5904362833084089,3,3,0.6,F1 F2 H1 U1 U3:3 | F1 H1 J_ALL U1:1 | F1 F2 J_ALL U1 U3 U4:1
j_all,560a71c4eb88,5,1.5219280948873621,0.6554587535412855,3,2,0.4,F1 F2 F3 H1 U1 U3:2 | F1 F2 F3 U1 U3 U4:2 | F1 F2 H1 U1 U3:1
j_all,57d543f72b94,5,0.9709505944546686,0.4181656600790516,2,3,0.6,F1 F2 F3 U1 U3 U4:3 | F2 U1 U3 U4:2
j_all,5860caa8b811,5,1.9219280948873623,0.8277293767706428,4,2,0.4,F1 F2 H1 U1 U3:2 | F1 F2 H1 J_ALL U1 U3 U4:1 | F1 F2 H1 J_ALL U1 U3:1 | F1 F2 U1 U3 U4:1
j_all,5932b68b6a3b,5,0.7219280948873623,0.31091750708257115,2,4,0.8,F1 F2 F3 U1 U3 U4:4 | F1 F2 U1 U3 U4:1
j_all,5aefd3e8b445,5,1.3709505944546687,0.5904362833084089,3,3,0.6,S1:3 | S1 U1 U4:1 | S1 U1 U3 U4:1
j_all,5ccdfc01ba3c,5,1.3709505944546687,0.5904362833084089,3,3,0.6,S1 U1 U4:3 | H1 S1 U1:1 | H1 S1 U1 U3:1
j_all,5cdb0ba3c556,5,2.321928094887362,1.0,5,1,0.2,F1 F2 H1 J_ALL U1:1 | F1 F2 H1 U1 U3:1 | F1 F2 H1 J_ALL U1 U3 U4:1 | F1 F2 F3 H1 U1 U3:1 | F1 F2 F3 J_ALL U1 U3 U4:1
j_all,5d40cd729024,5,1.9219280948873623,0.8277293767706428,4,2,0.4,F1 F2 U1 U3 U4:2 | F1 F2 F3 U1 U3 U4:1 | F1 F2 H1 U1 U3 U4:1 | F1 F2 F3 H1 U1 U3:1
j_all,5e17e32670ea,5,1.9219280948873623,0.8277293767706428,4,2,0.4,F1 F2 U1 U4:2 | F1 F2 F3 U1 U3 U4:1 | F2 H1 U1 U3:1 | F1 F2 F3 H1 U1 U3 U4:1
j_all,5e3faa420f8a,5,2.321928094887362,1.0,5,1,0.2,S1 U1 U3 U4:1 | S1 U1:1 | S1 U1 U4:1 | S1:1 | S1 U1 U3:1
j_all,5eb14f8b3cdc,5,1.3709505944546687,0.5904362833084089,3,3,0.6,F1 F2 U1 U3 U4:3 | F1 F2 J_ALL S1 U1 U3:1 | F1 F2 F3 U1 U3 U4:1
j_all,5ebba28b6c1b,5,1.9219280948873623,0.8277293767706428,4,2,0.4,F1 F2 H1 U1 U3:2 | F2 H1 U1 U3:1 | F1 F2 H1 U1 U3 U4:1 | F1 F2 F3 U1 U3 U4:1
j_all,60160115004c,5,1.9219280948873623,0.8277293767706428,4,2,0.4,H1 S1 U1 U3:2 | S1 U1 U3 U4:1 | S1:1 | S1 U4:1
j_all,6025e1fa5134,5,1.9219280948873623,0.8277293767706428,4,2,0.4,F1 F2 H1 U1 U3:2 | F1 F2 H1 J_ALL U1:1 | F1 F2 F3 U1 U3 U4:1 | F1 F2 U1 U3 U4:1
j_all,6103d326f1f4,5,1.3709505944546687,0.5904362833084089,3,3,0.6,S1:3 | H1 S1 U1 U3:1 | S1 U1 U3 U4:1
j_all,615c9cf6b7e2,5,1.5219280948873621,0.6554587535412855,3,2,0.4,H1 S1 U1 U3:2 | S1:2 | H1 S1 U1:1
j_all,62126c371107,5,1.9219280948873623,0.8277293767706428,4,2,0.4,F1 F2 H1 U1 U3:2 | F1 F2 U1 U3 U4:1 | F1 F2 U1 U4:1 | F1 F2 J_ALL U1 U4:1
j_all,624266e9f779,5,1.9219280948873623,0.8277293767706428,4,2,0.4,F1 F2 F3 H1 U1 U3 U4:2 | F1 F2 H1 U1 U3:1 | F1 F2 F3 U1 U3 U4:1 | F1 F2 F3 H1 U1 U3:1
j_all,628cb522c3cd,5,1.9219280948873623,0.8277293767706428,4,2,0.4,S1 U1 U4:2 | H1 S1 U1 U3:1 | H1 J_ALL S1 U1:1 | S1 U1 U3:1
j_all,62e2c124f989,5,1.3709505944546687,0.5904362833084089,3,3,0.6,F2 H1 U1 U3:3 | F1 F2 H1 U1 U3:1 | F1 H1 J_ALL U1:1
j_all,643832575481,5,1.5219280948873621,0.6554587535412855,3,2,0.4,F1 F2 F3 H1 U1 U3:2 | F1 F2 H1 U1 U3:2 | F1 F2 H1 U1 U3 U4:1
j_all,64cf0bbee592,5,2.321928094887362,1.0,5,1,0.2,S1:1 | S1 U1 U4:1 | F1 F2 U1 U3 U4:1 | F1 H1 U1 U3:1 | F2 U1 U4:1
j_all,65008302b1e5,5,1.5219280948873621,0.6554587535412855,3,2,0.4,F2 U1 U3 U4:2 | F1 F2 F3 H1 U1 U3:2 | F1 F2 U1 U3 U4:1
j_all,660cc534fc78,5,1.9219280948873623,0.8277293767706428,4,2,0.4,H1 S1 U1:2 | S1:1 | H1 J_ALL U1 U4:1 | H1 S1 U1 U3:1
j_all,66604d92cdf6,5,1.9219280948873623,0.8277293767706428,4,2,0.4,F1 F2 U1 U3 U4:2 | F1 F2 F3 H1 U1 U3:1 | F1 F2 F3 U1 U3 U4:1 | F1 F2 H1 J_ALL U1:1
j_all,684536b07bc7,5,0.9709505944546686,0.4181656600790516,2,3,0.6,H1 S1 U1 U3:3 | S1 U1 U3 U4:2
j_all,688178e946ff,5,1.5219280948873621,0.6554587535412855,3,2,0.4,F1 F2 F3 H1 U1 U3:2 | F1 F2 U1 U3 U4:2 | F2 U1 U3 U4:1
j_all,69262ac8f823,5,1.9219280948873623,0.8277293767706428,4,2,0.4,H1 S1 U1:2 | H1 S1 U1 U3:1 | S1:1 | H1 S1 U3 U4:1
j_all,6980ae227761,5,2.321928094887362,1.0,5,1,0.2,F1 F2 H1 U1 U3 U4:1 | F1 F2 F3 H1 U1 U3:1 | F1 F2 F3 H1 J_ALL U1 U3 U4:1 | F1 F2 F3 J_ALL U1 U3 U4:1 | F1 F2 J_ALL U1 U3 U4:1
j_all,699afdbeba4d,5,1.9219280948873623,0.8277293767706428,4,2,0.4,F1 F2 U1 U3 U4:2 | F2 H1 J_ALL U1 U3:1 | F2 U1 U3 U4:1 | F1 F2 H1 U1 U3:1
j_all,6a1f6758e7d9,5,1.9219280948873623,0.8277293767706428,4,2,0.4,F1 F2 H1 U1 U3 U4:2 | F2 H1 U1 U3 U4:1 | F1 F2 F3 J_ALL U1 U3 U4:1 | F1 F2 H1 U1 U3:1
j_all,6bdd73210307,5,1.9219280948873623,0.8277293767706428,4,2,0.4,F1 F2 F3 H1 U1 U3:2 | F1 F2 F3 J_ALL U1:1 | F1 F2 U1 U3 U4:1 | F1 F2 H1 U1 U3:1
j_all,6d850c9bb9a8,5,1.9219280948873623,0.8277293767706428,4,2,0.4,F1 F2 F3 U1 U3 U4:2 | F1 F2 H1 U1 U3:1 | F1 F2 U1 U3 U4:1 | F1 F2 F3 U1:1
j_all,6df425a01e7e,5,1.3709505944546687,0.5904362833084089,3,3,0.6,F1 F2 H1 U1 U3:3 | F1 F2 H1 U1 U3 U4:1 | F2 H1 U1 U3:1
j_all,6df59e956a95,5,1.9219280948873623,0.8277293767706428,4,2,0.4,F1 F2 U1 U3 U4:2 | F1 F2 H1 J_ALL U1 U3:1 | F1 F2 U1 U4:1 | F2 H1 U1 U3:1
j_all,6e3fc24135dd,5,0.9709505944546686,0.4181656600790516,2,3,0.6,F1 F2 F3 U1 U3 U4:3 | F1 F2 U1 U3 U4:2
j_all,6e65a2b06b3e,5,1.5219280948873621,0.6554587535412855,3,2,0.4,F1 F2 F3 U1 U3 U4:2 | F1 F2 U1 U3 U4:2 | F1 F2 F3 H1 U1 U3:1
j_all,6ebaa814e4ad,5,2.321928094887362,1.0,5,1,0.2,F2 H1 U1 U3:1 | F2 U1 U3 U4:1 | F1 F2:1 | F1 F2 H1 U1 U3:1 | F2 H1 J_ALL U3:1
j_all,70d66563e84a,5,1.9219280948873623,0.8277293767706428,4,2,0.4,F1 F2 H1 U1 U3 U4:2 | F1 F2 F3 H1 U1 U3:1 | F2 U1 U3 U4:1 | F1 F2 U1 U3 U4:1
j_all,72eed7e29e02,5,0.7219280948873623,0.31091750708257115,2,4,0.8,F1 F2 U1 U3 U4:4 | F1 H1 U1 U3:1
j_all,7415e35108cc,5,1.9219280948873623,0.8277293767706428,4,2,0.4,F1 F2 U1 U3 U4:2 | F1 F2 F3 U1 U3 U4:1 | F1 F2 S1 U1 U3 U4:1 | F1 F2 H1 U1 U3:1
j_all,74fb44a7acc9,5,1.3709505944546687,0.5904362833084089,3,3,0.6,S1:3 | H1 J_ALL S1 U1:1 | S1 U1 U4:1
j_all,754832888538,5,1.5219280948873621,0.6554587535412855,3,2,0.4,F1 F2 H1 U1 U3:2 | F1 F2 F3 U1 U3 U4:2 | F2 U1 U3 U4:1
j_all,760bf1553c4d,5,1.9219280948873623,0.8277293767706428,4,2,0.4,F1 F2 H1 U1 U3:2 | F1 F2 H1 U1:1 | F2 H1 U1 U3 U4:1 | F1 F2 F3 H1 U1 U3:1
j_all,774568d1460a,5,1.3709505944546687,0.5904362833084089,3,3,0.6,S1 U1 U4:3 | S1:1 | S1 U1 U3 U4:1
j_all,77e8cca793fb,5,2.321928094887362,1.0,5,1,0.2,S1:1 | S1 U1 U3 U4:1 | J_ALL S1 U1 U3 U4:1 | S1 U1 U4:1 | H1 S1 U1:1
j_all,7803d9a85054,5,0.9709505944546686,0.4181656600790516,2,3,0.6,S1 U1 U4:3 | H1 S1 U1 U3:2
j_all,78230d2a0091,5,1.9219280948873623,0.8277293767706428,4,2,0.4,F1 F2 H1 U1 U3:2 | F2 H1 U1 U3:1 | F1 F2 H1 U1 U3 U4:1 | F1 F2 F3 U1 U3 U4:1
j_all,7a02d7111976,5,1.9219280948873623,0.8277293767706428,4,2,0.4,F1 F2 U1 U3 U4:2 | F1 F2 S1 U1 U4:1 | F1 F2 H1 U1 U3:1 | F1 F2 H1 S1 U1 U3 U4:1
j_all,7a7a77e77a46,5,1.3709505944546687,0.5904362833084089,3,3,0.6,F1 F2 U1 U3 U4:3 | F1 F2 U1 U3:1 | F1 F2 H1 U1 U3:1
j_all,7b77237aee10,5,1.5219280948873621,0.6554587535412855,3,2,0.4,H1 S1 U1 U3:2 | S1 U1 U3 U4:2 | S1 U1:1
j_all,7c3d9a994e6f,5,1.3709505944546687,0.5904362833084089,3,3,0.6,S1:3 | S1 U1 U3 U4:1 | H1 J_ALL S1 U1:1
j_all,7cebf4fe20ee,5,1.9219280948873623,0.8277293767706428,4,2,0.4,F1 F2 H1 U1 U3 U4:2 | F1 F2 F3 U1 U3 U4:1 | F1 F2 H1 J_ALL U1 U3:1 | F1 F2 F3 H1 U1 U3 U4:1
j_all,7df672f007f4,5,1.3709505944546687,0.5904362833084089,3,3,0.6,S1 U1 U4:3 | H1 J_ALL S1 U1 U4:1 | H1 S1 U1:1
j_all,7e30c8259061,5,1.3709505944546687,0.5904362833084089,3,3,0.6,S1:3 | H1 S1 U1 U3:1 | S1 U1 U3 U4:1
j_all,7e49e32d201b,5,1.9219280948873623,0.8277293767706428,4,2,0.4,F1 F2 U1 U3 U4:2 | F1 F2 H1 U1 U3:1 | F1 F2 J_ALL U1 U3:1 | F1 F2 H1 J_ALL U1 U3:1
j_all,7e6b0d276a55,5,0.9709505944546686,0.4181656600790516,2,3,0.6,S1 U1 U4:3 | H1 S1 U1 U3:2
j_all,7f427673957c,5,1.9219280948873623,0.8277293767706428,4,2,0.4,F1 F2 U1 U3 U4:2 | F1 F2 F3 J_ALL U1 U3:1 | F2 H1 U1 U3:1 | F1 F2 F3 U1 U3 U4:1
j_all,7f45c1d942fc,5,2.321928094887362,1.0,5,1,0.2,F1 F2 H1 U1 U3 U4:1 | F1 F2 F3 H1 U1 U3:1 | F2 H1 U1 U3 U4:1 | F1 F2 H1 U1:1 | F1 F2 H1 U1 U3:1
j_all,805f4872bae8,5,2.321928094887362,1.0,5,1,0.2,F1 F2 U1 U3 U4:1 | F1 F2 U3 U4:1 | F1 F2 F3 H1 U1 U3:1 | F1 F2 F3 U1 U3 U4:1 | F2 U1 U3 U4:1
j_all,8078cef39704,5,1.9219280948873623,0.8277293767706428,4,2,0.4,F1 F2 H1 U1 U3:2 | F1 H1 U1 U3 U4:1 | F1 F2 F3 H1 J_ALL U1 U3:1 | F1 F2 H1 S1 U1 U3:1
j_all,80db6dd984d5,5,1.9219280948873623,0.8277293767706428,4,2,0.4,F1 F2 U1 U3 U4:2 | F1 F2 F3 H1 U1 U3:1 | F1 F2 J_ALL U1 U3 U4:1 | F1 F2 F3 H1 J_ALL U1 U3:1
j_all,8132df5e7a12,5,2.321928094887362,1.0,5,1,0.2,F1 F2 F3 H1 J_ALL U1:1 | F1 F2 U1 U3 U4:1 | F1 F2 H1 U1 U3 U4:1 | F1 F2 F3 U1 U3 U4:1 | F1 F2 H1 J_ALL U1 U3 U4:1
j_all,81607c6d9629,5,2.321928094887362,1.0,5,1,0.2,F1 F2 H1 U1 U3:1 | F1 F2 U1 U3 U4:1 | F2 U1 U3 U4:1 | F1 F2 U1 U3:1 | F1 F2 H1 U1:1
j_all,81a87f78403c,5,2.321928094887362,1.0,5,1,0.2,F1 U1 U3 U4:1 | F2 U1 U3 U4:1 | H1 U1:1 | F1 F2 F3 U1 U3 U4:1 | F1 F2 U1 U4:1
j_all,83b57a05ab3c,5,1.3709505944546687,0.5904362833084089,3,3,0.6,F1 F2 U1 U3 U4:3 | F1 F2 F3:1 | F1 F2 H1 S1 U1 U3 U4:1
j_all,849b8319a75f,5,0.9709505944546686,0.4181656600790516,2,3,0.6,S1:3 | S1 U1 U4:2
j_all,86090feb7a89,5,1.3709505944546687,0.5904362833084089,3,3,0.6,H1 S1 U1 U3:3 | S1 U1 U3 U4:1 | S1 U1 U4:1
j_all,87ecf58e6b0c,5,1.9219280948873623,0.8277293767706428,4,2,0.4,F1 F2 F3 H1 U1 U3:2 | F1 F2 F3 H1 U1 U3 U4:1 | F1 F2 F3 H1 J_ALL U1:1 | F1 F2 H1 J_ALL U1 U3:1
j_all,8a4969fb9f3f,5,1.9219280948873623,0.8277293767706428,4,2,0.4,F1 F2 H1 U1 U3:2 | F1 F2 F3 H1 U1:1 | F1 F2 F3 H1 U1 U3:1 | F1 F2 U1 U4:1
j_all,8b87a89244e2,5,1.9219280948873623,0.8277293767706428,4,2,0.4,S1:2 | S1 U1 U4:1 | H1 S1 U1:1 | H1 S1 U1 U3:1
j_all,8ba39229aeac,5,1.9219280948873623,0.8277293767706428,4,2,0.4,F1 F2 U1 U3 U4:2 | F1 F2 F3 H1 U1 U3:1 | F2 H1 S1 U1 U3:1 | F1 S1 U1 U4:1
j_all,8ca47f754a8b,5,1.5219280948873621,0.6554587535412855,3,2,0.4,F1 F2 F3 H1 U1 U3 U4:2 | F1 F2 U1 U3 U4:2 | F1 F2 F3 H1 U1 U3:1
j_all,8cfe1edbd00f,5,1.9219280948873623,0.8277293767706428,4,2,0.4,S1 U1 U3:2 | H1 S1 U1 U3:1 | S1 U1 U4:1 | J_ALL S1 U1 U3:1
j_all,8e335947c0e1,5,1.9219280948873623,0.8277293767706428,4,2,0.4,F1 F2 U1 U3 U4:2 | F1 F2 F3 U1 U3 U4:1 | F2 H1 U1 U3 U4:1 | F1 F2 H1 U1 U3 U4:1
j_all,8e3c2e92cbc0,5,1.9219280948873623,0.8277293767706428,4,2,0.4,F1 F2 U1 U3 U4:2 | F1 F2 U1 U4:1 | F1 F2 F3 U1 U3 U4:1 | F1 F2 F3 U1 U4:1
j_all,8e440b80a157,5,1.3709505944546687,0.5904362833084089,3,3,0.6,F2 U1 U3 U4:3 | F1 F2 F3 H1 U1 U3 U4:1 | F1 F2 F3 H1 U1 U3:1
j_all,9002b1ff928f,5,0.0,0.0,1,5,1.0,S1:5
j_all,90b23b744311,5,1.3709505944546687,0.5904362833084089,3,3,0.6,S1 U1 U4:3 | H1 S1 U1 U3:1 | H1 S1 U1:1
j_all,9167dfcb1faa,5,1.9219280948873623,0.8277293767706428,4,2,0.4,F1 F2 H1 U1 U3:2 | F1 F2 U1 U3 U4:1 | F1 F2 F3 H1 U1 U3:1 | F1 F2 F3 S1 U1:1
j_all,91987904b44b,5,1.3709505944546687,0.5904362833084089,3,3,0.6,S1:3 | S1 U1 U3:1 | H1 S1 U1 U3:1
j_all,93630e0a3d67,5,1.3709505944546687,0.5904362833084089,3,3,0.6,F2 U1 U3 U4:3 | F1 F2 U1 U3 U4:1 | F2 H1 U1 U3:1
j_all,942b571c83ec,5,1.9219280948873623,0.8277293767706428,4,2,0.4,F1 F2 F3 H1 U1 U3 U4:2 | F1 F2 F3 H1 J_ALL U1 U3:1 | F1 F2 H1 J_ALL U1:1 | F1 F2 H1 S1 U1 U3:1
j_all,94bc5a480449,5,0.9709505944546686,0.4181656600790516,2,3,0.6,S1:3 | S1 U1:2
j_all,94bf93368c00,5,1.3709505944546687,0.5904362833084089,3,3,0.6,F1 F2 F3 U1 U3 U4:3 | F1 F2 F3 H1 U1 U3:1 | F1 F2 F3 U1 U3:1
j_all,953cf8b9cd02,5,0.9709505944546686,0.4181656600790516,2,3,0.6,S1:3 | S1 U1 U3 U4:2
j_all,9623f8400850,5,1.9219280948873623,0.8277293767706428,4,2,0.4,F1 F2 H1 U1 U3:2 | F1 F2 F3 H1 U1 U3:1 | F1 F2 F3 U1 U3 U4:1 | F1 F2 H1 U1 U3 U4:1
j_all,96e911c67649,5,2.321928094887362,1.0,5,1,0.2,F1 F2 U1 U4:1 | F1 F2 F3 U1 U3 U4:1 | F1 F2 F3 H1 U1 U3:1 | F1 F2 U1 U3 U4:1 | F1 F2 H1 U1 U3:1
j_all,97abaa333a90,5,1.3709505944546687,0.5904362833084089,3,3,0.6,F1 F2 F3 U1 U3 U4:3 | F1 F2 U1 U3 U4:1 | F1 F2 F3 H1 U1 U3:1
j_all,9906ba89a54d,5,0.9709505944546686,0.4181656600790516,2,3,0.6,S1 U1 U3 U4:3 | S1 U1 U4:2
j_all,99d069fa1546,5,1.9219280948873623,0.8277293767706428,4,2,0.4,S1 U1 U3 U4:2 | H1 S1 U1 U3:1 | H1 S1 U1 U3 U4:1 | S1:1
j_all,9a9eff6df503,5,1.9219280948873623,0.8277293767706428,4,2,0.4,F1 F2 U1 U3 U4:2 | F1 F2 F3 H1 U1 U3:1 | F1 F2 F3 U1 U3 U4:1 | F1 F2 U1 U4:1
j_all,9b00fd3c63f5,5,1.5219280948873621,0.6554587535412855,3,2,0.4,S1:2 | S1 U1 U3 U4:2 | S1 U1 U4:1
j_all,9b8faec4d9b1,5,1.9219280948873623,0.8277293767706428,4,2,0.4,F1 F2 U1 U3 U4:2 | F2 U1 U3 U4:1 | F2 H1 U1 U3:1 | F1 F2 H1 U1 U3:1
j_all,9bbcadeaa0fa,5,2.321928094887362,1.0,5,1,0.2,F1 F2 F3 U1 U3 U4:1 | F1 F2 H1 U1 U3:1 | F1 F2 H1 U1 U3 U4:1 | F1 F2 F3 H1 U1 U3 U4:1 | F1 F2 U1 U3 U4:1
j_all,9bef5c2501ee,5,1.5219280948873621,0.6554587535412855,3,2,0.4,F1 F2 F3 H1 U1 U3:2 | F1 F2 U1 U3 U4:2 | F1 F2 F3 U1 U3 U4:1
j_all,9d41a00a9c93,5,1.9219280948873623,0.8277293767706428,4,2,0.4,S1 U1 U4:2 | H1 J_ALL S1 U1 U3:1 | H1 S1 U1:1 | S1 U1 U3 U4:1
j_all,9dfe141cf391,5,1.3709505944546687,0.5904362833084089,3,3,0.6,F1 F2 U1 U3 U4:3 | F1 F2 F3 H1 U1 U3:1 | F1 F2 F3 U1 U3 U4:1
j_all,9fd1f741bc64,5,2.321928094887362,1.0,5,1,0.2,F2 H1 U1 U3:1 | F1 F2 F3 U1 U3 U4:1 | F1 F2 F3 J_ALL U1:1 | F2 U1 U3 U4:1 | F1 F2 U1 U3 U4:1
j_all,a03d48541430,5,1.3709505944546687,0.5904362833084089,3,3,0.6,F1 F2 F3 U1 U3 U4:3 | F1 F2 H1 U1 U3:1 | F1 F2 F3 H1 U1 U3 U4:1
j_all,a0b20e4df225,5,1.3709505944546687,0.5904362833084089,3,3,0.6,S1:3 | H1 S1 U1 U3:1 | S1 U1 U3 U4:1
j_all,a0def0e8f780,5,1.9219280948873623,0.8277293767706428,4,2,0.4,H1 S1 U1 U3:2 | S1 U1 U3 U4:1 | S1:1 | S1 U2 U4:1
j_all,a21113615ced,5,0.9709505944546686,0.4181656600790516,2,3,0.6,F1 F2 F3 H1 U1 U3:3 | F1 F2 F3 U1 U3 U4:2
j_all,a2ee1ad7e572,5,2.321928094887362,1.0,5,1,0.2,F1 H1 J_ALL U1:1 | F1 F2 F3 H1 U1:1 | F1 F2 U1 U4:1 | F2 H1 U1 U3:1 | F1 F2 F3 U1 U3 U4:1
j_all,a32fbd13c2e3,5,1.3709505944546687,0.5904362833084089,3,3,0.6,F2 U1 U3 U4:3 | F1 F2 H1 U1 U3:1 | F2 U1 U3:1
j_all,a41084c34754,5,1.5219280948873621,0.6554587535412855,3,2,0.4,F1 F2 H1 U1 U3:2 | F1 F2 H1 J_ALL U1 U3:2 | F2 U1 U3 U4:1
j_all,a4265bd21da8,5,0.9709505944546686,0.4181656600790516,2,3,0.6,S1:3 | S1 U1 U4:2
j_all,a44c5fe6a989,5,1.9219280948873623,0.8277293767706428,4,2,0.4,S1:2 | H1 S1 U1 U3:1 | S1 U1 U3 U4:1 | S1 U1 U4:1
j_all,a45c83f69ba7,5,1.9219280948873623,0.8277293767706428,4,2,0.4,S1:2 | S1 U1 U3 U4:1 | H1 S1 U1 U3:1 | S1 U1 U4:1
j_all,a5e0df042d50,5,1.3709505944546687,0.5904362833084089,3,3,0.6,F1 F2 U1 U3 U4:3 | F2 U1 U3 U4:1 | F1 F2 H1 U1 U3:1
j_all,a69a5c9bdd1d,5,1.9219280948873623,0.8277293767706428,4,2,0.4,F1 F2 F3 U1 U3 U4:2 | F1 F2 U1 U3 U4:1 | F1 F2 J_ALL U1 U3 U4:1 | F1 F2 H1 U1 U3:1
j_all,a82568887b73,5,1.9219280948873623,0.8277293767706428,4,2,0.4,F1 F2 H1 U1 U3:2 | F1 F2 F3 H1 U1 U3:1 | F1 F2 F3 U1 U3 U4:1 | F1 F2 U1 U3 U4:1
j_all,ad4a3ebaa5bc,5,1.9219280948873623,0.8277293767706428,4,2,0.4,F2 H1 U1 U3:2 | F2 U1 U3 U4:1 | F2 H1 J_ALL U1 U3:1 | F2 H1 U1:1
j_all,ae184ed23fd2,5,1.9219280948873623,0.8277293767706428,4,2,0.4,F1 F2 H1 J_ALL U1 U3 U4:2 | F1 F2 F3 H1 J_ALL U1:1 | F2 U1 U3 U4:1 | F1 F2 F3 U1 U3 U4:1
j_all,aebd35259e42,5,2.321928094887362,1.0,5,1,0.2,F2 H1 U1 U3:1 | F1 F2 F3 H1 U1 U3:1 | F2 U1 U3 U4:1 | F1 U1 U3 U4:1 | F1 F2 H1 U1 U3:1
j_all,afe283c2f92e,5,2.321928094887362,1.0,5,1,0.2,F1 F2 H1 U1 U3:1 | F1 F2 F3 H1 U1 U3:1 | F1 F2 F3 H1 U1 U3 U4:1 | F1 F2 U1 U3 U4:1 | F1 F2 F3 U1 U3 U4:1
j_all,b0c69164f2c2,5,1.3709505944546687,0.5904362833084089,3,3,0.6,S1:3 | S1 U1 U4:1 | S1 U1:1
j_all,b2790c4ddf09,5,1.5219280948873621,0.6554587535412855,3,2,0.4,F1 F2 F3 U1 U3 U4:2 | F1 F2 U1 U3 U4:2 | F2 H1 U1 U3:1
j_all,b38b2a0c0e03,5,1.9219280948873623,0.8277293767706428,4,2,0.4,F1 F2 U1 U3 U4:2 | F1 F2 U1 U4:1 | F1 F2 H1 U1 U3:1 | F1 F2 F3 H1 U1 U3 U4:1
j_all,b498f4cd8561,5,1.9219280948873623,0.8277293767706428,4,2,0.4,F1 F2 H1 U1 U3:2 | F1 F2 U1 U4:1 | F1 F2 U1 U3 U4:1 | F1 F2 F3 U1 U3 U4:1
j_all,b4b46e41a207,5,1.5219280948873621,0.6554587535412855,3,2,0.4,F1 F2 F3 H1 U1 U3:2 | F1 F2 H1 U1 U3:2 | F1 F2 U1 U3 U4:1
j_all,b71b3713bf7e,5,1.5219280948873621,0.6554587535412855,3,2,0.4,H1 S1 U1 U3:2 | S1:2 | S1 U1 U3:1
j_all,b73f5ed4014d,5,1.3709505944546687,0.5904362833084089,3,3,0.6,F1 F2 F3 H1 U1 U3:3 | F1 F2 U1 U3 U4:1 | F1 F2 F3 U1 U3 U4:1
j_all,b747c4e5f4ac,5,2.321928094887362,1.0,5,1,0.2,F2 S1 U1 U3 U4:1 | S1 U1 U4:1 | F1 F2 U1 U3 U4:1 | F2 U1 U3 U4:1 | F2 F3 U1 U3 U4:1
j_all,b7ab98dbfd54,5,1.9219280948873623,0.8277293767706428,4,2,0.4,F1 F2 U1 U3 U4:2 | F1 F2 H1 U1 U3:1 | F2 U1 U3 U4:1 | F1 F2 F3 H1 U1 U3:1
j_all,b8c47f333bb5,5,1.5219280948873621,0.6554587535412855,3,2,0.4,S1 U1 U4:2 | H1 S1 U1 U3:2 | S1:1
j_all,ba1df2e0ede2,5,2.321928094887362,1.0,5,1,0.2,F2 J_ALL U1 U3 U4:1 | F2 H1 J_ALL U1:1 | F1 F2 J_ALL U1 U3 U4:1 | F1 F2 H1 U1 U3:1 | F1 F2 F3 J_ALL U1 U3 U4:1
j_all,ba73af4e78a2,5,1.5219280948873621,0.6554587535412855,3,2,0.4,F1 F2 U1 U3 U4:2 | F2 U1 U3 U4:2 | F1 F2 U1 U4:1
j_all,baca3b71517c,5,1.5219280948873621,0.6554587535412855,3,2,0.4,F1 F2 F3 H1 U1 U3:2 | F1 F2 H1 U1 U3 U4:2 | F1 F2 F3 H1 J_ALL U1 U3:1
j_all,bb4148602b38,5,1.9219280948873623,0.8277293767706428,4,2,0.4,F1 F2 U1 U3 U4:2 | F2 H1 U1 U3:1 | F1 F2 F3 U1 U3 U4:1 | F1 F2 H1 U1 U3:1
j_all,bbea276f3086,5,2.321928094887362,1.0,5,1,0.2,F1 F2 U1 U3 U4:1 | F2 H1 U1 U3 U4:1 | F2 H1 U1 U3:1 | F1 F2 H1 J_ALL U1 U3:1 | F2 H1 J_ALL U1 U3 U4:1
j_all,bbf0a1f63b46,5,1.9219280948873623,0.8277293767706428,4,2,0.4,F1 F2 U1 U3 U4:2 | F1 F2 H1 J_ALL U1 U3 U4:1 | F2 H1 S1 U1 U3:1 | F2 U1 U3 U4:1
j_all,be79c347aa60,5,1.9219280948873623,0.8277293767706428,4,2,0.4,F1 F2 F3 H1 U1 U3:2 | F1 F2 F3 H1 U1 U3 U4:1 | F2 F3 H1 U1 U3:1 | F2 U1 U3 U4:1
j_all,bee5861ae116,5,1.5219280948873621,0.6554587535412855,3,2,0.4,F2 H1 U1 U3:2 | F2 U1 U3 U4:2 | F2 U1 U3:1
j_all,bf53db1c5f96,5,2.321928094887362,1.0,5,1,0.2,F1 F2 H1 U1 U3 U4:1 | F1 F2 F3 U1 U3 U4:1 | F1 F2 F3 H1 U1 U3:1 | F1 F2 H1 U1 U3:1 | F2 H1 U1 U3 U4:1
j_all,bfc9fd64bb7b,5,1.5219280948873621,0.6554587535412855,3,2,0.4,F1 F2 F3 H1 U1 U3:2 | F1 F2 U1 U3 U4:2 | F1 F2 U1 U4:1
j_all,c080e2571f6a,5,1.9219280948873623,0.8277293767706428,4,2,0.4,F1 F2 H1 U1 U3:2 | F1 F2 U1 U3 U4:1 | F1 F2 F3 H1 U1 U3:1 | F1 F2 F3 J_ALL U1 U3:1
j_all,c1ee1d19767b,5,2.321928094887362,1.0,5,1,0.2,F1 F2 H1 U1:1 | F1 F2 H1 U1 U3 U4:1 | F1 F2 F3 J_ALL U1:1 | F2 H1 J_ALL U1 U3:1 | F2 H1 J_ALL U1:1
j_all,c37b7a2d4ebd,5,1.9219280948873623,0.8277293767706428,4,2,0.4,S1 U1 U4:2 | H1 J_ALL S1 U1 U3:1 | H1 S1 U1 U3:1 | S1 U1 U3 U4:1
j_all,c3a619319924,5,1.5219280948873621,0.6554587535412855,3,2,0.4,S1 U1 U3 U4:2 | H1 S1 U1 U3:2 | S1 U1 U4:1
j_all,c6fa35b52649,5,2.321928094887362,1.0,5,1,0.2,S1 U1 U3 U4:1 | S1 U2:1 | H1 S1 U1:1 | S1:1 | S1 U1 U3:1
j_all,c7436f1e497c,5,2.321928094887362,1.0,5,1,0.2,F1 F2 F3 H1 U1 U3 U4:1 | F1 F2 U1 U3 U4:1 | F1 F2 H1 U1 U3 U4:1 | F1 F2 H1 U1 U3:1 | F1 F2 F3 H1 U1 U3:1
j_all,c7550543387f,5,1.9219280948873623,0.8277293767706428,4,2,0.4,F2 H1 U1 U3:2 | F1 F2 H1 U1 U3 U4:1 | F1 F2 U1 U3 U4:1 | F2 U1 U3 U4:1
j_all,c8b99a321068,5,0.7219280948873623,0.31091750708257115,2,4,0.8,S1:4 | S1 U1 U3 U4:1
j_all,c95cf215efb4,5,1.3709505944546687,0.5904362833084089,3,3,0.6,F1 F2 U1 U3 U4:3 | F1 F2 H1 U1 U3 U4:1 | F2 H1 U1 U3:1
j_all,c9b8620edc48,5,0.9709505944546686,0.4181656600790516,2,3,0.6,S1:3 | S1 U1 U4:2
j_all,c9d423f4830b,5,1.9219280948873623,0.8277293767706428,4,2,0.4,F1 F2 F3 U1 U3 U4:2 | F2 J_ALL U1 U3 U4:1 | F1 F2 H1 U1 U3:1 | F2 H1 U1 U3:1
j_all,c9f7d2e17c2a,5,1.5219280948873621,0.6554587535412855,3,2,0.4,S1:2 | S1 U1 U4:2 | H1 S1 U1 U3 U4:1
j_all,cb577e429912,5,1.3709505944546687,0.5904362833084089,3,3,0.6,F1 F2 U1 U3 U4:3 | F1 F2 F3 U1 U3 U4:1 | F1 F2 H1 U1 U3 U4:1
j_all,cb74cfb960dd,5,1.5219280948873621,0.6554587535412855,3,2,0.4,H1 S1 U1 U3:2 | S1:2 | S1 U1 U4:1
j_all,cb8d47011c7b,5,1.9219280948873623,0.8277293767706428,4,2,0.4,F1 F2 H1 U1 U3:2 | F1 F2 F3 U1 U3 U4:1 | F1 F2 H1 J_ALL U1:1 | F2 U1 U3 U4:1
j_all,cd161c6d2917,5,0.7219280948873623,0.31091750708257115,2,4,0.8,F1 F2 U1 U3 U4:4 | F1 F2 U1 U4:1
j_all,cd554c210646,5,2.321928094887362,1.0,5,1,0.2,S1 U1 U4:1 | F2 H1 U1 U3:1 | S1 U1 U3 U4:1 | H1 S1 U1 U3:1 | F1 F2 F3 U1 U3 U4:1
j_all,cd9b0d4387fc,5,1.9219280948873623,0.8277293767706428,4,2,0.4,F1 F2 F3 H1 U1 U3:2 | F1 F2 H1 U1 U3:1 | F1 F2 F3 U1 U3 U4:1 | F1 F2 F3 H1 J_ALL U1:1
j_all,ce0620750a2c,5,1.9219280948873623,0.8277293767706428,4,2,0.4,F2 H1 U1 U3:2 | F2 J_ALL U1 U3:1 | F1 F2 U1 U3 U4:1 | F2 U1 U3 U4:1
j_all,cf3cfeed36df,5,2.321928094887362,1.0,5,1,0.2,F1 F2 F3 U1 U4:1 | F1 F2 F3 H1 U1 U3 U4:1 | F1 F2 H1 U1 U3:1 | F1 F2 F3 H1 U1 U3:1 | F1 F2 H1 U1:1
j_all,cfa9b6bdca54,5,1.9219280948873623,0.8277293767706428,4,2,0.4,F2 H1 J_ALL U1 U3:2 | F2 H1 U1 U3 U4:1 | F2 H1 J_ALL U1 U3 U4:1 | F2 H1 U1 U3:1
j_all,cfec2db4e8d7,5,1.5219280948873621,0.6554587535412855,3,2,0.4,F1 F2 U1 U3 U4:2 | F1 F2 F3 U1 U3 U4:2 | F1 F2 H1 U1 U3 U4:1
j_all,d2148c314266,5,1.3709505944546687,0.5904362833084089,3,3,0.6,F1 F2 F3 H1 U1 U3:3 | F1 F2 F3 H1 J_ALL U1 U3:1 | F1 F2 H1 U1 U3:1
j_all,d4cdd75dc42a,5,1.3709505944546687,0.5904362833084089,3,3,0.6,F1 F2 F3 U1 U3 U4:3 | F1 F2 H1 J_ALL U1:1 | F1 F2 F3 S1 U1 U3 U4:1
j_all,d6342c6ebaac,5,1.3709505944546687,0.5904362833084089,3,3,0.6,F1 F2 U1 U3 U4:3 | F1 F2 H1 U1 U3 U4:1 | F2 H1 J_ALL U1 U3 U4:1
j_all,d64e8b13bb9b,5,2.321928094887362,1.0,5,1,0.2,F1 F2 F3 J_ALL U1 U3 U4:1 | F1 F2 H1 U1 U3:1 | F1 F2 F3 H1 U1 U3:1 | S1:1 | F2 H1 U1 U3 U4:1
j_all,d6ba0fff7766,5,2.321928094887362,1.0,5,1,0.2,F1 F2 F3 H1 U1 U3:1 | F1 F2 H1 J_ALL U1:1 | F1 F2 H1 J_ALL U1 U3:1 | F1 F2 J_ALL U1 U3 U4:1 | F1 F2 H1 U1:1
j_all,d75b4cbb6504,5,1.3709505944546687,0.5904362833084089,3,3,0.6,H1 S1 U1:3 | S1 U1 U4:1 | S1 U1 U3 U4:1
j_all,d7edd402f862,5,1.9219280948873623,0.8277293767706428,4,2,0.4,F1 F2 F3 U1 U3 U4:2 | F1 F2 U1 U3 U4:1 | F2 U1 U3 U4:1 | F1 F2 H1 U1 U3 U4:1
j_all,d8dfa8ae12d2,5,1.9219280948873623,0.8277293767706428,4,2,0.4,S1 U1 U4:2 | S1:1 | H1 J_ALL S1 U1 U3:1 | S1 U1 U3 U4:1
j_all,d912436f2119,5,1.5219280948873621,0.6554587535412855,3,2,0.4,S1:2 | S1 U1 U4:2 | S1 U1 U3 U4:1
j_all,dab8bf6d9681,5,1.9219280948873623,0.8277293767706428,4,2,0.4,F1 F2 U1 U3 U4:2 | F1 F2 H1 U1 U3 U4:1 | F2 U1 U3 U4:1 | F2 H1 U1 U3:1
j_all,db6b212b08de,5,2.321928094887362,1.0,5,1,0.2,F2 J_ALL U1:1 | F1 F2 U1 U3 U4:1 | F1 F2 H1 U1 U3:1 | F2 H1 U1 U3:1 | F1 F2 J_ALL U1 U3 U4:1
j_all,dbc0cd127ca0,5,1.3709505944546687,0.5904362833084089,3,3,0.6,S1:3 | S1 U1 U4:1 | H1 J_ALL S1 U1 U3:1
j_all,dceec3c64e83,5,1.9219280948873623,0.8277293767706428,4,2,0.4,F1 F2 F3 U1 U3 U4:2 | F1 F2 H1 U1 U3 U4:1 | F1 F2 F3 H1 U1 U3:1 | F1 F2 F3 H1 U1 U3 U4:1
j_all,dd9481d7200f,5,1.3709505944546687,0.5904362833084089,3,3,0.6,F1 F2 U1 U3 U4:3 | F1 F2 F3 H1 U1 U3:1 | F1 F2 F3 U1 U3 U4:1
j_all,e09ebc09591c,5,1.5219280948873621,0.6554587535412855,3,2,0.4,F1 F2 F3 U1 U3 U4:2 | F1 F2 F3 H1 U1 U3:2 | F1 F2 U1 U3 U4:1
j_all,e0c26c29dd33,5,1.5219280948873621,0.6554587535412855,3,2,0.4,S1:2 | S1 U1 U4:2 | S1 U1 U3 U4:1
j_all,e214388abd4f,5,1.3709505944546687,0.5904362833084089,3,3,0.6,H1 S1 U1 U3:3 | H1 S1 U1:1 | S1:1
j_all,e2827a5d260a,5,1.9219280948873623,0.8277293767706428,4,2,0.4,F1 F2 H1 U1 U3:2 | F2 H1 U1 U3:1 | F2 H1 J_ALL U1 U3:1 | F1 F2 H1 U1 U3 U4:1
j_all,e2aa21641a6f,5,1.5219280948873621,0.6554587535412855,3,2,0.4,S1:2 | H1 S1 U1 U3:2 | S1 U1:1
j_all,e4745f13bbb4,5,1.9219280948873623,0.8277293767706428,4,2,0.4,F1 F2 U1 U3 U4:2 | F1 F2 H1 U1 U3 U4:1 | F1 F2 F3 H1 J_ALL U1 U3:1 | F2 H1 U1 U3:1
j_all,e57564408718,5,1.9219280948873623,0.8277293767706428,4,2,0.4,S1 U1:2 | H1 S1 U1 U3 U4:1 | H1 S1 U1 U3:1 | S1 U1 U4:1
j_all,e588129c3f2f,5,1.9219280948873623,0.8277293767706428,4,2,0.4,F1 F2 F3 U1 U3 U4:2 | F2 U1 U3 U4:1 | F1 F2 H1 U1 U3:1 | F1 F2 H1 U1 U3 U4:1
j_all,e5cd0826ccfa,5,1.9219280948873623,0.8277293767706428,4,2,0.4,S1 U1 U4:2 | S1:1 | H1 U1 U3:1 | H1 S1 U1 U3:1
j_all,e68e6ab7e5af,5,2.321928094887362,1.0,5,1,0.2,H1 S1 U1:1 | S1 U1 U3 U4:1 | S1:1 | H1 S1 U1 U3:1 | S1 U1 U4:1
j_all,ea1f6637fdad,5,1.9219280948873623,0.8277293767706428,4,2,0.4,F1 F2 F3 H1 U1 U3:2 | F1 F2 F3 U1 U3 U4:1 | F1 F2 U1 U3 U4:1 | F1 F2 F3 U1 U4:1
j_all,eb081c1ea631,5,0.9709505944546686,0.4181656600790516,2,3,0.6,F1 F2 U1 U3 U4:3 | F1 F2 F3 U1 U3 U4:2
j_all,ec36fab3fcd8,5,1.9219280948873623,0.8277293767706428,4,2,0.4,H1 S1 U1 U3:2 | S1:1 | S1 U1 U3 U4:1 | S1 U1 U3:1
j_all,ed25d91cd910,5,2.321928094887362,1.0,5,1,0.2,F1 F2 F3 H1 U1 U3:1 | F1 F2 H1 U1 U3 U4:1 | F1 F2 H1 J_ALL U1 U3 U4:1 | F2 H1 U1 U3 U4:1 | F1 J_ALL U1 U4:1
j_all,ee5e2d9e72a7,5,1.9219280948873623,0.8277293767706428,4,2,0.4,F1 F2 F3 H1 U1 U3:2 | F1 F2 U1 U3 U4:1 | F1 F2 H1 U1 U3 U4:1 | F1 F2 H1 U1 U3:1
j_all,ef9277c4054f,5,1.9219280948873623,0.8277293767706428,4,2,0.4,S1:2 | S1 U1 U4:1 | H1 S1 U1 U3:1 | S1 U1 U3 U4:1
j_all,f19c50362dd0,5,1.9219280948873623,0.8277293767706428,4,2,0.4,F1 F2 F3 H1 U1 U3:2 | F1 F2 U1 U3 U4:1 | F1 F2 H1 U1 U3:1 | F1 F2 F3 U1 U3 U4:1
j_all,f301c4c40fe7,5,1.5219280948873621,0.6554587535412855,3,2,0.4,F1 F2 F3 U1 U3 U4:2 | F1 F2 U1 U3 U4:2 | F1 F2 H1 U1 U3:1
j_all,f37e85a4c407,5,1.9219280948873623,0.8277293767706428,4,2,0.4,F1 F2 H1 U1 U3:2 | F2 H1 J_ALL U1 U3:1 | F1 F2 U1 U3 U4:1 | F1 F2 H1 J_ALL U1:1
j_all,f3cbf2089cd8,5,1.9219280948873623,0.8277293767706428,4,2,0.4,H1 S1 U1 U3:2 | H1 J_ALL S1 U1 U3:1 | S1:1 | S1 U1 U3 U4:1
j_all,f47252c3b412,5,1.5219280948873621,0.6554587535412855,3,2,0.4,F1 F2 F3 U1 U3 U4:2 | F1 F2 U1 U3 U4:2 | F1 F2 F3 H1 U1 U3:1
j_all,f4f868eb242a,5,0.7219280948873623,0.31091750708257115,2,4,0.8,S1:4 | S1 U1 U4:1
j_all,f57b85b8c16e,5,1.9219280948873623,0.8277293767706428,4,2,0.4,F1 F2 H1 U1 U3:2 | F2 H1 U1 U3:1 | F2 H1 U1 U3 U4:1 | F1 F2 H1 U1 U3 U4:1
j_all,f59b70069029,5,1.3709505944546687,0.5904362833084089,3,3,0.6,S1:3 | H1 S1 U1 U3:1 | S1 U1 U4:1
j_all,f59c1123c57c,5,1.9219280948873623,0.8277293767706428,4,2,0.4,F1 F2 U1 U3 U4:2 | F1 F2 F3 H1 J_ALL U1 U3:1 | F1 F2 H1 U1 U3:1 | F2 U1 U3 U4:1
j_all,fa936747b53e,5,1.5219280948873621,0.6554587535412855,3,2,0.4,S1 U1 U3 U4:2 | S1 U1 U4:2 | H1 S1 U1 U3:1
j_all,fad7d84a6b2b,5,1.9219280948873623,0.8277293767706428,4,2,0.4,F1 F2 F3 U1 U3 U4:2 | F1 F2 H1 U1 U3:1 | F1 F2 U1 U3 U4:1 | F1 F2 F3 H1 U1 U3:1
j_all,fb0061bbb89c,5,1.9219280948873623,0.8277293767706428,4,2,0.4,F1 F2 F3 H1 U1 U3:2 | F1 F2 F3 H1 U1 U4:1 | F1 F2 F3 J_ALL U1 U3 U4:1 | F1 F2 H1 U1:1
j_all,fb5a123a805f,5,1.9219280948873623,0.8277293767706428,4,2,0.4,F1 F2 U1 U3 U4:2 | F2 H1 U1 U3:1 | F2 U1 U3 U4:1 | F2 U1 U4:1
j_all,fb78cd234795,5,2.321928094887362,1.0,5,1,0.2,S1:1 | H1 S1 U1 U3 U4:1 | H1 S1 U1:1 | S1 U1 U3 U4:1 | H1 S1 U1 U4:1
j_all,fc1af8998b89,5,1.9219280948873623,0.8277293767706428,4,2,0.4,S1:2 | H1 S1 U1 U3:1 | H1 S1 U1:1 | S1 U1 U4:1
j_all,fc51297a412d,5,1.9219280948873623,0.8277293767706428,4,2,0.4,F1 F2 H1 U1 U3:2 | F1 F2 U1 U3 U4:1 | F2 J_ALL U1 U3 U4:1 | F2 H1 U1 U3:1
j_all,fcd053a713e3,5,1.9219280948873623,0.8277293767706428,4,2,0.4,F1 F2 H1 U1 U3:2 | F1 F2 U1 U3 U4:1 | F1 F2 H1 U1 U3 U4:1 | F2 U1 U3 U4:1
j_all,fcee27de1d97,5,2.321928094887362,1.0,5,1,0.2,F1 F2 F3 U1 U3 U4:1 | F1 F2 H1 U1 U3:1 | F2 H1 J_ALL U1 U3:1 | F1 F2 H1 J_ALL U1 U3 U4:1 | F1 F2 U1 U3 U4:1
j_all,fd5adc3e3a3a,5,1.5219280948873621,0.6554587535412855,3,2,0.4,F1 F2 U1 U3 U4:2 | F1 F2 F3 H1 U1 U3:2 | F1 F2 H1 U1 U3:1
j_all,fe727d4718be,5,2.321928094887362,1.0,5,1,0.2,F2 H1 U1 U3:1 | F1 F2 H1 U1 U3:1 | F1 F2 U1 U3 U4:1 | F1 F2 F3 U1 U3 U4:1 | F2 U1 U3 U4:1
j_all,ff5570d33911,5,1.9219280948873623,0.8277293767706428,4,2,0.4,S1 U1 U3 U4:2 | H1 S1 U1 U3:1 | F1 H1 U1 U3:1 | S1 U1 U4:1
broad_clusters,01d3ad510b42,5,0.7219280948873623,0.31091750708257115,2,4,0.8,F123_U13 S1 U4:4 | F123_U13 H1 S1:1
broad_clusters,02de4bafb196,5,1.9219280948873623,0.8277293767706428,4,2,0.4,F123_U13 H1:2 | F123_U13 U4:1 | F123_U13 J_ALL U4:1 | F123_U13 H1 U4:1
broad_clusters,039ed8d2c4fe,5,1.9219280948873623,0.8277293767706428,4,2,0.4,F123_U13 J_ALL U4:2 | F123_U13 H1:1 | F123_U13 H1 J_ALL:1 | F123_U13 U4:1
broad_clusters,04278d8d1006,5,0.7219280948873623,0.31091750708257115,2,4,0.8,S1:4 | F123_U13 S1 U4:1
broad_clusters,043aa1b0134c,5,1.3709505944546687,0.5904362833084089,3,3,0.6,F123_U13 U4:3 | F123_U13 H1:1 | F123_U13 H1 U4:1
broad_clusters,046e6d52bc8e,5,1.5219280948873621,0.6554587535412855,3,2,0.4,S1:2 | F123_U13 S1 U4:2 | F123_U13 H1 S1:1
broad_clusters,04827fb71269,5,1.3709505944546687,0.5904362833084089,3,3,0.6,S1:3 | F123_U13 S1 U4:1 | F123_U13 S1:1
broad_clusters,04f6f12c9dd1,5,1.5219280948873621,0.6554587535412855,3,2,0.4,F123_U13 U4:2 | F123_U13 H1:2 | F123_U13 H1 U4:1
broad_clusters,0686dccb5baa,5,0.7219280948873623,0.31091750708257115,2,4,0.8,F123_U13 U4:4 | F123_U13 H1 U4:1
broad_clusters,0688cd1db5ca,5,0.0,0.0,1,5,1.0,F123_U13 U4:5
broad_clusters,06ed3c1819be,5,1.3709505944546687,0.5904362833084089,3,3,0.6,F123_U13 H1 J_ALL:3 | F123_U13 U4:1 | F123_U13 H1:1
broad_clusters,084b592e02b3,5,1.5219280948873621,0.6554587535412855,3,2,0.4,F123_U13 H1:2 | F123_U13 U4:2 | F123_U13:1
broad_clusters,088747fa7d04,5,1.5219280948873621,0.6554587535412855,3,2,0.4,S1:2 | F123_U13 H1 S1:2 | F123_U13 S1 U4:1
broad_clusters,08ad0e53abb1,5,0.9709505944546686,0.4181656600790516,2,3,0.6,F123_U13 H1 S1:3 | F123_U13 H1 J_ALL S1:2
broad_clusters,0a81f336c8fb,5,1.3709505944546687,0.5904362833084089,3,3,0.6,F123_U13 H1:3 | F123_U13 U4:1 | F123_U13 J_ALL U4:1
broad_clusters,0adf2d15eb47,5,0.9709505944546686,0.4181656600790516,2,3,0.6,F123_U13 U4:3 | F123_U13 H1:2
broad_clusters,0b6eb6e593c5,5,0.9709505944546686,0.4181656600790516,2,3,0.6,F123_U13 S1 U4:3 | F123_U13 H1 S1:2
broad_clusters,0bf1eff0c800,5,1.3709505944546687,0.5904362833084089,3,3,0.6,F123_U13 U4:3 | F123_U13 H1 S1:1 | F123_U13 H1:1
broad_clusters,0d34d4795612,5,1.3709505944546687,0.5904362833084089,3,3,0.6,F123_U13 S1 U4:3 | S1:1 | F123_U13 H1 J_ALL S1 U4:1
broad_clusters,0d63f36e3688,5,1.5219280948873621,0.6554587535412855,3,2,0.4,F123_U13 H1:2 | F123_U13 U4:2 | F123_U13 H1 U4:1
broad_clusters,0d8f07836540,5,0.9709505944546686,0.4181656600790516,2,3,0.6,F123_U13 U4:3 | F123_U13 H1:2
broad_clusters,0f5f4d284afb,5,1.9219280948873623,0.8277293767706428,4,2,0.4,F123_U13 H1:2 | F123_U13 H1 U4:1 | F123_U13 U4:1 | F123_U13 H1 S1:1
broad_clusters,109ca777fa12,5,0.7219280948873623,0.31091750708257115,2,4,0.8,F123_U13 U4:4 | F123_U13 H1:1
broad_clusters,112d585f8fdf,5,1.5219280948873621,0.6554587535412855,3,2,0.4,F123_U13 H1 J_ALL S1:2 | F123_U13 S1 U4:2 | S1:1
broad_clusters,134acf006762,5,1.5219280948873621,0.6554587535412855,3,2,0.4,F123_U13 H1 S1:2 | F123_U13 S1 U4:2 | S1:1
broad_clusters,14ab57dc9ec8,5,1.3709505944546687,0.5904362833084089,3,3,0.6,F123_U13 U4:3 | F123_U13 H1:1 | F123_U13 J_ALL U4:1
broad_clusters,14d73efad7ab,5,1.5219280948873621,0.6554587535412855,3,2,0.4,F123_U13 H1 S1:2 | F123_U13 S1 U4:2 | S1:1
broad_clusters,16ac7d4eada1,5,1.9219280948873623,0.8277293767706428,4,2,0.4,F123_U13 S1 U4:2 | F123_U13 S1:1 | S1:1 | F123_U13 H1 S1:1
broad_clusters,1921370ef769,5,1.3709505944546687,0.5904362833084089,3,3,0.6,F123_U13 H1:3 | F123_U13 U4:1 | F123_U13 H1 U4:1
broad_clusters,1b3433cd4628,5,1.5219280948873621,0.6554587535412855,3,2,0.4,F123_U13 H1:2 | F123_U13 U4:2 | F123_U13 H1 U4:1
broad_clusters,1bce6dff94b8,5,1.5219280948873621,0.6554587535412855,3,2,0.4,F123_U13 S1 U4:2 | F123_U13 H1 S1:2 | S1:1
broad_clusters,1c36cac6bccc,5,1.3709505944546687,0.5904362833084089,3,3,0.6,F123_U13 H1:3 | F123_U13 J_ALL:1 | F123_U13 H1 U4:1
broad_clusters,1c99d4b10868,5,1.3709505944546687,0.5904362833084089,3,3,0.6,F123_U13 H1:3 | F123_U13 H1 J_ALL:1 | F123_U13 U4:1
broad_clusters,1d3a4f93114f,5,0.0,0.0,1,5,1.0,F123_U13 H1:5
broad_clusters,1dc1f1d9c3bd,5,0.0,0.0,1,5,1.0,F123_U13 H1 S1:5
broad_clusters,1e85a8697898,5,0.9709505944546686,0.4181656600790516,2,3,0.6,F123_U13 H1:3 | F123_U13 U4:2
broad_clusters,1fb5bb36812c,5,0.9709505944546686,0.4181656600790516,2,3,0.6,F123_U13 H1:3 | F123_U13 U4:2
broad_clusters,1fb64399ccd8,5,1.3709505944546687,0.5904362833084089,3,3,0.6,F123_U13 H1 J_ALL:3 | F123_U13 H1 J_ALL U4:1 | F123_U13 J_ALL U4:1
broad_clusters,2065ada1a306,5,1.9219280948873623,0.8277293767706428,4,2,0.4,S1:2 | F123_U13 S1 U4:1 | F123_U13 S1:1 | F123_U13 J_ALL S1:1
broad_clusters,209fa336c13a,5,0.7219280948873623,0.31091750708257115,2,4,0.8,F123_U13 U4:4 | F123_U13 H1:1
broad_clusters,21da45ff7758,5,1.3709505944546687,0.5904362833084089,3,3,0.6,F123_U13 H1 S1:3 | S1:1 | F123_U13 S1 U4:1
broad_clusters,23161751e203,5,1.5219280948873621,0.6554587535412855,3,2,0.4,F123_U13 H1:2 | F123_U13 U4:2 | F123_U13 J_ALL U4:1
broad_clusters,2440338f40ce,5,0.7219280948873623,0.31091750708257115,2,4,0.8,F123_U13 U4:4 | F123_U13 H1:1
broad_clusters,25b03ee6601d,5,0.9709505944546686,0.4181656600790516,2,3,0.6,F123_U13 U4:3 | F123_U13 H1:2
broad_clusters,2802cf486896,5,1.5219280948873621,0.6554587535412855,3,2,0.4,S1:2 | F123_U13 H1 S1:2 | F123_U13 S1:1
broad_clusters,2a0d8f20ab72,5,0.7219280948873623,0.31091750708257115,2,4,0.8,F123_U13 U4:4 | F123_U13 H1:1
broad_clusters,2a27a571e7fc,5,0.9709505944546686,0.4181656600790516,2,3,0.6,F123_U13 U4:3 | F123_U13 H1:2
broad_clusters,2aa0f685bafa,5,1.9219280948873623,0.8277293767706428,4,2,0.4,F123_U13 U4:2 | F123_U13 H1 J_ALL:1 | F123_U13 H1 U4:1 | F123_U13 H1:1
broad_clusters,2c0cb0230b61,5,1.5219280948873621,0.6554587535412855,3,2,0.4,F123_U13 H1 S1:2 | F123_U13 S1 U4:2 | F123_U13 S1:1
broad_clusters,2c7c7c5def5a,5,1.5219280948873621,0.6554587535412855,3,2,0.4,F123_U13 H1 S1:2 | F123_U13 S1 U4:2 | F123_U13 S1:1
broad_clusters,2cabf84d8c88,5,1.3709505944546687,0.5904362833084089,3,3,0.6,F123_U13 U4:3 | F123_U13 H1 J_ALL:1 | F123_U13 H1:1
broad_clusters,2e9adc656f2b,5,1.3709505944546687,0.5904362833084089,3,3,0.6,F123_U13 H1 U4:3 | F123_U13 J_ALL U4:1 | F123_U13 H1:1
broad_clusters,2fb56e19e29d,5,1.5219280948873621,0.6554587535412855,3,2,0.4,S1:2 | F123_U13 S1 U4:2 | F123_U13 H1 J_ALL S1:1
broad_clusters,30b481a7c8e2,5,0.0,0.0,1,5,1.0,F123_U13 U4:5
broad_clusters,31a19e00325e,5,1.9219280948873623,0.8277293767706428,4,2,0.4,F123_U13 H1 J_ALL:2 | F123_U13 H1 J_ALL U4:1 | F123_U13 U4:1 | F123_U13 H1:1
broad_clusters,31a2fec2be77,5,1.9219280948873623,0.8277293767706428,4,2,0.4,F123_U13 H1:2 | F123_U13 H1 J_ALL U4:1 | F123_U13 J_ALL U4:1 | F123_U13 J_ALL:1
broad_clusters,31b5e609ef46,5,1.9219280948873623,0.8277293767706428,4,2,0.4,F123_U13 H1 S1:2 | F123_U13 S1 U4:1 | F123_U13 J_ALL S1:1 | S1:1
broad_clusters,3257ed9e00aa,5,0.0,0.0,1,5,1.0,F123_U13 U4:5
broad_clusters,353095dd4786,5,0.0,0.0,1,5,1.0,S1:5
broad_clusters,362055c7a5a9,5,1.3709505944546687,0.5904362833084089,3,3,0.6,F123_U13 U4:3 | F123_U13 H1:1 | F123_U13 H1 U4:1
broad_clusters,3680e8deae2f,5,1.9219280948873623,0.8277293767706428,4,2,0.4,S1:2 | F123_U13 S1:1 | F123_U13 S1 U4:1 | F123_U13 H1 S1:1
broad_clusters,37c368833872,5,1.9219280948873623,0.8277293767706428,4,2,0.4,S1:2 | F123_U13 S1:1 | F123_U13 S1 U4:1 | F123_U13 J_ALL S1:1
broad_clusters,37f61727e427,5,1.3709505944546687,0.5904362833084089,3,3,0.6,F123_U13 S1 U4:3 | S1:1 | F123_U13 H1 S1:1
broad_clusters,3885f7d6d282,5,1.5219280948873621,0.6554587535412855,3,2,0.4,F123_U13 U4:2 | F123_U13 H1:2 | F123_U13 H1 U4:1
broad_clusters,39b63b84df43,5,0.9709505944546686,0.4181656600790516,2,3,0.6,F123_U13 S1 U4:3 | S1:2
broad_clusters,3a2203603d61,5,1.9219280948873623,0.8277293767706428,4,2,0.4,F123_U13 U4:2 | F123_U13:1 | F123_U13 H1 U4:1 | F123_U13 H1 J_ALL:1
broad_clusters,3c4f97f6fb20,5,1.5219280948873621,0.6554587535412855,3,2,0.4,S1:2 | F123_U13 S1 U4:2 | F123_U13 H1 S1:1
broad_clusters,3cb443c08221,5,1.3709505944546687,0.5904362833084089,3,3,0.6,F123_U13 U4:3 | F123_U13 H1 J_ALL:1 | F123_U13 H1:1
broad_clusters,3ff2979ec750,5,0.9709505944546686,0.4181656600790516,2,3,0.6,F123_U13 S1 U4:3 | S1:2
broad_clusters,408fd2a91abd,5,0.9709505944546686,0.4181656600790516,2,3,0.6,F123_U13 H1:3 | F123_U13 U4:2
broad_clusters,410ecd5b1e40,5,1.9219280948873623,0.8277293767706428,4,2,0.4,S1:2 | F123_U13 H1 J_ALL S1:1 | F123_U13 H1 S1:1 | F123_U13 S1 U4:1
broad_clusters,430464d25f28,5,0.7219280948873623,0.31091750708257115,2,4,0.8,F123_U13 H1:4 | F123_U13 U4:1
broad_clusters,43748fb30948,5,0.7219280948873623,0.31091750708257115,2,4,0.8,F123_U13 H1:4 | F123_U13 U4:1
broad_clusters,43e4036c30f9,5,1.3709505944546687,0.5904362833084089,3,3,0.6,S1:3 | F123_U13 H1 S1:1 | S1 U4:1
broad_clusters,4463568f621e,5,0.9709505944546686,0.4181656600790516,2,3,0.6,F123_U13 U4:3 | F123_U13 H1 U4:2
broad_clusters,447d40f8ace5,5,1.9219280948873623,0.8277293767706428,4,2,0.4,F123_U13 J_ALL U4:2 | F123_U13 H1:1 | F123_U13 H1 U4:1 | F123_U13 U4:1
broad_clusters,4707c2930bd5,5,0.7219280948873623,0.31091750708257115,2,4,0.8,F123_U13 U4:4 | F123_U13 H1:1
broad_clusters,472b9b93ad9f,5,1.5219280948873621,0.6554587535412855,3,2,0.4,F123_U13 H1:2 | F123_U13 H1 U4:2 | F123_U13 H1 J_ALL U4:1
broad_clusters,49067b2ff40c,5,0.9709505944546686,0.4181656600790516,2,3,0.6,F123_U13 S1 U4:3 | F123_U13 H1 S1:2
broad_clusters,4bb8afe35408,5,0.0,0.0,1,5,1.0,F123_U13 U4:5
broad_clusters,4f06bfffb535,5,1.5219280948873621,0.6554587535412855,3,2,0.4,F123_U13 S1:2 | S1:2 | F123_U13 S1 U4:1
broad_clusters,4fdfdbf582cb,5,0.7219280948873623,0.31091750708257115,2,4,0.8,F123_U13 U4:4 | F123_U13 H1:1
broad_clusters,4ff4163fd5c7,5,1.3709505944546687,0.5904362833084089,3,3,0.6,F123_U13 U4:3 | F123_U13 H1 U4:1 | F123_U13 H1:1
broad_clusters,512ffd6391ed,5,1.3709505944546687,0.5904362833084089,3,3,0.6,F123_U13 S1 U4:3 | F123_U13 H1 S1:1 | S1:1
broad_clusters,5341a4972339,5,1.3709505944546687,0.5904362833084089,3,3,0.6,F123_U13 H1:3 | F123_U13 H1 U4:1 | F123_U13 H1 J_ALL:1
broad_clusters,5478288b68f4,5,1.3709505944546687,0.5904362833084089,3,3,0.6,F123_U13 U4:3 | F123_U13:1 | F123_U13 H1 U4:1
broad_clusters,55157f0433cc,5,1.3709505944546687,0.5904362833084089,3,3,0.6,F123_U13 H1:3 | F123_U13 H1 J_ALL:1 | F123_U13 J_ALL U4:1
broad_clusters,560a71c4eb88,5,0.9709505944546686,0.4181656600790516,2,3,0.6,F123_U13 H1:3 | F123_U13 U4:2
broad_clusters,57d543f72b94,5,0.0,0.0,1,5,1.0,F123_U13 U4:5
broad_clusters,5860caa8b811,5,1.9219280948873623,0.8277293767706428,4,2,0.4,F123_U13 H1:2 | F123_U13 H1 J_ALL U4:1 | F123_U13 H1 J_ALL:1 | F123_U13 U4:1
broad_clusters,5932b68b6a3b,5,0.0,0.0,1,5,1.0,F123_U13 U4:5
broad_clusters,5aefd3e8b445,5,0.9709505944546686,0.4181656600790516,2,3,0.6,S1:3 | F123_U13 S1 U4:2
broad_clusters,5ccdfc01ba3c,5,0.9709505944546686,0.4181656600790516,2,3,0.6,F123_U13 S1 U4:3 | F123_U13 H1 S1:2
broad_clusters,5cdb0ba3c556,5,1.9219280948873623,0.8277293767706428,4,2,0.4,F123_U13 H1:2 | F123_U13 H1 J_ALL:1 | F123_U13 H1 J_ALL U4:1 | F123_U13 J_ALL U4:1
broad_clusters,5d40cd729024,5,1.3709505944546687,0.5904362833084089,3,3,0.6,F123_U13 U4:3 | F123_U13 H1 U4:1 | F123_U13 H1:1
broad_clusters,5e17e32670ea,5,1.3709505944546687,0.5904362833084089,3,3,0.6,F123_U13 U4:3 | F123_U13 H1:1 | F123_U13 H1 U4:1
broad_clusters,5e3faa420f8a,5,1.5219280948873621,0.6554587535412855,3,2,0.4,F123_U13 S1 U4:2 | F123_U13 S1:2 | S1:1
broad_clusters,5eb14f8b3cdc,5,0.7219280948873623,0.31091750708257115,2,4,0.8,F123_U13 U4:4 | F123_U13 J_ALL S1:1
broad_clusters,5ebba28b6c1b,5,1.3709505944546687,0.5904362833084089,3,3,0.6,F123_U13 H1:3 | F123_U13 H1 U4:1 | F123_U13 U4:1
broad_clusters,60160115004c,5,1.9219280948873623,0.8277293767706428,4,2,0.4,F123_U13 H1 S1:2 | F123_U13 S1 U4:1 | S1:1 | S1 U4:1
broad_clusters,6025e1fa5134,5,1.5219280948873621,0.6554587535412855,3,2,0.4,F123_U13 H1:2 | F123_U13 U4:2 | F123_U13 H1 J_ALL:1
broad_clusters,6103d326f1f4,5,1.3709505944546687,0.5904362833084089,3,3,0.6,S1:3 | F123_U13 H1 S1:1 | F123_U13 S1 U4:1
broad_clusters,615c9cf6b7e2,5,0.9709505944546686,0.4181656600790516,2,3,0.6,F123_U13 H1 S1:3 | S1:2
broad_clusters,62126c371107,5,1.5219280948873621,0.6554587535412855,3,2,0.4,F123_U13 H1:2 | F123_U13 U4:2 | F123_U13 J_ALL U4:1
broad_clusters,624266e9f779,5,1.5219280948873621,0.6554587535412855,3,2,0.4,F123_U13 H1:2 | F123_U13 H1 U4:2 | F123_U13 U4:1
broad_clusters,628cb522c3cd,5,1.9219280948873623,0.8277293767706428,4,2,0.4,F123_U13 S1 U4:2 | F123_U13 H1 S1:1 | F123_U13 H1 J_ALL S1:1 | F123_U13 S1:1
broad_clusters,62e2c124f989,5,0.7219280948873623,0.31091750708257115,2,4,0.8,F123_U13 H1:4 | F123_U13 H1 J_ALL:1
broad_clusters,643832575481,5,0.7219280948873623,0.31091750708257115,2,4,0.8,F123_U13 H1:4 | F123_U13 H1 U4:1
broad_clusters,64cf0bbee592,5,1.9219280948873623,0.8277293767706428,4,2,0.4,F123_U13 U4:2 | S1:1 | F123_U13 S1 U4:1 | F123_U13 H1:1
broad_clusters,65008302b1e5,5,0.9709505944546686,0.4181656600790516,2,3,0.6,F123_U13 U4:3 | F123_U13 H1:2
broad_clusters,660cc534fc78,5,1.3709505944546687,0.5904362833084089,3,3,0.6,F123_U13 H1 S1:3 | S1:1 | F123_U13 H1 J_ALL U4:1
broad_clusters,66604d92cdf6,5,1.3709505944546687,0.5904362833084089,3,3,0.6,F123_U13 U4:3 | F123_U13 H1:1 | F123_U13 H1 J_ALL:1
broad_clusters,684536b07bc7,5,0.9709505944546686,0.4181656600790516,2,3,0.6,F123_U13 H1 S1:3 | F123_U13 S1 U4:2
broad_clusters,688178e946ff,5,0.9709505944546686,0.4181656600790516,2,3,0.6,F123_U13 U4:3 | F123_U13 H1:2
broad_clusters,69262ac8f823,5,1.3709505944546687,0.5904362833084089,3,3,0.6,F123_U13 H1 S1:3 | S1:1 | F123_U13 H1 S1 U4:1
broad_clusters,6980ae227761,5,1.9219280948873623,0.8277293767706428,4,2,0.4,F123_U13 J_ALL U4:2 | F123_U13 H1 U4:1 | F123_U13 H1:1 | F123_U13 H1 J_ALL U4:1
broad_clusters,699afdbeba4d,5,1.3709505944546687,0.5904362833084089,3,3,0.6,F123_U13 U4:3 | F123_U13 H1 J_ALL:1 | F123_U13 H1:1
broad_clusters,6a1f6758e7d9,5,1.3709505944546687,0.5904362833084089,3,3,0.6,F123_U13 H1 U4:3 | F123_U13 J_ALL U4:1 | F123_U13 H1:1
broad_clusters,6bdd73210307,5,1.3709505944546687,0.5904362833084089,3,3,0.6,F123_U13 H1:3 | F123_U13 J_ALL:1 | F123_U13 U4:1
broad_clusters,6d850c9bb9a8,5,1.3709505944546687,0.5904362833084089,3,3,0.6,F123_U13 U4:3 | F123_U13 H1:1 | F123_U13:1
broad_clusters,6df425a01e7e,5,0.7219280948873623,0.31091750708257115,2,4,0.8,F123_U13 H1:4 | F123_U13 H1 U4:1
broad_clusters,6df59e956a95,5,1.3709505944546687,0.5904362833084089,3,3,0.6,F123_U13 U4:3 | F123_U13 H1 J_ALL:1 | F123_U13 H1:1
broad_clusters,6e3fc24135dd,5,0.0,0.0,1,5,1.0,F123_U13 U4:5
broad_clusters,6e65a2b06b3e,5,0.7219280948873623,0.31091750708257115,2,4,0.8,F123_U13 U4:4 | F123_U13 H1:1
broad_clusters,6ebaa814e4ad,5,1.9219280948873623,0.8277293767706428,4,2,0.4,F123_U13 H1:2 | F123_U13 U4:1 | F123_U13:1 | F123_U13 H1 J_ALL:1
broad_clusters,70d66563e84a,5,1.5219280948873621,0.6554587535412855,3,2,0.4,F123_U13 H1 U4:2 | F123_U13 U4:2 | F123_U13 H1:1
broad_clusters,72eed7e29e02,5,0.7219280948873623,0.31091750708257115,2,4,0.8,F123_U13 U4:4 | F123_U13 H1:1
broad_clusters,7415e35108cc,5,1.3709505944546687,0.5904362833084089,3,3,0.6,F123_U13 U4:3 | F123_U13 S1 U4:1 | F123_U13 H1:1
broad_clusters,74fb44a7acc9,5,1.3709505944546687,0.5904362833084089,3,3,0.6,S1:3 | F123_U13 H1 J_ALL S1:1 | F123_U13 S1 U4:1
broad_clusters,754832888538,5,0.9709505944546686,0.4181656600790516,2,3,0.6,F123_U13 U4:3 | F123_U13 H1:2
broad_clusters,760bf1553c4d,5,0.7219280948873623,0.31091750708257115,2,4,0.8,F123_U13 H1:4 | F123_U13 H1 U4:1
broad_clusters,774568d1460a,5,0.7219280948873623,0.31091750708257115,2,4,0.8,F123_U13 S1 U4:4 | S1:1
broad_clusters,77e8cca793fb,5,1.9219280948873623,0.8277293767706428,4,2,0.4,F123_U13 S1 U4:2 | S1:1 | F123_U13 J_ALL S1 U4:1 | F123_U13 H1 S1:1
broad_clusters,7803d9a85054,5,0.9709505944546686,0.4181656600790516,2,3,0.6,F123_U13 S1 U4:3 | F123_U13 H1 S1:2
broad_clusters,78230d2a0091,5,1.3709505944546687,0.5904362833084089,3,3,0.6,F123_U13 H1:3 | F123_U13 H1 U4:1 | F123_U13 U4:1
broad_clusters,7a02d7111976,5,1.9219280948873623,0.8277293767706428,4,2,0.4,F123_U13 U4:2 | F123_U13 S1 U4:1 | F123_U13 H1:1 | F123_U13 H1 S1 U4:1
broad_clusters,7a7a77e77a46,5,1.3709505944546687,0.5904362833084089,3,3,0.6,F123_U13 U4:3 | F123_U13:1 | F123_U13 H1:1
broad_clusters,7b77237aee10,5,1.5219280948873621,0.6554587535412855,3,2,0.4,F123_U13 H1 S1:2 | F123_U13 S1 U4:2 | F123_U13 S1:1
broad_clusters,7c3d9a994e6f,5,1.3709505944546687,0.5904362833084089,3,3,0.6,S1:3 | F123_U13 S1 U4:1 | F123_U13 H1 J_ALL S1:1
broad_clusters,7cebf4fe20ee,5,1.3709505944546687,0.5904362833084089,3,3,0.6,F123_U13 H1 U4:3 | F123_U13 U4:1 | F123_U13 H1 J_ALL:1
broad_clusters,7df672f007f4,5,1.3709505944546687,0.5904362833084089,3,3,0.6,F123_U13 S1 U4:3 | F123_U13 H1 J_ALL S1 U4:1 | F123_U13 H1 S1:1
broad_clusters,7e30c8259061,5,1.3709505944546687,0.5904362833084089,3,3,0.6,S1:3 | F123_U13 H1 S1:1 | F123_U13 S1 U4:1
broad_clusters,7e49e32d201b,5,1.9219280948873623,0.8277293767706428,4,2,0.4,F123_U13 U4:2 | F123_U13 H1:1 | F123_U13 J_ALL:1 | F123_U13 H1 J_ALL:1
broad_clusters,7e6b0d276a55,5,0.9709505944546686,0.4181656600790516,2,3,0.6,F123_U13 S1 U4:3 | F123_U13 H1 S1:2
broad_clusters,7f427673957c,5,1.3709505944546687,0.5904362833084089,3,3,0.6,F123_U13 U4:3 | F123_U13 J_ALL:1 | F123_U13 H1:1
broad_clusters,7f45c1d942fc,5,0.9709505944546686,0.4181656600790516,2,3,0.6,F123_U13 H1:3 | F123_U13 H1 U4:2
broad_clusters,805f4872bae8,5,0.7219280948873623,0.31091750708257115,2,4,0.8,F123_U13 U4:4 | F123_U13 H1:1
broad_clusters,8078cef39704,5,1.9219280948873623,0.8277293767706428,4,2,0.4,F123_U13 H1:2 | F123_U13 H1 U4:1 | F123_U13 H1 J_ALL:1 | F123_U13 H1 S1:1
broad_clusters,80db6dd984d5,5,1.9219280948873623,0.8277293767706428,4,2,0.4,F123_U13 U4:2 | F123_U13 H1:1 | F123_U13 J_ALL U4:1 | F123_U13 H1 J_ALL:1
broad_clusters,8132df5e7a12,5,1.9219280948873623,0.8277293767706428,4,2,0.4,F123_U13 U4:2 | F123_U13 H1 J_ALL:1 | F123_U13 H1 U4:1 | F123_U13 H1 J_ALL U4:1
broad_clusters,81607c6d9629,5,1.5219280948873621,0.6554587535412855,3,2,0.4,F123_U13 H1:2 | F123_U13 U4:2 | F123_U13:1
broad_clusters,81a87f78403c,5,0.7219280948873623,0.31091750708257115,2,4,0.8,F123_U13 U4:4 | F123_U13 H1:1
broad_clusters,83b57a05ab3c,5,1.3709505944546687,0.5904362833084089,3,3,0.6,F123_U13 U4:3 | F123_U13:1 | F123_U13 H1 S1 U4:1
broad_clusters,849b8319a75f,5,0.9709505944546686,0.4181656600790516,2,3,0.6,S1:3 | F123_U13 S1 U4:2
broad_clusters,86090feb7a89,5,0.9709505944546686,0.4181656600790516,2,3,0.6,F123_U13 H1 S1:3 | F123_U13 S1 U4:2
broad_clusters,87ecf58e6b0c,5,1.5219280948873621,0.6554587535412855,3,2,0.4,F123_U13 H1:2 | F123_U13 H1 J_ALL:2 | F123_U13 H1 U4:1
broad_clusters,8a4969fb9f3f,5,0.7219280948873623,0.31091750708257115,2,4,0.8,F123_U13 H1:4 | F123_U13 U4:1
broad_clusters,8b87a89244e2,5,1.5219280948873621,0.6554587535412855,3,2,0.4,S1:2 | F123_U13 H1 S1:2 | F123_U13 S1 U4:1
broad_clusters,8ba39229aeac,5,1.9219280948873623,0.8277293767706428,4,2,0.4,F123_U13 U4:2 | F123_U13 H1:1 | F123_U13 H1 S1:1 | F123_U13 S1 U4:1
broad_clusters,8ca47f754a8b,5,1.5219280948873621,0.6554587535412855,3,2,0.4,F123_U13 H1 U4:2 | F123_U13 U4:2 | F123_U13 H1:1
broad_clusters,8cfe1edbd00f,5,1.9219280948873623,0.8277293767706428,4,2,0.4,F123_U13 S1:2 | F123_U13 H1 S1:1 | F123_U13 S1 U4:1 | F123_U13 J_ALL S1:1
broad_clusters,8e335947c0e1,5,0.9709505944546686,0.4181656600790516,2,3,0.6,F123_U13 U4:3 | F123_U13 H1 U4:2
broad_clusters,8e3c2e92cbc0,5,0.0,0.0,1,5,1.0,F123_U13 U4:5
broad_clusters,8e440b80a157,5,1.3709505944546687,0.5904362833084089,3,3,0.6,F123_U13 U4:3 | F123_U13 H1 U4:1 | F123_U13 H1:1
broad_clusters,9002b1ff928f,5,0.0,0.0,1,5,1.0,S1:5
broad_clusters,90b23b744311,5,0.9709505944546686,0.4181656600790516,2,3,0.6,F123_U13 S1 U4:3 | F123_U13 H1 S1:2
broad_clusters,9167dfcb1faa,5,1.3709505944546687,0.5904362833084089,3,3,0.6,F123_U13 H1:3 | F123_U13 U4:1 | F123_U13 S1:1
broad_clusters,91987904b44b,5,1.3709505944546687,0.5904362833084089,3,3,0.6,S1:3 | F123_U13 S1:1 | F123_U13 H1 S1:1
broad_clusters,93630e0a3d67,5,0.7219280948873623,0.31091750708257115,2,4,0.8,F123_U13 U4:4 | F123_U13 H1:1
broad_clusters,942b571c83ec,5,1.5219280948873621,0.6554587535412855,3,2,0.4,F123_U13 H1 J_ALL:2 | F123_U13 H1 U4:2 | F123_U13 H1 S1:1
broad_clusters,94bc5a480449,5,0.9709505944546686,0.4181656600790516,2,3,0.6,S1:3 | F123_U13 S1:2
broad_clusters,94bf93368c00,5,1.3709505944546687,0.5904362833084089,3,3,0.6,F123_U13 U4:3 | F123_U13 H1:1 | F123_U13:1
broad_clusters,953cf8b9cd02,5,0.9709505944546686,0.4181656600790516,2,3,0.6,S1:3 | F123_U13 S1 U4:2
broad_clusters,9623f8400850,5,1.3709505944546687,0.5904362833084089,3,3,0.6,F123_U13 H1:3 | F123_U13 U4:1 | F123_U13 H1 U4:1
broad_clusters,96e911c67649,5,0.9709505944546686,0.4181656600790516,2,3,0.6,F123_U13 U4:3 | F123_U13 H1:2
broad_clusters,97abaa333a90,5,0.7219280948873623,0.31091750708257115,2,4,0.8,F123_U13 U4:4 | F123_U13 H1:1
broad_clusters,9906ba89a54d,5,0.0,0.0,1,5,1.0,F123_U13 S1 U4:5
broad_clusters,99d069fa1546,5,1.9219280948873623,0.8277293767706428,4,2,0.4,F123_U13 S1 U4:2 | F123_U13 H1 S1:1 | F123_U13 H1 S1 U4:1 | S1:1
broad_clusters,9a9eff6df503,5,0.7219280948873623,0.31091750708257115,2,4,0.8,F123_U13 U4:4 | F123_U13 H1:1
broad_clusters,9b00fd3c63f5,5,0.9709505944546686,0.4181656600790516,2,3,0.6,F123_U13 S1 U4:3 | S1:2
broad_clusters,9b8faec4d9b1,5,0.9709505944546686,0.4181656600790516,2,3,0.6,F123_U13 U4:3 | F123_U13 H1:2
broad_clusters,9bbcadeaa0fa,5,1.5219280948873621,0.6554587535412855,3,2,0.4,F123_U13 U4:2 | F123_U13 H1 U4:2 | F123_U13 H1:1
broad_clusters,9bef5c2501ee,5,0.9709505944546686,0.4181656600790516,2,3,0.6,F123_U13 U4:3 | F123_U13 H1:2
broad_clusters,9d41a00a9c93,5,1.3709505944546687,0.5904362833084089,3,3,0.6,F123_U13 S1 U4:3 | F123_U13 H1 J_ALL S1:1 | F123_U13 H1 S1:1
broad_clusters,9dfe141cf391,5,0.7219280948873623,0.31091750708257115,2,4,0.8,F123_U13 U4:4 | F123_U13 H1:1
broad_clusters,9fd1f741bc64,5,1.3709505944546687,0.5904362833084089,3,3,0.6,F123_U13 U4:3 | F123_U13 H1:1 | F123_U13 J_ALL:1
broad_clusters,a03d48541430,5,1.3709505944546687,0.5904362833084089,3,3,0.6,F123_U13 U4:3 | F123_U13 H1:1 | F123_U13 H1 U4:1
broad_clusters,a0b20e4df225,5,1.3709505944546687,0.5904362833084089,3,3,0.6,S1:3 | F123_U13 H1 S1:1 | F123_U13 S1 U4:1
broad_clusters,a0def0e8f780,5,1.9219280948873623,0.8277293767706428,4,2,0.4,F123_U13 H1 S1:2 | F123_U13 S1 U4:1 | S1:1 | S1 U2 U4:1
broad_clusters,a21113615ced,5,0.9709505944546686,0.4181656600790516,2,3,0.6,F123_U13 H1:3 | F123_U13 U4:2
broad_clusters,a2ee1ad7e572,5,1.5219280948873621,0.6554587535412855,3,2,0.4,F123_U13 H1:2 | F123_U13 U4:2 | F123_U13 H1 J_ALL:1
broad_clusters,a32fbd13c2e3,5,1.3709505944546687,0.5904362833084089,3,3,0.6,F123_U13 U4:3 | F123_U13 H1:1 | F123_U13:1
broad_clusters,a41084c34754,5,1.5219280948873621,0.6554587535412855,3,2,0.4,F123_U13 H1:2 | F123_U13 H1 J_ALL:2 | F123_U13 U4:1
broad_clusters,a4265bd21da8,5,0.9709505944546686,0.4181656600790516,2,3,0.6,S1:3 | F123_U13 S1 U4:2
broad_clusters,a44c5fe6a989,5,1.5219280948873621,0.6554587535412855,3,2,0.4,S1:2 | F123_U13 S1 U4:2 | F123_U13 H1 S1:1
broad_clusters,a45c83f69ba7,5,1.5219280948873621,0.6554587535412855,3,2,0.4,F123_U13 S1 U4:2 | S1:2 | F123_U13 H1 S1:1
broad_clusters,a5e0df042d50,5,0.7219280948873623,0.31091750708257115,2,4,0.8,F123_U13 U4:4 | F123_U13 H1:1
broad_clusters,a69a5c9bdd1d,5,1.3709505944546687,0.5904362833084089,3,3,0.6,F123_U13 U4:3 | F123_U13 J_ALL U4:1 | F123_U13 H1:1
broad_clusters,a82568887b73,5,0.9709505944546686,0.4181656600790516,2,3,0.6,F123_U13 H1:3 | F123_U13 U4:2
broad_clusters,ad4a3ebaa5bc,5,1.3709505944546687,0.5904362833084089,3,3,0.6,F123_U13 H1:3 | F123_U13 U4:1 | F123_U13 H1 J_ALL:1
broad_clusters,ae184ed23fd2,5,1.5219280948873621,0.6554587535412855,3,2,0.4,F123_U13 H1 J_ALL U4:2 | F123_U13 U4:2 | F123_U13 H1 J_ALL:1
broad_clusters,aebd35259e42,5,0.9709505944546686,0.4181656600790516,2,3,0.6,F123_U13 H1:3 | F123_U13 U4:2
broad_clusters,afe283c2f92e,5,1.5219280948873621,0.6554587535412855,3,2,0.4,F123_U13 H1:2 | F123_U13 U4:2 | F123_U13 H1 U4:1
broad_clusters,b0c69164f2c2,5,1.3709505944546687,0.5904362833084089,3,3,0.6,S1:3 | F123_U13 S1 U4:1 | F123_U13 S1:1
broad_clusters,b2790c4ddf09,5,0.7219280948873623,0.31091750708257115,2,4,0.8,F123_U13 U4:4 | F123_U13 H1:1
broad_clusters,b38b2a0c0e03,5,1.3709505944546687,0.5904362833084089,3,3,0.6,F123_U13 U4:3 | F123_U13 H1:1 | F123_U13 H1 U4:1
broad_clusters,b498f4cd8561,5,0.9709505944546686,0.4181656600790516,2,3,0.6,F123_U13 U4:3 | F123_U13 H1:2
broad_clusters,b4b46e41a207,5,0.7219280948873623,0.31091750708257115,2,4,0.8,F123_U13 H1:4 | F123_U13 U4:1
broad_clusters,b71b3713bf7e,5,1.5219280948873621,0.6554587535412855,3,2,0.4,F123_U13 H1 S1:2 | S1:2 | F123_U13 S1:1
broad_clusters,b73f5ed4014d,5,0.9709505944546686,0.4181656600790516,2,3,0.6,F123_U13 H1:3 | F123_U13 U4:2
broad_clusters,b747c4e5f4ac,5,0.9709505944546686,0.4181656600790516,2,3,0.6,F123_U13 U4:3 | F123_U13 S1 U4:2
broad_clusters,b7ab98dbfd54,5,0.9709505944546686,0.4181656600790516,2,3,0.6,F123_U13 U4:3 | F123_U13 H1:2
broad_clusters,b8c47f333bb5,5,1.5219280948873621,0.6554587535412855,3,2,0.4,F123_U13 S1 U4:2 | F123_U13 H1 S1:2 | S1:1
broad_clusters,ba1df2e0ede2,5,1.3709505944546687,0.5904362833084089,3,3,0.6,F123_U13 J_ALL U4:3 | F123_U13 H1 J_ALL:1 | F123_U13 H1:1
broad_clusters,ba73af4e78a2,5,0.0,0.0,1,5,1.0,F123_U13 U4:5
broad_clusters,baca3b71517c,5,1.5219280948873621,0.6554587535412855,3,2,0.4,F123_U13 H1:2 | F123_U13 H1 U4:2 | F123_U13 H1 J_ALL:1
broad_clusters,bb4148602b38,5,0.9709505944546686,0.4181656600790516,2,3,0.6,F123_U13 U4:3 | F123_U13 H1:2
broad_clusters,bbea276f3086,5,2.321928094887362,1.0,5,1,0.2,F123_U13 U4:1 | F123_U13 H1 U4:1 | F123_U13 H1:1 | F123_U13 H1 J_ALL:1 | F123_U13 H1 J_ALL U4:1
broad_clusters,bbf0a1f63b46,5,1.3709505944546687,0.5904362833084089,3,3,0.6,F123_U13 U4:3 | F123_U13 H1 J_ALL U4:1 | F123_U13 H1 S1:1
broad_clusters,be79c347aa60,5,1.3709505944546687,0.5904362833084089,3,3,0.6,F123_U13 H1:3 | F123_U13 H1 U4:1 | F123_U13 U4:1
broad_clusters,bee5861ae116,5,1.5219280948873621,0.6554587535412855,3,2,0.4,F123_U13 H1:2 | F123_U13 U4:2 | F123_U13:1
broad_clusters,bf53db1c5f96,5,1.5219280948873621,0.6554587535412855,3,2,0.4,F123_U13 H1 U4:2 | F123_U13 H1:2 | F123_U13 U4:1
broad_clusters,bfc9fd64bb7b,5,0.9709505944546686,0.4181656600790516,2,3,0.6,F123_U13 U4:3 | F123_U13 H1:2
broad_clusters,c080e2571f6a,5,1.3709505944546687,0.5904362833084089,3,3,0.6,F123_U13 H1:3 | F123_U13 U4:1 | F123_U13 J_ALL:1
broad_clusters,c1ee1d19767b,5,1.9219280948873623,0.8277293767706428,4,2,0.4,F123_U13 H1 J_ALL:2 | F123_U13 H1:1 | F123_U13 H1 U4:1 | F123_U13 J_ALL:1
broad_clusters,c37b7a2d4ebd,5,1.3709505944546687,0.5904362833084089,3,3,0.6,F123_U13 S1 U4:3 | F123_U13 H1 J_ALL S1:1 | F123_U13 H1 S1:1
broad_clusters,c3a619319924,5,0.9709505944546686,0.4181656600790516,2,3,0.6,F123_U13 S1 U4:3 | F123_U13 H1 S1:2
broad_clusters,c6fa35b52649,5,2.321928094887362,1.0,5,1,0.2,F123_U13 S1 U4:1 | S1 U2:1 | F123_U13 H1 S1:1 | S1:1 | F123_U13 S1:1
broad_clusters,c7436f1e497c,5,1.5219280948873621,0.6554587535412855,3,2,0.4,F123_U13 H1 U4:2 | F123_U13 H1:2 | F123_U13 U4:1
broad_clusters,c7550543387f,5,1.5219280948873621,0.6554587535412855,3,2,0.4,F123_U13 H1:2 | F123_U13 U4:2 | F123_U13 H1 U4:1
broad_clusters,c8b99a321068,5,0.7219280948873623,0.31091750708257115,2,4,0.8,S1:4 | F123_U13 S1 U4:1
broad_clusters,c95cf215efb4,5,1.3709505944546687,0.5904362833084089,3,3,0.6,F123_U13 U4:3 | F123_U13 H1 U4:1 | F123_U13 H1:1
broad_clusters,c9b8620edc48,5,0.9709505944546686,0.4181656600790516,2,3,0.6,S1:3 | F123_U13 S1 U4:2
broad_clusters,c9d423f4830b,5,1.5219280948873621,0.6554587535412855,3,2,0.4,F123_U13 U4:2 | F123_U13 H1:2 | F123_U13 J_ALL U4:1
broad_clusters,c9f7d2e17c2a,5,1.5219280948873621,0.6554587535412855,3,2,0.4,S1:2 | F123_U13 S1 U4:2 | F123_U13 H1 S1 U4:1
broad_clusters,cb577e429912,5,0.7219280948873623,0.31091750708257115,2,4,0.8,F123_U13 U4:4 | F123_U13 H1 U4:1
broad_clusters,cb74cfb960dd,5,1.5219280948873621,0.6554587535412855,3,2,0.4,F123_U13 H1 S1:2 | S1:2 | F123_U13 S1 U4:1
broad_clusters,cb8d47011c7b,5,1.5219280948873621,0.6554587535412855,3,2,0.4,F123_U13 H1:2 | F123_U13 U4:2 | F123_U13 H1 J_ALL:1
broad_clusters,cd161c6d2917,5,0.0,0.0,1,5,1.0,F123_U13 U4:5
broad_clusters,cd554c210646,5,1.9219280948873623,0.8277293767706428,4,2,0.4,F123_U13 S1 U4:2 | F123_U13 H1:1 | F123_U13 H1 S1:1 | F123_U13 U4:1
broad_clusters,cd9b0d4387fc,5,1.3709505944546687,0.5904362833084089,3,3,0.6,F123_U13 H1:3 | F123_U13 U4:1 | F123_U13 H1 J_ALL:1
broad_clusters,ce0620750a2c,5,1.5219280948873621,0.6554587535412855,3,2,0.4,F123_U13 H1:2 | F123_U13 U4:2 | F123_U13 J_ALL:1
broad_clusters,cf3cfeed36df,5,1.3709505944546687,0.5904362833084089,3,3,0.6,F123_U13 H1:3 | F123_U13 U4:1 | F123_U13 H1 U4:1
broad_clusters,cfa9b6bdca54,5,1.9219280948873623,0.8277293767706428,4,2,0.4,F123_U13 H1 J_ALL:2 | F123_U13 H1 U4:1 | F123_U13 H1 J_ALL U4:1 | F123_U13 H1:1
broad_clusters,cfec2db4e8d7,5,0.7219280948873623,0.31091750708257115,2,4,0.8,F123_U13 U4:4 | F123_U13 H1 U4:1
broad_clusters,d2148c314266,5,0.7219280948873623,0.31091750708257115,2,4,0.8,F123_U13 H1:4 | F123_U13 H1 J_ALL:1
broad_clusters,d4cdd75dc42a,5,1.3709505944546687,0.5904362833084089,3,3,0.6,F123_U13 U4:3 | F123_U13 H1 J_ALL:1 | F123_U13 S1 U4:1
broad_clusters,d6342c6ebaac,5,1.3709505944546687,0.5904362833084089,3,3,0.6,F123_U13 U4:3 | F123_U13 H1 U4:1 | F123_U13 H1 J_ALL U4:1
broad_clusters,d64e8b13bb9b,5,1.9219280948873623,0.8277293767706428,4,2,0.4,F123_U13 H1:2 | F123_U13 J_ALL U4:1 | S1:1 | F123_U13 H1 U4:1
broad_clusters,d6ba0fff7766,5,1.5219280948873621,0.6554587535412855,3,2,0.4,F123_U13 H1:2 | F123_U13 H1 J_ALL:2 | F123_U13 J_ALL U4:1
broad_clusters,d75b4cbb6504,5,0.9709505944546686,0.4181656600790516,2,3,0.6,F123_U13 H1 S1:3 | F123_U13 S1 U4:2
broad_clusters,d7edd402f862,5,0.7219280948873623,0.31091750708257115,2,4,0.8,F123_U13 U4:4 | F123_U13 H1 U4:1
broad_clusters,d8dfa8ae12d2,5,1.3709505944546687,0.5904362833084089,3,3,0.6,F123_U13 S1 U4:3 | S1:1 | F123_U13 H1 J_ALL S1:1
broad_clusters,d912436f2119,5,0.9709505944546686,0.4181656600790516,2,3,0.6,F123_U13 S1 U4:3 | S1:2
broad_clusters,dab8bf6d9681,5,1.3709505944546687,0.5904362833084089,3,3,0.6,F123_U13 U4:3 | F123_U13 H1 U4:1 | F123_U13 H1:1
broad_clusters,db6b212b08de,5,1.9219280948873623,0.8277293767706428,4,2,0.4,F123_U13 H1:2 | F123_U13 J_ALL:1 | F123_U13 U4:1 | F123_U13 J_ALL U4:1
broad_clusters,dbc0cd127ca0,5,1.3709505944546687,0.5904362833084089,3,3,0.6,S1:3 | F123_U13 S1 U4:1 | F123_U13 H1 J_ALL S1:1
broad_clusters,dceec3c64e83,5,1.5219280948873621,0.6554587535412855,3,2,0.4,F123_U13 H1 U4:2 | F123_U13 U4:2 | F123_U13 H1:1
broad_clusters,dd9481d7200f,5,0.7219280948873623,0.31091750708257115,2,4,0.8,F123_U13 U4:4 | F123_U13 H1:1
broad_clusters,e09ebc09591c,5,0.9709505944546686,0.4181656600790516,2,3,0.6,F123_U13 U4:3 | F123_U13 H1:2
broad_clusters,e0c26c29dd33,5,0.9709505944546686,0.4181656600790516,2,3,0.6,F123_U13 S1 U4:3 | S1:2
broad_clusters,e214388abd4f,5,0.7219280948873623,0.31091750708257115,2,4,0.8,F123_U13 H1 S1:4 | S1:1
broad_clusters,e2827a5d260a,5,1.3709505944546687,0.5904362833084089,3,3,0.6,F123_U13 H1:3 | F123_U13 H1 J_ALL:1 | F123_U13 H1 U4:1
broad_clusters,e2aa21641a6f,5,1.5219280948873621,0.6554587535412855,3,2,0.4,S1:2 | F123_U13 H1 S1:2 | F123_U13 S1:1
broad_clusters,e4745f13bbb4,5,1.9219280948873623,0.8277293767706428,4,2,0.4,F123_U13 U4:2 | F123_U13 H1 U4:1 | F123_U13 H1 J_ALL:1 | F123_U13 H1:1
broad_clusters,e57564408718,5,1.9219280948873623,0.8277293767706428,4,2,0.4,F123_U13 S1:2 | F123_U13 H1 S1 U4:1 | F123_U13 H1 S1:1 | F123_U13 S1 U4:1
broad_clusters,e588129c3f2f,5,1.3709505944546687,0.5904362833084089,3,3,0.6,F123_U13 U4:3 | F123_U13 H1:1 | F123_U13 H1 U4:1
broad_clusters,e5cd0826ccfa,5,1.9219280948873623,0.8277293767706428,4,2,0.4,F123_U13 S1 U4:2 | S1:1 | F123_U13 H1:1 | F123_U13 H1 S1:1
broad_clusters,e68e6ab7e5af,5,1.5219280948873621,0.6554587535412855,3,2,0.4,F123_U13 H1 S1:2 | F123_U13 S1 U4:2 | S1:1
broad_clusters,ea1f6637fdad,5,0.9709505944546686,0.4181656600790516,2,3,0.6,F123_U13 U4:3 | F123_U13 H1:2
broad_clusters,eb081c1ea631,5,0.0,0.0,1,5,1.0,F123_U13 U4:5
broad_clusters,ec36fab3fcd8,5,1.9219280948873623,0.8277293767706428,4,2,0.4,F123_U13 H1 S1:2 | S1:1 | F123_U13 S1 U4:1 | F123_U13 S1:1
broad_clusters,ed25d91cd910,5,1.9219280948873623,0.8277293767706428,4,2,0.4,F123_U13 H1 U4:2 | F123_U13 H1:1 | F123_U13 H1 J_ALL U4:1 | F123_U13 J_ALL U4:1
broad_clusters,ee5e2d9e72a7,5,1.3709505944546687,0.5904362833084089,3,3,0.6,F123_U13 H1:3 | F123_U13 U4:1 | F123_U13 H1 U4:1
broad_clusters,ef9277c4054f,5,1.5219280948873621,0.6554587535412855,3,2,0.4,F123_U13 S1 U4:2 | S1:2 | F123_U13 H1 S1:1
broad_clusters,f19c50362dd0,5,0.9709505944546686,0.4181656600790516,2,3,0.6,F123_U13 H1:3 | F123_U13 U4:2
broad_clusters,f301c4c40fe7,5,0.7219280948873623,0.31091750708257115,2,4,0.8,F123_U13 U4:4 | F123_U13 H1:1
broad_clusters,f37e85a4c407,5,1.5219280948873621,0.6554587535412855,3,2,0.4,F123_U13 H1 J_ALL:2 | F123_U13 H1:2 | F123_U13 U4:1
broad_clusters,f3cbf2089cd8,5,1.9219280948873623,0.8277293767706428,4,2,0.4,F123_U13 H1 S1:2 | F123_U13 H1 J_ALL S1:1 | S1:1 | F123_U13 S1 U4:1
broad_clusters,f47252c3b412,5,0.7219280948873623,0.31091750708257115,2,4,0.8,F123_U13 U4:4 | F123_U13 H1:1
broad_clusters,f4f868eb242a,5,0.7219280948873623,0.31091750708257115,2,4,0.8,S1:4 | F123_U13 S1 U4:1
broad_clusters,f57b85b8c16e,5,0.9709505944546686,0.4181656600790516,2,3,0.6,F123_U13 H1:3 | F123_U13 H1 U4:2
broad_clusters,f59b70069029,5,1.3709505944546687,0.5904362833084089,3,3,0.6,S1:3 | F123_U13 H1 S1:1 | F123_U13 S1 U4:1
broad_clusters,f59c1123c57c,5,1.3709505944546687,0.5904362833084089,3,3,0.6,F123_U13 U4:3 | F123_U13 H1 J_ALL:1 | F123_U13 H1:1
broad_clusters,fa936747b53e,5,0.7219280948873623,0.31091750708257115,2,4,0.8,F123_U13 S1 U4:4 | F123_U13 H1 S1:1
broad_clusters,fad7d84a6b2b,5,0.9709505944546686,0.4181656600790516,2,3,0.6,F123_U13 U4:3 | F123_U13 H1:2
broad_clusters,fb0061bbb89c,5,1.3709505944546687,0.5904362833084089,3,3,0.6,F123_U13 H1:3 | F123_U13 H1 U4:1 | F123_U13 J_ALL U4:1
broad_clusters,fb5a123a805f,5,0.7219280948873623,0.31091750708257115,2,4,0.8,F123_U13 U4:4 | F123_U13 H1:1
broad_clusters,fb78cd234795,5,1.9219280948873623,0.8277293767706428,4,2,0.4,F123_U13 H1 S1 U4:2 | S1:1 | F123_U13 H1 S1:1 | F123_U13 S1 U4:1
broad_clusters,fc1af8998b89,5,1.5219280948873621,0.6554587535412855,3,2,0.4,S1:2 | F123_U13 H1 S1:2 | F123_U13 S1 U4:1
broad_clusters,fc51297a412d,5,1.3709505944546687,0.5904362833084089,3,3,0.6,F123_U13 H1:3 | F123_U13 U4:1 | F123_U13 J_ALL U4:1
broad_clusters,fcd053a713e3,5,1.5219280948873621,0.6554587535412855,3,2,0.4,F123_U13 U4:2 | F123_U13 H1:2 | F123_U13 H1 U4:1
broad_clusters,fcee27de1d97,5,1.9219280948873623,0.8277293767706428,4,2,0.4,F123_U13 U4:2 | F123_U13 H1:1 | F123_U13 H1 J_ALL:1 | F123_U13 H1 J_ALL U4:1
broad_clusters,fd5adc3e3a3a,5,0.9709505944546686,0.4181656600790516,2,3,0.6,F123_U13 H1:3 | F123_U13 U4:2
broad_clusters,fe727d4718be,5,0.9709505944546686,0.4181656600790516,2,3,0.6,F123_U13 U4:3 | F123_U13 H1:2
broad_clusters,ff5570d33911,5,1.3709505944546687,0.5904362833084089,3,3,0.6,F123_U13 S1 U4:3 | F123_U13 H1 S1:1 | F123_U13 H1:1
