spec,cluster,members,case_id,passes,fired_passes,fire_rate,status
natural_tight,F12,F1 F2,02de4bafb196,5,5,1.0,unanimous
natural_tight,F12,F1 F2,039ed8d2c4fe,5,5,1.0,unanimous
natural_tight,F12,F1 F2,043aa1b0134c,5,5,1.0,unanimous
natural_tight,F12,F1 F2,04f6f12c9dd1,5,5,1.0,unanimous
natural_tight,F12,F1 F2,0686dccb5baa,5,5,1.0,unanimous
natural_tight,F12,F1 F2,0688cd1db5ca,5,5,1.0,unanimous
natural_tight,F12,F1 F2,06ed3c1819be,5,5,1.0,unanimous
natural_tight,F12,F1 F2,084b592e02b3,5,5,1.0,unanimous
natural_tight,F12,F1 F2,0a81f336c8fb,5,5,1.0,unanimous
natural_tight,F12,F1 F2,0adf2d15eb47,5,5,1.0,unanimous
natural_tight,F12,F1 F2,0bf1eff0c800,5,5,1.0,unanimous
natural_tight,F12,F1 F2,0d63f36e3688,5,5,1.0,unanimous
natural_tight,F12,F1 F2,0d8f07836540,5,5,1.0,unanimous
natural_tight,F12,F1 F2,0f5f4d284afb,5,5,1.0,unanimous
natural_tight,F12,F1 F2,109ca777fa12,5,5,1.0,unanimous
natural_tight,F12,F1 F2,14ab57dc9ec8,5,5,1.0,unanimous
natural_tight,F12,F1 F2,1921370ef769,5,5,1.0,unanimous
natural_tight,F12,F1 F2,1b3433cd4628,5,5,1.0,unanimous
natural_tight,F12,F1 F2,1c36cac6bccc,5,5,1.0,unanimous
natural_tight,F12,F1 F2,1c99d4b10868,5,5,1.0,unanimous
natural_tight,F12,F1 F2,1d3a4f93114f,5,5,1.0,unanimous
natural_tight,F12,F1 F2,1e85a8697898,5,5,1.0,unanimous
natural_tight,F12,F1 F2,1fb5bb36812c,5,5,1.0,unanimous
natural_tight,F12,F1 F2,1fb64399ccd8,5,5,1.0,unanimous
natural_tight,F12,F1 F2,209fa336c13a,5,5,1.0,unanimous
natural_tight,F12,F1 F2,23161751e203,5,5,1.0,unanimous
natural_tight,F12,F1 F2,2440338f40ce,5,5,1.0,unanimous
natural_tight,F12,F1 F2,25b03ee6601d,5,5,1.0,unanimous
natural_tight,F12,F1 F2,2a0d8f20ab72,5,5,1.0,unanimous
natural_tight,F12,F1 F2,2a27a571e7fc,5,5,1.0,unanimous
natural_tight,F12,F1 F2,2aa0f685bafa,5,5,1.0,unanimous
natural_tight,F12,F1 F2,2cabf84d8c88,5,5,1.0,unanimous
natural_tight,F12,F1 F2,2e9adc656f2b,5,5,1.0,unanimous
natural_tight,F12,F1 F2,30b481a7c8e2,5,5,1.0,unanimous
natural_tight,F12,F1 F2,31a19e00325e,5,5,1.0,unanimous
natural_tight,F12,F1 F2,31a2fec2be77,5,5,1.0,unanimous
natural_tight,F12,F1 F2,3257ed9e00aa,5,5,1.0,unanimous
natural_tight,F12,F1 F2,362055c7a5a9,5,5,1.0,unanimous
natural_tight,F12,F1 F2,3885f7d6d282,5,5,1.0,unanimous
natural_tight,F12,F1 F2,3a2203603d61,5,5,1.0,unanimous
natural_tight,F12,F1 F2,3cb443c08221,5,5,1.0,unanimous
natural_tight,F12,F1 F2,408fd2a91abd,5,5,1.0,unanimous
natural_tight,F12,F1 F2,430464d25f28,5,5,1.0,unanimous
natural_tight,F12,F1 F2,43748fb30948,5,5,1.0,unanimous
natural_tight,F12,F1 F2,4463568f621e,5,5,1.0,unanimous
natural_tight,F12,F1 F2,447d40f8ace5,5,5,1.0,unanimous
natural_tight,F12,F1 F2,4707c2930bd5,5,5,1.0,unanimous
natural_tight,F12,F1 F2,472b9b93ad9f,5,5,1.0,unanimous
natural_tight,F12,F1 F2,4bb8afe35408,5,5,1.0,unanimous
natural_tight,F12,F1 F2,4fdfdbf582cb,5,5,1.0,unanimous
natural_tight,F12,F1 F2,4ff4163fd5c7,5,5,1.0,unanimous
natural_tight,F12,F1 F2,5341a4972339,5,5,1.0,unanimous
natural_tight,F12,F1 F2,5478288b68f4,5,5,1.0,unanimous
natural_tight,F12,F1 F2,55157f0433cc,5,5,1.0,unanimous
natural_tight,F12,F1 F2,560a71c4eb88,5,5,1.0,unanimous
natural_tight,F12,F1 F2,57d543f72b94,5,5,1.0,unanimous
natural_tight,F12,F1 F2,5860caa8b811,5,5,1.0,unanimous
natural_tight,F12,F1 F2,5932b68b6a3b,5,5,1.0,unanimous
natural_tight,F12,F1 F2,5cdb0ba3c556,5,5,1.0,unanimous
natural_tight,F12,F1 F2,5d40cd729024,5,5,1.0,unanimous
natural_tight,F12,F1 F2,5e17e32670ea,5,5,1.0,unanimous
natural_tight,F12,F1 F2,5eb14f8b3cdc,5,5,1.0,unanimous
natural_tight,F12,F1 F2,5ebba28b6c1b,5,5,1.0,unanimous
natural_tight,F12,F1 F2,6025e1fa5134,5,5,1.0,unanimous
natural_tight,F12,F1 F2,62126c371107,5,5,1.0,unanimous
natural_tight,F12,F1 F2,624266e9f779,5,5,1.0,unanimous
natural_tight,F12,F1 F2,62e2c124f989,5,5,1.0,unanimous
natural_tight,F12,F1 F2,643832575481,5,5,1.0,unanimous
natural_tight,F12,F1 F2,64cf0bbee592,5,3,0.6,flickering
natural_tight,F12,F1 F2,65008302b1e5,5,5,1.0,unanimous
natural_tight,F12,F1 F2,66604d92cdf6,5,5,1.0,unanimous
natural_tight,F12,F1 F2,688178e946ff,5,5,1.0,unanimous
natural_tight,F12,F1 F2,6980ae227761,5,5,1.0,unanimous
natural_tight,F12,F1 F2,699afdbeba4d,5,5,1.0,unanimous
natural_tight,F12,F1 F2,6a1f6758e7d9,5,5,1.0,unanimous
natural_tight,F12,F1 F2,6bdd73210307,5,5,1.0,unanimous
natural_tight,F12,F1 F2,6d850c9bb9a8,5,5,1.0,unanimous
natural_tight,F12,F1 F2,6df425a01e7e,5,5,1.0,unanimous
natural_tight,F12,F1 F2,6df59e956a95,5,5,1.0,unanimous
natural_tight,F12,F1 F2,6e3fc24135dd,5,5,1.0,unanimous
natural_tight,F12,F1 F2,6e65a2b06b3e,5,5,1.0,unanimous
natural_tight,F12,F1 F2,6ebaa814e4ad,5,5,1.0,unanimous
natural_tight,F12,F1 F2,70d66563e84a,5,5,1.0,unanimous
natural_tight,F12,F1 F2,72eed7e29e02,5,5,1.0,unanimous
natural_tight,F12,F1 F2,7415e35108cc,5,5,1.0,unanimous
natural_tight,F12,F1 F2,754832888538,5,5,1.0,unanimous
natural_tight,F12,F1 F2,760bf1553c4d,5,5,1.0,unanimous
natural_tight,F12,F1 F2,78230d2a0091,5,5,1.0,unanimous
natural_tight,F12,F1 F2,7a02d7111976,5,5,1.0,unanimous
natural_tight,F12,F1 F2,7a7a77e77a46,5,5,1.0,unanimous
natural_tight,F12,F1 F2,7cebf4fe20ee,5,5,1.0,unanimous
natural_tight,F12,F1 F2,7e49e32d201b,5,5,1.0,unanimous
natural_tight,F12,F1 F2,7f427673957c,5,5,1.0,unanimous
natural_tight,F12,F1 F2,7f45c1d942fc,5,5,1.0,unanimous
natural_tight,F12,F1 F2,805f4872bae8,5,5,1.0,unanimous
natural_tight,F12,F1 F2,8078cef39704,5,5,1.0,unanimous
natural_tight,F12,F1 F2,80db6dd984d5,5,5,1.0,unanimous
natural_tight,F12,F1 F2,8132df5e7a12,5,5,1.0,unanimous
natural_tight,F12,F1 F2,81607c6d9629,5,5,1.0,unanimous
natural_tight,F12,F1 F2,81a87f78403c,5,4,0.8,flickering
natural_tight,F12,F1 F2,83b57a05ab3c,5,5,1.0,unanimous
natural_tight,F12,F1 F2,87ecf58e6b0c,5,5,1.0,unanimous
natural_tight,F12,F1 F2,8a4969fb9f3f,5,5,1.0,unanimous
natural_tight,F12,F1 F2,8ba39229aeac,5,5,1.0,unanimous
natural_tight,F12,F1 F2,8ca47f754a8b,5,5,1.0,unanimous
natural_tight,F12,F1 F2,8e335947c0e1,5,5,1.0,unanimous
natural_tight,F12,F1 F2,8e3c2e92cbc0,5,5,1.0,unanimous
natural_tight,F12,F1 F2,8e440b80a157,5,5,1.0,unanimous
natural_tight,F12,F1 F2,9167dfcb1faa,5,5,1.0,unanimous
natural_tight,F12,F1 F2,93630e0a3d67,5,5,1.0,unanimous
natural_tight,F12,F1 F2,942b571c83ec,5,5,1.0,unanimous
natural_tight,F12,F1 F2,94bf93368c00,5,5,1.0,unanimous
natural_tight,F12,F1 F2,9623f8400850,5,5,1.0,unanimous
natural_tight,F12,F1 F2,96e911c67649,5,5,1.0,unanimous
natural_tight,F12,F1 F2,97abaa333a90,5,5,1.0,unanimous
natural_tight,F12,F1 F2,9a9eff6df503,5,5,1.0,unanimous
natural_tight,F12,F1 F2,9b8faec4d9b1,5,5,1.0,unanimous
natural_tight,F12,F1 F2,9bbcadeaa0fa,5,5,1.0,unanimous
natural_tight,F12,F1 F2,9bef5c2501ee,5,5,1.0,unanimous
natural_tight,F12,F1 F2,9dfe141cf391,5,5,1.0,unanimous
natural_tight,F12,F1 F2,9fd1f741bc64,5,5,1.0,unanimous
natural_tight,F12,F1 F2,a03d48541430,5,5,1.0,unanimous
natural_tight,F12,F1 F2,a21113615ced,5,5,1.0,unanimous
natural_tight,F12,F1 F2,a2ee1ad7e572,5,5,1.0,unanimous
natural_tight,F12,F1 F2,a32fbd13c2e3,5,5,1.0,unanimous
natural_tight,F12,F1 F2,a41084c34754,5,5,1.0,unanimous
natural_tight,F12,F1 F2,a5e0df042d50,5,5,1.0,unanimous
natural_tight,F12,F1 F2,a69a5c9bdd1d,5,5,1.0,unanimous
natural_tight,F12,F1 F2,a82568887b73,5,5,1.0,unanimous
natural_tight,F12,F1 F2,ad4a3ebaa5bc,5,5,1.0,unanimous
natural_tight,F12,F1 F2,ae184ed23fd2,5,5,1.0,unanimous
natural_tight,F12,F1 F2,aebd35259e42,5,5,1.0,unanimous
natural_tight,F12,F1 F2,afe283c2f92e,5,5,1.0,unanimous
natural_tight,F12,F1 F2,b2790c4ddf09,5,5,1.0,unanimous
natural_tight,F12,F1 F2,b38b2a0c0e03,5,5,1.0,unanimous
natural_tight,F12,F1 F2,b498f4cd8561,5,5,1.0,unanimous
natural_tight,F12,F1 F2,b4b46e41a207,5,5,1.0,unanimous
natural_tight,F12,F1 F2,b73f5ed4014d,5,5,1.0,unanimous
natural_tight,F12,F1 F2,b747c4e5f4ac,5,4,0.8,flickering
natural_tight,F12,F1 F2,b7ab98dbfd54,5,5,1.0,unanimous
natural_tight,F12,F1 F2,ba1df2e0ede2,5,5,1.0,unanimous
natural_tight,F12,F1 F2,ba73af4e78a2,5,5,1.0,unanimous
natural_tight,F12,F1 F2,baca3b71517c,5,5,1.0,unanimous
natural_tight,F12,F1 F2,bb4148602b38,5,5,1.0,unanimous
natural_tight,F12,F1 F2,bbea276f3086,5,5,1.0,unanimous
natural_tight,F12,F1 F2,bbf0a1f63b46,5,5,1.0,unanimous
natural_tight,F12,F1 F2,be79c347aa60,5,5,1.0,unanimous
natural_tight,F12,F1 F2,bee5861ae116,5,5,1.0,unanimous
natural_tight,F12,F1 F2,bf53db1c5f96,5,5,1.0,unanimous
natural_tight,F12,F1 F2,bfc9fd64bb7b,5,5,1.0,unanimous
natural_tight,F12,F1 F2,c080e2571f6a,5,5,1.0,unanimous
natural_tight,F12,F1 F2,c1ee1d19767b,5,5,1.0,unanimous
natural_tight,F12,F1 F2,c7436f1e497c,5,5,1.0,unanimous
natural_tight,F12,F1 F2,c7550543387f,5,5,1.0,unanimous
natural_tight,F12,F1 F2,c95cf215efb4,5,5,1.0,unanimous
natural_tight,F12,F1 F2,c9d423f4830b,5,5,1.0,unanimous
natural_tight,F12,F1 F2,cb577e429912,5,5,1.0,unanimous
natural_tight,F12,F1 F2,cb8d47011c7b,5,5,1.0,unanimous
natural_tight,F12,F1 F2,cd161c6d2917,5,5,1.0,unanimous
natural_tight,F12,F1 F2,cd554c210646,5,2,0.4,flickering
natural_tight,F12,F1 F2,cd9b0d4387fc,5,5,1.0,unanimous
natural_tight,F12,F1 F2,ce0620750a2c,5,5,1.0,unanimous
natural_tight,F12,F1 F2,cf3cfeed36df,5,5,1.0,unanimous
natural_tight,F12,F1 F2,cfa9b6bdca54,5,5,1.0,unanimous
natural_tight,F12,F1 F2,cfec2db4e8d7,5,5,1.0,unanimous
natural_tight,F12,F1 F2,d2148c314266,5,5,1.0,unanimous
natural_tight,F12,F1 F2,d4cdd75dc42a,5,5,1.0,unanimous
natural_tight,F12,F1 F2,d6342c6ebaac,5,5,1.0,unanimous
natural_tight,F12,F1 F2,d64e8b13bb9b,5,4,0.8,flickering
natural_tight,F12,F1 F2,d6ba0fff7766,5,5,1.0,unanimous
natural_tight,F12,F1 F2,d7edd402f862,5,5,1.0,unanimous
natural_tight,F12,F1 F2,dab8bf6d9681,5,5,1.0,unanimous
natural_tight,F12,F1 F2,db6b212b08de,5,5,1.0,unanimous
natural_tight,F12,F1 F2,dceec3c64e83,5,5,1.0,unanimous
natural_tight,F12,F1 F2,dd9481d7200f,5,5,1.0,unanimous
natural_tight,F12,F1 F2,e09ebc09591c,5,5,1.0,unanimous
natural_tight,F12,F1 F2,e2827a5d260a,5,5,1.0,unanimous
natural_tight,F12,F1 F2,e4745f13bbb4,5,5,1.0,unanimous
natural_tight,F12,F1 F2,e588129c3f2f,5,5,1.0,unanimous
natural_tight,F12,F1 F2,ea1f6637fdad,5,5,1.0,unanimous
natural_tight,F12,F1 F2,eb081c1ea631,5,5,1.0,unanimous
natural_tight,F12,F1 F2,ed25d91cd910,5,5,1.0,unanimous
natural_tight,F12,F1 F2,ee5e2d9e72a7,5,5,1.0,unanimous
natural_tight,F12,F1 F2,f19c50362dd0,5,5,1.0,unanimous
natural_tight,F12,F1 F2,f301c4c40fe7,5,5,1.0,unanimous
natural_tight,F12,F1 F2,f37e85a4c407,5,5,1.0,unanimous
natural_tight,F12,F1 F2,f47252c3b412,5,5,1.0,unanimous
natural_tight,F12,F1 F2,f57b85b8c16e,5,5,1.0,unanimous
natural_tight,F12,F1 F2,f59c1123c57c,5,5,1.0,unanimous
natural_tight,F12,F1 F2,fad7d84a6b2b,5,5,1.0,unanimous
natural_tight,F12,F1 F2,fb0061bbb89c,5,5,1.0,unanimous
natural_tight,F12,F1 F2,fb5a123a805f,5,5,1.0,unanimous
natural_tight,F12,F1 F2,fc51297a412d,5,5,1.0,unanimous
natural_tight,F12,F1 F2,fcd053a713e3,5,5,1.0,unanimous
natural_tight,F12,F1 F2,fcee27de1d97,5,5,1.0,unanimous
natural_tight,F12,F1 F2,fd5adc3e3a3a,5,5,1.0,unanimous
natural_tight,F12,F1 F2,fe727d4718be,5,5,1.0,unanimous
natural_tight,F12,F1 F2,ff5570d33911,5,1,0.2,flickering
natural_tight,F3,F3,02de4bafb196,5,4,0.8,flickering
natural_tight,F3,F3,039ed8d2c4fe,5,3,0.6,flickering
natural_tight,F3,F3,04f6f12c9dd1,5,4,0.8,flickering
natural_tight,F3,F3,0688cd1db5ca,5,2,0.4,flickering
natural_tight,F3,F3,06ed3c1819be,5,2,0.4,flickering
natural_tight,F3,F3,0a81f336c8fb,5,2,0.4,flickering
natural_tight,F3,F3,0adf2d15eb47,5,2,0.4,flickering
natural_tight,F3,F3,0bf1eff0c800,5,1,0.2,flickering
natural_tight,F3,F3,0d63f36e3688,5,3,0.6,flickering
natural_tight,F3,F3,0f5f4d284afb,5,3,0.6,flickering
natural_tight,F3,F3,109ca777fa12,5,2,0.4,flickering
natural_tight,F3,F3,1c36cac6bccc,5,1,0.2,flickering
natural_tight,F3,F3,1c99d4b10868,5,3,0.6,flickering
natural_tight,F3,F3,1d3a4f93114f,5,3,0.6,flickering
natural_tight,F3,F3,1e85a8697898,5,1,0.2,flickering
natural_tight,F3,F3,1fb64399ccd8,5,1,0.2,flickering
natural_tight,F3,F3,209fa336c13a,5,5,1.0,unanimous
natural_tight,F3,F3,23161751e203,5,2,0.4,flickering
natural_tight,F3,F3,25b03ee6601d,5,1,0.2,flickering
natural_tight,F3,F3,2a0d8f20ab72,5,2,0.4,flickering
natural_tight,F3,F3,2a27a571e7fc,5,1,0.2,flickering
natural_tight,F3,F3,2cabf84d8c88,5,1,0.2,flickering
natural_tight,F3,F3,30b481a7c8e2,5,3,0.6,flickering
natural_tight,F3,F3,31a2fec2be77,5,2,0.4,flickering
natural_tight,F3,F3,3257ed9e00aa,5,3,0.6,flickering
natural_tight,F3,F3,3885f7d6d282,5,5,1.0,unanimous
natural_tight,F3,F3,3a2203603d61,5,1,0.2,flickering
natural_tight,F3,F3,3cb443c08221,5,2,0.4,flickering
natural_tight,F3,F3,408fd2a91abd,5,1,0.2,flickering
natural_tight,F3,F3,430464d25f28,5,4,0.8,flickering
natural_tight,F3,F3,43748fb30948,5,1,0.2,flickering
natural_tight,F3,F3,4463568f621e,5,1,0.2,flickering
natural_tight,F3,F3,447d40f8ace5,5,1,0.2,flickering
natural_tight,F3,F3,472b9b93ad9f,5,4,0.8,flickering
natural_tight,F3,F3,4bb8afe35408,5,2,0.4,flickering
natural_tight,F3,F3,4fdfdbf582cb,5,2,0.4,flickering
natural_tight,F3,F3,4ff4163fd5c7,5,3,0.6,flickering
natural_tight,F3,F3,5478288b68f4,5,2,0.4,flickering
natural_tight,F3,F3,560a71c4eb88,5,4,0.8,flickering
natural_tight,F3,F3,57d543f72b94,5,3,0.6,flickering
natural_tight,F3,F3,5932b68b6a3b,5,4,0.8,flickering
natural_tight,F3,F3,5cdb0ba3c556,5,2,0.4,flickering
natural_tight,F3,F3,5d40cd729024,5,2,0.4,flickering
natural_tight,F3,F3,5e17e32670ea,5,2,0.4,flickering
natural_tight,F3,F3,5eb14f8b3cdc,5,1,0.2,flickering
natural_tight,F3,F3,5ebba28b6c1b,5,1,0.2,flickering
natural_tight,F3,F3,6025e1fa5134,5,1,0.2,flickering
natural_tight,F3,F3,624266e9f779,5,4,0.8,flickering
natural_tight,F3,F3,643832575481,5,2,0.4,flickering
natural_tight,F3,F3,65008302b1e5,5,2,0.4,flickering
natural_tight,F3,F3,66604d92cdf6,5,2,0.4,flickering
natural_tight,F3,F3,688178e946ff,5,2,0.4,flickering
natural_tight,F3,F3,6980ae227761,5,3,0.6,flickering
natural_tight,F3,F3,6a1f6758e7d9,5,1,0.2,flickering
natural_tight,F3,F3,6bdd73210307,5,3,0.6,flickering
natural_tight,F3,F3,6d850c9bb9a8,5,3,0.6,flickering
natural_tight,F3,F3,6e3fc24135dd,5,3,0.6,flickering
natural_tight,F3,F3,6e65a2b06b3e,5,3,0.6,flickering
natural_tight,F3,F3,70d66563e84a,5,1,0.2,flickering
natural_tight,F3,F3,7415e35108cc,5,1,0.2,flickering
natural_tight,F3,F3,754832888538,5,2,0.4,flickering
natural_tight,F3,F3,760bf1553c4d,5,1,0.2,flickering
natural_tight,F3,F3,78230d2a0091,5,1,0.2,flickering
natural_tight,F3,F3,7cebf4fe20ee,5,2,0.4,flickering
natural_tight,F3,F3,7f427673957c,5,2,0.4,flickering
natural_tight,F3,F3,7f45c1d942fc,5,1,0.2,flickering
natural_tight,F3,F3,805f4872bae8,5,2,0.4,flickering
natural_tight,F3,F3,8078cef39704,5,1,0.2,flickering
natural_tight,F3,F3,80db6dd984d5,5,2,0.4,flickering
natural_tight,F3,F3,8132df5e7a12,5,2,0.4,flickering
natural_tight,F3,F3,81a87f78403c,5,1,0.2,flickering
natural_tight,F3,F3,83b57a05ab3c,5,1,0.2,flickering
natural_tight,F3,F3,87ecf58e6b0c,5,4,0.8,flickering
natural_tight,F3,F3,8a4969fb9f3f,5,2,0.4,flickering
natural_tight,F3,F3,8ba39229aeac,5,1,0.2,flickering
natural_tight,F3,F3,8ca47f754a8b,5,3,0.6,flickering
natural_tight,F3,F3,8e335947c0e1,5,1,0.2,flickering
natural_tight,F3,F3,8e3c2e92cbc0,5,2,0.4,flickering
natural_tight,F3,F3,8e440b80a157,5,2,0.4,flickering
natural_tight,F3,F3,9167dfcb1faa,5,2,0.4,flickering
natural_tight,F3,F3,942b571c83ec,5,3,0.6,flickering
natural_tight,F3,F3,94bf93368c00,5,5,1.0,unanimous
natural_tight,F3,F3,9623f8400850,5,2,0.4,flickering
natural_tight,F3,F3,96e911c67649,5,2,0.4,flickering
natural_tight,F3,F3,97abaa333a90,5,4,0.8,flickering
natural_tight,F3,F3,9a9eff6df503,5,2,0.4,flickering
natural_tight,F3,F3,9bbcadeaa0fa,5,2,0.4,flickering
natural_tight,F3,F3,9bef5c2501ee,5,3,0.6,flickering
natural_tight,F3,F3,9dfe141cf391,5,2,0.4,flickering
natural_tight,F3,F3,9fd1f741bc64,5,2,0.4,flickering
natural_tight,F3,F3,a03d48541430,5,4,0.8,flickering
natural_tight,F3,F3,a21113615ced,5,5,1.0,unanimous
natural_tight,F3,F3,a2ee1ad7e572,5,2,0.4,flickering
natural_tight,F3,F3,a69a5c9bdd1d,5,2,0.4,flickering
natural_tight,F3,F3,a82568887b73,5,2,0.4,flickering
natural_tight,F3,F3,ae184ed23fd2,5,2,0.4,flickering
natural_tight,F3,F3,aebd35259e42,5,1,0.2,flickering
natural_tight,F3,F3,afe283c2f92e,5,3,0.6,flickering
natural_tight,F3,F3,b2790c4ddf09,5,2,0.4,flickering
natural_tight,F3,F3,b38b2a0c0e03,5,1,0.2,flickering
natural_tight,F3,F3,b498f4cd8561,5,1,0.2,flickering
natural_tight,F3,F3,b4b46e41a207,5,2,0.4,flickering
natural_tight,F3,F3,b73f5ed4014d,5,4,0.8,flickering
natural_tight,F3,F3,b747c4e5f4ac,5,1,0.2,flickering
natural_tight,F3,F3,b7ab98dbfd54,5,1,0.2,flickering
natural_tight,F3,F3,ba1df2e0ede2,5,1,0.2,flickering
natural_tight,F3,F3,baca3b71517c,5,3,0.6,flickering
natural_tight,F3,F3,bb4148602b38,5,1,0.2,flickering
natural_tight,F3,F3,be79c347aa60,5,4,0.8,flickering
natural_tight,F3,F3,bf53db1c5f96,5,2,0.4,flickering
natural_tight,F3,F3,bfc9fd64bb7b,5,2,0.4,flickering
natural_tight,F3,F3,c080e2571f6a,5,2,0.4,flickering
natural_tight,F3,F3,c1ee1d19767b,5,1,0.2,flickering
natural_tight,F3,F3,c7436f1e497c,5,2,0.4,flickering
natural_tight,F3,F3,c9d423f4830b,5,2,0.4,flickering
natural_tight,F3,F3,cb577e429912,5,1,0.2,flickering
natural_tight,F3,F3,cb8d47011c7b,5,1,0.2,flickering
natural_tight,F3,F3,cd554c210646,5,1,0.2,flickering
natural_tight,F3,F3,cd9b0d4387fc,5,4,0.8,flickering
natural_tight,F3,F3,cf3cfeed36df,5,3,0.6,flickering
natural_tight,F3,F3,cfec2db4e8d7,5,2,0.4,flickering
natural_tight,F3,F3,d2148c314266,5,4,0.8,flickering
natural_tight,F3,F3,d4cdd75dc42a,5,4,0.8,flickering
natural_tight,F3,F3,d64e8b13bb9b,5,2,0.4,flickering
natural_tight,F3,F3,d6ba0fff7766,5,1,0.2,flickering
natural_tight,F3,F3,d7edd402f862,5,2,0.4,flickering
natural_tight,F3,F3,dceec3c64e83,5,4,0.8,flickering
natural_tight,F3,F3,dd9481d7200f,5,2,0.4,flickering
natural_tight,F3,F3,e09ebc09591c,5,4,0.8,flickering
natural_tight,F3,F3,e4745f13bbb4,5,1,0.2,flickering
natural_tight,F3,F3,e588129c3f2f,5,2,0.4,flickering
natural_tight,F3,F3,ea1f6637fdad,5,4,0.8,flickering
natural_tight,F3,F3,eb081c1ea631,5,2,0.4,flickering
natural_tight,F3,F3,ed25d91cd910,5,1,0.2,flickering
natural_tight,F3,F3,ee5e2d9e72a7,5,2,0.4,flickering
natural_tight,F3,F3,f19c50362dd0,5,3,0.6,flickering
natural_tight,F3,F3,f301c4c40fe7,5,2,0.4,flickering
natural_tight,F3,F3,f47252c3b412,5,3,0.6,flickering
natural_tight,F3,F3,f59c1123c57c,5,1,0.2,flickering
natural_tight,F3,F3,fad7d84a6b2b,5,3,0.6,flickering
natural_tight,F3,F3,fb0061bbb89c,5,4,0.8,flickering
natural_tight,F3,F3,fcee27de1d97,5,1,0.2,flickering
natural_tight,F3,F3,fd5adc3e3a3a,5,2,0.4,flickering
natural_tight,F3,F3,fe727d4718be,5,1,0.2,flickering
natural_tight,H1,H1,01d3ad510b42,5,1,0.2,flickering
natural_tight,H1,H1,02de4bafb196,5,3,0.6,flickering
natural_tight,H1,H1,039ed8d2c4fe,5,2,0.4,flickering
natural_tight,H1,H1,043aa1b0134c,5,2,0.4,flickering
natural_tight,H1,H1,046e6d52bc8e,5,1,0.2,flickering
natural_tight,H1,H1,04f6f12c9dd1,5,3,0.6,flickering
natural_tight,H1,H1,0686dccb5baa,5,1,0.2,flickering
natural_tight,H1,H1,06ed3c1819be,5,4,0.8,flickering
natural_tight,H1,H1,084b592e02b3,5,2,0.4,flickering
natural_tight,H1,H1,088747fa7d04,5,2,0.4,flickering
natural_tight,H1,H1,08ad0e53abb1,5,5,1.0,unanimous
natural_tight,H1,H1,0a81f336c8fb,5,3,0.6,flickering
natural_tight,H1,H1,0adf2d15eb47,5,2,0.4,flickering
natural_tight,H1,H1,0b6eb6e593c5,5,2,0.4,flickering
natural_tight,H1,H1,0bf1eff0c800,5,2,0.4,flickering
natural_tight,H1,H1,0d34d4795612,5,1,0.2,flickering
natural_tight,H1,H1,0d63f36e3688,5,3,0.6,flickering
natural_tight,H1,H1,0d8f07836540,5,2,0.4,flickering
natural_tight,H1,H1,0f5f4d284afb,5,4,0.8,flickering
natural_tight,H1,H1,109ca777fa12,5,1,0.2,flickering
natural_tight,H1,H1,112d585f8fdf,5,2,0.4,flickering
natural_tight,H1,H1,134acf006762,5,2,0.4,flickering
natural_tight,H1,H1,14ab57dc9ec8,5,1,0.2,flickering
natural_tight,H1,H1,14d73efad7ab,5,2,0.4,flickering
natural_tight,H1,H1,16ac7d4eada1,5,1,0.2,flickering
natural_tight,H1,H1,1921370ef769,5,4,0.8,flickering
natural_tight,H1,H1,1b3433cd4628,5,3,0.6,flickering
natural_tight,H1,H1,1bce6dff94b8,5,2,0.4,flickering
natural_tight,H1,H1,1c36cac6bccc,5,4,0.8,flickering
natural_tight,H1,H1,1c99d4b10868,5,4,0.8,flickering
natural_tight,H1,H1,1d3a4f93114f,5,5,1.0,unanimous
natural_tight,H1,H1,1dc1f1d9c3bd,5,5,1.0,unanimous
natural_tight,H1,H1,1e85a8697898,5,3,0.6,flickering
natural_tight,H1,H1,1fb5bb36812c,5,3,0.6,flickering
natural_tight,H1,H1,1fb64399ccd8,5,4,0.8,flickering
natural_tight,H1,H1,209fa336c13a,5,1,0.2,flickering
natural_tight,H1,H1,21da45ff7758,5,3,0.6,flickering
natural_tight,H1,H1,23161751e203,5,2,0.4,flickering
natural_tight,H1,H1,2440338f40ce,5,1,0.2,flickering
natural_tight,H1,H1,25b03ee6601d,5,2,0.4,flickering
natural_tight,H1,H1,2802cf486896,5,2,0.4,flickering
natural_tight,H1,H1,2a0d8f20ab72,5,1,0.2,flickering
natural_tight,H1,H1,2a27a571e7fc,5,2,0.4,flickering
natural_tight,H1,H1,2aa0f685bafa,5,3,0.6,flickering
natural_tight,H1,H1,2c0cb0230b61,5,2,0.4,flickering
natural_tight,H1,H1,2c7c7c5def5a,5,2,0.4,flickering
natural_tight,H1,H1,2cabf84d8c88,5,2,0.4,flickering
natural_tight,H1,H1,2e9adc656f2b,5,4,0.8,flickering
natural_tight,H1,H1,2fb56e19e29d,5,1,0.2,flickering
natural_tight,H1,H1,31a19e00325e,5,4,0.8,flickering
natural_tight,H1,H1,31a2fec2be77,5,3,0.6,flickering
natural_tight,H1,H1,31b5e609ef46,5,2,0.4,flickering
natural_tight,H1,H1,362055c7a5a9,5,2,0.4,flickering
natural_tight,H1,H1,3680e8deae2f,5,1,0.2,flickering
natural_tight,H1,H1,37f61727e427,5,1,0.2,flickering
natural_tight,H1,H1,3885f7d6d282,5,3,0.6,flickering
natural_tight,H1,H1,3a2203603d61,5,2,0.4,flickering
natural_tight,H1,H1,3c4f97f6fb20,5,1,0.2,flickering
natural_tight,H1,H1,3cb443c08221,5,2,0.4,flickering
natural_tight,H1,H1,408fd2a91abd,5,3,0.6,flickering
natural_tight,H1,H1,410ecd5b1e40,5,2,0.4,flickering
natural_tight,H1,H1,430464d25f28,5,4,0.8,flickering
natural_tight,H1,H1,43748fb30948,5,4,0.8,flickering
natural_tight,H1,H1,43e4036c30f9,5,1,0.2,flickering
natural_tight,H1,H1,4463568f621e,5,2,0.4,flickering
natural_tight,H1,H1,447d40f8ace5,5,2,0.4,flickering
natural_tight,H1,H1,4707c2930bd5,5,1,0.2,flickering
natural_tight,H1,H1,472b9b93ad9f,5,5,1.0,unanimous
natural_tight,H1,H1,49067b2ff40c,5,2,0.4,flickering
natural_tight,H1,H1,4fdfdbf582cb,5,1,0.2,flickering
natural_tight,H1,H1,4ff4163fd5c7,5,2,0.4,flickering
natural_tight,H1,H1,512ffd6391ed,5,1,0.2,flickering
natural_tight,H1,H1,5341a4972339,5,5,1.0,unanimous
natural_tight,H1,H1,5478288b68f4,5,1,0.2,flickering
natural_tight,H1,H1,55157f0433cc,5,4,0.8,flickering
natural_tight,H1,H1,560a71c4eb88,5,3,0.6,flickering
natural_tight,H1,H1,5860caa8b811,5,4,0.8,flickering
natural_tight,H1,H1,5ccdfc01ba3c,5,2,0.4,flickering
natural_tight,H1,H1,5cdb0ba3c556,5,4,0.8,flickering
natural_tight,H1,H1,5d40cd729024,5,2,0.4,flickering
natural_tight,H1,H1,5e17e32670ea,5,2,0.4,flickering
natural_tight,H1,H1,5ebba28b6c1b,5,4,0.8,flickering
natural_tight,H1,H1,60160115004c,5,2,0.4,flickering
natural_tight,H1,H1,6025e1fa5134,5,3,0.6,flickering
natural_tight,H1,H1,6103d326f1f4,5,1,0.2,flickering
natural_tight,H1,H1,615c9cf6b7e2,5,3,0.6,flickering
natural_tight,H1,H1,62126c371107,5,2,0.4,flickering
natural_tight,H1,H1,624266e9f779,5,4,0.8,flickering
natural_tight,H1,H1,628cb522c3cd,5,2,0.4,flickering
natural_tight,H1,H1,62e2c124f989,5,5,1.0,unanimous
natural_tight,H1,H1,643832575481,5,5,1.0,unanimous
natural_tight,H1,H1,64cf0bbee592,5,1,0.2,flickering
natural_tight,H1,H1,65008302b1e5,5,2,0.4,flickering
natural_tight,H1,H1,660cc534fc78,5,4,0.8,flickering
natural_tight,H1,H1,66604d92cdf6,5,2,0.4,flickering
natural_tight,H1,H1,684536b07bc7,5,3,0.6,flickering
natural_tight,H1,H1,688178e946ff,5,2,0.4,flickering
natural_tight,H1,H1,69262ac8f823,5,4,0.8,flickering
natural_tight,H1,H1,6980ae227761,5,3,0.6,flickering
natural_tight,H1,H1,699afdbeba4d,5,2,0.4,flickering
natural_tight,H1,H1,6a1f6758e7d9,5,4,0.8,flickering
natural_tight,H1,H1,6bdd73210307,5,3,0.6,flickering
natural_tight,H1,H1,6d850c9bb9a8,5,1,0.2,flickering
natural_tight,H1,H1,6df425a01e7e,5,5,1.0,unanimous
natural_tight,H1,H1,6df59e956a95,5,2,0.4,flickering
natural_tight,H1,H1,6e65a2b06b3e,5,1,0.2,flickering
natural_tight,H1,H1,6ebaa814e4ad,5,3,0.6,flickering
natural_tight,H1,H1,70d66563e84a,5,3,0.6,flickering
natural_tight,H1,H1,72eed7e29e02,5,1,0.2,flickering
natural_tight,H1,H1,7415e35108cc,5,1,0.2,flickering
natural_tight,H1,H1,74fb44a7acc9,5,1,0.2,flickering
natural_tight,H1,H1,754832888538,5,2,0.4,flickering
natural_tight,H1,H1,760bf1553c4d,5,5,1.0,unanimous
natural_tight,H1,H1,77e8cca793fb,5,1,0.2,flickering
natural_tight,H1,H1,7803d9a85054,5,2,0.4,flickering
natural_tight,H1,H1,78230d2a0091,5,4,0.8,flickering
natural_tight,H1,H1,7a02d7111976,5,2,0.4,flickering
natural_tight,H1,H1,7a7a77e77a46,5,1,0.2,flickering
natural_tight,H1,H1,7b77237aee10,5,2,0.4,flickering
natural_tight,H1,H1,7c3d9a994e6f,5,1,0.2,flickering
natural_tight,H1,H1,7cebf4fe20ee,5,4,0.8,flickering
natural_tight,H1,H1,7df672f007f4,5,2,0.4,flickering
natural_tight,H1,H1,7e30c8259061,5,1,0.2,flickering
natural_tight,H1,H1,7e49e32d201b,5,2,0.4,flickering
natural_tight,H1,H1,7e6b0d276a55,5,2,0.4,flickering
natural_tight,H1,H1,7f427673957c,5,1,0.2,flickering
natural_tight,H1,H1,7f45c1d942fc,5,5,1.0,unanimous
natural_tight,H1,H1,805f4872bae8,5,1,0.2,flickering
natural_tight,H1,H1,8078cef39704,5,5,1.0,unanimous
natural_tight,H1,H1,80db6dd984d5,5,2,0.4,flickering
natural_tight,H1,H1,8132df5e7a12,5,3,0.6,flickering
natural_tight,H1,H1,81607c6d9629,5,2,0.4,flickering
natural_tight,H1,H1,81a87f78403c,5,1,0.2,flickering
natural_tight,H1,H1,83b57a05ab3c,5,1,0.2,flickering
natural_tight,H1,H1,86090feb7a89,5,3,0.6,flickering
natural_tight,H1,H1,87ecf58e6b0c,5,5,1.0,unanimous
natural_tight,H1,H1,8a4969fb9f3f,5,4,0.8,flickering
natural_tight,H1,H1,8b87a89244e2,5,2,0.4,flickering
natural_tight,H1,H1,8ba39229aeac,5,2,0.4,flickering
natural_tight,H1,H1,8ca47f754a8b,5,3,0.6,flickering
natural_tight,H1,H1,8cfe1edbd00f,5,1,0.2,flickering
natural_tight,H1,H1,8e335947c0e1,5,2,0.4,flickering
natural_tight,H1,H1,8e440b80a157,5,2,0.4,flickering
natural_tight,H1,H1,90b23b744311,5,2,0.4,flickering
natural_tight,H1,H1,9167dfcb1faa,5,3,0.6,flickering
natural_tight,H1,H1,91987904b44b,5,1,0.2,flickering
natural_tight,H1,H1,93630e0a3d67,5,1,0.2,flickering
natural_tight,H1,H1,942b571c83ec,5,5,1.0,unanimous
natural_tight,H1,H1,94bf93368c00,5,1,0.2,flickering
natural_tight,H1,H1,9623f8400850,5,4,0.8,flickering
natural_tight,H1,H1,96e911c67649,5,2,0.4,flickering
natural_tight,H1,H1,97abaa333a90,5,1,0.2,flickering
natural_tight,H1,H1,99d069fa1546,5,2,0.4,flickering
natural_tight,H1,H1,9a9eff6df503,5,1,0.2,flickering
natural_tight,H1,H1,9b8faec4d9b1,5,2,0.4,flickering
natural_tight,H1,H1,9bbcadeaa0fa,5,3,0.6,flickering
natural_tight,H1,H1,9bef5c2501ee,5,2,0.4,flickering
natural_tight,H1,H1,9d41a00a9c93,5,2,0.4,flickering
natural_tight,H1,H1,9dfe141cf391,5,1,0.2,flickering
natural_tight,H1,H1,9fd1f741bc64,5,1,0.2,flickering
natural_tight,H1,H1,a03d48541430,5,2,0.4,flickering
natural_tight,H1,H1,a0b20e4df225,5,1,0.2,flickering
natural_tight,H1,H1,a0def0e8f780,5,2,0.4,flickering
natural_tight,H1,H1,a21113615ced,5,3,0.6,flickering
natural_tight,H1,H1,a2ee1ad7e572,5,3,0.6,flickering
natural_tight,H1,H1,a32fbd13c2e3,5,1,0.2,flickering
natural_tight,H1,H1,a41084c34754,5,4,0.8,flickering
natural_tight,H1,H1,a44c5fe6a989,5,1,0.2,flickering
natural_tight,H1,H1,a45c83f69ba7,5,1,0.2,flickering
natural_tight,H1,H1,a5e0df042d50,5,1,0.2,flickering
natural_tight,H1,H1,a69a5c9bdd1d,5,1,0.2,flickering
natural_tight,H1,H1,a82568887b73,5,3,0.6,flickering
natural_tight,H1,H1,ad4a3ebaa5bc,5,4,0.8,flickering
natural_tight,H1,H1,ae184ed23fd2,5,3,0.6,flickering
natural_tight,H1,H1,aebd35259e42,5,3,0.6,flickering
natural_tight,H1,H1,afe283c2f92e,5,3,0.6,flickering
natural_tight,H1,H1,b2790c4ddf09,5,1,0.2,flickering
natural_tight,H1,H1,b38b2a0c0e03,5,2,0.4,flickering
natural_tight,H1,H1,b498f4cd8561,5,2,0.4,flickering
natural_tight,H1,H1,b4b46e41a207,5,4,0.8,flickering
natural_tight,H1,H1,b71b3713bf7e,5,2,0.4,flickering
natural_tight,H1,H1,b73f5ed4014d,5,3,0.6,flickering
natural_tight,H1,H1,b7ab98dbfd54,5,2,0.4,flickering
natural_tight,H1,H1,b8c47f333bb5,5,2,0.4,flickering
natural_tight,H1,H1,ba1df2e0ede2,5,2,0.4,flickering
natural_tight,H1,H1,baca3b71517c,5,5,1.0,unanimous
natural_tight,H1,H1,bb4148602b38,5,2,0.4,flickering
natural_tight,H1,H1,bbea276f3086,5,4,0.8,flickering
natural_tight,H1,H1,bbf0a1f63b46,5,2,0.4,flickering
natural_tight,H1,H1,be79c347aa60,5,4,0.8,flickering
natural_tight,H1,H1,bee5861ae116,5,2,0.4,flickering
natural_tight,H1,H1,bf53db1c5f96,5,4,0.8,flickering
natural_tight,H1,H1,bfc9fd64bb7b,5,2,0.4,flickering
natural_tight,H1,H1,c080e2571f6a,5,3,0.6,flickering
natural_tight,H1,H1,c1ee1d19767b,5,4,0.8,flickering
natural_tight,H1,H1,c37b7a2d4ebd,5,2,0.4,flickering
natural_tight,H1,H1,c3a619319924,5,2,0.4,flickering
natural_tight,H1,H1,c6fa35b52649,5,1,0.2,flickering
natural_tight,H1,H1,c7436f1e497c,5,4,0.8,flickering
natural_tight,H1,H1,c7550543387f,5,3,0.6,flickering
natural_tight,H1,H1,c95cf215efb4,5,2,0.4,flickering
natural_tight,H1,H1,c9d423f4830b,5,2,0.4,flickering
natural_tight,H1,H1,c9f7d2e17c2a,5,1,0.2,flickering
natural_tight,H1,H1,cb577e429912,5,1,0.2,flickering
natural_tight,H1,H1,cb74cfb960dd,5,2,0.4,flickering
natural_tight,H1,H1,cb8d47011c7b,5,3,0.6,flickering
natural_tight,H1,H1,cd554c210646,5,2,0.4,flickering
natural_tight,H1,H1,cd9b0d4387fc,5,4,0.8,flickering
natural_tight,H1,H1,ce0620750a2c,5,2,0.4,flickering
natural_tight,H1,H1,cf3cfeed36df,5,4,0.8,flickering
natural_tight,H1,H1,cfa9b6bdca54,5,5,1.0,unanimous
natural_tight,H1,H1,cfec2db4e8d7,5,1,0.2,flickering
natural_tight,H1,H1,d2148c314266,5,5,1.0,unanimous
natural_tight,H1,H1,d4cdd75dc42a,5,1,0.2,flickering
natural_tight,H1,H1,d6342c6ebaac,5,2,0.4,flickering
natural_tight,H1,H1,d64e8b13bb9b,5,3,0.6,flickering
natural_tight,H1,H1,d6ba0fff7766,5,4,0.8,flickering
natural_tight,H1,H1,d75b4cbb6504,5,3,0.6,flickering
natural_tight,H1,H1,d7edd402f862,5,1,0.2,flickering
natural_tight,H1,H1,d8dfa8ae12d2,5,1,0.2,flickering
natural_tight,H1,H1,dab8bf6d9681,5,2,0.4,flickering
natural_tight,H1,H1,db6b212b08de,5,2,0.4,flickering
natural_tight,H1,H1,dbc0cd127ca0,5,1,0.2,flickering
natural_tight,H1,H1,dceec3c64e83,5,3,0.6,flickering
natural_tight,H1,H1,dd9481d7200f,5,1,0.2,flickering
natural_tight,H1,H1,e09ebc09591c,5,2,0.4,flickering
natural_tight,H1,H1,e214388abd4f,5,4,0.8,flickering
natural_tight,H1,H1,e2827a5d260a,5,5,1.0,unanimous
natural_tight,H1,H1,e2aa21641a6f,5,2,0.4,flickering
natural_tight,H1,H1,e4745f13bbb4,5,3,0.6,flickering
natural_tight,H1,H1,e57564408718,5,2,0.4,flickering
natural_tight,H1,H1,e588129c3f2f,5,2,0.4,flickering
natural_tight,H1,H1,e5cd0826ccfa,5,2,0.4,flickering
natural_tight,H1,H1,e68e6ab7e5af,5,2,0.4,flickering
natural_tight,H1,H1,ea1f6637fdad,5,2,0.4,flickering
natural_tight,H1,H1,ec36fab3fcd8,5,2,0.4,flickering
natural_tight,H1,H1,ed25d91cd910,5,4,0.8,flickering
natural_tight,H1,H1,ee5e2d9e72a7,5,4,0.8,flickering
natural_tight,H1,H1,ef9277c4054f,5,1,0.2,flickering
natural_tight,H1,H1,f19c50362dd0,5,3,0.6,flickering
natural_tight,H1,H1,f301c4c40fe7,5,1,0.2,flickering
natural_tight,H1,H1,f37e85a4c407,5,4,0.8,flickering
natural_tight,H1,H1,f3cbf2089cd8,5,3,0.6,flickering
natural_tight,H1,H1,f47252c3b412,5,1,0.2,flickering
natural_tight,H1,H1,f57b85b8c16e,5,5,1.0,unanimous
natural_tight,H1,H1,f59b70069029,5,1,0.2,flickering
natural_tight,H1,H1,f59c1123c57c,5,2,0.4,flickering
natural_tight,H1,H1,fa936747b53e,5,1,0.2,flickering
natural_tight,H1,H1,fad7d84a6b2b,5,2,0.4,flickering
natural_tight,H1,H1,fb0061bbb89c,5,4,0.8,flickering
natural_tight,H1,H1,fb5a123a805f,5,1,0.2,flickering
natural_tight,H1,H1,fb78cd234795,5,3,0.6,flickering
natural_tight,H1,H1,fc1af8998b89,5,2,0.4,flickering
natural_tight,H1,H1,fc51297a412d,5,3,0.6,flickering
natural_tight,H1,H1,fcd053a713e3,5,3,0.6,flickering
natural_tight,H1,H1,fcee27de1d97,5,3,0.6,flickering
natural_tight,H1,H1,fd5adc3e3a3a,5,3,0.6,flickering
natural_tight,H1,H1,fe727d4718be,5,2,0.4,flickering
natural_tight,H1,H1,ff5570d33911,5,2,0.4,flickering
natural_tight,J12,J1 J2,02de4bafb196,5,1,0.2,flickering
natural_tight,J12,J1 J2,039ed8d2c4fe,5,3,0.6,flickering
natural_tight,J12,J1 J2,06ed3c1819be,5,3,0.6,flickering
natural_tight,J12,J1 J2,08ad0e53abb1,5,2,0.4,flickering
natural_tight,J12,J1 J2,0a81f336c8fb,5,1,0.2,flickering
natural_tight,J12,J1 J2,0d34d4795612,5,1,0.2,flickering
natural_tight,J12,J1 J2,112d585f8fdf,5,2,0.4,flickering
natural_tight,J12,J1 J2,14ab57dc9ec8,5,1,0.2,flickering
natural_tight,J12,J1 J2,1c36cac6bccc,5,1,0.2,flickering
natural_tight,J12,J1 J2,1c99d4b10868,5,1,0.2,flickering
natural_tight,J12,J1 J2,1fb64399ccd8,5,5,1.0,unanimous
natural_tight,J12,J1 J2,2065ada1a306,5,1,0.2,flickering
natural_tight,J12,J1 J2,23161751e203,5,1,0.2,flickering
natural_tight,J12,J1 J2,2aa0f685bafa,5,1,0.2,flickering
natural_tight,J12,J1 J2,2cabf84d8c88,5,1,0.2,flickering
natural_tight,J12,J1 J2,2e9adc656f2b,5,1,0.2,flickering
natural_tight,J12,J1 J2,2fb56e19e29d,5,1,0.2,flickering
natural_tight,J12,J1 J2,31a19e00325e,5,2,0.4,flickering
natural_tight,J12,J1 J2,31a2fec2be77,5,3,0.6,flickering
natural_tight,J12,J1 J2,31b5e609ef46,5,1,0.2,flickering
natural_tight,J12,J1 J2,37c368833872,5,1,0.2,flickering
natural_tight,J12,J1 J2,3a2203603d61,5,1,0.2,flickering
natural_tight,J12,J1 J2,3cb443c08221,5,1,0.2,flickering
natural_tight,J12,J1 J2,410ecd5b1e40,5,1,0.2,flickering
natural_tight,J12,J1 J2,447d40f8ace5,5,2,0.4,flickering
natural_tight,J12,J1 J2,472b9b93ad9f,5,1,0.2,flickering
natural_tight,J12,J1 J2,5341a4972339,5,1,0.2,flickering
natural_tight,J12,J1 J2,55157f0433cc,5,2,0.4,flickering
natural_tight,J12,J1 J2,5860caa8b811,5,1,0.2,flickering
natural_tight,J12,J1 J2,5cdb0ba3c556,5,3,0.6,flickering
natural_tight,J12,J1 J2,5eb14f8b3cdc,5,1,0.2,flickering
natural_tight,J12,J1 J2,6025e1fa5134,5,1,0.2,flickering
natural_tight,J12,J1 J2,62126c371107,5,1,0.2,flickering
natural_tight,J12,J1 J2,628cb522c3cd,5,1,0.2,flickering
natural_tight,J12,J1 J2,62e2c124f989,5,1,0.2,flickering
natural_tight,J12,J1 J2,660cc534fc78,5,1,0.2,flickering
natural_tight,J12,J1 J2,66604d92cdf6,5,1,0.2,flickering
natural_tight,J12,J1 J2,6980ae227761,5,3,0.6,flickering
natural_tight,J12,J1 J2,699afdbeba4d,5,1,0.2,flickering
natural_tight,J12,J1 J2,6a1f6758e7d9,5,1,0.2,flickering
natural_tight,J12,J1 J2,6bdd73210307,5,1,0.2,flickering
natural_tight,J12,J1 J2,6df59e956a95,5,1,0.2,flickering
natural_tight,J12,J1 J2,6ebaa814e4ad,5,1,0.2,flickering
natural_tight,J12,J1 J2,74fb44a7acc9,5,1,0.2,flickering
natural_tight,J12,J1 J2,77e8cca793fb,5,1,0.2,flickering
natural_tight,J12,J1 J2,7c3d9a994e6f,5,1,0.2,flickering
natural_tight,J12,J1 J2,7cebf4fe20ee,5,1,0.2,flickering
natural_tight,J12,J1 J2,7df672f007f4,5,1,0.2,flickering
natural_tight,J12,J1 J2,7e49e32d201b,5,2,0.4,flickering
natural_tight,J12,J1 J2,7f427673957c,5,1,0.2,flickering
natural_tight,J12,J1 J2,8078cef39704,5,1,0.2,flickering
natural_tight,J12,J1 J2,80db6dd984d5,5,2,0.4,flickering
natural_tight,J12,J1 J2,8132df5e7a12,5,2,0.4,flickering
natural_tight,J12,J1 J2,87ecf58e6b0c,5,2,0.4,flickering
natural_tight,J12,J1 J2,8cfe1edbd00f,5,1,0.2,flickering
natural_tight,J12,J1 J2,942b571c83ec,5,2,0.4,flickering
natural_tight,J12,J1 J2,9d41a00a9c93,5,1,0.2,flickering
natural_tight,J12,J1 J2,9fd1f741bc64,5,1,0.2,flickering
natural_tight,J12,J1 J2,a2ee1ad7e572,5,1,0.2,flickering
natural_tight,J12,J1 J2,a41084c34754,5,2,0.4,flickering
natural_tight,J12,J1 J2,a69a5c9bdd1d,5,1,0.2,flickering
natural_tight,J12,J1 J2,ad4a3ebaa5bc,5,1,0.2,flickering
natural_tight,J12,J1 J2,ae184ed23fd2,5,3,0.6,flickering
natural_tight,J12,J1 J2,ba1df2e0ede2,5,4,0.8,flickering
natural_tight,J12,J1 J2,baca3b71517c,5,1,0.2,flickering
natural_tight,J12,J1 J2,bbea276f3086,5,2,0.4,flickering
natural_tight,J12,J1 J2,bbf0a1f63b46,5,1,0.2,flickering
natural_tight,J12,J1 J2,c080e2571f6a,5,1,0.2,flickering
natural_tight,J12,J1 J2,c1ee1d19767b,5,3,0.6,flickering
natural_tight,J12,J1 J2,c37b7a2d4ebd,5,1,0.2,flickering
natural_tight,J12,J1 J2,c9d423f4830b,5,1,0.2,flickering
natural_tight,J12,J1 J2,cb8d47011c7b,5,1,0.2,flickering
natural_tight,J12,J1 J2,cd9b0d4387fc,5,1,0.2,flickering
natural_tight,J12,J1 J2,ce0620750a2c,5,1,0.2,flickering
natural_tight,J12,J1 J2,cfa9b6bdca54,5,3,0.6,flickering
natural_tight,J12,J1 J2,d2148c314266,5,1,0.2,flickering
natural_tight,J12,J1 J2,d4cdd75dc42a,5,1,0.2,flickering
natural_tight,J12,J1 J2,d6342c6ebaac,5,1,0.2,flickering
natural_tight,J12,J1 J2,d64e8b13bb9b,5,1,0.2,flickering
natural_tight,J12,J1 J2,d6ba0fff7766,5,3,0.6,flickering
natural_tight,J12,J1 J2,d8dfa8ae12d2,5,1,0.2,flickering
natural_tight,J12,J1 J2,db6b212b08de,5,2,0.4,flickering
natural_tight,J12,J1 J2,dbc0cd127ca0,5,1,0.2,flickering
natural_tight,J12,J1 J2,e2827a5d260a,5,1,0.2,flickering
natural_tight,J12,J1 J2,e4745f13bbb4,5,1,0.2,flickering
natural_tight,J12,J1 J2,ed25d91cd910,5,2,0.4,flickering
natural_tight,J12,J1 J2,f37e85a4c407,5,1,0.2,flickering
natural_tight,J12,J1 J2,f3cbf2089cd8,5,1,0.2,flickering
natural_tight,J12,J1 J2,f59c1123c57c,5,1,0.2,flickering
natural_tight,J12,J1 J2,fb0061bbb89c,5,1,0.2,flickering
natural_tight,J12,J1 J2,fc51297a412d,5,1,0.2,flickering
natural_tight,J12,J1 J2,fcee27de1d97,5,2,0.4,flickering
natural_tight,J345,J3 J4 J5,02de4bafb196,5,1,0.2,flickering
natural_tight,J345,J3 J4 J5,039ed8d2c4fe,5,2,0.4,flickering
natural_tight,J345,J3 J4 J5,06ed3c1819be,5,3,0.6,flickering
natural_tight,J345,J3 J4 J5,0d34d4795612,5,1,0.2,flickering
natural_tight,J345,J3 J4 J5,1c99d4b10868,5,1,0.2,flickering
natural_tight,J345,J3 J4 J5,1fb64399ccd8,5,5,1.0,unanimous
natural_tight,J345,J3 J4 J5,2aa0f685bafa,5,1,0.2,flickering
natural_tight,J345,J3 J4 J5,2cabf84d8c88,5,1,0.2,flickering
natural_tight,J345,J3 J4 J5,2e9adc656f2b,5,1,0.2,flickering
natural_tight,J345,J3 J4 J5,31a19e00325e,5,2,0.4,flickering
natural_tight,J345,J3 J4 J5,31a2fec2be77,5,2,0.4,flickering
natural_tight,J345,J3 J4 J5,31b5e609ef46,5,1,0.2,flickering
natural_tight,J345,J3 J4 J5,37c368833872,5,1,0.2,flickering
natural_tight,J345,J3 J4 J5,3a2203603d61,5,1,0.2,flickering
natural_tight,J345,J3 J4 J5,3cb443c08221,5,1,0.2,flickering
natural_tight,J345,J3 J4 J5,447d40f8ace5,5,1,0.2,flickering
natural_tight,J345,J3 J4 J5,472b9b93ad9f,5,1,0.2,flickering
natural_tight,J345,J3 J4 J5,5341a4972339,5,1,0.2,flickering
natural_tight,J345,J3 J4 J5,55157f0433cc,5,1,0.2,flickering
natural_tight,J345,J3 J4 J5,5860caa8b811,5,2,0.4,flickering
natural_tight,J345,J3 J4 J5,5cdb0ba3c556,5,3,0.6,flickering
natural_tight,J345,J3 J4 J5,6025e1fa5134,5,1,0.2,flickering
natural_tight,J345,J3 J4 J5,62e2c124f989,5,1,0.2,flickering
natural_tight,J345,J3 J4 J5,66604d92cdf6,5,1,0.2,flickering
natural_tight,J345,J3 J4 J5,6980ae227761,5,2,0.4,flickering
natural_tight,J345,J3 J4 J5,6a1f6758e7d9,5,1,0.2,flickering
natural_tight,J345,J3 J4 J5,6df59e956a95,5,1,0.2,flickering
natural_tight,J345,J3 J4 J5,6ebaa814e4ad,5,1,0.2,flickering
natural_tight,J345,J3 J4 J5,7cebf4fe20ee,5,1,0.2,flickering
natural_tight,J345,J3 J4 J5,8078cef39704,5,1,0.2,flickering
natural_tight,J345,J3 J4 J5,80db6dd984d5,5,2,0.4,flickering
natural_tight,J345,J3 J4 J5,8132df5e7a12,5,2,0.4,flickering
natural_tight,J345,J3 J4 J5,942b571c83ec,5,2,0.4,flickering
natural_tight,J345,J3 J4 J5,a2ee1ad7e572,5,1,0.2,flickering
natural_tight,J345,J3 J4 J5,a41084c34754,5,2,0.4,flickering
natural_tight,J345,J3 J4 J5,a69a5c9bdd1d,5,1,0.2,flickering
natural_tight,J345,J3 J4 J5,ad4a3ebaa5bc,5,1,0.2,flickering
natural_tight,J345,J3 J4 J5,ae184ed23fd2,5,3,0.6,flickering
natural_tight,J345,J3 J4 J5,ba1df2e0ede2,5,1,0.2,flickering
natural_tight,J345,J3 J4 J5,baca3b71517c,5,1,0.2,flickering
natural_tight,J345,J3 J4 J5,bbea276f3086,5,2,0.4,flickering
natural_tight,J345,J3 J4 J5,bbf0a1f63b46,5,1,0.2,flickering
natural_tight,J345,J3 J4 J5,c080e2571f6a,5,1,0.2,flickering
natural_tight,J345,J3 J4 J5,c1ee1d19767b,5,1,0.2,flickering
natural_tight,J345,J3 J4 J5,c9d423f4830b,5,1,0.2,flickering
natural_tight,J345,J3 J4 J5,cd9b0d4387fc,5,1,0.2,flickering
natural_tight,J345,J3 J4 J5,ce0620750a2c,5,1,0.2,flickering
natural_tight,J345,J3 J4 J5,cfa9b6bdca54,5,3,0.6,flickering
natural_tight,J345,J3 J4 J5,d2148c314266,5,1,0.2,flickering
natural_tight,J345,J3 J4 J5,d4cdd75dc42a,5,1,0.2,flickering
natural_tight,J345,J3 J4 J5,d6ba0fff7766,5,1,0.2,flickering
natural_tight,J345,J3 J4 J5,db6b212b08de,5,1,0.2,flickering
natural_tight,J345,J3 J4 J5,e2827a5d260a,5,1,0.2,flickering
natural_tight,J345,J3 J4 J5,e4745f13bbb4,5,1,0.2,flickering
natural_tight,J345,J3 J4 J5,ed25d91cd910,5,1,0.2,flickering
natural_tight,J345,J3 J4 J5,f37e85a4c407,5,2,0.4,flickering
natural_tight,J345,J3 J4 J5,f59c1123c57c,5,1,0.2,flickering
natural_tight,J345,J3 J4 J5,fc51297a412d,5,1,0.2,flickering
natural_tight,J345,J3 J4 J5,fcee27de1d97,5,2,0.4,flickering
natural_tight,S1,S1,01d3ad510b42,5,5,1.0,unanimous
natural_tight,S1,S1,04278d8d1006,5,5,1.0,unanimous
natural_tight,S1,S1,046e6d52bc8e,5,5,1.0,unanimous
natural_tight,S1,S1,04827fb71269,5,5,1.0,unanimous
natural_tight,S1,S1,088747fa7d04,5,5,1.0,unanimous
natural_tight,S1,S1,08ad0e53abb1,5,5,1.0,unanimous
natural_tight,S1,S1,0b6eb6e593c5,5,5,1.0,unanimous
natural_tight,S1,S1,0bf1eff0c800,5,1,0.2,flickering
natural_tight,S1,S1,0d34d4795612,5,5,1.0,unanimous
natural_tight,S1,S1,0f5f4d284afb,5,1,0.2,flickering
natural_tight,S1,S1,112d585f8fdf,5,5,1.0,unanimous
natural_tight,S1,S1,134acf006762,5,5,1.0,unanimous
natural_tight,S1,S1,14d73efad7ab,5,5,1.0,unanimous
natural_tight,S1,S1,16ac7d4eada1,5,5,1.0,unanimous
natural_tight,S1,S1,1bce6dff94b8,5,5,1.0,unanimous
natural_tight,S1,S1,1dc1f1d9c3bd,5,5,1.0,unanimous
natural_tight,S1,S1,2065ada1a306,5,5,1.0,unanimous
natural_tight,S1,S1,21da45ff7758,5,5,1.0,unanimous
natural_tight,S1,S1,2802cf486896,5,5,1.0,unanimous
natural_tight,S1,S1,2c0cb0230b61,5,5,1.0,unanimous
natural_tight,S1,S1,2c7c7c5def5a,5,5,1.0,unanimous
natural_tight,S1,S1,2fb56e19e29d,5,5,1.0,unanimous
natural_tight,S1,S1,31b5e609ef46,5,5,1.0,unanimous
natural_tight,S1,S1,353095dd4786,5,5,1.0,unanimous
natural_tight,S1,S1,3680e8deae2f,5,5,1.0,unanimous
natural_tight,S1,S1,37c368833872,5,5,1.0,unanimous
natural_tight,S1,S1,37f61727e427,5,5,1.0,unanimous
natural_tight,S1,S1,39b63b84df43,5,5,1.0,unanimous
natural_tight,S1,S1,3c4f97f6fb20,5,5,1.0,unanimous
natural_tight,S1,S1,3ff2979ec750,5,5,1.0,unanimous
natural_tight,S1,S1,410ecd5b1e40,5,5,1.0,unanimous
natural_tight,S1,S1,43e4036c30f9,5,5,1.0,unanimous
natural_tight,S1,S1,49067b2ff40c,5,5,1.0,unanimous
natural_tight,S1,S1,4f06bfffb535,5,5,1.0,unanimous
natural_tight,S1,S1,512ffd6391ed,5,5,1.0,unanimous
natural_tight,S1,S1,5aefd3e8b445,5,5,1.0,unanimous
natural_tight,S1,S1,5ccdfc01ba3c,5,5,1.0,unanimous
natural_tight,S1,S1,5e3faa420f8a,5,5,1.0,unanimous
natural_tight,S1,S1,5eb14f8b3cdc,5,1,0.2,flickering
natural_tight,S1,S1,60160115004c,5,5,1.0,unanimous
natural_tight,S1,S1,6103d326f1f4,5,5,1.0,unanimous
natural_tight,S1,S1,615c9cf6b7e2,5,5,1.0,unanimous
natural_tight,S1,S1,628cb522c3cd,5,5,1.0,unanimous
natural_tight,S1,S1,64cf0bbee592,5,2,0.4,flickering
natural_tight,S1,S1,660cc534fc78,5,4,0.8,flickering
natural_tight,S1,S1,684536b07bc7,5,5,1.0,unanimous
natural_tight,S1,S1,69262ac8f823,5,5,1.0,unanimous
natural_tight,S1,S1,7415e35108cc,5,1,0.2,flickering
natural_tight,S1,S1,74fb44a7acc9,5,5,1.0,unanimous
natural_tight,S1,S1,774568d1460a,5,5,1.0,unanimous
natural_tight,S1,S1,77e8cca793fb,5,5,1.0,unanimous
natural_tight,S1,S1,7803d9a85054,5,5,1.0,unanimous
natural_tight,S1,S1,7a02d7111976,5,2,0.4,flickering
natural_tight,S1,S1,7b77237aee10,5,5,1.0,unanimous
natural_tight,S1,S1,7c3d9a994e6f,5,5,1.0,unanimous
natural_tight,S1,S1,7df672f007f4,5,5,1.0,unanimous
natural_tight,S1,S1,7e30c8259061,5,5,1.0,unanimous
natural_tight,S1,S1,7e6b0d276a55,5,5,1.0,unanimous
natural_tight,S1,S1,8078cef39704,5,1,0.2,flickering
natural_tight,S1,S1,83b57a05ab3c,5,1,0.2,flickering
natural_tight,S1,S1,849b8319a75f,5,5,1.0,unanimous
natural_tight,S1,S1,86090feb7a89,5,5,1.0,unanimous
natural_tight,S1,S1,8b87a89244e2,5,5,1.0,unanimous
natural_tight,S1,S1,8ba39229aeac,5,2,0.4,flickering
natural_tight,S1,S1,8cfe1edbd00f,5,5,1.0,unanimous
natural_tight,S1,S1,9002b1ff928f,5,5,1.0,unanimous
natural_tight,S1,S1,90b23b744311,5,5,1.0,unanimous
natural_tight,S1,S1,9167dfcb1faa,5,1,0.2,flickering
natural_tight,S1,S1,91987904b44b,5,5,1.0,unanimous
natural_tight,S1,S1,942b571c83ec,5,1,0.2,flickering
natural_tight,S1,S1,94bc5a480449,5,5,1.0,unanimous
natural_tight,S1,S1,953cf8b9cd02,5,5,1.0,unanimous
natural_tight,S1,S1,9906ba89a54d,5,5,1.0,unanimous
natural_tight,S1,S1,99d069fa1546,5,5,1.0,unanimous
natural_tight,S1,S1,9b00fd3c63f5,5,5,1.0,unanimous
natural_tight,S1,S1,9d41a00a9c93,5,5,1.0,unanimous
natural_tight,S1,S1,a0b20e4df225,5,5,1.0,unanimous
natural_tight,S1,S1,a0def0e8f780,5,5,1.0,unanimous
natural_tight,S1,S1,a4265bd21da8,5,5,1.0,unanimous
natural_tight,S1,S1,a44c5fe6a989,5,5,1.0,unanimous
natural_tight,S1,S1,a45c83f69ba7,5,5,1.0,unanimous
natural_tight,S1,S1,b0c69164f2c2,5,5,1.0,unanimous
natural_tight,S1,S1,b71b3713bf7e,5,5,1.0,unanimous
natural_tight,S1,S1,b747c4e5f4ac,5,2,0.4,flickering
natural_tight,S1,S1,b8c47f333bb5,5,5,1.0,unanimous
natural_tight,S1,S1,bbf0a1f63b46,5,1,0.2,flickering
natural_tight,S1,S1,c37b7a2d4ebd,5,5,1.0,unanimous
natural_tight,S1,S1,c3a619319924,5,5,1.0,unanimous
natural_tight,S1,S1,c6fa35b52649,5,5,1.0,unanimous
natural_tight,S1,S1,c8b99a321068,5,5,1.0,unanimous
natural_tight,S1,S1,c9b8620edc48,5,5,1.0,unanimous
natural_tight,S1,S1,c9f7d2e17c2a,5,5,1.0,unanimous
natural_tight,S1,S1,cb74cfb960dd,5,5,1.0,unanimous
natural_tight,S1,S1,cd554c210646,5,3,0.6,flickering
natural_tight,S1,S1,d4cdd75dc42a,5,1,0.2,flickering
natural_tight,S1,S1,d64e8b13bb9b,5,1,0.2,flickering
natural_tight,S1,S1,d75b4cbb6504,5,5,1.0,unanimous
natural_tight,S1,S1,d8dfa8ae12d2,5,5,1.0,unanimous
natural_tight,S1,S1,d912436f2119,5,5,1.0,unanimous
natural_tight,S1,S1,dbc0cd127ca0,5,5,1.0,unanimous
natural_tight,S1,S1,e0c26c29dd33,5,5,1.0,unanimous
natural_tight,S1,S1,e214388abd4f,5,5,1.0,unanimous
natural_tight,S1,S1,e2aa21641a6f,5,5,1.0,unanimous
natural_tight,S1,S1,e57564408718,5,5,1.0,unanimous
natural_tight,S1,S1,e5cd0826ccfa,5,4,0.8,flickering
natural_tight,S1,S1,e68e6ab7e5af,5,5,1.0,unanimous
natural_tight,S1,S1,ec36fab3fcd8,5,5,1.0,unanimous
natural_tight,S1,S1,ef9277c4054f,5,5,1.0,unanimous
natural_tight,S1,S1,f3cbf2089cd8,5,5,1.0,unanimous
natural_tight,S1,S1,f4f868eb242a,5,5,1.0,unanimous
natural_tight,S1,S1,f59b70069029,5,5,1.0,unanimous
natural_tight,S1,S1,fa936747b53e,5,5,1.0,unanimous
natural_tight,S1,S1,fb78cd234795,5,5,1.0,unanimous
natural_tight,S1,S1,fc1af8998b89,5,5,1.0,unanimous
natural_tight,S1,S1,ff5570d33911,5,4,0.8,flickering
natural_tight,U13,U1 U3,01d3ad510b42,5,5,1.0,unanimous
natural_tight,U13,U1 U3,02de4bafb196,5,5,1.0,unanimous
natural_tight,U13,U1 U3,039ed8d2c4fe,5,5,1.0,unanimous
natural_tight,U13,U1 U3,04278d8d1006,5,1,0.2,flickering
natural_tight,U13,U1 U3,043aa1b0134c,5,5,1.0,unanimous
natural_tight,U13,U1 U3,046e6d52bc8e,5,3,0.6,flickering
natural_tight,U13,U1 U3,04827fb71269,5,2,0.4,flickering
natural_tight,U13,U1 U3,04f6f12c9dd1,5,5,1.0,unanimous
natural_tight,U13,U1 U3,0686dccb5baa,5,5,1.0,unanimous
natural_tight,U13,U1 U3,0688cd1db5ca,5,5,1.0,unanimous
natural_tight,U13,U1 U3,06ed3c1819be,5,5,1.0,unanimous
natural_tight,U13,U1 U3,084b592e02b3,5,5,1.0,unanimous
natural_tight,U13,U1 U3,088747fa7d04,5,3,0.6,flickering
natural_tight,U13,U1 U3,08ad0e53abb1,5,5,1.0,unanimous
natural_tight,U13,U1 U3,0a81f336c8fb,5,5,1.0,unanimous
natural_tight,U13,U1 U3,0adf2d15eb47,5,5,1.0,unanimous
natural_tight,U13,U1 U3,0b6eb6e593c5,5,5,1.0,unanimous
natural_tight,U13,U1 U3,0bf1eff0c800,5,5,1.0,unanimous
natural_tight,U13,U1 U3,0d34d4795612,5,4,0.8,flickering
natural_tight,U13,U1 U3,0d63f36e3688,5,5,1.0,unanimous
natural_tight,U13,U1 U3,0d8f07836540,5,5,1.0,unanimous
natural_tight,U13,U1 U3,0f5f4d284afb,5,5,1.0,unanimous
natural_tight,U13,U1 U3,109ca777fa12,5,5,1.0,unanimous
natural_tight,U13,U1 U3,112d585f8fdf,5,4,0.8,flickering
natural_tight,U13,U1 U3,134acf006762,5,4,0.8,flickering
natural_tight,U13,U1 U3,14ab57dc9ec8,5,5,1.0,unanimous
natural_tight,U13,U1 U3,14d73efad7ab,5,4,0.8,flickering
natural_tight,U13,U1 U3,16ac7d4eada1,5,4,0.8,flickering
natural_tight,U13,U1 U3,1921370ef769,5,5,1.0,unanimous
natural_tight,U13,U1 U3,1b3433cd4628,5,5,1.0,unanimous
natural_tight,U13,U1 U3,1bce6dff94b8,5,4,0.8,flickering
natural_tight,U13,U1 U3,1c36cac6bccc,5,5,1.0,unanimous
natural_tight,U13,U1 U3,1c99d4b10868,5,5,1.0,unanimous
natural_tight,U13,U1 U3,1d3a4f93114f,5,5,1.0,unanimous
natural_tight,U13,U1 U3,1dc1f1d9c3bd,5,5,1.0,unanimous
natural_tight,U13,U1 U3,1e85a8697898,5,5,1.0,unanimous
natural_tight,U13,U1 U3,1fb5bb36812c,5,5,1.0,unanimous
natural_tight,U13,U1 U3,1fb64399ccd8,5,5,1.0,unanimous
natural_tight,U13,U1 U3,2065ada1a306,5,3,0.6,flickering
natural_tight,U13,U1 U3,209fa336c13a,5,5,1.0,unanimous
natural_tight,U13,U1 U3,21da45ff7758,5,4,0.8,flickering
natural_tight,U13,U1 U3,23161751e203,5,5,1.0,unanimous
natural_tight,U13,U1 U3,2440338f40ce,5,5,1.0,unanimous
natural_tight,U13,U1 U3,25b03ee6601d,5,5,1.0,unanimous
natural_tight,U13,U1 U3,2802cf486896,5,3,0.6,flickering
natural_tight,U13,U1 U3,2a0d8f20ab72,5,5,1.0,unanimous
natural_tight,U13,U1 U3,2a27a571e7fc,5,5,1.0,unanimous
natural_tight,U13,U1 U3,2aa0f685bafa,5,5,1.0,unanimous
natural_tight,U13,U1 U3,2c0cb0230b61,5,5,1.0,unanimous
natural_tight,U13,U1 U3,2c7c7c5def5a,5,5,1.0,unanimous
natural_tight,U13,U1 U3,2cabf84d8c88,5,5,1.0,unanimous
natural_tight,U13,U1 U3,2e9adc656f2b,5,5,1.0,unanimous
natural_tight,U13,U1 U3,2fb56e19e29d,5,3,0.6,flickering
natural_tight,U13,U1 U3,30b481a7c8e2,5,5,1.0,unanimous
natural_tight,U13,U1 U3,31a19e00325e,5,5,1.0,unanimous
natural_tight,U13,U1 U3,31a2fec2be77,5,5,1.0,unanimous
natural_tight,U13,U1 U3,31b5e609ef46,5,4,0.8,flickering
natural_tight,U13,U1 U3,3257ed9e00aa,5,5,1.0,unanimous
natural_tight,U13,U1 U3,362055c7a5a9,5,5,1.0,unanimous
natural_tight,U13,U1 U3,3680e8deae2f,5,3,0.6,flickering
natural_tight,U13,U1 U3,37c368833872,5,3,0.6,flickering
natural_tight,U13,U1 U3,37f61727e427,5,4,0.8,flickering
natural_tight,U13,U1 U3,3885f7d6d282,5,5,1.0,unanimous
natural_tight,U13,U1 U3,39b63b84df43,5,3,0.6,flickering
natural_tight,U13,U1 U3,3a2203603d61,5,4,0.8,flickering
natural_tight,U13,U1 U3,3c4f97f6fb20,5,3,0.6,flickering
natural_tight,U13,U1 U3,3cb443c08221,5,5,1.0,unanimous
natural_tight,U13,U1 U3,3ff2979ec750,5,3,0.6,flickering
natural_tight,U13,U1 U3,408fd2a91abd,5,5,1.0,unanimous
natural_tight,U13,U1 U3,410ecd5b1e40,5,3,0.6,flickering
natural_tight,U13,U1 U3,430464d25f28,5,5,1.0,unanimous
natural_tight,U13,U1 U3,43748fb30948,5,5,1.0,unanimous
natural_tight,U13,U1 U3,43e4036c30f9,5,1,0.2,flickering
natural_tight,U13,U1 U3,4463568f621e,5,5,1.0,unanimous
natural_tight,U13,U1 U3,447d40f8ace5,5,5,1.0,unanimous
natural_tight,U13,U1 U3,4707c2930bd5,5,5,1.0,unanimous
natural_tight,U13,U1 U3,472b9b93ad9f,5,5,1.0,unanimous
natural_tight,U13,U1 U3,49067b2ff40c,5,5,1.0,unanimous
natural_tight,U13,U1 U3,4bb8afe35408,5,5,1.0,unanimous
natural_tight,U13,U1 U3,4f06bfffb535,5,3,0.6,flickering
natural_tight,U13,U1 U3,4fdfdbf582cb,5,5,1.0,unanimous
natural_tight,U13,U1 U3,4ff4163fd5c7,5,5,1.0,unanimous
natural_tight,U13,U1 U3,512ffd6391ed,5,4,0.8,flickering
natural_tight,U13,U1 U3,5341a4972339,5,5,1.0,unanimous
natural_tight,U13,U1 U3,5478288b68f4,5,5,1.0,unanimous
natural_tight,U13,U1 U3,55157f0433cc,5,5,1.0,unanimous
natural_tight,U13,U1 U3,560a71c4eb88,5,5,1.0,unanimous
natural_tight,U13,U1 U3,57d543f72b94,5,5,1.0,unanimous
natural_tight,U13,U1 U3,5860caa8b811,5,5,1.0,unanimous
natural_tight,U13,U1 U3,5932b68b6a3b,5,5,1.0,unanimous
natural_tight,U13,U1 U3,5aefd3e8b445,5,2,0.4,flickering
natural_tight,U13,U1 U3,5ccdfc01ba3c,5,5,1.0,unanimous
natural_tight,U13,U1 U3,5cdb0ba3c556,5,5,1.0,unanimous
natural_tight,U13,U1 U3,5d40cd729024,5,5,1.0,unanimous
natural_tight,U13,U1 U3,5e17e32670ea,5,5,1.0,unanimous
natural_tight,U13,U1 U3,5e3faa420f8a,5,4,0.8,flickering
natural_tight,U13,U1 U3,5eb14f8b3cdc,5,5,1.0,unanimous
natural_tight,U13,U1 U3,5ebba28b6c1b,5,5,1.0,unanimous
natural_tight,U13,U1 U3,60160115004c,5,3,0.6,flickering
natural_tight,U13,U1 U3,6025e1fa5134,5,5,1.0,unanimous
natural_tight,U13,U1 U3,6103d326f1f4,5,2,0.4,flickering
natural_tight,U13,U1 U3,615c9cf6b7e2,5,3,0.6,flickering
natural_tight,U13,U1 U3,62126c371107,5,5,1.0,unanimous
natural_tight,U13,U1 U3,624266e9f779,5,5,1.0,unanimous
natural_tight,U13,U1 U3,628cb522c3cd,5,5,1.0,unanimous
natural_tight,U13,U1 U3,62e2c124f989,5,5,1.0,unanimous
natural_tight,U13,U1 U3,643832575481,5,5,1.0,unanimous
natural_tight,U13,U1 U3,64cf0bbee592,5,4,0.8,flickering
natural_tight,U13,U1 U3,65008302b1e5,5,5,1.0,unanimous
natural_tight,U13,U1 U3,660cc534fc78,5,4,0.8,flickering
natural_tight,U13,U1 U3,66604d92cdf6,5,5,1.0,unanimous
natural_tight,U13,U1 U3,684536b07bc7,5,5,1.0,unanimous
natural_tight,U13,U1 U3,688178e946ff,5,5,1.0,unanimous
natural_tight,U13,U1 U3,69262ac8f823,5,4,0.8,flickering
natural_tight,U13,U1 U3,6980ae227761,5,5,1.0,unanimous
natural_tight,U13,U1 U3,699afdbeba4d,5,5,1.0,unanimous
natural_tight,U13,U1 U3,6a1f6758e7d9,5,5,1.0,unanimous
natural_tight,U13,U1 U3,6bdd73210307,5,5,1.0,unanimous
natural_tight,U13,U1 U3,6d850c9bb9a8,5,5,1.0,unanimous
natural_tight,U13,U1 U3,6df425a01e7e,5,5,1.0,unanimous
natural_tight,U13,U1 U3,6df59e956a95,5,5,1.0,unanimous
natural_tight,U13,U1 U3,6e3fc24135dd,5,5,1.0,unanimous
natural_tight,U13,U1 U3,6e65a2b06b3e,5,5,1.0,unanimous
natural_tight,U13,U1 U3,6ebaa814e4ad,5,4,0.8,flickering
natural_tight,U13,U1 U3,70d66563e84a,5,5,1.0,unanimous
natural_tight,U13,U1 U3,72eed7e29e02,5,5,1.0,unanimous
natural_tight,U13,U1 U3,7415e35108cc,5,5,1.0,unanimous
natural_tight,U13,U1 U3,74fb44a7acc9,5,2,0.4,flickering
natural_tight,U13,U1 U3,754832888538,5,5,1.0,unanimous
natural_tight,U13,U1 U3,760bf1553c4d,5,5,1.0,unanimous
natural_tight,U13,U1 U3,774568d1460a,5,4,0.8,flickering
natural_tight,U13,U1 U3,77e8cca793fb,5,4,0.8,flickering
natural_tight,U13,U1 U3,7803d9a85054,5,5,1.0,unanimous
natural_tight,U13,U1 U3,78230d2a0091,5,5,1.0,unanimous
natural_tight,U13,U1 U3,7a02d7111976,5,5,1.0,unanimous
natural_tight,U13,U1 U3,7a7a77e77a46,5,5,1.0,unanimous
natural_tight,U13,U1 U3,7b77237aee10,5,5,1.0,unanimous
natural_tight,U13,U1 U3,7c3d9a994e6f,5,2,0.4,flickering
natural_tight,U13,U1 U3,7cebf4fe20ee,5,5,1.0,unanimous
natural_tight,U13,U1 U3,7df672f007f4,5,5,1.0,unanimous
natural_tight,U13,U1 U3,7e30c8259061,5,2,0.4,flickering
natural_tight,U13,U1 U3,7e49e32d201b,5,5,1.0,unanimous
natural_tight,U13,U1 U3,7e6b0d276a55,5,5,1.0,unanimous
natural_tight,U13,U1 U3,7f427673957c,5,5,1.0,unanimous
natural_tight,U13,U1 U3,7f45c1d942fc,5,5,1.0,unanimous
natural_tight,U13,U1 U3,805f4872bae8,5,5,1.0,unanimous
natural_tight,U13,U1 U3,8078cef39704,5,5,1.0,unanimous
natural_tight,U13,U1 U3,80db6dd984d5,5,5,1.0,unanimous
natural_tight,U13,U1 U3,8132df5e7a12,5,5,1.0,unanimous
natural_tight,U13,U1 U3,81607c6d9629,5,5,1.0,unanimous
natural_tight,U13,U1 U3,81a87f78403c,5,5,1.0,unanimous
natural_tight,U13,U1 U3,83b57a05ab3c,5,4,0.8,flickering
natural_tight,U13,U1 U3,849b8319a75f,5,2,0.4,flickering
natural_tight,U13,U1 U3,86090feb7a89,5,5,1.0,unanimous
natural_tight,U13,U1 U3,87ecf58e6b0c,5,5,1.0,unanimous
natural_tight,U13,U1 U3,8a4969fb9f3f,5,5,1.0,unanimous
natural_tight,U13,U1 U3,8b87a89244e2,5,3,0.6,flickering
natural_tight,U13,U1 U3,8ba39229aeac,5,5,1.0,unanimous
natural_tight,U13,U1 U3,8ca47f754a8b,5,5,1.0,unanimous
natural_tight,U13,U1 U3,8cfe1edbd00f,5,5,1.0,unanimous
natural_tight,U13,U1 U3,8e335947c0e1,5,5,1.0,unanimous
natural_tight,U13,U1 U3,8e3c2e92cbc0,5,5,1.0,unanimous
natural_tight,U13,U1 U3,8e440b80a157,5,5,1.0,unanimous
natural_tight,U13,U1 U3,90b23b744311,5,5,1.0,unanimous
natural_tight,U13,U1 U3,9167dfcb1faa,5,5,1.0,unanimous
natural_tight,U13,U1 U3,91987904b44b,5,2,0.4,flickering
natural_tight,U13,U1 U3,93630e0a3d67,5,5,1.0,unanimous
natural_tight,U13,U1 U3,942b571c83ec,5,5,1.0,unanimous
natural_tight,U13,U1 U3,94bc5a480449,5,2,0.4,flickering
natural_tight,U13,U1 U3,94bf93368c00,5,5,1.0,unanimous
natural_tight,U13,U1 U3,953cf8b9cd02,5,2,0.4,flickering
natural_tight,U13,U1 U3,9623f8400850,5,5,1.0,unanimous
natural_tight,U13,U1 U3,96e911c67649,5,5,1.0,unanimous
natural_tight,U13,U1 U3,97abaa333a90,5,5,1.0,unanimous
natural_tight,U13,U1 U3,9906ba89a54d,5,5,1.0,unanimous
natural_tight,U13,U1 U3,99d069fa1546,5,4,0.8,flickering
natural_tight,U13,U1 U3,9a9eff6df503,5,5,1.0,unanimous
natural_tight,U13,U1 U3,9b00fd3c63f5,5,3,0.6,flickering
natural_tight,U13,U1 U3,9b8faec4d9b1,5,5,1.0,unanimous
natural_tight,U13,U1 U3,9bbcadeaa0fa,5,5,1.0,unanimous
natural_tight,U13,U1 U3,9bef5c2501ee,5,5,1.0,unanimous
natural_tight,U13,U1 U3,9d41a00a9c93,5,5,1.0,unanimous
natural_tight,U13,U1 U3,9dfe141cf391,5,5,1.0,unanimous
natural_tight,U13,U1 U3,9fd1f741bc64,5,5,1.0,unanimous
natural_tight,U13,U1 U3,a03d48541430,5,5,1.0,unanimous
natural_tight,U13,U1 U3,a0b20e4df225,5,2,0.4,flickering
natural_tight,U13,U1 U3,a0def0e8f780,5,3,0.6,flickering
natural_tight,U13,U1 U3,a21113615ced,5,5,1.0,unanimous
natural_tight,U13,U1 U3,a2ee1ad7e572,5,5,1.0,unanimous
natural_tight,U13,U1 U3,a32fbd13c2e3,5,5,1.0,unanimous
natural_tight,U13,U1 U3,a41084c34754,5,5,1.0,unanimous
natural_tight,U13,U1 U3,a4265bd21da8,5,2,0.4,flickering
natural_tight,U13,U1 U3,a44c5fe6a989,5,3,0.6,flickering
natural_tight,U13,U1 U3,a45c83f69ba7,5,3,0.6,flickering
natural_tight,U13,U1 U3,a5e0df042d50,5,5,1.0,unanimous
natural_tight,U13,U1 U3,a69a5c9bdd1d,5,5,1.0,unanimous
natural_tight,U13,U1 U3,a82568887b73,5,5,1.0,unanimous
natural_tight,U13,U1 U3,ad4a3ebaa5bc,5,5,1.0,unanimous
natural_tight,U13,U1 U3,ae184ed23fd2,5,5,1.0,unanimous
natural_tight,U13,U1 U3,aebd35259e42,5,5,1.0,unanimous
natural_tight,U13,U1 U3,afe283c2f92e,5,5,1.0,unanimous
natural_tight,U13,U1 U3,b0c69164f2c2,5,2,0.4,flickering
natural_tight,U13,U1 U3,b2790c4ddf09,5,5,1.0,unanimous
natural_tight,U13,U1 U3,b38b2a0c0e03,5,5,1.0,unanimous
natural_tight,U13,U1 U3,b498f4cd8561,5,5,1.0,unanimous
natural_tight,U13,U1 U3,b4b46e41a207,5,5,1.0,unanimous
natural_tight,U13,U1 U3,b71b3713bf7e,5,3,0.6,flickering
natural_tight,U13,U1 U3,b73f5ed4014d,5,5,1.0,unanimous
natural_tight,U13,U1 U3,b747c4e5f4ac,5,5,1.0,unanimous
natural_tight,U13,U1 U3,b7ab98dbfd54,5,5,1.0,unanimous
natural_tight,U13,U1 U3,b8c47f333bb5,5,4,0.8,flickering
natural_tight,U13,U1 U3,ba1df2e0ede2,5,5,1.0,unanimous
natural_tight,U13,U1 U3,ba73af4e78a2,5,5,1.0,unanimous
natural_tight,U13,U1 U3,baca3b71517c,5,5,1.0,unanimous
natural_tight,U13,U1 U3,bb4148602b38,5,5,1.0,unanimous
natural_tight,U13,U1 U3,bbea276f3086,5,5,1.0,unanimous
natural_tight,U13,U1 U3,bbf0a1f63b46,5,5,1.0,unanimous
natural_tight,U13,U1 U3,be79c347aa60,5,5,1.0,unanimous
natural_tight,U13,U1 U3,bee5861ae116,5,5,1.0,unanimous
natural_tight,U13,U1 U3,bf53db1c5f96,5,5,1.0,unanimous
natural_tight,U13,U1 U3,bfc9fd64bb7b,5,5,1.0,unanimous
natural_tight,U13,U1 U3,c080e2571f6a,5,5,1.0,unanimous
natural_tight,U13,U1 U3,c1ee1d19767b,5,5,1.0,unanimous
natural_tight,U13,U1 U3,c37b7a2d4ebd,5,5,1.0,unanimous
natural_tight,U13,U1 U3,c3a619319924,5,5,1.0,unanimous
natural_tight,U13,U1 U3,c6fa35b52649,5,3,0.6,flickering
natural_tight,U13,U1 U3,c7436f1e497c,5,5,1.0,unanimous
natural_tight,U13,U1 U3,c7550543387f,5,5,1.0,unanimous
natural_tight,U13,U1 U3,c8b99a321068,5,1,0.2,flickering
natural_tight,U13,U1 U3,c95cf215efb4,5,5,1.0,unanimous
natural_tight,U13,U1 U3,c9b8620edc48,5,2,0.4,flickering
natural_tight,U13,U1 U3,c9d423f4830b,5,5,1.0,unanimous
natural_tight,U13,U1 U3,c9f7d2e17c2a,5,3,0.6,flickering
natural_tight,U13,U1 U3,cb577e429912,5,5,1.0,unanimous
natural_tight,U13,U1 U3,cb74cfb960dd,5,3,0.6,flickering
natural_tight,U13,U1 U3,cb8d47011c7b,5,5,1.0,unanimous
natural_tight,U13,U1 U3,cd161c6d2917,5,5,1.0,unanimous
natural_tight,U13,U1 U3,cd554c210646,5,5,1.0,unanimous
natural_tight,U13,U1 U3,cd9b0d4387fc,5,5,1.0,unanimous
natural_tight,U13,U1 U3,ce0620750a2c,5,5,1.0,unanimous
natural_tight,U13,U1 U3,cf3cfeed36df,5,5,1.0,unanimous
natural_tight,U13,U1 U3,cfa9b6bdca54,5,5,1.0,unanimous
natural_tight,U13,U1 U3,cfec2db4e8d7,5,5,1.0,unanimous
natural_tight,U13,U1 U3,d2148c314266,5,5,1.0,unanimous
natural_tight,U13,U1 U3,d4cdd75dc42a,5,5,1.0,unanimous
natural_tight,U13,U1 U3,d6342c6ebaac,5,5,1.0,unanimous
natural_tight,U13,U1 U3,d64e8b13bb9b,5,4,0.8,flickering
natural_tight,U13,U1 U3,d6ba0fff7766,5,5,1.0,unanimous
natural_tight,U13,U1 U3,d75b4cbb6504,5,5,1.0,unanimous
natural_tight,U13,U1 U3,d7edd402f862,5,5,1.0,unanimous
natural_tight,U13,U1 U3,d8dfa8ae12d2,5,4,0.8,flickering
natural_tight,U13,U1 U3,d912436f2119,5,3,0.6,flickering
natural_tight,U13,U1 U3,dab8bf6d9681,5,5,1.0,unanimous
natural_tight,U13,U1 U3,db6b212b08de,5,5,1.0,unanimous
natural_tight,U13,U1 U3,dbc0cd127ca0,5,2,0.4,flickering
natural_tight,U13,U1 U3,dceec3c64e83,5,5,1.0,unanimous
natural_tight,U13,U1 U3,dd9481d7200f,5,5,1.0,unanimous
natural_tight,U13,U1 U3,e09ebc09591c,5,5,1.0,unanimous
natural_tight,U13,U1 U3,e0c26c29dd33,5,3,0.6,flickering
natural_tight,U13,U1 U3,e214388abd4f,5,4,0.8,flickering
natural_tight,U13,U1 U3,e2827a5d260a,5,5,1.0,unanimous
natural_tight,U13,U1 U3,e2aa21641a6f,5,3,0.6,flickering
natural_tight,U13,U1 U3,e4745f13bbb4,5,5,1.0,unanimous
natural_tight,U13,U1 U3,e57564408718,5,5,1.0,unanimous
natural_tight,U13,U1 U3,e588129c3f2f,5,5,1.0,unanimous
natural_tight,U13,U1 U3,e5cd0826ccfa,5,4,0.8,flickering
natural_tight,U13,U1 U3,e68e6ab7e5af,5,4,0.8,flickering
natural_tight,U13,U1 U3,ea1f6637fdad,5,5,1.0,unanimous
natural_tight,U13,U1 U3,eb081c1ea631,5,5,1.0,unanimous
natural_tight,U13,U1 U3,ec36fab3fcd8,5,4,0.8,flickering
natural_tight,U13,U1 U3,ed25d91cd910,5,5,1.0,unanimous
natural_tight,U13,U1 U3,ee5e2d9e72a7,5,5,1.0,unanimous
natural_tight,U13,U1 U3,ef9277c4054f,5,3,0.6,flickering
natural_tight,U13,U1 U3,f19c50362dd0,5,5,1.0,unanimous
natural_tight,U13,U1 U3,f301c4c40fe7,5,5,1.0,unanimous
natural_tight,U13,U1 U3,f37e85a4c407,5,5,1.0,unanimous
natural_tight,U13,U1 U3,f3cbf2089cd8,5,4,0.8,flickering
natural_tight,U13,U1 U3,f47252c3b412,5,5,1.0,unanimous
natural_tight,U13,U1 U3,f4f868eb242a,5,1,0.2,flickering
natural_tight,U13,U1 U3,f57b85b8c16e,5,5,1.0,unanimous
natural_tight,U13,U1 U3,f59b70069029,5,2,0.4,flickering
natural_tight,U13,U1 U3,f59c1123c57c,5,5,1.0,unanimous
natural_tight,U13,U1 U3,fa936747b53e,5,5,1.0,unanimous
natural_tight,U13,U1 U3,fad7d84a6b2b,5,5,1.0,unanimous
natural_tight,U13,U1 U3,fb0061bbb89c,5,5,1.0,unanimous
natural_tight,U13,U1 U3,fb5a123a805f,5,5,1.0,unanimous
natural_tight,U13,U1 U3,fb78cd234795,5,4,0.8,flickering
natural_tight,U13,U1 U3,fc1af8998b89,5,3,0.6,flickering
natural_tight,U13,U1 U3,fc51297a412d,5,5,1.0,unanimous
natural_tight,U13,U1 U3,fcd053a713e3,5,5,1.0,unanimous
natural_tight,U13,U1 U3,fcee27de1d97,5,5,1.0,unanimous
natural_tight,U13,U1 U3,fd5adc3e3a3a,5,5,1.0,unanimous
natural_tight,U13,U1 U3,fe727d4718be,5,5,1.0,unanimous
natural_tight,U13,U1 U3,ff5570d33911,5,5,1.0,unanimous
natural_tight,U2,U2,a0def0e8f780,5,1,0.2,flickering
natural_tight,U2,U2,c6fa35b52649,5,1,0.2,flickering
natural_tight,U4,U4,01d3ad510b42,5,4,0.8,flickering
natural_tight,U4,U4,02de4bafb196,5,3,0.6,flickering
natural_tight,U4,U4,039ed8d2c4fe,5,3,0.6,flickering
natural_tight,U4,U4,04278d8d1006,5,1,0.2,flickering
natural_tight,U4,U4,043aa1b0134c,5,4,0.8,flickering
natural_tight,U4,U4,046e6d52bc8e,5,2,0.4,flickering
natural_tight,U4,U4,04827fb71269,5,1,0.2,flickering
natural_tight,U4,U4,04f6f12c9dd1,5,3,0.6,flickering
natural_tight,U4,U4,0686dccb5baa,5,5,1.0,unanimous
natural_tight,U4,U4,0688cd1db5ca,5,5,1.0,unanimous
natural_tight,U4,U4,06ed3c1819be,5,1,0.2,flickering
natural_tight,U4,U4,084b592e02b3,5,2,0.4,flickering
natural_tight,U4,U4,088747fa7d04,5,1,0.2,flickering
natural_tight,U4,U4,0a81f336c8fb,5,2,0.4,flickering
natural_tight,U4,U4,0adf2d15eb47,5,3,0.6,flickering
natural_tight,U4,U4,0b6eb6e593c5,5,3,0.6,flickering
natural_tight,U4,U4,0bf1eff0c800,5,3,0.6,flickering
natural_tight,U4,U4,0d34d4795612,5,4,0.8,flickering
natural_tight,U4,U4,0d63f36e3688,5,3,0.6,flickering
natural_tight,U4,U4,0d8f07836540,5,3,0.6,flickering
natural_tight,U4,U4,0f5f4d284afb,5,2,0.4,flickering
natural_tight,U4,U4,109ca777fa12,5,4,0.8,flickering
natural_tight,U4,U4,112d585f8fdf,5,2,0.4,flickering
natural_tight,U4,U4,134acf006762,5,2,0.4,flickering
natural_tight,U4,U4,14ab57dc9ec8,5,4,0.8,flickering
natural_tight,U4,U4,14d73efad7ab,5,2,0.4,flickering
natural_tight,U4,U4,16ac7d4eada1,5,2,0.4,flickering
natural_tight,U4,U4,1921370ef769,5,2,0.4,flickering
natural_tight,U4,U4,1b3433cd4628,5,3,0.6,flickering
natural_tight,U4,U4,1bce6dff94b8,5,2,0.4,flickering
natural_tight,U4,U4,1c36cac6bccc,5,1,0.2,flickering
natural_tight,U4,U4,1c99d4b10868,5,1,0.2,flickering
natural_tight,U4,U4,1e85a8697898,5,2,0.4,flickering
natural_tight,U4,U4,1fb5bb36812c,5,2,0.4,flickering
natural_tight,U4,U4,1fb64399ccd8,5,2,0.4,flickering
natural_tight,U4,U4,2065ada1a306,5,1,0.2,flickering
natural_tight,U4,U4,209fa336c13a,5,4,0.8,flickering
natural_tight,U4,U4,21da45ff7758,5,1,0.2,flickering
natural_tight,U4,U4,23161751e203,5,3,0.6,flickering
natural_tight,U4,U4,2440338f40ce,5,4,0.8,flickering
natural_tight,U4,U4,25b03ee6601d,5,3,0.6,flickering
natural_tight,U4,U4,2a0d8f20ab72,5,4,0.8,flickering
natural_tight,U4,U4,2a27a571e7fc,5,3,0.6,flickering
natural_tight,U4,U4,2aa0f685bafa,5,3,0.6,flickering
natural_tight,U4,U4,2c0cb0230b61,5,2,0.4,flickering
natural_tight,U4,U4,2c7c7c5def5a,5,2,0.4,flickering
natural_tight,U4,U4,2cabf84d8c88,5,3,0.6,flickering
natural_tight,U4,U4,2e9adc656f2b,5,4,0.8,flickering
natural_tight,U4,U4,2fb56e19e29d,5,2,0.4,flickering
natural_tight,U4,U4,30b481a7c8e2,5,5,1.0,unanimous
natural_tight,U4,U4,31a19e00325e,5,2,0.4,flickering
natural_tight,U4,U4,31a2fec2be77,5,2,0.4,flickering
natural_tight,U4,U4,31b5e609ef46,5,1,0.2,flickering
natural_tight,U4,U4,3257ed9e00aa,5,5,1.0,unanimous
natural_tight,U4,U4,362055c7a5a9,5,4,0.8,flickering
natural_tight,U4,U4,3680e8deae2f,5,1,0.2,flickering
natural_tight,U4,U4,37c368833872,5,1,0.2,flickering
natural_tight,U4,U4,37f61727e427,5,3,0.6,flickering
natural_tight,U4,U4,3885f7d6d282,5,3,0.6,flickering
natural_tight,U4,U4,39b63b84df43,5,3,0.6,flickering
natural_tight,U4,U4,3a2203603d61,5,3,0.6,flickering
natural_tight,U4,U4,3c4f97f6fb20,5,2,0.4,flickering
natural_tight,U4,U4,3cb443c08221,5,3,0.6,flickering
natural_tight,U4,U4,3ff2979ec750,5,3,0.6,flickering
natural_tight,U4,U4,408fd2a91abd,5,2,0.4,flickering
natural_tight,U4,U4,410ecd5b1e40,5,1,0.2,flickering
natural_tight,U4,U4,430464d25f28,5,1,0.2,flickering
natural_tight,U4,U4,43748fb30948,5,1,0.2,flickering
natural_tight,U4,U4,43e4036c30f9,5,1,0.2,flickering
natural_tight,U4,U4,4463568f621e,5,5,1.0,unanimous
natural_tight,U4,U4,447d40f8ace5,5,4,0.8,flickering
natural_tight,U4,U4,4707c2930bd5,5,4,0.8,flickering
natural_tight,U4,U4,472b9b93ad9f,5,3,0.6,flickering
natural_tight,U4,U4,49067b2ff40c,5,3,0.6,flickering
natural_tight,U4,U4,4bb8afe35408,5,5,1.0,unanimous
natural_tight,U4,U4,4f06bfffb535,5,1,0.2,flickering
natural_tight,U4,U4,4fdfdbf582cb,5,4,0.8,flickering
natural_tight,U4,U4,4ff4163fd5c7,5,4,0.8,flickering
natural_tight,U4,U4,512ffd6391ed,5,3,0.6,flickering
natural_tight,U4,U4,5341a4972339,5,1,0.2,flickering
natural_tight,U4,U4,5478288b68f4,5,4,0.8,flickering
natural_tight,U4,U4,55157f0433cc,5,1,0.2,flickering
natural_tight,U4,U4,560a71c4eb88,5,2,0.4,flickering
natural_tight,U4,U4,57d543f72b94,5,5,1.0,unanimous
natural_tight,U4,U4,5860caa8b811,5,2,0.4,flickering
natural_tight,U4,U4,5932b68b6a3b,5,5,1.0,unanimous
natural_tight,U4,U4,5aefd3e8b445,5,2,0.4,flickering
natural_tight,U4,U4,5ccdfc01ba3c,5,3,0.6,flickering
natural_tight,U4,U4,5cdb0ba3c556,5,2,0.4,flickering
natural_tight,U4,U4,5d40cd729024,5,4,0.8,flickering
natural_tight,U4,U4,5e17e32670ea,5,4,0.8,flickering
natural_tight,U4,U4,5e3faa420f8a,5,2,0.4,flickering
natural_tight,U4,U4,5eb14f8b3cdc,5,4,0.8,flickering
natural_tight,U4,U4,5ebba28b6c1b,5,2,0.4,flickering
natural_tight,U4,U4,60160115004c,5,2,0.4,flickering
natural_tight,U4,U4,6025e1fa5134,5,2,0.4,flickering
natural_tight,U4,U4,6103d326f1f4,5,1,0.2,flickering
natural_tight,U4,U4,62126c371107,5,3,0.6,flickering
natural_tight,U4,U4,624266e9f779,5,3,0.6,flickering
natural_tight,U4,U4,628cb522c3cd,5,2,0.4,flickering
natural_tight,U4,U4,643832575481,5,1,0.2,flickering
natural_tight,U4,U4,64cf0bbee592,5,3,0.6,flickering
natural_tight,U4,U4,65008302b1e5,5,3,0.6,flickering
natural_tight,U4,U4,660cc534fc78,5,1,0.2,flickering
natural_tight,U4,U4,66604d92cdf6,5,3,0.6,flickering
natural_tight,U4,U4,684536b07bc7,5,2,0.4,flickering
natural_tight,U4,U4,688178e946ff,5,3,0.6,flickering
natural_tight,U4,U4,69262ac8f823,5,1,0.2,flickering
natural_tight,U4,U4,6980ae227761,5,4,0.8,flickering
natural_tight,U4,U4,699afdbeba4d,5,3,0.6,flickering
natural_tight,U4,U4,6a1f6758e7d9,5,4,0.8,flickering
natural_tight,U4,U4,6bdd73210307,5,1,0.2,flickering
natural_tight,U4,U4,6d850c9bb9a8,5,3,0.6,flickering
natural_tight,U4,U4,6df425a01e7e,5,1,0.2,flickering
natural_tight,U4,U4,6df59e956a95,5,3,0.6,flickering
natural_tight,U4,U4,6e3fc24135dd,5,5,1.0,unanimous
natural_tight,U4,U4,6e65a2b06b3e,5,4,0.8,flickering
natural_tight,U4,U4,6ebaa814e4ad,5,1,0.2,flickering
natural_tight,U4,U4,70d66563e84a,5,4,0.8,flickering
natural_tight,U4,U4,72eed7e29e02,5,4,0.8,flickering
natural_tight,U4,U4,7415e35108cc,5,4,0.8,flickering
natural_tight,U4,U4,74fb44a7acc9,5,1,0.2,flickering
natural_tight,U4,U4,754832888538,5,3,0.6,flickering
natural_tight,U4,U4,760bf1553c4d,5,1,0.2,flickering
natural_tight,U4,U4,774568d1460a,5,4,0.8,flickering
natural_tight,U4,U4,77e8cca793fb,5,3,0.6,flickering
natural_tight,U4,U4,7803d9a85054,5,3,0.6,flickering
natural_tight,U4,U4,78230d2a0091,5,2,0.4,flickering
natural_tight,U4,U4,7a02d7111976,5,4,0.8,flickering
natural_tight,U4,U4,7a7a77e77a46,5,3,0.6,flickering
natural_tight,U4,U4,7b77237aee10,5,2,0.4,flickering
natural_tight,U4,U4,7c3d9a994e6f,5,1,0.2,flickering
natural_tight,U4,U4,7cebf4fe20ee,5,4,0.8,flickering
natural_tight,U4,U4,7df672f007f4,5,4,0.8,flickering
natural_tight,U4,U4,7e30c8259061,5,1,0.2,flickering
natural_tight,U4,U4,7e49e32d201b,5,2,0.4,flickering
natural_tight,U4,U4,7e6b0d276a55,5,3,0.6,flickering
natural_tight,U4,U4,7f427673957c,5,3,0.6,flickering
natural_tight,U4,U4,7f45c1d942fc,5,2,0.4,flickering
natural_tight,U4,U4,805f4872bae8,5,4,0.8,flickering
natural_tight,U4,U4,8078cef39704,5,1,0.2,flickering
natural_tight,U4,U4,80db6dd984d5,5,3,0.6,flickering
natural_tight,U4,U4,8132df5e7a12,5,4,0.8,flickering
natural_tight,U4,U4,81607c6d9629,5,2,0.4,flickering
natural_tight,U4,U4,81a87f78403c,5,4,0.8,flickering
natural_tight,U4,U4,83b57a05ab3c,5,4,0.8,flickering
natural_tight,U4,U4,849b8319a75f,5,2,0.4,flickering
natural_tight,U4,U4,86090feb7a89,5,2,0.4,flickering
natural_tight,U4,U4,87ecf58e6b0c,5,1,0.2,flickering
natural_tight,U4,U4,8a4969fb9f3f,5,1,0.2,flickering
natural_tight,U4,U4,8b87a89244e2,5,1,0.2,flickering
natural_tight,U4,U4,8ba39229aeac,5,3,0.6,flickering
natural_tight,U4,U4,8ca47f754a8b,5,4,0.8,flickering
natural_tight,U4,U4,8cfe1edbd00f,5,1,0.2,flickering
natural_tight,U4,U4,8e335947c0e1,5,5,1.0,unanimous
natural_tight,U4,U4,8e3c2e92cbc0,5,5,1.0,unanimous
natural_tight,U4,U4,8e440b80a157,5,4,0.8,flickering
natural_tight,U4,U4,90b23b744311,5,3,0.6,flickering
natural_tight,U4,U4,9167dfcb1faa,5,1,0.2,flickering
natural_tight,U4,U4,93630e0a3d67,5,4,0.8,flickering
natural_tight,U4,U4,942b571c83ec,5,2,0.4,flickering
natural_tight,U4,U4,94bf93368c00,5,3,0.6,flickering
natural_tight,U4,U4,953cf8b9cd02,5,2,0.4,flickering
natural_tight,U4,U4,9623f8400850,5,2,0.4,flickering
natural_tight,U4,U4,96e911c67649,5,3,0.6,flickering
natural_tight,U4,U4,97abaa333a90,5,4,0.8,flickering
natural_tight,U4,U4,9906ba89a54d,5,5,1.0,unanimous
natural_tight,U4,U4,99d069fa1546,5,3,0.6,flickering
natural_tight,U4,U4,9a9eff6df503,5,4,0.8,flickering
natural_tight,U4,U4,9b00fd3c63f5,5,3,0.6,flickering
natural_tight,U4,U4,9b8faec4d9b1,5,3,0.6,flickering
natural_tight,U4,U4,9bbcadeaa0fa,5,4,0.8,flickering
natural_tight,U4,U4,9bef5c2501ee,5,3,0.6,flickering
natural_tight,U4,U4,9d41a00a9c93,5,3,0.6,flickering
natural_tight,U4,U4,9dfe141cf391,5,4,0.8,flickering
natural_tight,U4,U4,9fd1f741bc64,5,3,0.6,flickering
natural_tight,U4,U4,a03d48541430,5,4,0.8,flickering
natural_tight,U4,U4,a0b20e4df225,5,1,0.2,flickering
natural_tight,U4,U4,a0def0e8f780,5,2,0.4,flickering
natural_tight,U4,U4,a21113615ced,5,2,0.4,flickering
natural_tight,U4,U4,a2ee1ad7e572,5,2,0.4,flickering
natural_tight,U4,U4,a32fbd13c2e3,5,3,0.6,flickering
natural_tight,U4,U4,a41084c34754,5,1,0.2,flickering
natural_tight,U4,U4,a4265bd21da8,5,2,0.4,flickering
natural_tight,U4,U4,a44c5fe6a989,5,2,0.4,flickering
natural_tight,U4,U4,a45c83f69ba7,5,2,0.4,flickering
natural_tight,U4,U4,a5e0df042d50,5,4,0.8,flickering
natural_tight,U4,U4,a69a5c9bdd1d,5,4,0.8,flickering
natural_tight,U4,U4,a82568887b73,5,2,0.4,flickering
natural_tight,U4,U4,ad4a3ebaa5bc,5,1,0.2,flickering
natural_tight,U4,U4,ae184ed23fd2,5,4,0.8,flickering
natural_tight,U4,U4,aebd35259e42,5,2,0.4,flickering
natural_tight,U4,U4,afe283c2f92e,5,3,0.6,flickering
natural_tight,U4,U4,b0c69164f2c2,5,1,0.2,flickering
natural_tight,U4,U4,b2790c4ddf09,5,4,0.8,flickering
natural_tight,U4,U4,b38b2a0c0e03,5,4,0.8,flickering
natural_tight,U4,U4,b498f4cd8561,5,3,0.6,flickering
natural_tight,U4,U4,b4b46e41a207,5,1,0.2,flickering
natural_tight,U4,U4,b73f5ed4014d,5,2,0.4,flickering
natural_tight,U4,U4,b747c4e5f4ac,5,5,1.0,unanimous
natural_tight,U4,U4,b7ab98dbfd54,5,3,0.6,flickering
natural_tight,U4,U4,b8c47f333bb5,5,2,0.4,flickering
natural_tight,U4,U4,ba1df2e0ede2,5,3,0.6,flickering
natural_tight,U4,U4,ba73af4e78a2,5,5,1.0,unanimous
natural_tight,U4,U4,baca3b71517c,5,2,0.4,flickering
natural_tight,U4,U4,bb4148602b38,5,3,0.6,flickering
natural_tight,U4,U4,bbea276f3086,5,3,0.6,flickering
natural_tight,U4,U4,bbf0a1f63b46,5,4,0.8,flickering
natural_tight,U4,U4,be79c347aa60,5,2,0.4,flickering
natural_tight,U4,U4,bee5861ae116,5,2,0.4,flickering
natural_tight,U4,U4,bf53db1c5f96,5,3,0.6,flickering
natural_tight,U4,U4,bfc9fd64bb7b,5,3,0.6,flickering
natural_tight,U4,U4,c080e2571f6a,5,1,0.2,flickering
natural_tight,U4,U4,c1ee1d19767b,5,1,0.2,flickering
natural_tight,U4,U4,c37b7a2d4ebd,5,3,0.6,flickering
natural_tight,U4,U4,c3a619319924,5,3,0.6,flickering
natural_tight,U4,U4,c6fa35b52649,5,1,0.2,flickering
natural_tight,U4,U4,c7436f1e497c,5,3,0.6,flickering
natural_tight,U4,U4,c7550543387f,5,3,0.6,flickering
natural_tight,U4,U4,c8b99a321068,5,1,0.2,flickering
natural_tight,U4,U4,c95cf215efb4,5,4,0.8,flickering
natural_tight,U4,U4,c9b8620edc48,5,2,0.4,flickering
natural_tight,U4,U4,c9d423f4830b,5,3,0.6,flickering
natural_tight,U4,U4,c9f7d2e17c2a,5,3,0.6,flickering
natural_tight,U4,U4,cb577e429912,5,5,1.0,unanimous
natural_tight,U4,U4,cb74cfb960dd,5,1,0.2,flickering
natural_tight,U4,U4,cb8d47011c7b,5,2,0.4,flickering
natural_tight,U4,U4,cd161c6d2917,5,5,1.0,unanimous
natural_tight,U4,U4,cd554c210646,5,3,0.6,flickering
natural_tight,U4,U4,cd9b0d4387fc,5,1,0.2,flickering
natural_tight,U4,U4,ce0620750a2c,5,2,0.4,flickering
natural_tight,U4,U4,cf3cfeed36df,5,2,0.4,flickering
natural_tight,U4,U4,cfa9b6bdca54,5,2,0.4,flickering
natural_tight,U4,U4,cfec2db4e8d7,5,5,1.0,unanimous
natural_tight,U4,U4,d4cdd75dc42a,5,4,0.8,flickering
natural_tight,U4,U4,d6342c6ebaac,5,5,1.0,unanimous
natural_tight,U4,U4,d64e8b13bb9b,5,2,0.4,flickering
natural_tight,U4,U4,d6ba0fff7766,5,1,0.2,flickering
natural_tight,U4,U4,d75b4cbb6504,5,2,0.4,flickering
natural_tight,U4,U4,d7edd402f862,5,5,1.0,unanimous
natural_tight,U4,U4,d8dfa8ae12d2,5,3,0.6,flickering
natural_tight,U4,U4,d912436f2119,5,3,0.6,flickering
natural_tight,U4,U4,dab8bf6d9681,5,4,0.8,flickering
natural_tight,U4,U4,db6b212b08de,5,2,0.4,flickering
natural_tight,U4,U4,dbc0cd127ca0,5,1,0.2,flickering
natural_tight,U4,U4,dceec3c64e83,5,4,0.8,flickering
natural_tight,U4,U4,dd9481d7200f,5,4,0.8,flickering
natural_tight,U4,U4,e09ebc09591c,5,3,0.6,flickering
natural_tight,U4,U4,e0c26c29dd33,5,3,0.6,flickering
natural_tight,U4,U4,e2827a5d260a,5,1,0.2,flickering
natural_tight,U4,U4,e4745f13bbb4,5,3,0.6,flickering
natural_tight,U4,U4,e57564408718,5,2,0.4,flickering
natural_tight,U4,U4,e588129c3f2f,5,4,0.8,flickering
natural_tight,U4,U4,e5cd0826ccfa,5,2,0.4,flickering
natural_tight,U4,U4,e68e6ab7e5af,5,2,0.4,flickering
natural_tight,U4,U4,ea1f6637fdad,5,3,0.6,flickering
natural_tight,U4,U4,eb081c1ea631,5,5,1.0,unanimous
natural_tight,U4,U4,ec36fab3fcd8,5,1,0.2,flickering
natural_tight,U4,U4,ed25d91cd910,5,4,0.8,flickering
natural_tight,U4,U4,ee5e2d9e72a7,5,2,0.4,flickering
natural_tight,U4,U4,ef9277c4054f,5,2,0.4,flickering
natural_tight,U4,U4,f19c50362dd0,5,2,0.4,flickering
natural_tight,U4,U4,f301c4c40fe7,5,4,0.8,flickering
natural_tight,U4,U4,f37e85a4c407,5,1,0.2,flickering
natural_tight,U4,U4,f3cbf2089cd8,5,1,0.2,flickering
natural_tight,U4,U4,f47252c3b412,5,4,0.8,flickering
natural_tight,U4,U4,f4f868eb242a,5,1,0.2,flickering
natural_tight,U4,U4,f57b85b8c16e,5,2,0.4,flickering
natural_tight,U4,U4,f59b70069029,5,1,0.2,flickering
natural_tight,U4,U4,f59c1123c57c,5,3,0.6,flickering
natural_tight,U4,U4,fa936747b53e,5,4,0.8,flickering
natural_tight,U4,U4,fad7d84a6b2b,5,3,0.6,flickering
natural_tight,U4,U4,fb0061bbb89c,5,2,0.4,flickering
natural_tight,U4,U4,fb5a123a805f,5,4,0.8,flickering
natural_tight,U4,U4,fb78cd234795,5,3,0.6,flickering
natural_tight,U4,U4,fc1af8998b89,5,1,0.2,flickering
natural_tight,U4,U4,fc51297a412d,5,2,0.4,flickering
natural_tight,U4,U4,fcd053a713e3,5,3,0.6,flickering
natural_tight,U4,U4,fcee27de1d97,5,3,0.6,flickering
natural_tight,U4,U4,fd5adc3e3a3a,5,2,0.4,flickering
natural_tight,U4,U4,fe727d4718be,5,3,0.6,flickering
natural_tight,U4,U4,ff5570d33911,5,3,0.6,flickering
j_only,F1,F1,02de4bafb196,5,5,1.0,unanimous
j_only,F1,F1,039ed8d2c4fe,5,5,1.0,unanimous
j_only,F1,F1,043aa1b0134c,5,4,0.8,flickering
j_only,F1,F1,04f6f12c9dd1,5,5,1.0,unanimous
j_only,F1,F1,0686dccb5baa,5,3,0.6,flickering
j_only,F1,F1,0688cd1db5ca,5,4,0.8,flickering
j_only,F1,F1,06ed3c1819be,5,3,0.6,flickering
j_only,F1,F1,0a81f336c8fb,5,4,0.8,flickering
j_only,F1,F1,0adf2d15eb47,5,4,0.8,flickering
j_only,F1,F1,0bf1eff0c800,5,3,0.6,flickering
j_only,F1,F1,0d63f36e3688,5,5,1.0,unanimous
j_only,F1,F1,0d8f07836540,5,1,0.2,flickering
j_only,F1,F1,0f5f4d284afb,5,5,1.0,unanimous
j_only,F1,F1,109ca777fa12,5,5,1.0,unanimous
j_only,F1,F1,14ab57dc9ec8,5,1,0.2,flickering
j_only,F1,F1,1921370ef769,5,5,1.0,unanimous
j_only,F1,F1,1b3433cd4628,5,4,0.8,flickering
j_only,F1,F1,1c36cac6bccc,5,2,0.4,flickering
j_only,F1,F1,1c99d4b10868,5,5,1.0,unanimous
j_only,F1,F1,1d3a4f93114f,5,3,0.6,flickering
j_only,F1,F1,1e85a8697898,5,2,0.4,flickering
j_only,F1,F1,1fb5bb36812c,5,5,1.0,unanimous
j_only,F1,F1,1fb64399ccd8,5,5,1.0,unanimous
j_only,F1,F1,209fa336c13a,5,5,1.0,unanimous
j_only,F1,F1,23161751e203,5,5,1.0,unanimous
j_only,F1,F1,2440338f40ce,5,5,1.0,unanimous
j_only,F1,F1,25b03ee6601d,5,4,0.8,flickering
j_only,F1,F1,2a0d8f20ab72,5,4,0.8,flickering
j_only,F1,F1,2a27a571e7fc,5,5,1.0,unanimous
j_only,F1,F1,2aa0f685bafa,5,5,1.0,unanimous
j_only,F1,F1,2cabf84d8c88,5,5,1.0,unanimous
j_only,F1,F1,2e9adc656f2b,5,4,0.8,flickering
j_only,F1,F1,30b481a7c8e2,5,5,1.0,unanimous
j_only,F1,F1,31a19e00325e,5,3,0.6,flickering
j_only,F1,F1,31a2fec2be77,5,5,1.0,unanimous
j_only,F1,F1,3257ed9e00aa,5,5,1.0,unanimous
j_only,F1,F1,362055c7a5a9,5,3,0.6,flickering
j_only,F1,F1,3885f7d6d282,5,5,1.0,unanimous
j_only,F1,F1,3a2203603d61,5,2,0.4,flickering
j_only,F1,F1,3cb443c08221,5,5,1.0,unanimous
j_only,F1,F1,408fd2a91abd,5,3,0.6,flickering
j_only,F1,F1,430464d25f28,5,5,1.0,unanimous
j_only,F1,F1,43748fb30948,5,4,0.8,flickering
j_only,F1,F1,4463568f621e,5,4,0.8,flickering
j_only,F1,F1,447d40f8ace5,5,5,1.0,unanimous
j_only,F1,F1,4707c2930bd5,5,1,0.2,flickering
j_only,F1,F1,472b9b93ad9f,5,5,1.0,unanimous
j_only,F1,F1,4bb8afe35408,5,5,1.0,unanimous
j_only,F1,F1,4fdfdbf582cb,5,5,1.0,unanimous
j_only,F1,F1,4ff4163fd5c7,5,4,0.8,flickering
j_only,F1,F1,5341a4972339,5,1,0.2,flickering
j_only,F1,F1,5478288b68f4,5,5,1.0,unanimous
j_only,F1,F1,55157f0433cc,5,5,1.0,unanimous
j_only,F1,F1,560a71c4eb88,5,5,1.0,unanimous
j_only,F1,F1,57d543f72b94,5,3,0.6,flickering
j_only,F1,F1,5860caa8b811,5,5,1.0,unanimous
j_only,F1,F1,5932b68b6a3b,5,5,1.0,unanimous
j_only,F1,F1,5cdb0ba3c556,5,5,1.0,unanimous
j_only,F1,F1,5d40cd729024,5,5,1.0,unanimous
j_only,F1,F1,5e17e32670ea,5,4,0.8,flickering
j_only,F1,F1,5eb14f8b3cdc,5,5,1.0,unanimous
j_only,F1,F1,5ebba28b6c1b,5,4,0.8,flickering
j_only,F1,F1,6025e1fa5134,5,5,1.0,unanimous
j_only,F1,F1,62126c371107,5,5,1.0,unanimous
j_only,F1,F1,624266e9f779,5,5,1.0,unanimous
j_only,F1,F1,62e2c124f989,5,2,0.4,flickering
j_only,F1,F1,643832575481,5,5,1.0,unanimous
j_only,F1,F1,64cf0bbee592,5,2,0.4,flickering
j_only,F1,F1,65008302b1e5,5,3,0.6,flickering
j_only,F1,F1,66604d92cdf6,5,5,1.0,unanimous
j_only,F1,F1,688178e946ff,5,4,0.8,flickering
j_only,F1,F1,6980ae227761,5,5,1.0,unanimous
j_only,F1,F1,699afdbeba4d,5,3,0.6,flickering
j_only,F1,F1,6a1f6758e7d9,5,4,0.8,flickering
j_only,F1,F1,6bdd73210307,5,5,1.0,unanimous
j_only,F1,F1,6d850c9bb9a8,5,5,1.0,unanimous
j_only,F1,F1,6df425a01e7e,5,4,0.8,flickering
j_only,F1,F1,6df59e956a95,5,4,0.8,flickering
j_only,F1,F1,6e3fc24135dd,5,5,1.0,unanimous
j_only,F1,F1,6e65a2b06b3e,5,5,1.0,unanimous
j_only,F1,F1,6ebaa814e4ad,5,2,0.4,flickering
j_only,F1,F1,70d66563e84a,5,4,0.8,flickering
j_only,F1,F1,72eed7e29e02,5,5,1.0,unanimous
j_only,F1,F1,7415e35108cc,5,5,1.0,unanimous
j_only,F1,F1,754832888538,5,4,0.8,flickering
j_only,F1,F1,760bf1553c4d,5,4,0.8,flickering
j_only,F1,F1,78230d2a0091,5,4,0.8,flickering
j_only,F1,F1,7a02d7111976,5,5,1.0,unanimous
j_only,F1,F1,7a7a77e77a46,5,5,1.0,unanimous
j_only,F1,F1,7cebf4fe20ee,5,5,1.0,unanimous
j_only,F1,F1,7e49e32d201b,5,5,1.0,unanimous
j_only,F1,F1,7f427673957c,5,4,0.8,flickering
j_only,F1,F1,7f45c1d942fc,5,4,0.8,flickering
j_only,F1,F1,805f4872bae8,5,4,0.8,flickering
j_only,F1,F1,8078cef39704,5,5,1.0,unanimous
j_only,F1,F1,80db6dd984d5,5,5,1.0,unanimous
j_only,F1,F1,8132df5e7a12,5,5,1.0,unanimous
j_only,F1,F1,81607c6d9629,5,4,0.8,flickering
j_only,F1,F1,81a87f78403c,5,3,0.6,flickering
j_only,F1,F1,83b57a05ab3c,5,5,1.0,unanimous
j_only,F1,F1,87ecf58e6b0c,5,5,1.0,unanimous
j_only,F1,F1,8a4969fb9f3f,5,5,1.0,unanimous
j_only,F1,F1,8ba39229aeac,5,4,0.8,flickering
j_only,F1,F1,8ca47f754a8b,5,5,1.0,unanimous
j_only,F1,F1,8e335947c0e1,5,4,0.8,flickering
j_only,F1,F1,8e3c2e92cbc0,5,5,1.0,unanimous
j_only,F1,F1,8e440b80a157,5,2,0.4,flickering
j_only,F1,F1,9167dfcb1faa,5,5,1.0,unanimous
j_only,F1,F1,93630e0a3d67,5,1,0.2,flickering
j_only,F1,F1,942b571c83ec,5,5,1.0,unanimous
j_only,F1,F1,94bf93368c00,5,5,1.0,unanimous
j_only,F1,F1,9623f8400850,5,5,1.0,unanimous
j_only,F1,F1,96e911c67649,5,5,1.0,unanimous
j_only,F1,F1,97abaa333a90,5,5,1.0,unanimous
j_only,F1,F1,9a9eff6df503,5,5,1.0,unanimous
j_only,F1,F1,9b8faec4d9b1,5,3,0.6,flickering
j_only,F1,F1,9bbcadeaa0fa,5,5,1.0,unanimous
j_only,F1,F1,9bef5c2501ee,5,5,1.0,unanimous
j_only,F1,F1,9dfe141cf391,5,5,1.0,unanimous
j_only,F1,F1,9fd1f741bc64,5,3,0.6,flickering
j_only,F1,F1,a03d48541430,5,5,1.0,unanimous
j_only,F1,F1,a21113615ced,5,5,1.0,unanimous
j_only,F1,F1,a2ee1ad7e572,5,4,0.8,flickering
j_only,F1,F1,a32fbd13c2e3,5,1,0.2,flickering
j_only,F1,F1,a41084c34754,5,4,0.8,flickering
j_only,F1,F1,a5e0df042d50,5,4,0.8,flickering
j_only,F1,F1,a69a5c9bdd1d,5,5,1.0,unanimous
j_only,F1,F1,a82568887b73,5,5,1.0,unanimous
j_only,F1,F1,ae184ed23fd2,5,4,0.8,flickering
j_only,F1,F1,aebd35259e42,5,3,0.6,flickering
j_only,F1,F1,afe283c2f92e,5,5,1.0,unanimous
j_only,F1,F1,b2790c4ddf09,5,4,0.8,flickering
j_only,F1,F1,b38b2a0c0e03,5,5,1.0,unanimous
j_only,F1,F1,b498f4cd8561,5,5,1.0,unanimous
j_only,F1,F1,b4b46e41a207,5,5,1.0,unanimous
j_only,F1,F1,b73f5ed4014d,5,5,1.0,unanimous
j_only,F1,F1,b747c4e5f4ac,5,1,0.2,flickering
j_only,F1,F1,b7ab98dbfd54,5,4,0.8,flickering
j_only,F1,F1,ba1df2e0ede2,5,3,0.6,flickering
j_only,F1,F1,ba73af4e78a2,5,3,0.6,flickering
j_only,F1,F1,baca3b71517c,5,5,1.0,unanimous
j_only,F1,F1,bb4148602b38,5,4,0.8,flickering
j_only,F1,F1,bbea276f3086,5,2,0.4,flickering
j_only,F1,F1,bbf0a1f63b46,5,3,0.6,flickering
j_only,F1,F1,be79c347aa60,5,3,0.6,flickering
j_only,F1,F1,bf53db1c5f96,5,4,0.8,flickering
j_only,F1,F1,bfc9fd64bb7b,5,5,1.0,unanimous
j_only,F1,F1,c080e2571f6a,5,5,1.0,unanimous
j_only,F1,F1,c1ee1d19767b,5,3,0.6,flickering
j_only,F1,F1,c7436f1e497c,5,5,1.0,unanimous
j_only,F1,F1,c7550543387f,5,2,0.4,flickering
j_only,F1,F1,c95cf215efb4,5,4,0.8,flickering
j_only,F1,F1,c9d423f4830b,5,3,0.6,flickering
j_only,F1,F1,cb577e429912,5,5,1.0,unanimous
j_only,F1,F1,cb8d47011c7b,5,4,0.8,flickering
j_only,F1,F1,cd161c6d2917,5,5,1.0,unanimous
j_only,F1,F1,cd554c210646,5,1,0.2,flickering
j_only,F1,F1,cd9b0d4387fc,5,5,1.0,unanimous
j_only,F1,F1,ce0620750a2c,5,1,0.2,flickering
j_only,F1,F1,cf3cfeed36df,5,5,1.0,unanimous
j_only,F1,F1,cfec2db4e8d7,5,5,1.0,unanimous
j_only,F1,F1,d2148c314266,5,5,1.0,unanimous
j_only,F1,F1,d4cdd75dc42a,5,5,1.0,unanimous
j_only,F1,F1,d6342c6ebaac,5,4,0.8,flickering
j_only,F1,F1,d64e8b13bb9b,5,3,0.6,flickering
j_only,F1,F1,d6ba0fff7766,5,5,1.0,unanimous
j_only,F1,F1,d7edd402f862,5,4,0.8,flickering
j_only,F1,F1,dab8bf6d9681,5,3,0.6,flickering
j_only,F1,F1,db6b212b08de,5,3,0.6,flickering
j_only,F1,F1,dceec3c64e83,5,5,1.0,unanimous
j_only,F1,F1,dd9481d7200f,5,5,1.0,unanimous
j_only,F1,F1,e09ebc09591c,5,5,1.0,unanimous
j_only,F1,F1,e2827a5d260a,5,3,0.6,flickering
j_only,F1,F1,e4745f13bbb4,5,4,0.8,flickering
j_only,F1,F1,e588129c3f2f,5,4,0.8,flickering
j_only,F1,F1,ea1f6637fdad,5,5,1.0,unanimous
j_only,F1,F1,eb081c1ea631,5,5,1.0,unanimous
j_only,F1,F1,ed25d91cd910,5,4,0.8,flickering
j_only,F1,F1,ee5e2d9e72a7,5,5,1.0,unanimous
j_only,F1,F1,f19c50362dd0,5,5,1.0,unanimous
j_only,F1,F1,f301c4c40fe7,5,5,1.0,unanimous
j_only,F1,F1,f37e85a4c407,5,4,0.8,flickering
j_only,F1,F1,f47252c3b412,5,5,1.0,unanimous
j_only,F1,F1,f57b85b8c16e,5,3,0.6,flickering
j_only,F1,F1,f59c1123c57c,5,4,0.8,flickering
j_only,F1,F1,fad7d84a6b2b,5,5,1.0,unanimous
j_only,F1,F1,fb0061bbb89c,5,5,1.0,unanimous
j_only,F1,F1,fb5a123a805f,5,2,0.4,flickering
j_only,F1,F1,fc51297a412d,5,3,0.6,flickering
j_only,F1,F1,fcd053a713e3,5,4,0.8,flickering
j_only,F1,F1,fcee27de1d97,5,4,0.8,flickering
j_only,F1,F1,fd5adc3e3a3a,5,5,1.0,unanimous
j_only,F1,F1,fe727d4718be,5,3,0.6,flickering
j_only,F1,F1,ff5570d33911,5,1,0.2,flickering
j_only,F2,F2,02de4bafb196,5,5,1.0,unanimous
j_only,F2,F2,039ed8d2c4fe,5,5,1.0,unanimous
j_only,F2,F2,043aa1b0134c,5,5,1.0,unanimous
j_only,F2,F2,04f6f12c9dd1,5,5,1.0,unanimous
j_only,F2,F2,0686dccb5baa,5,5,1.0,unanimous
j_only,F2,F2,0688cd1db5ca,5,5,1.0,unanimous
j_only,F2,F2,06ed3c1819be,5,5,1.0,unanimous
j_only,F2,F2,084b592e02b3,5,5,1.0,unanimous
j_only,F2,F2,0a81f336c8fb,5,5,1.0,unanimous
j_only,F2,F2,0adf2d15eb47,5,5,1.0,unanimous
j_only,F2,F2,0bf1eff0c800,5,5,1.0,unanimous
j_only,F2,F2,0d63f36e3688,5,5,1.0,unanimous
j_only,F2,F2,0d8f07836540,5,5,1.0,unanimous
j_only,F2,F2,0f5f4d284afb,5,5,1.0,unanimous
j_only,F2,F2,109ca777fa12,5,5,1.0,unanimous
j_only,F2,F2,14ab57dc9ec8,5,5,1.0,unanimous
j_only,F2,F2,1921370ef769,5,4,0.8,flickering
j_only,F2,F2,1b3433cd4628,5,5,1.0,unanimous
j_only,F2,F2,1c36cac6bccc,5,5,1.0,unanimous
j_only,F2,F2,1c99d4b10868,5,5,1.0,unanimous
j_only,F2,F2,1d3a4f93114f,5,5,1.0,unanimous
j_only,F2,F2,1e85a8697898,5,5,1.0,unanimous
j_only,F2,F2,1fb5bb36812c,5,4,0.8,flickering
j_only,F2,F2,1fb64399ccd8,5,5,1.0,unanimous
j_only,F2,F2,209fa336c13a,5,5,1.0,unanimous
j_only,F2,F2,23161751e203,5,5,1.0,unanimous
j_only,F2,F2,2440338f40ce,5,5,1.0,unanimous
j_only,F2,F2,25b03ee6601d,5,5,1.0,unanimous
j_only,F2,F2,2a0d8f20ab72,5,5,1.0,unanimous
j_only,F2,F2,2a27a571e7fc,5,5,1.0,unanimous
j_only,F2,F2,2aa0f685bafa,5,5,1.0,unanimous
j_only,F2,F2,2cabf84d8c88,5,5,1.0,unanimous
j_only,F2,F2,2e9adc656f2b,5,5,1.0,unanimous
j_only,F2,F2,30b481a7c8e2,5,5,1.0,unanimous
j_only,F2,F2,31a19e00325e,5,5,1.0,unanimous
j_only,F2,F2,31a2fec2be77,5,5,1.0,unanimous
j_only,F2,F2,3257ed9e00aa,5,5,1.0,unanimous
j_only,F2,F2,362055c7a5a9,5,5,1.0,unanimous
j_only,F2,F2,3885f7d6d282,5,5,1.0,unanimous
j_only,F2,F2,3a2203603d61,5,5,1.0,unanimous
j_only,F2,F2,3cb443c08221,5,4,0.8,flickering
j_only,F2,F2,408fd2a91abd,5,5,1.0,unanimous
j_only,F2,F2,430464d25f28,5,5,1.0,unanimous
j_only,F2,F2,43748fb30948,5,5,1.0,unanimous
j_only,F2,F2,4463568f621e,5,5,1.0,unanimous
j_only,F2,F2,447d40f8ace5,5,5,1.0,unanimous
j_only,F2,F2,4707c2930bd5,5,5,1.0,unanimous
j_only,F2,F2,472b9b93ad9f,5,5,1.0,unanimous
j_only,F2,F2,4bb8afe35408,5,5,1.0,unanimous
j_only,F2,F2,4fdfdbf582cb,5,5,1.0,unanimous
j_only,F2,F2,4ff4163fd5c7,5,5,1.0,unanimous
j_only,F2,F2,5341a4972339,5,5,1.0,unanimous
j_only,F2,F2,5478288b68f4,5,5,1.0,unanimous
j_only,F2,F2,55157f0433cc,5,4,0.8,flickering
j_only,F2,F2,560a71c4eb88,5,5,1.0,unanimous
j_only,F2,F2,57d543f72b94,5,5,1.0,unanimous
j_only,F2,F2,5860caa8b811,5,5,1.0,unanimous
j_only,F2,F2,5932b68b6a3b,5,5,1.0,unanimous
j_only,F2,F2,5cdb0ba3c556,5,5,1.0,unanimous
j_only,F2,F2,5d40cd729024,5,5,1.0,unanimous
j_only,F2,F2,5e17e32670ea,5,5,1.0,unanimous
j_only,F2,F2,5eb14f8b3cdc,5,5,1.0,unanimous
j_only,F2,F2,5ebba28b6c1b,5,5,1.0,unanimous
j_only,F2,F2,6025e1fa5134,5,5,1.0,unanimous
j_only,F2,F2,62126c371107,5,5,1.0,unanimous
j_only,F2,F2,624266e9f779,5,5,1.0,unanimous
j_only,F2,F2,62e2c124f989,5,4,0.8,flickering
j_only,F2,F2,643832575481,5,5,1.0,unanimous
j_only,F2,F2,64cf0bbee592,5,2,0.4,flickering
j_only,F2,F2,65008302b1e5,5,5,1.0,unanimous
j_only,F2,F2,66604d92cdf6,5,5,1.0,unanimous
j_only,F2,F2,688178e946ff,5,5,1.0,unanimous
j_only,F2,F2,6980ae227761,5,5,1.0,unanimous
j_only,F2,F2,699afdbeba4d,5,5,1.0,unanimous
j_only,F2,F2,6a1f6758e7d9,5,5,1.0,unanimous
j_only,F2,F2,6bdd73210307,5,5,1.0,unanimous
j_only,F2,F2,6d850c9bb9a8,5,5,1.0,unanimous
j_only,F2,F2,6df425a01e7e,5,5,1.0,unanimous
j_only,F2,F2,6df59e956a95,5,5,1.0,unanimous
j_only,F2,F2,6e3fc24135dd,5,5,1.0,unanimous
j_only,F2,F2,6e65a2b06b3e,5,5,1.0,unanimous
j_only,F2,F2,6ebaa814e4ad,5,5,1.0,unanimous
j_only,F2,F2,70d66563e84a,5,5,1.0,unanimous
j_only,F2,F2,72eed7e29e02,5,4,0.8,flickering
j_only,F2,F2,7415e35108cc,5,5,1.0,unanimous
j_only,F2,F2,754832888538,5,5,1.0,unanimous
j_only,F2,F2,760bf1553c4d,5,5,1.0,unanimous
j_only,F2,F2,78230d2a0091,5,5,1.0,unanimous
j_only,F2,F2,7a02d7111976,5,5,1.0,unanimous
j_only,F2,F2,7a7a77e77a46,5,5,1.0,unanimous
j_only,F2,F2,7cebf4fe20ee,5,5,1.0,unanimous
j_only,F2,F2,7e49e32d201b,5,5,1.0,unanimous
j_only,F2,F2,7f427673957c,5,5,1.0,unanimous
j_only,F2,F2,7f45c1d942fc,5,5,1.0,unanimous
j_only,F2,F2,805f4872bae8,5,5,1.0,unanimous
j_only,F2,F2,8078cef39704,5,4,0.8,flickering
j_only,F2,F2,80db6dd984d5,5,5,1.0,unanimous
j_only,F2,F2,8132df5e7a12,5,5,1.0,unanimous
j_only,F2,F2,81607c6d9629,5,5,1.0,unanimous
j_only,F2,F2,81a87f78403c,5,3,0.6,flickering
j_only,F2,F2,83b57a05ab3c,5,5,1.0,unanimous
j_only,F2,F2,87ecf58e6b0c,5,5,1.0,unanimous
j_only,F2,F2,8a4969fb9f3f,5,5,1.0,unanimous
j_only,F2,F2,8ba39229aeac,5,4,0.8,flickering
j_only,F2,F2,8ca47f754a8b,5,5,1.0,unanimous
j_only,F2,F2,8e335947c0e1,5,5,1.0,unanimous
j_only,F2,F2,8e3c2e92cbc0,5,5,1.0,unanimous
j_only,F2,F2,8e440b80a157,5,5,1.0,unanimous
j_only,F2,F2,9167dfcb1faa,5,5,1.0,unanimous
j_only,F2,F2,93630e0a3d67,5,5,1.0,unanimous
j_only,F2,F2,942b571c83ec,5,5,1.0,unanimous
j_only,F2,F2,94bf93368c00,5,5,1.0,unanimous
j_only,F2,F2,9623f8400850,5,5,1.0,unanimous
j_only,F2,F2,96e911c67649,5,5,1.0,unanimous
j_only,F2,F2,97abaa333a90,5,5,1.0,unanimous
j_only,F2,F2,9a9eff6df503,5,5,1.0,unanimous
j_only,F2,F2,9b8faec4d9b1,5,5,1.0,unanimous
j_only,F2,F2,9bbcadeaa0fa,5,5,1.0,unanimous
j_only,F2,F2,9bef5c2501ee,5,5,1.0,unanimous
j_only,F2,F2,9dfe141cf391,5,5,1.0,unanimous
j_only,F2,F2,9fd1f741bc64,5,5,1.0,unanimous
j_only,F2,F2,a03d48541430,5,5,1.0,unanimous
j_only,F2,F2,a21113615ced,5,5,1.0,unanimous
j_only,F2,F2,a2ee1ad7e572,5,4,0.8,flickering
j_only,F2,F2,a32fbd13c2e3,5,5,1.0,unanimous
j_only,F2,F2,a41084c34754,5,5,1.0,unanimous
j_only,F2,F2,a5e0df042d50,5,5,1.0,unanimous
j_only,F2,F2,a69a5c9bdd1d,5,5,1.0,unanimous
j_only,F2,F2,a82568887b73,5,5,1.0,unanimous
j_only,F2,F2,ad4a3ebaa5bc,5,5,1.0,unanimous
j_only,F2,F2,ae184ed23fd2,5,5,1.0,unanimous
j_only,F2,F2,aebd35259e42,5,4,0.8,flickering
j_only,F2,F2,afe283c2f92e,5,5,1.0,unanimous
j_only,F2,F2,b2790c4ddf09,5,5,1.0,unanimous
j_only,F2,F2,b38b2a0c0e03,5,5,1.0,unanimous
j_only,F2,F2,b498f4cd8561,5,5,1.0,unanimous
j_only,F2,F2,b4b46e41a207,5,5,1.0,unanimous
j_only,F2,F2,b73f5ed4014d,5,5,1.0,unanimous
j_only,F2,F2,b747c4e5f4ac,5,4,0.8,flickering
j_only,F2,F2,b7ab98dbfd54,5,5,1.0,unanimous
j_only,F2,F2,ba1df2e0ede2,5,5,1.0,unanimous
j_only,F2,F2,ba73af4e78a2,5,5,1.0,unanimous
j_only,F2,F2,baca3b71517c,5,5,1.0,unanimous
j_only,F2,F2,bb4148602b38,5,5,1.0,unanimous
j_only,F2,F2,bbea276f3086,5,5,1.0,unanimous
j_only,F2,F2,bbf0a1f63b46,5,5,1.0,unanimous
j_only,F2,F2,be79c347aa60,5,5,1.0,unanimous
j_only,F2,F2,bee5861ae116,5,5,1.0,unanimous
j_only,F2,F2,bf53db1c5f96,5,5,1.0,unanimous
j_only,F2,F2,bfc9fd64bb7b,5,5,1.0,unanimous
j_only,F2,F2,c080e2571f6a,5,5,1.0,unanimous
j_only,F2,F2,c1ee1d19767b,5,5,1.0,unanimous
j_only,F2,F2,c7436f1e497c,5,5,1.0,unanimous
j_only,F2,F2,c7550543387f,5,5,1.0,unanimous
j_only,F2,F2,c95cf215efb4,5,5,1.0,unanimous
j_only,F2,F2,c9d423f4830b,5,5,1.0,unanimous
j_only,F2,F2,cb577e429912,5,5,1.0,unanimous
j_only,F2,F2,cb8d47011c7b,5,5,1.0,unanimous
j_only,F2,F2,cd161c6d2917,5,5,1.0,unanimous
j_only,F2,F2,cd554c210646,5,2,0.4,flickering
j_only,F2,F2,cd9b0d4387fc,5,5,1.0,unanimous
j_only,F2,F2,ce0620750a2c,5,5,1.0,unanimous
j_only,F2,F2,cf3cfeed36df,5,5,1.0,unanimous
j_only,F2,F2,cfa9b6bdca54,5,5,1.0,unanimous
j_only,F2,F2,cfec2db4e8d7,5,5,1.0,unanimous
j_only,F2,F2,d2148c314266,5,5,1.0,unanimous
j_only,F2,F2,d4cdd75dc42a,5,5,1.0,unanimous
j_only,F2,F2,d6342c6ebaac,5,5,1.0,unanimous
j_only,F2,F2,d64e8b13bb9b,5,4,0.8,flickering
j_only,F2,F2,d6ba0fff7766,5,5,1.0,unanimous
j_only,F2,F2,d7edd402f862,5,5,1.0,unanimous
j_only,F2,F2,dab8bf6d9681,5,5,1.0,unanimous
j_only,F2,F2,db6b212b08de,5,5,1.0,unanimous
j_only,F2,F2,dceec3c64e83,5,5,1.0,unanimous
j_only,F2,F2,dd9481d7200f,5,5,1.0,unanimous
j_only,F2,F2,e09ebc09591c,5,5,1.0,unanimous
j_only,F2,F2,e2827a5d260a,5,5,1.0,unanimous
j_only,F2,F2,e4745f13bbb4,5,5,1.0,unanimous
j_only,F2,F2,e588129c3f2f,5,5,1.0,unanimous
j_only,F2,F2,ea1f6637fdad,5,5,1.0,unanimous
j_only,F2,F2,eb081c1ea631,5,5,1.0,unanimous
j_only,F2,F2,ed25d91cd910,5,4,0.8,flickering
j_only,F2,F2,ee5e2d9e72a7,5,5,1.0,unanimous
j_only,F2,F2,f19c50362dd0,5,5,1.0,unanimous
j_only,F2,F2,f301c4c40fe7,5,5,1.0,unanimous
j_only,F2,F2,f37e85a4c407,5,5,1.0,unanimous
j_only,F2,F2,f47252c3b412,5,5,1.0,unanimous
j_only,F2,F2,f57b85b8c16e,5,5,1.0,unanimous
j_only,F2,F2,f59c1123c57c,5,5,1.0,unanimous
j_only,F2,F2,fad7d84a6b2b,5,5,1.0,unanimous
j_only,F2,F2,fb0061bbb89c,5,5,1.0,unanimous
j_only,F2,F2,fb5a123a805f,5,5,1.0,unanimous
j_only,F2,F2,fc51297a412d,5,5,1.0,unanimous
j_only,F2,F2,fcd053a713e3,5,5,1.0,unanimous
j_only,F2,F2,fcee27de1d97,5,5,1.0,unanimous
j_only,F2,F2,fd5adc3e3a3a,5,5,1.0,unanimous
j_only,F2,F2,fe727d4718be,5,5,1.0,unanimous
j_only,F3,F3,02de4bafb196,5,4,0.8,flickering
j_only,F3,F3,039ed8d2c4fe,5,3,0.6,flickering
j_only,F3,F3,04f6f12c9dd1,5,4,0.8,flickering
j_only,F3,F3,0688cd1db5ca,5,2,0.4,flickering
j_only,F3,F3,06ed3c1819be,5,2,0.4,flickering
j_only,F3,F3,0a81f336c8fb,5,2,0.4,flickering
j_only,F3,F3,0adf2d15eb47,5,2,0.4,flickering
j_only,F3,F3,0bf1eff0c800,5,1,0.2,flickering
j_only,F3,F3,0d63f36e3688,5,3,0.6,flickering
j_only,F3,F3,0f5f4d284afb,5,3,0.6,flickering
j_only,F3,F3,109ca777fa12,5,2,0.4,flickering
j_only,F3,F3,1c36cac6bccc,5,1,0.2,flickering
j_only,F3,F3,1c99d4b10868,5,3,0.6,flickering
j_only,F3,F3,1d3a4f93114f,5,3,0.6,flickering
j_only,F3,F3,1e85a8697898,5,1,0.2,flickering
j_only,F3,F3,1fb64399ccd8,5,1,0.2,flickering
j_only,F3,F3,209fa336c13a,5,5,1.0,unanimous
j_only,F3,F3,23161751e203,5,2,0.4,flickering
j_only,F3,F3,25b03ee6601d,5,1,0.2,flickering
j_only,F3,F3,2a0d8f20ab72,5,2,0.4,flickering
j_only,F3,F3,2a27a571e7fc,5,1,0.2,flickering
j_only,F3,F3,2cabf84d8c88,5,1,0.2,flickering
j_only,F3,F3,30b481a7c8e2,5,3,0.6,flickering
j_only,F3,F3,31a2fec2be77,5,2,0.4,flickering
j_only,F3,F3,3257ed9e00aa,5,3,0.6,flickering
j_only,F3,F3,3885f7d6d282,5,5,1.0,unanimous
j_only,F3,F3,3a2203603d61,5,1,0.2,flickering
j_only,F3,F3,3cb443c08221,5,2,0.4,flickering
j_only,F3,F3,408fd2a91abd,5,1,0.2,flickering
j_only,F3,F3,430464d25f28,5,4,0.8,flickering
j_only,F3,F3,43748fb30948,5,1,0.2,flickering
j_only,F3,F3,4463568f621e,5,1,0.2,flickering
j_only,F3,F3,447d40f8ace5,5,1,0.2,flickering
j_only,F3,F3,472b9b93ad9f,5,4,0.8,flickering
j_only,F3,F3,4bb8afe35408,5,2,0.4,flickering
j_only,F3,F3,4fdfdbf582cb,5,2,0.4,flickering
j_only,F3,F3,4ff4163fd5c7,5,3,0.6,flickering
j_only,F3,F3,5478288b68f4,5,2,0.4,flickering
j_only,F3,F3,560a71c4eb88,5,4,0.8,flickering
j_only,F3,F3,57d543f72b94,5,3,0.6,flickering
j_only,F3,F3,5932b68b6a3b,5,4,0.8,flickering
j_only,F3,F3,5cdb0ba3c556,5,2,0.4,flickering
j_only,F3,F3,5d40cd729024,5,2,0.4,flickering
j_only,F3,F3,5e17e32670ea,5,2,0.4,flickering
j_only,F3,F3,5eb14f8b3cdc,5,1,0.2,flickering
j_only,F3,F3,5ebba28b6c1b,5,1,0.2,flickering
j_only,F3,F3,6025e1fa5134,5,1,0.2,flickering
j_only,F3,F3,624266e9f779,5,4,0.8,flickering
j_only,F3,F3,643832575481,5,2,0.4,flickering
j_only,F3,F3,65008302b1e5,5,2,0.4,flickering
j_only,F3,F3,66604d92cdf6,5,2,0.4,flickering
j_only,F3,F3,688178e946ff,5,2,0.4,flickering
j_only,F3,F3,6980ae227761,5,3,0.6,flickering
j_only,F3,F3,6a1f6758e7d9,5,1,0.2,flickering
j_only,F3,F3,6bdd73210307,5,3,0.6,flickering
j_only,F3,F3,6d850c9bb9a8,5,3,0.6,flickering
j_only,F3,F3,6e3fc24135dd,5,3,0.6,flickering
j_only,F3,F3,6e65a2b06b3e,5,3,0.6,flickering
j_only,F3,F3,70d66563e84a,5,1,0.2,flickering
j_only,F3,F3,7415e35108cc,5,1,0.2,flickering
j_only,F3,F3,754832888538,5,2,0.4,flickering
j_only,F3,F3,760bf1553c4d,5,1,0.2,flickering
j_only,F3,F3,78230d2a0091,5,1,0.2,flickering
j_only,F3,F3,7cebf4fe20ee,5,2,0.4,flickering
j_only,F3,F3,7f427673957c,5,2,0.4,flickering
j_only,F3,F3,7f45c1d942fc,5,1,0.2,flickering
j_only,F3,F3,805f4872bae8,5,2,0.4,flickering
j_only,F3,F3,8078cef39704,5,1,0.2,flickering
j_only,F3,F3,80db6dd984d5,5,2,0.4,flickering
j_only,F3,F3,8132df5e7a12,5,2,0.4,flickering
j_only,F3,F3,81a87f78403c,5,1,0.2,flickering
j_only,F3,F3,83b57a05ab3c,5,1,0.2,flickering
j_only,F3,F3,87ecf58e6b0c,5,4,0.8,flickering
j_only,F3,F3,8a4969fb9f3f,5,2,0.4,flickering
j_only,F3,F3,8ba39229aeac,5,1,0.2,flickering
j_only,F3,F3,8ca47f754a8b,5,3,0.6,flickering
j_only,F3,F3,8e335947c0e1,5,1,0.2,flickering
j_only,F3,F3,8e3c2e92cbc0,5,2,0.4,flickering
j_only,F3,F3,8e440b80a157,5,2,0.4,flickering
j_only,F3,F3,9167dfcb1faa,5,2,0.4,flickering
j_only,F3,F3,942b571c83ec,5,3,0.6,flickering
j_only,F3,F3,94bf93368c00,5,5,1.0,unanimous
j_only,F3,F3,9623f8400850,5,2,0.4,flickering
j_only,F3,F3,96e911c67649,5,2,0.4,flickering
j_only,F3,F3,97abaa333a90,5,4,0.8,flickering
j_only,F3,F3,9a9eff6df503,5,2,0.4,flickering
j_only,F3,F3,9bbcadeaa0fa,5,2,0.4,flickering
j_only,F3,F3,9bef5c2501ee,5,3,0.6,flickering
j_only,F3,F3,9dfe141cf391,5,2,0.4,flickering
j_only,F3,F3,9fd1f741bc64,5,2,0.4,flickering
j_only,F3,F3,a03d48541430,5,4,0.8,flickering
j_only,F3,F3,a21113615ced,5,5,1.0,unanimous
j_only,F3,F3,a2ee1ad7e572,5,2,0.4,flickering
j_only,F3,F3,a69a5c9bdd1d,5,2,0.4,flickering
j_only,F3,F3,a82568887b73,5,2,0.4,flickering
j_only,F3,F3,ae184ed23fd2,5,2,0.4,flickering
j_only,F3,F3,aebd35259e42,5,1,0.2,flickering
j_only,F3,F3,afe283c2f92e,5,3,0.6,flickering
j_only,F3,F3,b2790c4ddf09,5,2,0.4,flickering
j_only,F3,F3,b38b2a0c0e03,5,1,0.2,flickering
j_only,F3,F3,b498f4cd8561,5,1,0.2,flickering
j_only,F3,F3,b4b46e41a207,5,2,0.4,flickering
j_only,F3,F3,b73f5ed4014d,5,4,0.8,flickering
j_only,F3,F3,b747c4e5f4ac,5,1,0.2,flickering
j_only,F3,F3,b7ab98dbfd54,5,1,0.2,flickering
j_only,F3,F3,ba1df2e0ede2,5,1,0.2,flickering
j_only,F3,F3,baca3b71517c,5,3,0.6,flickering
j_only,F3,F3,bb4148602b38,5,1,0.2,flickering
j_only,F3,F3,be79c347aa60,5,4,0.8,flickering
j_only,F3,F3,bf53db1c5f96,5,2,0.4,flickering
j_only,F3,F3,bfc9fd64bb7b,5,2,0.4,flickering
j_only,F3,F3,c080e2571f6a,5,2,0.4,flickering
j_only,F3,F3,c1ee1d19767b,5,1,0.2,flickering
j_only,F3,F3,c7436f1e497c,5,2,0.4,flickering
j_only,F3,F3,c9d423f4830b,5,2,0.4,flickering
j_only,F3,F3,cb577e429912,5,1,0.2,flickering
j_only,F3,F3,cb8d47011c7b,5,1,0.2,flickering
j_only,F3,F3,cd554c210646,5,1,0.2,flickering
j_only,F3,F3,cd9b0d4387fc,5,4,0.8,flickering
j_only,F3,F3,cf3cfeed36df,5,3,0.6,flickering
j_only,F3,F3,cfec2db4e8d7,5,2,0.4,flickering
j_only,F3,F3,d2148c314266,5,4,0.8,flickering
j_only,F3,F3,d4cdd75dc42a,5,4,0.8,flickering
j_only,F3,F3,d64e8b13bb9b,5,2,0.4,flickering
j_only,F3,F3,d6ba0fff7766,5,1,0.2,flickering
j_only,F3,F3,d7edd402f862,5,2,0.4,flickering
j_only,F3,F3,dceec3c64e83,5,4,0.8,flickering
j_only,F3,F3,dd9481d7200f,5,2,0.4,flickering
j_only,F3,F3,e09ebc09591c,5,4,0.8,flickering
j_only,F3,F3,e4745f13bbb4,5,1,0.2,flickering
j_only,F3,F3,e588129c3f2f,5,2,0.4,flickering
j_only,F3,F3,ea1f6637fdad,5,4,0.8,flickering
j_only,F3,F3,eb081c1ea631,5,2,0.4,flickering
j_only,F3,F3,ed25d91cd910,5,1,0.2,flickering
j_only,F3,F3,ee5e2d9e72a7,5,2,0.4,flickering
j_only,F3,F3,f19c50362dd0,5,3,0.6,flickering
j_only,F3,F3,f301c4c40fe7,5,2,0.4,flickering
j_only,F3,F3,f47252c3b412,5,3,0.6,flickering
j_only,F3,F3,f59c1123c57c,5,1,0.2,flickering
j_only,F3,F3,fad7d84a6b2b,5,3,0.6,flickering
j_only,F3,F3,fb0061bbb89c,5,4,0.8,flickering
j_only,F3,F3,fcee27de1d97,5,1,0.2,flickering
j_only,F3,F3,fd5adc3e3a3a,5,2,0.4,flickering
j_only,F3,F3,fe727d4718be,5,1,0.2,flickering
j_only,H1,H1,01d3ad510b42,5,1,0.2,flickering
j_only,H1,H1,02de4bafb196,5,3,0.6,flickering
j_only,H1,H1,039ed8d2c4fe,5,2,0.4,flickering
j_only,H1,H1,043aa1b0134c,5,2,0.4,flickering
j_only,H1,H1,046e6d52bc8e,5,1,0.2,flickering
j_only,H1,H1,04f6f12c9dd1,5,3,0.6,flickering
j_only,H1,H1,0686dccb5baa,5,1,0.2,flickering
j_only,H1,H1,06ed3c1819be,5,4,0.8,flickering
j_only,H1,H1,084b592e02b3,5,2,0.4,flickering
j_only,H1,H1,088747fa7d04,5,2,0.4,flickering
j_only,H1,H1,08ad0e53abb1,5,5,1.0,unanimous
j_only,H1,H1,0a81f336c8fb,5,3,0.6,flickering
j_only,H1,H1,0adf2d15eb47,5,2,0.4,flickering
j_only,H1,H1,0b6eb6e593c5,5,2,0.4,flickering
j_only,H1,H1,0bf1eff0c800,5,2,0.4,flickering
j_only,H1,H1,0d34d4795612,5,1,0.2,flickering
j_only,H1,H1,0d63f36e3688,5,3,0.6,flickering
j_only,H1,H1,0d8f07836540,5,2,0.4,flickering
j_only,H1,H1,0f5f4d284afb,5,4,0.8,flickering
j_only,H1,H1,109ca777fa12,5,1,0.2,flickering
j_only,H1,H1,112d585f8fdf,5,2,0.4,flickering
j_only,H1,H1,134acf006762,5,2,0.4,flickering
j_only,H1,H1,14ab57dc9ec8,5,1,0.2,flickering
j_only,H1,H1,14d73efad7ab,5,2,0.4,flickering
j_only,H1,H1,16ac7d4eada1,5,1,0.2,flickering
j_only,H1,H1,1921370ef769,5,4,0.8,flickering
j_only,H1,H1,1b3433cd4628,5,3,0.6,flickering
j_only,H1,H1,1bce6dff94b8,5,2,0.4,flickering
j_only,H1,H1,1c36cac6bccc,5,4,0.8,flickering
j_only,H1,H1,1c99d4b10868,5,4,0.8,flickering
j_only,H1,H1,1d3a4f93114f,5,5,1.0,unanimous
j_only,H1,H1,1dc1f1d9c3bd,5,5,1.0,unanimous
j_only,H1,H1,1e85a8697898,5,3,0.6,flickering
j_only,H1,H1,1fb5bb36812c,5,3,0.6,flickering
j_only,H1,H1,1fb64399ccd8,5,4,0.8,flickering
j_only,H1,H1,209fa336c13a,5,1,0.2,flickering
j_only,H1,H1,21da45ff7758,5,3,0.6,flickering
j_only,H1,H1,23161751e203,5,2,0.4,flickering
j_only,H1,H1,2440338f40ce,5,1,0.2,flickering
j_only,H1,H1,25b03ee6601d,5,2,0.4,flickering
j_only,H1,H1,2802cf486896,5,2,0.4,flickering
j_only,H1,H1,2a0d8f20ab72,5,1,0.2,flickering
j_only,H1,H1,2a27a571e7fc,5,2,0.4,flickering
j_only,H1,H1,2aa0f685bafa,5,3,0.6,flickering
j_only,H1,H1,2c0cb0230b61,5,2,0.4,flickering
j_only,H1,H1,2c7c7c5def5a,5,2,0.4,flickering
j_only,H1,H1,2cabf84d8c88,5,2,0.4,flickering
j_only,H1,H1,2e9adc656f2b,5,4,0.8,flickering
j_only,H1,H1,2fb56e19e29d,5,1,0.2,flickering
j_only,H1,H1,31a19e00325e,5,4,0.8,flickering
j_only,H1,H1,31a2fec2be77,5,3,0.6,flickering
j_only,H1,H1,31b5e609ef46,5,2,0.4,flickering
j_only,H1,H1,362055c7a5a9,5,2,0.4,flickering
j_only,H1,H1,3680e8deae2f,5,1,0.2,flickering
j_only,H1,H1,37f61727e427,5,1,0.2,flickering
j_only,H1,H1,3885f7d6d282,5,3,0.6,flickering
j_only,H1,H1,3a2203603d61,5,2,0.4,flickering
j_only,H1,H1,3c4f97f6fb20,5,1,0.2,flickering
j_only,H1,H1,3cb443c08221,5,2,0.4,flickering
j_only,H1,H1,408fd2a91abd,5,3,0.6,flickering
j_only,H1,H1,410ecd5b1e40,5,2,0.4,flickering
j_only,H1,H1,430464d25f28,5,4,0.8,flickering
j_only,H1,H1,43748fb30948,5,4,0.8,flickering
j_only,H1,H1,43e4036c30f9,5,1,0.2,flickering
j_only,H1,H1,4463568f621e,5,2,0.4,flickering
j_only,H1,H1,447d40f8ace5,5,2,0.4,flickering
j_only,H1,H1,4707c2930bd5,5,1,0.2,flickering
j_only,H1,H1,472b9b93ad9f,5,5,1.0,unanimous
j_only,H1,H1,49067b2ff40c,5,2,0.4,flickering
j_only,H1,H1,4fdfdbf582cb,5,1,0.2,flickering
j_only,H1,H1,4ff4163fd5c7,5,2,0.4,flickering
j_only,H1,H1,512ffd6391ed,5,1,0.2,flickering
j_only,H1,H1,5341a4972339,5,5,1.0,unanimous
j_only,H1,H1,5478288b68f4,5,1,0.2,flickering
j_only,H1,H1,55157f0433cc,5,4,0.8,flickering
j_only,H1,H1,560a71c4eb88,5,3,0.6,flickering
j_only,H1,H1,5860caa8b811,5,4,0.8,flickering
j_only,H1,H1,5ccdfc01ba3c,5,2,0.4,flickering
j_only,H1,H1,5cdb0ba3c556,5,4,0.8,flickering
j_only,H1,H1,5d40cd729024,5,2,0.4,flickering
j_only,H1,H1,5e17e32670ea,5,2,0.4,flickering
j_only,H1,H1,5ebba28b6c1b,5,4,0.8,flickering
j_only,H1,H1,60160115004c,5,2,0.4,flickering
j_only,H1,H1,6025e1fa5134,5,3,0.6,flickering
j_only,H1,H1,6103d326f1f4,5,1,0.2,flickering
j_only,H1,H1,615c9cf6b7e2,5,3,0.6,flickering
j_only,H1,H1,62126c371107,5,2,0.4,flickering
j_only,H1,H1,624266e9f779,5,4,0.8,flickering
j_only,H1,H1,628cb522c3cd,5,2,0.4,flickering
j_only,H1,H1,62e2c124f989,5,5,1.0,unanimous
j_only,H1,H1,643832575481,5,5,1.0,unanimous
j_only,H1,H1,64cf0bbee592,5,1,0.2,flickering
j_only,H1,H1,65008302b1e5,5,2,0.4,flickering
j_only,H1,H1,660cc534fc78,5,4,0.8,flickering
j_only,H1,H1,66604d92cdf6,5,2,0.4,flickering
j_only,H1,H1,684536b07bc7,5,3,0.6,flickering
j_only,H1,H1,688178e946ff,5,2,0.4,flickering
j_only,H1,H1,69262ac8f823,5,4,0.8,flickering
j_only,H1,H1,6980ae227761,5,3,0.6,flickering
j_only,H1,H1,699afdbeba4d,5,2,0.4,flickering
j_only,H1,H1,6a1f6758e7d9,5,4,0.8,flickering
j_only,H1,H1,6bdd73210307,5,3,0.6,flickering
j_only,H1,H1,6d850c9bb9a8,5,1,0.2,flickering
j_only,H1,H1,6df425a01e7e,5,5,1.0,unanimous
j_only,H1,H1,6df59e956a95,5,2,0.4,flickering
j_only,H1,H1,6e65a2b06b3e,5,1,0.2,flickering
j_only,H1,H1,6ebaa814e4ad,5,3,0.6,flickering
j_only,H1,H1,70d66563e84a,5,3,0.6,flickering
j_only,H1,H1,72eed7e29e02,5,1,0.2,flickering
j_only,H1,H1,7415e35108cc,5,1,0.2,flickering
j_only,H1,H1,74fb44a7acc9,5,1,0.2,flickering
j_only,H1,H1,754832888538,5,2,0.4,flickering
j_only,H1,H1,760bf1553c4d,5,5,1.0,unanimous
j_only,H1,H1,77e8cca793fb,5,1,0.2,flickering
j_only,H1,H1,7803d9a85054,5,2,0.4,flickering
j_only,H1,H1,78230d2a0091,5,4,0.8,flickering
j_only,H1,H1,7a02d7111976,5,2,0.4,flickering
j_only,H1,H1,7a7a77e77a46,5,1,0.2,flickering
j_only,H1,H1,7b77237aee10,5,2,0.4,flickering
j_only,H1,H1,7c3d9a994e6f,5,1,0.2,flickering
j_only,H1,H1,7cebf4fe20ee,5,4,0.8,flickering
j_only,H1,H1,7df672f007f4,5,2,0.4,flickering
j_only,H1,H1,7e30c8259061,5,1,0.2,flickering
j_only,H1,H1,7e49e32d201b,5,2,0.4,flickering
j_only,H1,H1,7e6b0d276a55,5,2,0.4,flickering
j_only,H1,H1,7f427673957c,5,1,0.2,flickering
j_only,H1,H1,7f45c1d942fc,5,5,1.0,unanimous
j_only,H1,H1,805f4872bae8,5,1,0.2,flickering
j_only,H1,H1,8078cef39704,5,5,1.0,unanimous
j_only,H1,H1,80db6dd984d5,5,2,0.4,flickering
j_only,H1,H1,8132df5e7a12,5,3,0.6,flickering
j_only,H1,H1,81607c6d9629,5,2,0.4,flickering
j_only,H1,H1,81a87f78403c,5,1,0.2,flickering
j_only,H1,H1,83b57a05ab3c,5,1,0.2,flickering
j_only,H1,H1,86090feb7a89,5,3,0.6,flickering
j_only,H1,H1,87ecf58e6b0c,5,5,1.0,unanimous
j_only,H1,H1,8a4969fb9f3f,5,4,0.8,flickering
j_only,H1,H1,8b87a89244e2,5,2,0.4,flickering
j_only,H1,H1,8ba39229aeac,5,2,0.4,flickering
j_only,H1,H1,8ca47f754a8b,5,3,0.6,flickering
j_only,H1,H1,8cfe1edbd00f,5,1,0.2,flickering
j_only,H1,H1,8e335947c0e1,5,2,0.4,flickering
j_only,H1,H1,8e440b80a157,5,2,0.4,flickering
j_only,H1,H1,90b23b744311,5,2,0.4,flickering
j_only,H1,H1,9167dfcb1faa,5,3,0.6,flickering
j_only,H1,H1,91987904b44b,5,1,0.2,flickering
j_only,H1,H1,93630e0a3d67,5,1,0.2,flickering
j_only,H1,H1,942b571c83ec,5,5,1.0,unanimous
j_only,H1,H1,94bf93368c00,5,1,0.2,flickering
j_only,H1,H1,9623f8400850,5,4,0.8,flickering
j_only,H1,H1,96e911c67649,5,2,0.4,flickering
j_only,H1,H1,97abaa333a90,5,1,0.2,flickering
j_only,H1,H1,99d069fa1546,5,2,0.4,flickering
j_only,H1,H1,9a9eff6df503,5,1,0.2,flickering
j_only,H1,H1,9b8faec4d9b1,5,2,0.4,flickering
j_only,H1,H1,9bbcadeaa0fa,5,3,0.6,flickering
j_only,H1,H1,9bef5c2501ee,5,2,0.4,flickering
j_only,H1,H1,9d41a00a9c93,5,2,0.4,flickering
j_only,H1,H1,9dfe141cf391,5,1,0.2,flickering
j_only,H1,H1,9fd1f741bc64,5,1,0.2,flickering
j_only,H1,H1,a03d48541430,5,2,0.4,flickering
j_only,H1,H1,a0b20e4df225,5,1,0.2,flickering
j_only,H1,H1,a0def0e8f780,5,2,0.4,flickering
j_only,H1,H1,a21113615ced,5,3,0.6,flickering
j_only,H1,H1,a2ee1ad7e572,5,3,0.6,flickering
j_only,H1,H1,a32fbd13c2e3,5,1,0.2,flickering
j_only,H1,H1,a41084c34754,5,4,0.8,flickering
j_only,H1,H1,a44c5fe6a989,5,1,0.2,flickering
j_only,H1,H1,a45c83f69ba7,5,1,0.2,flickering
j_only,H1,H1,a5e0df042d50,5,1,0.2,flickering
j_only,H1,H1,a69a5c9bdd1d,5,1,0.2,flickering
j_only,H1,H1,a82568887b73,5,3,0.6,flickering
j_only,H1,H1,ad4a3ebaa5bc,5,4,0.8,flickering
j_only,H1,H1,ae184ed23fd2,5,3,0.6,flickering
j_only,H1,H1,aebd35259e42,5,3,0.6,flickering
j_only,H1,H1,afe283c2f92e,5,3,0.6,flickering
j_only,H1,H1,b2790c4ddf09,5,1,0.2,flickering
j_only,H1,H1,b38b2a0c0e03,5,2,0.4,flickering
j_only,H1,H1,b498f4cd8561,5,2,0.4,flickering
j_only,H1,H1,b4b46e41a207,5,4,0.8,flickering
j_only,H1,H1,b71b3713bf7e,5,2,0.4,flickering
j_only,H1,H1,b73f5ed4014d,5,3,0.6,flickering
j_only,H1,H1,b7ab98dbfd54,5,2,0.4,flickering
j_only,H1,H1,b8c47f333bb5,5,2,0.4,flickering
j_only,H1,H1,ba1df2e0ede2,5,2,0.4,flickering
j_only,H1,H1,baca3b71517c,5,5,1.0,unanimous
j_only,H1,H1,bb4148602b38,5,2,0.4,flickering
j_only,H1,H1,bbea276f3086,5,4,0.8,flickering
j_only,H1,H1,bbf0a1f63b46,5,2,0.4,flickering
j_only,H1,H1,be79c347aa60,5,4,0.8,flickering
j_only,H1,H1,bee5861ae116,5,2,0.4,flickering
j_only,H1,H1,bf53db1c5f96,5,4,0.8,flickering
j_only,H1,H1,bfc9fd64bb7b,5,2,0.4,flickering
j_only,H1,H1,c080e2571f6a,5,3,0.6,flickering
j_only,H1,H1,c1ee1d19767b,5,4,0.8,flickering
j_only,H1,H1,c37b7a2d4ebd,5,2,0.4,flickering
j_only,H1,H1,c3a619319924,5,2,0.4,flickering
j_only,H1,H1,c6fa35b52649,5,1,0.2,flickering
j_only,H1,H1,c7436f1e497c,5,4,0.8,flickering
j_only,H1,H1,c7550543387f,5,3,0.6,flickering
j_only,H1,H1,c95cf215efb4,5,2,0.4,flickering
j_only,H1,H1,c9d423f4830b,5,2,0.4,flickering
j_only,H1,H1,c9f7d2e17c2a,5,1,0.2,flickering
j_only,H1,H1,cb577e429912,5,1,0.2,flickering
j_only,H1,H1,cb74cfb960dd,5,2,0.4,flickering
j_only,H1,H1,cb8d47011c7b,5,3,0.6,flickering
j_only,H1,H1,cd554c210646,5,2,0.4,flickering
j_only,H1,H1,cd9b0d4387fc,5,4,0.8,flickering
j_only,H1,H1,ce0620750a2c,5,2,0.4,flickering
j_only,H1,H1,cf3cfeed36df,5,4,0.8,flickering
j_only,H1,H1,cfa9b6bdca54,5,5,1.0,unanimous
j_only,H1,H1,cfec2db4e8d7,5,1,0.2,flickering
j_only,H1,H1,d2148c314266,5,5,1.0,unanimous
j_only,H1,H1,d4cdd75dc42a,5,1,0.2,flickering
j_only,H1,H1,d6342c6ebaac,5,2,0.4,flickering
j_only,H1,H1,d64e8b13bb9b,5,3,0.6,flickering
j_only,H1,H1,d6ba0fff7766,5,4,0.8,flickering
j_only,H1,H1,d75b4cbb6504,5,3,0.6,flickering
j_only,H1,H1,d7edd402f862,5,1,0.2,flickering
j_only,H1,H1,d8dfa8ae12d2,5,1,0.2,flickering
j_only,H1,H1,dab8bf6d9681,5,2,0.4,flickering
j_only,H1,H1,db6b212b08de,5,2,0.4,flickering
j_only,H1,H1,dbc0cd127ca0,5,1,0.2,flickering
j_only,H1,H1,dceec3c64e83,5,3,0.6,flickering
j_only,H1,H1,dd9481d7200f,5,1,0.2,flickering
j_only,H1,H1,e09ebc09591c,5,2,0.4,flickering
j_only,H1,H1,e214388abd4f,5,4,0.8,flickering
j_only,H1,H1,e2827a5d260a,5,5,1.0,unanimous
j_only,H1,H1,e2aa21641a6f,5,2,0.4,flickering
j_only,H1,H1,e4745f13bbb4,5,3,0.6,flickering
j_only,H1,H1,e57564408718,5,2,0.4,flickering
j_only,H1,H1,e588129c3f2f,5,2,0.4,flickering
j_only,H1,H1,e5cd0826ccfa,5,2,0.4,flickering
j_only,H1,H1,e68e6ab7e5af,5,2,0.4,flickering
j_only,H1,H1,ea1f6637fdad,5,2,0.4,flickering
j_only,H1,H1,ec36fab3fcd8,5,2,0.4,flickering
j_only,H1,H1,ed25d91cd910,5,4,0.8,flickering
j_only,H1,H1,ee5e2d9e72a7,5,4,0.8,flickering
j_only,H1,H1,ef9277c4054f,5,1,0.2,flickering
j_only,H1,H1,f19c50362dd0,5,3,0.6,flickering
j_only,H1,H1,f301c4c40fe7,5,1,0.2,flickering
j_only,H1,H1,f37e85a4c407,5,4,0.8,flickering
j_only,H1,H1,f3cbf2089cd8,5,3,0.6,flickering
j_only,H1,H1,f47252c3b412,5,1,0.2,flickering
j_only,H1,H1,f57b85b8c16e,5,5,1.0,unanimous
j_only,H1,H1,f59b70069029,5,1,0.2,flickering
j_only,H1,H1,f59c1123c57c,5,2,0.4,flickering
j_only,H1,H1,fa936747b53e,5,1,0.2,flickering
j_only,H1,H1,fad7d84a6b2b,5,2,0.4,flickering
j_only,H1,H1,fb0061bbb89c,5,4,0.8,flickering
j_only,H1,H1,fb5a123a805f,5,1,0.2,flickering
j_only,H1,H1,fb78cd234795,5,3,0.6,flickering
j_only,H1,H1,fc1af8998b89,5,2,0.4,flickering
j_only,H1,H1,fc51297a412d,5,3,0.6,flickering
j_only,H1,H1,fcd053a713e3,5,3,0.6,flickering
j_only,H1,H1,fcee27de1d97,5,3,0.6,flickering
j_only,H1,H1,fd5adc3e3a3a,5,3,0.6,flickering
j_only,H1,H1,fe727d4718be,5,2,0.4,flickering
j_only,H1,H1,ff5570d33911,5,2,0.4,flickering
j_only,J12,J1 J2,02de4bafb196,5,1,0.2,flickering
j_only,J12,J1 J2,039ed8d2c4fe,5,3,0.6,flickering
j_only,J12,J1 J2,06ed3c1819be,5,3,0.6,flickering
j_only,J12,J1 J2,08ad0e53abb1,5,2,0.4,flickering
j_only,J12,J1 J2,0a81f336c8fb,5,1,0.2,flickering
j_only,J12,J1 J2,0d34d4795612,5,1,0.2,flickering
j_only,J12,J1 J2,112d585f8fdf,5,2,0.4,flickering
j_only,J12,J1 J2,14ab57dc9ec8,5,1,0.2,flickering
j_only,J12,J1 J2,1c36cac6bccc,5,1,0.2,flickering
j_only,J12,J1 J2,1c99d4b10868,5,1,0.2,flickering
j_only,J12,J1 J2,1fb64399ccd8,5,5,1.0,unanimous
j_only,J12,J1 J2,2065ada1a306,5,1,0.2,flickering
j_only,J12,J1 J2,23161751e203,5,1,0.2,flickering
j_only,J12,J1 J2,2aa0f685bafa,5,1,0.2,flickering
j_only,J12,J1 J2,2cabf84d8c88,5,1,0.2,flickering
j_only,J12,J1 J2,2e9adc656f2b,5,1,0.2,flickering
j_only,J12,J1 J2,2fb56e19e29d,5,1,0.2,flickering
j_only,J12,J1 J2,31a19e00325e,5,2,0.4,flickering
j_only,J12,J1 J2,31a2fec2be77,5,3,0.6,flickering
j_only,J12,J1 J2,31b5e609ef46,5,1,0.2,flickering
j_only,J12,J1 J2,37c368833872,5,1,0.2,flickering
j_only,J12,J1 J2,3a2203603d61,5,1,0.2,flickering
j_only,J12,J1 J2,3cb443c08221,5,1,0.2,flickering
j_only,J12,J1 J2,410ecd5b1e40,5,1,0.2,flickering
j_only,J12,J1 J2,447d40f8ace5,5,2,0.4,flickering
j_only,J12,J1 J2,472b9b93ad9f,5,1,0.2,flickering
j_only,J12,J1 J2,5341a4972339,5,1,0.2,flickering
j_only,J12,J1 J2,55157f0433cc,5,2,0.4,flickering
j_only,J12,J1 J2,5860caa8b811,5,1,0.2,flickering
j_only,J12,J1 J2,5cdb0ba3c556,5,3,0.6,flickering
j_only,J12,J1 J2,5eb14f8b3cdc,5,1,0.2,flickering
j_only,J12,J1 J2,6025e1fa5134,5,1,0.2,flickering
j_only,J12,J1 J2,62126c371107,5,1,0.2,flickering
j_only,J12,J1 J2,628cb522c3cd,5,1,0.2,flickering
j_only,J12,J1 J2,62e2c124f989,5,1,0.2,flickering
j_only,J12,J1 J2,660cc534fc78,5,1,0.2,flickering
j_only,J12,J1 J2,66604d92cdf6,5,1,0.2,flickering
j_only,J12,J1 J2,6980ae227761,5,3,0.6,flickering
j_only,J12,J1 J2,699afdbeba4d,5,1,0.2,flickering
j_only,J12,J1 J2,6a1f6758e7d9,5,1,0.2,flickering
j_only,J12,J1 J2,6bdd73210307,5,1,0.2,flickering
j_only,J12,J1 J2,6df59e956a95,5,1,0.2,flickering
j_only,J12,J1 J2,6ebaa814e4ad,5,1,0.2,flickering
j_only,J12,J1 J2,74fb44a7acc9,5,1,0.2,flickering
j_only,J12,J1 J2,77e8cca793fb,5,1,0.2,flickering
j_only,J12,J1 J2,7c3d9a994e6f,5,1,0.2,flickering
j_only,J12,J1 J2,7cebf4fe20ee,5,1,0.2,flickering
j_only,J12,J1 J2,7df672f007f4,5,1,0.2,flickering
j_only,J12,J1 J2,7e49e32d201b,5,2,0.4,flickering
j_only,J12,J1 J2,7f427673957c,5,1,0.2,flickering
j_only,J12,J1 J2,8078cef39704,5,1,0.2,flickering
j_only,J12,J1 J2,80db6dd984d5,5,2,0.4,flickering
j_only,J12,J1 J2,8132df5e7a12,5,2,0.4,flickering
j_only,J12,J1 J2,87ecf58e6b0c,5,2,0.4,flickering
j_only,J12,J1 J2,8cfe1edbd00f,5,1,0.2,flickering
j_only,J12,J1 J2,942b571c83ec,5,2,0.4,flickering
j_only,J12,J1 J2,9d41a00a9c93,5,1,0.2,flickering
j_only,J12,J1 J2,9fd1f741bc64,5,1,0.2,flickering
j_only,J12,J1 J2,a2ee1ad7e572,5,1,0.2,flickering
j_only,J12,J1 J2,a41084c34754,5,2,0.4,flickering
j_only,J12,J1 J2,a69a5c9bdd1d,5,1,0.2,flickering
j_only,J12,J1 J2,ad4a3ebaa5bc,5,1,0.2,flickering
j_only,J12,J1 J2,ae184ed23fd2,5,3,0.6,flickering
j_only,J12,J1 J2,ba1df2e0ede2,5,4,0.8,flickering
j_only,J12,J1 J2,baca3b71517c,5,1,0.2,flickering
j_only,J12,J1 J2,bbea276f3086,5,2,0.4,flickering
j_only,J12,J1 J2,bbf0a1f63b46,5,1,0.2,flickering
j_only,J12,J1 J2,c080e2571f6a,5,1,0.2,flickering
j_only,J12,J1 J2,c1ee1d19767b,5,3,0.6,flickering
j_only,J12,J1 J2,c37b7a2d4ebd,5,1,0.2,flickering
j_only,J12,J1 J2,c9d423f4830b,5,1,0.2,flickering
j_only,J12,J1 J2,cb8d47011c7b,5,1,0.2,flickering
j_only,J12,J1 J2,cd9b0d4387fc,5,1,0.2,flickering
j_only,J12,J1 J2,ce0620750a2c,5,1,0.2,flickering
j_only,J12,J1 J2,cfa9b6bdca54,5,3,0.6,flickering
j_only,J12,J1 J2,d2148c314266,5,1,0.2,flickering
j_only,J12,J1 J2,d4cdd75dc42a,5,1,0.2,flickering
j_only,J12,J1 J2,d6342c6ebaac,5,1,0.2,flickering
j_only,J12,J1 J2,d64e8b13bb9b,5,1,0.2,flickering
j_only,J12,J1 J2,d6ba0fff7766,5,3,0.6,flickering
j_only,J12,J1 J2,d8dfa8ae12d2,5,1,0.2,flickering
j_only,J12,J1 J2,db6b212b08de,5,2,0.4,flickering
j_only,J12,J1 J2,dbc0cd127ca0,5,1,0.2,flickering
j_only,J12,J1 J2,e2827a5d260a,5,1,0.2,flickering
j_only,J12,J1 J2,e4745f13bbb4,5,1,0.2,flickering
j_only,J12,J1 J2,ed25d91cd910,5,2,0.4,flickering
j_only,J12,J1 J2,f37e85a4c407,5,1,0.2,flickering
j_only,J12,J1 J2,f3cbf2089cd8,5,1,0.2,flickering
j_only,J12,J1 J2,f59c1123c57c,5,1,0.2,flickering
j_only,J12,J1 J2,fb0061bbb89c,5,1,0.2,flickering
j_only,J12,J1 J2,fc51297a412d,5,1,0.2,flickering
j_only,J12,J1 J2,fcee27de1d97,5,2,0.4,flickering
j_only,J345,J3 J4 J5,02de4bafb196,5,1,0.2,flickering
j_only,J345,J3 J4 J5,039ed8d2c4fe,5,2,0.4,flickering
j_only,J345,J3 J4 J5,06ed3c1819be,5,3,0.6,flickering
j_only,J345,J3 J4 J5,0d34d4795612,5,1,0.2,flickering
j_only,J345,J3 J4 J5,1c99d4b10868,5,1,0.2,flickering
j_only,J345,J3 J4 J5,1fb64399ccd8,5,5,1.0,unanimous
j_only,J345,J3 J4 J5,2aa0f685bafa,5,1,0.2,flickering
j_only,J345,J3 J4 J5,2cabf84d8c88,5,1,0.2,flickering
j_only,J345,J3 J4 J5,2e9adc656f2b,5,1,0.2,flickering
j_only,J345,J3 J4 J5,31a19e00325e,5,2,0.4,flickering
j_only,J345,J3 J4 J5,31a2fec2be77,5,2,0.4,flickering
j_only,J345,J3 J4 J5,31b5e609ef46,5,1,0.2,flickering
j_only,J345,J3 J4 J5,37c368833872,5,1,0.2,flickering
j_only,J345,J3 J4 J5,3a2203603d61,5,1,0.2,flickering
j_only,J345,J3 J4 J5,3cb443c08221,5,1,0.2,flickering
j_only,J345,J3 J4 J5,447d40f8ace5,5,1,0.2,flickering
j_only,J345,J3 J4 J5,472b9b93ad9f,5,1,0.2,flickering
j_only,J345,J3 J4 J5,5341a4972339,5,1,0.2,flickering
j_only,J345,J3 J4 J5,55157f0433cc,5,1,0.2,flickering
j_only,J345,J3 J4 J5,5860caa8b811,5,2,0.4,flickering
j_only,J345,J3 J4 J5,5cdb0ba3c556,5,3,0.6,flickering
j_only,J345,J3 J4 J5,6025e1fa5134,5,1,0.2,flickering
j_only,J345,J3 J4 J5,62e2c124f989,5,1,0.2,flickering
j_only,J345,J3 J4 J5,66604d92cdf6,5,1,0.2,flickering
j_only,J345,J3 J4 J5,6980ae227761,5,2,0.4,flickering
j_only,J345,J3 J4 J5,6a1f6758e7d9,5,1,0.2,flickering
j_only,J345,J3 J4 J5,6df59e956a95,5,1,0.2,flickering
j_only,J345,J3 J4 J5,6ebaa814e4ad,5,1,0.2,flickering
j_only,J345,J3 J4 J5,7cebf4fe20ee,5,1,0.2,flickering
j_only,J345,J3 J4 J5,8078cef39704,5,1,0.2,flickering
j_only,J345,J3 J4 J5,80db6dd984d5,5,2,0.4,flickering
j_only,J345,J3 J4 J5,8132df5e7a12,5,2,0.4,flickering
j_only,J345,J3 J4 J5,942b571c83ec,5,2,0.4,flickering
j_only,J345,J3 J4 J5,a2ee1ad7e572,5,1,0.2,flickering
j_only,J345,J3 J4 J5,a41084c34754,5,2,0.4,flickering
j_only,J345,J3 J4 J5,a69a5c9bdd1d,5,1,0.2,flickering
j_only,J345,J3 J4 J5,ad4a3ebaa5bc,5,1,0.2,flickering
j_only,J345,J3 J4 J5,ae184ed23fd2,5,3,0.6,flickering
j_only,J345,J3 J4 J5,ba1df2e0ede2,5,1,0.2,flickering
j_only,J345,J3 J4 J5,baca3b71517c,5,1,0.2,flickering
j_only,J345,J3 J4 J5,bbea276f3086,5,2,0.4,flickering
j_only,J345,J3 J4 J5,bbf0a1f63b46,5,1,0.2,flickering
j_only,J345,J3 J4 J5,c080e2571f6a,5,1,0.2,flickering
j_only,J345,J3 J4 J5,c1ee1d19767b,5,1,0.2,flickering
j_only,J345,J3 J4 J5,c9d423f4830b,5,1,0.2,flickering
j_only,J345,J3 J4 J5,cd9b0d4387fc,5,1,0.2,flickering
j_only,J345,J3 J4 J5,ce0620750a2c,5,1,0.2,flickering
j_only,J345,J3 J4 J5,cfa9b6bdca54,5,3,0.6,flickering
j_only,J345,J3 J4 J5,d2148c314266,5,1,0.2,flickering
j_only,J345,J3 J4 J5,d4cdd75dc42a,5,1,0.2,flickering
j_only,J345,J3 J4 J5,d6ba0fff7766,5,1,0.2,flickering
j_only,J345,J3 J4 J5,db6b212b08de,5,1,0.2,flickering
j_only,J345,J3 J4 J5,e2827a5d260a,5,1,0.2,flickering
j_only,J345,J3 J4 J5,e4745f13bbb4,5,1,0.2,flickering
j_only,J345,J3 J4 J5,ed25d91cd910,5,1,0.2,flickering
j_only,J345,J3 J4 J5,f37e85a4c407,5,2,0.4,flickering
j_only,J345,J3 J4 J5,f59c1123c57c,5,1,0.2,flickering
j_only,J345,J3 J4 J5,fc51297a412d,5,1,0.2,flickering
j_only,J345,J3 J4 J5,fcee27de1d97,5,2,0.4,flickering
j_only,S1,S1,01d3ad510b42,5,5,1.0,unanimous
j_only,S1,S1,04278d8d1006,5,5,1.0,unanimous
j_only,S1,S1,046e6d52bc8e,5,5,1.0,unanimous
j_only,S1,S1,04827fb71269,5,5,1.0,unanimous
j_only,S1,S1,088747fa7d04,5,5,1.0,unanimous
j_only,S1,S1,08ad0e53abb1,5,5,1.0,unanimous
j_only,S1,S1,0b6eb6e593c5,5,5,1.0,unanimous
j_only,S1,S1,0bf1eff0c800,5,1,0.2,flickering
j_only,S1,S1,0d34d4795612,5,5,1.0,unanimous
j_only,S1,S1,0f5f4d284afb,5,1,0.2,flickering
j_only,S1,S1,112d585f8fdf,5,5,1.0,unanimous
j_only,S1,S1,134acf006762,5,5,1.0,unanimous
j_only,S1,S1,14d73efad7ab,5,5,1.0,unanimous
j_only,S1,S1,16ac7d4eada1,5,5,1.0,unanimous
j_only,S1,S1,1bce6dff94b8,5,5,1.0,unanimous
j_only,S1,S1,1dc1f1d9c3bd,5,5,1.0,unanimous
j_only,S1,S1,2065ada1a306,5,5,1.0,unanimous
j_only,S1,S1,21da45ff7758,5,5,1.0,unanimous
j_only,S1,S1,2802cf486896,5,5,1.0,unanimous
j_only,S1,S1,2c0cb0230b61,5,5,1.0,unanimous
j_only,S1,S1,2c7c7c5def5a,5,5,1.0,unanimous
j_only,S1,S1,2fb56e19e29d,5,5,1.0,unanimous
j_only,S1,S1,31b5e609ef46,5,5,1.0,unanimous
j_only,S1,S1,353095dd4786,5,5,1.0,unanimous
j_only,S1,S1,3680e8deae2f,5,5,1.0,unanimous
j_only,S1,S1,37c368833872,5,5,1.0,unanimous
j_only,S1,S1,37f61727e427,5,5,1.0,unanimous
j_only,S1,S1,39b63b84df43,5,5,1.0,unanimous
j_only,S1,S1,3c4f97f6fb20,5,5,1.0,unanimous
j_only,S1,S1,3ff2979ec750,5,5,1.0,unanimous
j_only,S1,S1,410ecd5b1e40,5,5,1.0,unanimous
j_only,S1,S1,43e4036c30f9,5,5,1.0,unanimous
j_only,S1,S1,49067b2ff40c,5,5,1.0,unanimous
j_only,S1,S1,4f06bfffb535,5,5,1.0,unanimous
j_only,S1,S1,512ffd6391ed,5,5,1.0,unanimous
j_only,S1,S1,5aefd3e8b445,5,5,1.0,unanimous
j_only,S1,S1,5ccdfc01ba3c,5,5,1.0,unanimous
j_only,S1,S1,5e3faa420f8a,5,5,1.0,unanimous
j_only,S1,S1,5eb14f8b3cdc,5,1,0.2,flickering
j_only,S1,S1,60160115004c,5,5,1.0,unanimous
j_only,S1,S1,6103d326f1f4,5,5,1.0,unanimous
j_only,S1,S1,615c9cf6b7e2,5,5,1.0,unanimous
j_only,S1,S1,628cb522c3cd,5,5,1.0,unanimous
j_only,S1,S1,64cf0bbee592,5,2,0.4,flickering
j_only,S1,S1,660cc534fc78,5,4,0.8,flickering
j_only,S1,S1,684536b07bc7,5,5,1.0,unanimous
j_only,S1,S1,69262ac8f823,5,5,1.0,unanimous
j_only,S1,S1,7415e35108cc,5,1,0.2,flickering
j_only,S1,S1,74fb44a7acc9,5,5,1.0,unanimous
j_only,S1,S1,774568d1460a,5,5,1.0,unanimous
j_only,S1,S1,77e8cca793fb,5,5,1.0,unanimous
j_only,S1,S1,7803d9a85054,5,5,1.0,unanimous
j_only,S1,S1,7a02d7111976,5,2,0.4,flickering
j_only,S1,S1,7b77237aee10,5,5,1.0,unanimous
j_only,S1,S1,7c3d9a994e6f,5,5,1.0,unanimous
j_only,S1,S1,7df672f007f4,5,5,1.0,unanimous
j_only,S1,S1,7e30c8259061,5,5,1.0,unanimous
j_only,S1,S1,7e6b0d276a55,5,5,1.0,unanimous
j_only,S1,S1,8078cef39704,5,1,0.2,flickering
j_only,S1,S1,83b57a05ab3c,5,1,0.2,flickering
j_only,S1,S1,849b8319a75f,5,5,1.0,unanimous
j_only,S1,S1,86090feb7a89,5,5,1.0,unanimous
j_only,S1,S1,8b87a89244e2,5,5,1.0,unanimous
j_only,S1,S1,8ba39229aeac,5,2,0.4,flickering
j_only,S1,S1,8cfe1edbd00f,5,5,1.0,unanimous
j_only,S1,S1,9002b1ff928f,5,5,1.0,unanimous
j_only,S1,S1,90b23b744311,5,5,1.0,unanimous
j_only,S1,S1,9167dfcb1faa,5,1,0.2,flickering
j_only,S1,S1,91987904b44b,5,5,1.0,unanimous
j_only,S1,S1,942b571c83ec,5,1,0.2,flickering
j_only,S1,S1,94bc5a480449,5,5,1.0,unanimous
j_only,S1,S1,953cf8b9cd02,5,5,1.0,unanimous
j_only,S1,S1,9906ba89a54d,5,5,1.0,unanimous
j_only,S1,S1,99d069fa1546,5,5,1.0,unanimous
j_only,S1,S1,9b00fd3c63f5,5,5,1.0,unanimous
j_only,S1,S1,9d41a00a9c93,5,5,1.0,unanimous
j_only,S1,S1,a0b20e4df225,5,5,1.0,unanimous
j_only,S1,S1,a0def0e8f780,5,5,1.0,unanimous
j_only,S1,S1,a4265bd21da8,5,5,1.0,unanimous
j_only,S1,S1,a44c5fe6a989,5,5,1.0,unanimous
j_only,S1,S1,a45c83f69ba7,5,5,1.0,unanimous
j_only,S1,S1,b0c69164f2c2,5,5,1.0,unanimous
j_only,S1,S1,b71b3713bf7e,5,5,1.0,unanimous
j_only,S1,S1,b747c4e5f4ac,5,2,0.4,flickering
j_only,S1,S1,b8c47f333bb5,5,5,1.0,unanimous
j_only,S1,S1,bbf0a1f63b46,5,1,0.2,flickering
j_only,S1,S1,c37b7a2d4ebd,5,5,1.0,unanimous
j_only,S1,S1,c3a619319924,5,5,1.0,unanimous
j_only,S1,S1,c6fa35b52649,5,5,1.0,unanimous
j_only,S1,S1,c8b99a321068,5,5,1.0,unanimous
j_only,S1,S1,c9b8620edc48,5,5,1.0,unanimous
j_only,S1,S1,c9f7d2e17c2a,5,5,1.0,unanimous
j_only,S1,S1,cb74cfb960dd,5,5,1.0,unanimous
j_only,S1,S1,cd554c210646,5,3,0.6,flickering
j_only,S1,S1,d4cdd75dc42a,5,1,0.2,flickering
j_only,S1,S1,d64e8b13bb9b,5,1,0.2,flickering
j_only,S1,S1,d75b4cbb6504,5,5,1.0,unanimous
j_only,S1,S1,d8dfa8ae12d2,5,5,1.0,unanimous
j_only,S1,S1,d912436f2119,5,5,1.0,unanimous
j_only,S1,S1,dbc0cd127ca0,5,5,1.0,unanimous
j_only,S1,S1,e0c26c29dd33,5,5,1.0,unanimous
j_only,S1,S1,e214388abd4f,5,5,1.0,unanimous
j_only,S1,S1,e2aa21641a6f,5,5,1.0,unanimous
j_only,S1,S1,e57564408718,5,5,1.0,unanimous
j_only,S1,S1,e5cd0826ccfa,5,4,0.8,flickering
j_only,S1,S1,e68e6ab7e5af,5,5,1.0,unanimous
j_only,S1,S1,ec36fab3fcd8,5,5,1.0,unanimous
j_only,S1,S1,ef9277c4054f,5,5,1.0,unanimous
j_only,S1,S1,f3cbf2089cd8,5,5,1.0,unanimous
j_only,S1,S1,f4f868eb242a,5,5,1.0,unanimous
j_only,S1,S1,f59b70069029,5,5,1.0,unanimous
j_only,S1,S1,fa936747b53e,5,5,1.0,unanimous
j_only,S1,S1,fb78cd234795,5,5,1.0,unanimous
j_only,S1,S1,fc1af8998b89,5,5,1.0,unanimous
j_only,S1,S1,ff5570d33911,5,4,0.8,flickering
j_only,U1,U1,01d3ad510b42,5,5,1.0,unanimous
j_only,U1,U1,02de4bafb196,5,5,1.0,unanimous
j_only,U1,U1,039ed8d2c4fe,5,5,1.0,unanimous
j_only,U1,U1,04278d8d1006,5,1,0.2,flickering
j_only,U1,U1,043aa1b0134c,5,5,1.0,unanimous
j_only,U1,U1,046e6d52bc8e,5,3,0.6,flickering
j_only,U1,U1,04827fb71269,5,2,0.4,flickering
j_only,U1,U1,04f6f12c9dd1,5,5,1.0,unanimous
j_only,U1,U1,0686dccb5baa,5,5,1.0,unanimous
j_only,U1,U1,0688cd1db5ca,5,5,1.0,unanimous
j_only,U1,U1,06ed3c1819be,5,5,1.0,unanimous
j_only,U1,U1,084b592e02b3,5,5,1.0,unanimous
j_only,U1,U1,088747fa7d04,5,3,0.6,flickering
j_only,U1,U1,08ad0e53abb1,5,5,1.0,unanimous
j_only,U1,U1,0a81f336c8fb,5,5,1.0,unanimous
j_only,U1,U1,0adf2d15eb47,5,5,1.0,unanimous
j_only,U1,U1,0b6eb6e593c5,5,5,1.0,unanimous
j_only,U1,U1,0bf1eff0c800,5,5,1.0,unanimous
j_only,U1,U1,0d34d4795612,5,4,0.8,flickering
j_only,U1,U1,0d63f36e3688,5,5,1.0,unanimous
j_only,U1,U1,0d8f07836540,5,5,1.0,unanimous
j_only,U1,U1,0f5f4d284afb,5,5,1.0,unanimous
j_only,U1,U1,109ca777fa12,5,5,1.0,unanimous
j_only,U1,U1,112d585f8fdf,5,4,0.8,flickering
j_only,U1,U1,134acf006762,5,4,0.8,flickering
j_only,U1,U1,14ab57dc9ec8,5,5,1.0,unanimous
j_only,U1,U1,14d73efad7ab,5,4,0.8,flickering
j_only,U1,U1,16ac7d4eada1,5,4,0.8,flickering
j_only,U1,U1,1921370ef769,5,5,1.0,unanimous
j_only,U1,U1,1b3433cd4628,5,5,1.0,unanimous
j_only,U1,U1,1bce6dff94b8,5,4,0.8,flickering
j_only,U1,U1,1c36cac6bccc,5,5,1.0,unanimous
j_only,U1,U1,1c99d4b10868,5,5,1.0,unanimous
j_only,U1,U1,1d3a4f93114f,5,5,1.0,unanimous
j_only,U1,U1,1dc1f1d9c3bd,5,5,1.0,unanimous
j_only,U1,U1,1e85a8697898,5,5,1.0,unanimous
j_only,U1,U1,1fb5bb36812c,5,5,1.0,unanimous
j_only,U1,U1,1fb64399ccd8,5,5,1.0,unanimous
j_only,U1,U1,2065ada1a306,5,3,0.6,flickering
j_only,U1,U1,209fa336c13a,5,5,1.0,unanimous
j_only,U1,U1,21da45ff7758,5,4,0.8,flickering
j_only,U1,U1,23161751e203,5,5,1.0,unanimous
j_only,U1,U1,2440338f40ce,5,5,1.0,unanimous
j_only,U1,U1,25b03ee6601d,5,5,1.0,unanimous
j_only,U1,U1,2802cf486896,5,3,0.6,flickering
j_only,U1,U1,2a0d8f20ab72,5,5,1.0,unanimous
j_only,U1,U1,2a27a571e7fc,5,5,1.0,unanimous
j_only,U1,U1,2aa0f685bafa,5,5,1.0,unanimous
j_only,U1,U1,2c0cb0230b61,5,5,1.0,unanimous
j_only,U1,U1,2c7c7c5def5a,5,5,1.0,unanimous
j_only,U1,U1,2cabf84d8c88,5,5,1.0,unanimous
j_only,U1,U1,2e9adc656f2b,5,5,1.0,unanimous
j_only,U1,U1,2fb56e19e29d,5,3,0.6,flickering
j_only,U1,U1,30b481a7c8e2,5,5,1.0,unanimous
j_only,U1,U1,31a19e00325e,5,5,1.0,unanimous
j_only,U1,U1,31a2fec2be77,5,5,1.0,unanimous
j_only,U1,U1,31b5e609ef46,5,4,0.8,flickering
j_only,U1,U1,3257ed9e00aa,5,5,1.0,unanimous
j_only,U1,U1,362055c7a5a9,5,5,1.0,unanimous
j_only,U1,U1,3680e8deae2f,5,3,0.6,flickering
j_only,U1,U1,37c368833872,5,3,0.6,flickering
j_only,U1,U1,37f61727e427,5,4,0.8,flickering
j_only,U1,U1,3885f7d6d282,5,5,1.0,unanimous
j_only,U1,U1,39b63b84df43,5,3,0.6,flickering
j_only,U1,U1,3a2203603d61,5,3,0.6,flickering
j_only,U1,U1,3c4f97f6fb20,5,3,0.6,flickering
j_only,U1,U1,3cb443c08221,5,5,1.0,unanimous
j_only,U1,U1,3ff2979ec750,5,3,0.6,flickering
j_only,U1,U1,408fd2a91abd,5,5,1.0,unanimous
j_only,U1,U1,410ecd5b1e40,5,3,0.6,flickering
j_only,U1,U1,430464d25f28,5,5,1.0,unanimous
j_only,U1,U1,43748fb30948,5,5,1.0,unanimous
j_only,U1,U1,43e4036c30f9,5,1,0.2,flickering
j_only,U1,U1,4463568f621e,5,5,1.0,unanimous
j_only,U1,U1,447d40f8ace5,5,5,1.0,unanimous
j_only,U1,U1,4707c2930bd5,5,5,1.0,unanimous
j_only,U1,U1,472b9b93ad9f,5,5,1.0,unanimous
j_only,U1,U1,49067b2ff40c,5,5,1.0,unanimous
j_only,U1,U1,4bb8afe35408,5,5,1.0,unanimous
j_only,U1,U1,4f06bfffb535,5,3,0.6,flickering
j_only,U1,U1,4fdfdbf582cb,5,5,1.0,unanimous
j_only,U1,U1,4ff4163fd5c7,5,5,1.0,unanimous
j_only,U1,U1,512ffd6391ed,5,4,0.8,flickering
j_only,U1,U1,5341a4972339,5,5,1.0,unanimous
j_only,U1,U1,5478288b68f4,5,5,1.0,unanimous
j_only,U1,U1,55157f0433cc,5,5,1.0,unanimous
j_only,U1,U1,560a71c4eb88,5,5,1.0,unanimous
j_only,U1,U1,57d543f72b94,5,5,1.0,unanimous
j_only,U1,U1,5860caa8b811,5,5,1.0,unanimous
j_only,U1,U1,5932b68b6a3b,5,5,1.0,unanimous
j_only,U1,U1,5aefd3e8b445,5,2,0.4,flickering
j_only,U1,U1,5ccdfc01ba3c,5,5,1.0,unanimous
j_only,U1,U1,5cdb0ba3c556,5,5,1.0,unanimous
j_only,U1,U1,5d40cd729024,5,5,1.0,unanimous
j_only,U1,U1,5e17e32670ea,5,5,1.0,unanimous
j_only,U1,U1,5e3faa420f8a,5,4,0.8,flickering
j_only,U1,U1,5eb14f8b3cdc,5,5,1.0,unanimous
j_only,U1,U1,5ebba28b6c1b,5,5,1.0,unanimous
j_only,U1,U1,60160115004c,5,3,0.6,flickering
j_only,U1,U1,6025e1fa5134,5,5,1.0,unanimous
j_only,U1,U1,6103d326f1f4,5,2,0.4,flickering
j_only,U1,U1,615c9cf6b7e2,5,3,0.6,flickering
j_only,U1,U1,62126c371107,5,5,1.0,unanimous
j_only,U1,U1,624266e9f779,5,5,1.0,unanimous
j_only,U1,U1,628cb522c3cd,5,5,1.0,unanimous
j_only,U1,U1,62e2c124f989,5,5,1.0,unanimous
j_only,U1,U1,643832575481,5,5,1.0,unanimous
j_only,U1,U1,64cf0bbee592,5,4,0.8,flickering
j_only,U1,U1,65008302b1e5,5,5,1.0,unanimous
j_only,U1,U1,660cc534fc78,5,4,0.8,flickering
j_only,U1,U1,66604d92cdf6,5,5,1.0,unanimous
j_only,U1,U1,684536b07bc7,5,5,1.0,unanimous
j_only,U1,U1,688178e946ff,5,5,1.0,unanimous
j_only,U1,U1,69262ac8f823,5,3,0.6,flickering
j_only,U1,U1,6980ae227761,5,5,1.0,unanimous
j_only,U1,U1,699afdbeba4d,5,5,1.0,unanimous
j_only,U1,U1,6a1f6758e7d9,5,5,1.0,unanimous
j_only,U1,U1,6bdd73210307,5,5,1.0,unanimous
j_only,U1,U1,6d850c9bb9a8,5,5,1.0,unanimous
j_only,U1,U1,6df425a01e7e,5,5,1.0,unanimous
j_only,U1,U1,6df59e956a95,5,5,1.0,unanimous
j_only,U1,U1,6e3fc24135dd,5,5,1.0,unanimous
j_only,U1,U1,6e65a2b06b3e,5,5,1.0,unanimous
j_only,U1,U1,6ebaa814e4ad,5,3,0.6,flickering
j_only,U1,U1,70d66563e84a,5,5,1.0,unanimous
j_only,U1,U1,72eed7e29e02,5,5,1.0,unanimous
j_only,U1,U1,7415e35108cc,5,5,1.0,unanimous
j_only,U1,U1,74fb44a7acc9,5,2,0.4,flickering
j_only,U1,U1,754832888538,5,5,1.0,unanimous
j_only,U1,U1,760bf1553c4d,5,5,1.0,unanimous
j_only,U1,U1,774568d1460a,5,4,0.8,flickering
j_only,U1,U1,77e8cca793fb,5,4,0.8,flickering
j_only,U1,U1,7803d9a85054,5,5,1.0,unanimous
j_only,U1,U1,78230d2a0091,5,5,1.0,unanimous
j_only,U1,U1,7a02d7111976,5,5,1.0,unanimous
j_only,U1,U1,7a7a77e77a46,5,5,1.0,unanimous
j_only,U1,U1,7b77237aee10,5,5,1.0,unanimous
j_only,U1,U1,7c3d9a994e6f,5,2,0.4,flickering
j_only,U1,U1,7cebf4fe20ee,5,5,1.0,unanimous
j_only,U1,U1,7df672f007f4,5,5,1.0,unanimous
j_only,U1,U1,7e30c8259061,5,2,0.4,flickering
j_only,U1,U1,7e49e32d201b,5,5,1.0,unanimous
j_only,U1,U1,7e6b0d276a55,5,5,1.0,unanimous
j_only,U1,U1,7f427673957c,5,5,1.0,unanimous
j_only,U1,U1,7f45c1d942fc,5,5,1.0,unanimous
j_only,U1,U1,805f4872bae8,5,4,0.8,flickering
j_only,U1,U1,8078cef39704,5,5,1.0,unanimous
j_only,U1,U1,80db6dd984d5,5,5,1.0,unanimous
j_only,U1,U1,8132df5e7a12,5,5,1.0,unanimous
j_only,U1,U1,81607c6d9629,5,5,1.0,unanimous
j_only,U1,U1,81a87f78403c,5,5,1.0,unanimous
j_only,U1,U1,83b57a05ab3c,5,4,0.8,flickering
j_only,U1,U1,849b8319a75f,5,2,0.4,flickering
j_only,U1,U1,86090feb7a89,5,5,1.0,unanimous
j_only,U1,U1,87ecf58e6b0c,5,5,1.0,unanimous
j_only,U1,U1,8a4969fb9f3f,5,5,1.0,unanimous
j_only,U1,U1,8b87a89244e2,5,3,0.6,flickering
j_only,U1,U1,8ba39229aeac,5,5,1.0,unanimous
j_only,U1,U1,8ca47f754a8b,5,5,1.0,unanimous
j_only,U1,U1,8cfe1edbd00f,5,5,1.0,unanimous
j_only,U1,U1,8e335947c0e1,5,5,1.0,unanimous
j_only,U1,U1,8e3c2e92cbc0,5,5,1.0,unanimous
j_only,U1,U1,8e440b80a157,5,5,1.0,unanimous
j_only,U1,U1,90b23b744311,5,5,1.0,unanimous
j_only,U1,U1,9167dfcb1faa,5,5,1.0,unanimous
j_only,U1,U1,91987904b44b,5,2,0.4,flickering
j_only,U1,U1,93630e0a3d67,5,5,1.0,unanimous
j_only,U1,U1,942b571c83ec,5,5,1.0,unanimous
j_only,U1,U1,94bc5a480449,5,2,0.4,flickering
j_only,U1,U1,94bf93368c00,5,5,1.0,unanimous
j_only,U1,U1,953cf8b9cd02,5,2,0.4,flickering
j_only,U1,U1,9623f8400850,5,5,1.0,unanimous
j_only,U1,U1,96e911c67649,5,5,1.0,unanimous
j_only,U1,U1,97abaa333a90,5,5,1.0,unanimous
j_only,U1,U1,9906ba89a54d,5,5,1.0,unanimous
j_only,U1,U1,99d069fa1546,5,4,0.8,flickering
j_only,U1,U1,9a9eff6df503,5,5,1.0,unanimous
j_only,U1,U1,9b00fd3c63f5,5,3,0.6,flickering
j_only,U1,U1,9b8faec4d9b1,5,5,1.0,unanimous
j_only,U1,U1,9bbcadeaa0fa,5,5,1.0,unanimous
j_only,U1,U1,9bef5c2501ee,5,5,1.0,unanimous
j_only,U1,U1,9d41a00a9c93,5,5,1.0,unanimous
j_only,U1,U1,9dfe141cf391,5,5,1.0,unanimous
j_only,U1,U1,9fd1f741bc64,5,5,1.0,unanimous
j_only,U1,U1,a03d48541430,5,5,1.0,unanimous
j_only,U1,U1,a0b20e4df225,5,2,0.4,flickering
j_only,U1,U1,a0def0e8f780,5,3,0.6,flickering
j_only,U1,U1,a21113615ced,5,5,1.0,unanimous
j_only,U1,U1,a2ee1ad7e572,5,5,1.0,unanimous
j_only,U1,U1,a32fbd13c2e3,5,5,1.0,unanimous
j_only,U1,U1,a41084c34754,5,5,1.0,unanimous
j_only,U1,U1,a4265bd21da8,5,2,0.4,flickering
j_only,U1,U1,a44c5fe6a989,5,3,0.6,flickering
j_only,U1,U1,a45c83f69ba7,5,3,0.6,flickering
j_only,U1,U1,a5e0df042d50,5,5,1.0,unanimous
j_only,U1,U1,a69a5c9bdd1d,5,5,1.0,unanimous
j_only,U1,U1,a82568887b73,5,5,1.0,unanimous
j_only,U1,U1,ad4a3ebaa5bc,5,5,1.0,unanimous
j_only,U1,U1,ae184ed23fd2,5,5,1.0,unanimous
j_only,U1,U1,aebd35259e42,5,5,1.0,unanimous
j_only,U1,U1,afe283c2f92e,5,5,1.0,unanimous
j_only,U1,U1,b0c69164f2c2,5,2,0.4,flickering
j_only,U1,U1,b2790c4ddf09,5,5,1.0,unanimous
j_only,U1,U1,b38b2a0c0e03,5,5,1.0,unanimous
j_only,U1,U1,b498f4cd8561,5,5,1.0,unanimous
j_only,U1,U1,b4b46e41a207,5,5,1.0,unanimous
j_only,U1,U1,b71b3713bf7e,5,3,0.6,flickering
j_only,U1,U1,b73f5ed4014d,5,5,1.0,unanimous
j_only,U1,U1,b747c4e5f4ac,5,5,1.0,unanimous
j_only,U1,U1,b7ab98dbfd54,5,5,1.0,unanimous
j_only,U1,U1,b8c47f333bb5,5,4,0.8,flickering
j_only,U1,U1,ba1df2e0ede2,5,5,1.0,unanimous
j_only,U1,U1,ba73af4e78a2,5,5,1.0,unanimous
j_only,U1,U1,baca3b71517c,5,5,1.0,unanimous
j_only,U1,U1,bb4148602b38,5,5,1.0,unanimous
j_only,U1,U1,bbea276f3086,5,5,1.0,unanimous
j_only,U1,U1,bbf0a1f63b46,5,5,1.0,unanimous
j_only,U1,U1,be79c347aa60,5,5,1.0,unanimous
j_only,U1,U1,bee5861ae116,5,5,1.0,unanimous
j_only,U1,U1,bf53db1c5f96,5,5,1.0,unanimous
j_only,U1,U1,bfc9fd64bb7b,5,5,1.0,unanimous
j_only,U1,U1,c080e2571f6a,5,5,1.0,unanimous
j_only,U1,U1,c1ee1d19767b,5,5,1.0,unanimous
j_only,U1,U1,c37b7a2d4ebd,5,5,1.0,unanimous
j_only,U1,U1,c3a619319924,5,5,1.0,unanimous
j_only,U1,U1,c6fa35b52649,5,3,0.6,flickering
j_only,U1,U1,c7436f1e497c,5,5,1.0,unanimous
j_only,U1,U1,c7550543387f,5,5,1.0,unanimous
j_only,U1,U1,c8b99a321068,5,1,0.2,flickering
j_only,U1,U1,c95cf215efb4,5,5,1.0,unanimous
j_only,U1,U1,c9b8620edc48,5,2,0.4,flickering
j_only,U1,U1,c9d423f4830b,5,5,1.0,unanimous
j_only,U1,U1,c9f7d2e17c2a,5,3,0.6,flickering
j_only,U1,U1,cb577e429912,5,5,1.0,unanimous
j_only,U1,U1,cb74cfb960dd,5,3,0.6,flickering
j_only,U1,U1,cb8d47011c7b,5,5,1.0,unanimous
j_only,U1,U1,cd161c6d2917,5,5,1.0,unanimous
j_only,U1,U1,cd554c210646,5,5,1.0,unanimous
j_only,U1,U1,cd9b0d4387fc,5,5,1.0,unanimous
j_only,U1,U1,ce0620750a2c,5,5,1.0,unanimous
j_only,U1,U1,cf3cfeed36df,5,5,1.0,unanimous
j_only,U1,U1,cfa9b6bdca54,5,5,1.0,unanimous
j_only,U1,U1,cfec2db4e8d7,5,5,1.0,unanimous
j_only,U1,U1,d2148c314266,5,5,1.0,unanimous
j_only,U1,U1,d4cdd75dc42a,5,5,1.0,unanimous
j_only,U1,U1,d6342c6ebaac,5,5,1.0,unanimous
j_only,U1,U1,d64e8b13bb9b,5,4,0.8,flickering
j_only,U1,U1,d6ba0fff7766,5,5,1.0,unanimous
j_only,U1,U1,d75b4cbb6504,5,5,1.0,unanimous
j_only,U1,U1,d7edd402f862,5,5,1.0,unanimous
j_only,U1,U1,d8dfa8ae12d2,5,4,0.8,flickering
j_only,U1,U1,d912436f2119,5,3,0.6,flickering
j_only,U1,U1,dab8bf6d9681,5,5,1.0,unanimous
j_only,U1,U1,db6b212b08de,5,5,1.0,unanimous
j_only,U1,U1,dbc0cd127ca0,5,2,0.4,flickering
j_only,U1,U1,dceec3c64e83,5,5,1.0,unanimous
j_only,U1,U1,dd9481d7200f,5,5,1.0,unanimous
j_only,U1,U1,e09ebc09591c,5,5,1.0,unanimous
j_only,U1,U1,e0c26c29dd33,5,3,0.6,flickering
j_only,U1,U1,e214388abd4f,5,4,0.8,flickering
j_only,U1,U1,e2827a5d260a,5,5,1.0,unanimous
j_only,U1,U1,e2aa21641a6f,5,3,0.6,flickering
j_only,U1,U1,e4745f13bbb4,5,5,1.0,unanimous
j_only,U1,U1,e57564408718,5,5,1.0,unanimous
j_only,U1,U1,e588129c3f2f,5,5,1.0,unanimous
j_only,U1,U1,e5cd0826ccfa,5,4,0.8,flickering
j_only,U1,U1,e68e6ab7e5af,5,4,0.8,flickering
j_only,U1,U1,ea1f6637fdad,5,5,1.0,unanimous
j_only,U1,U1,eb081c1ea631,5,5,1.0,unanimous
j_only,U1,U1,ec36fab3fcd8,5,4,0.8,flickering
j_only,U1,U1,ed25d91cd910,5,5,1.0,unanimous
j_only,U1,U1,ee5e2d9e72a7,5,5,1.0,unanimous
j_only,U1,U1,ef9277c4054f,5,3,0.6,flickering
j_only,U1,U1,f19c50362dd0,5,5,1.0,unanimous
j_only,U1,U1,f301c4c40fe7,5,5,1.0,unanimous
j_only,U1,U1,f37e85a4c407,5,5,1.0,unanimous
j_only,U1,U1,f3cbf2089cd8,5,4,0.8,flickering
j_only,U1,U1,f47252c3b412,5,5,1.0,unanimous
j_only,U1,U1,f4f868eb242a,5,1,0.2,flickering
j_only,U1,U1,f57b85b8c16e,5,5,1.0,unanimous
j_only,U1,U1,f59b70069029,5,2,0.4,flickering
j_only,U1,U1,f59c1123c57c,5,5,1.0,unanimous
j_only,U1,U1,fa936747b53e,5,5,1.0,unanimous
j_only,U1,U1,fad7d84a6b2b,5,5,1.0,unanimous
j_only,U1,U1,fb0061bbb89c,5,5,1.0,unanimous
j_only,U1,U1,fb5a123a805f,5,5,1.0,unanimous
j_only,U1,U1,fb78cd234795,5,4,0.8,flickering
j_only,U1,U1,fc1af8998b89,5,3,0.6,flickering
j_only,U1,U1,fc51297a412d,5,5,1.0,unanimous
j_only,U1,U1,fcd053a713e3,5,5,1.0,unanimous
j_only,U1,U1,fcee27de1d97,5,5,1.0,unanimous
j_only,U1,U1,fd5adc3e3a3a,5,5,1.0,unanimous
j_only,U1,U1,fe727d4718be,5,5,1.0,unanimous
j_only,U1,U1,ff5570d33911,5,5,1.0,unanimous
j_only,U2,U2,a0def0e8f780,5,1,0.2,flickering
j_only,U2,U2,c6fa35b52649,5,1,0.2,flickering
j_only,U3,U3,01d3ad510b42,5,2,0.4,flickering
j_only,U3,U3,02de4bafb196,5,4,0.8,flickering
j_only,U3,U3,039ed8d2c4fe,5,4,0.8,flickering
j_only,U3,U3,043aa1b0134c,5,5,1.0,unanimous
j_only,U3,U3,046e6d52bc8e,5,1,0.2,flickering
j_only,U3,U3,04f6f12c9dd1,5,5,1.0,unanimous
j_only,U3,U3,0686dccb5baa,5,4,0.8,flickering
j_only,U3,U3,0688cd1db5ca,5,5,1.0,unanimous
j_only,U3,U3,06ed3c1819be,5,4,0.8,flickering
j_only,U3,U3,084b592e02b3,5,5,1.0,unanimous
j_only,U3,U3,088747fa7d04,5,1,0.2,flickering
j_only,U3,U3,08ad0e53abb1,5,3,0.6,flickering
j_only,U3,U3,0a81f336c8fb,5,5,1.0,unanimous
j_only,U3,U3,0adf2d15eb47,5,4,0.8,flickering
j_only,U3,U3,0b6eb6e593c5,5,2,0.4,flickering
j_only,U3,U3,0bf1eff0c800,5,5,1.0,unanimous
j_only,U3,U3,0d63f36e3688,5,5,1.0,unanimous
j_only,U3,U3,0d8f07836540,5,5,1.0,unanimous
j_only,U3,U3,0f5f4d284afb,5,5,1.0,unanimous
j_only,U3,U3,109ca777fa12,5,5,1.0,unanimous
j_only,U3,U3,112d585f8fdf,5,1,0.2,flickering
j_only,U3,U3,134acf006762,5,2,0.4,flickering
j_only,U3,U3,14ab57dc9ec8,5,4,0.8,flickering
j_only,U3,U3,14d73efad7ab,5,3,0.6,flickering
j_only,U3,U3,16ac7d4eada1,5,2,0.4,flickering
j_only,U3,U3,1921370ef769,5,5,1.0,unanimous
j_only,U3,U3,1b3433cd4628,5,4,0.8,flickering
j_only,U3,U3,1bce6dff94b8,5,2,0.4,flickering
j_only,U3,U3,1c36cac6bccc,5,5,1.0,unanimous
j_only,U3,U3,1c99d4b10868,5,3,0.6,flickering
j_only,U3,U3,1d3a4f93114f,5,5,1.0,unanimous
j_only,U3,U3,1dc1f1d9c3bd,5,3,0.6,flickering
j_only,U3,U3,1e85a8697898,5,5,1.0,unanimous
j_only,U3,U3,1fb5bb36812c,5,5,1.0,unanimous
j_only,U3,U3,1fb64399ccd8,5,3,0.6,flickering
j_only,U3,U3,2065ada1a306,5,1,0.2,flickering
j_only,U3,U3,209fa336c13a,5,4,0.8,flickering
j_only,U3,U3,21da45ff7758,5,3,0.6,flickering
j_only,U3,U3,23161751e203,5,4,0.8,flickering
j_only,U3,U3,2440338f40ce,5,5,1.0,unanimous
j_only,U3,U3,25b03ee6601d,5,5,1.0,unanimous
j_only,U3,U3,2802cf486896,5,3,0.6,flickering
j_only,U3,U3,2a0d8f20ab72,5,4,0.8,flickering
j_only,U3,U3,2a27a571e7fc,5,5,1.0,unanimous
j_only,U3,U3,2aa0f685bafa,5,4,0.8,flickering
j_only,U3,U3,2c0cb0230b61,5,3,0.6,flickering
j_only,U3,U3,2c7c7c5def5a,5,1,0.2,flickering
j_only,U3,U3,2cabf84d8c88,5,4,0.8,flickering
j_only,U3,U3,2e9adc656f2b,5,5,1.0,unanimous
j_only,U3,U3,2fb56e19e29d,5,1,0.2,flickering
j_only,U3,U3,30b481a7c8e2,5,5,1.0,unanimous
j_only,U3,U3,31a19e00325e,5,4,0.8,flickering
j_only,U3,U3,31a2fec2be77,5,5,1.0,unanimous
j_only,U3,U3,31b5e609ef46,5,3,0.6,flickering
j_only,U3,U3,3257ed9e00aa,5,5,1.0,unanimous
j_only,U3,U3,362055c7a5a9,5,5,1.0,unanimous
j_only,U3,U3,3680e8deae2f,5,2,0.4,flickering
j_only,U3,U3,37c368833872,5,2,0.4,flickering
j_only,U3,U3,37f61727e427,5,4,0.8,flickering
j_only,U3,U3,3885f7d6d282,5,5,1.0,unanimous
j_only,U3,U3,39b63b84df43,5,1,0.2,flickering
j_only,U3,U3,3a2203603d61,5,4,0.8,flickering
j_only,U3,U3,3c4f97f6fb20,5,2,0.4,flickering
j_only,U3,U3,3cb443c08221,5,3,0.6,flickering
j_only,U3,U3,3ff2979ec750,5,2,0.4,flickering
j_only,U3,U3,408fd2a91abd,5,5,1.0,unanimous
j_only,U3,U3,410ecd5b1e40,5,1,0.2,flickering
j_only,U3,U3,430464d25f28,5,4,0.8,flickering
j_only,U3,U3,43748fb30948,5,5,1.0,unanimous
j_only,U3,U3,43e4036c30f9,5,1,0.2,flickering
j_only,U3,U3,4463568f621e,5,4,0.8,flickering
j_only,U3,U3,447d40f8ace5,5,5,1.0,unanimous
j_only,U3,U3,4707c2930bd5,5,5,1.0,unanimous
j_only,U3,U3,472b9b93ad9f,5,5,1.0,unanimous
j_only,U3,U3,49067b2ff40c,5,4,0.8,flickering
j_only,U3,U3,4bb8afe35408,5,5,1.0,unanimous
j_only,U3,U3,4f06bfffb535,5,2,0.4,flickering
j_only,U3,U3,4fdfdbf582cb,5,5,1.0,unanimous
j_only,U3,U3,4ff4163fd5c7,5,4,0.8,flickering
j_only,U3,U3,512ffd6391ed,5,2,0.4,flickering
j_only,U3,U3,5341a4972339,5,5,1.0,unanimous
j_only,U3,U3,5478288b68f4,5,4,0.8,flickering
j_only,U3,U3,55157f0433cc,5,4,0.8,flickering
j_only,U3,U3,560a71c4eb88,5,5,1.0,unanimous
j_only,U3,U3,57d543f72b94,5,5,1.0,unanimous
j_only,U3,U3,5860caa8b811,5,5,1.0,unanimous
j_only,U3,U3,5932b68b6a3b,5,5,1.0,unanimous
j_only,U3,U3,5aefd3e8b445,5,1,0.2,flickering
j_only,U3,U3,5ccdfc01ba3c,5,1,0.2,flickering
j_only,U3,U3,5cdb0ba3c556,5,4,0.8,flickering
j_only,U3,U3,5d40cd729024,5,5,1.0,unanimous
j_only,U3,U3,5e17e32670ea,5,3,0.6,flickering
j_only,U3,U3,5e3faa420f8a,5,2,0.4,flickering
j_only,U3,U3,5eb14f8b3cdc,5,5,1.0,unanimous
j_only,U3,U3,5ebba28b6c1b,5,5,1.0,unanimous
j_only,U3,U3,60160115004c,5,3,0.6,flickering
j_only,U3,U3,6025e1fa5134,5,4,0.8,flickering
j_only,U3,U3,6103d326f1f4,5,2,0.4,flickering
j_only,U3,U3,615c9cf6b7e2,5,2,0.4,flickering
j_only,U3,U3,62126c371107,5,3,0.6,flickering
j_only,U3,U3,624266e9f779,5,5,1.0,unanimous
j_only,U3,U3,628cb522c3cd,5,2,0.4,flickering
j_only,U3,U3,62e2c124f989,5,4,0.8,flickering
j_only,U3,U3,643832575481,5,5,1.0,unanimous
j_only,U3,U3,64cf0bbee592,5,2,0.4,flickering
j_only,U3,U3,65008302b1e5,5,5,1.0,unanimous
j_only,U3,U3,660cc534fc78,5,1,0.2,flickering
j_only,U3,U3,66604d92cdf6,5,4,0.8,flickering
j_only,U3,U3,684536b07bc7,5,5,1.0,unanimous
j_only,U3,U3,688178e946ff,5,5,1.0,unanimous
j_only,U3,U3,69262ac8f823,5,2,0.4,flickering
j_only,U3,U3,6980ae227761,5,5,1.0,unanimous
j_only,U3,U3,699afdbeba4d,5,5,1.0,unanimous
j_only,U3,U3,6a1f6758e7d9,5,5,1.0,unanimous
j_only,U3,U3,6bdd73210307,5,4,0.8,flickering
j_only,U3,U3,6d850c9bb9a8,5,4,0.8,flickering
j_only,U3,U3,6df425a01e7e,5,5,1.0,unanimous
j_only,U3,U3,6df59e956a95,5,4,0.8,flickering
j_only,U3,U3,6e3fc24135dd,5,5,1.0,unanimous
j_only,U3,U3,6e65a2b06b3e,5,5,1.0,unanimous
j_only,U3,U3,6ebaa814e4ad,5,4,0.8,flickering
j_only,U3,U3,70d66563e84a,5,5,1.0,unanimous
j_only,U3,U3,72eed7e29e02,5,5,1.0,unanimous
j_only,U3,U3,7415e35108cc,5,5,1.0,unanimous
j_only,U3,U3,754832888538,5,5,1.0,unanimous
j_only,U3,U3,760bf1553c4d,5,4,0.8,flickering
j_only,U3,U3,774568d1460a,5,1,0.2,flickering
j_only,U3,U3,77e8cca793fb,5,2,0.4,flickering
j_only,U3,U3,7803d9a85054,5,2,0.4,flickering
j_only,U3,U3,78230d2a0091,5,5,1.0,unanimous
j_only,U3,U3,7a02d7111976,5,4,0.8,flickering
j_only,U3,U3,7a7a77e77a46,5,5,1.0,unanimous
j_only,U3,U3,7b77237aee10,5,4,0.8,flickering
j_only,U3,U3,7c3d9a994e6f,5,1,0.2,flickering
j_only,U3,U3,7cebf4fe20ee,5,5,1.0,unanimous
j_only,U3,U3,7e30c8259061,5,2,0.4,flickering
j_only,U3,U3,7e49e32d201b,5,5,1.0,unanimous
j_only,U3,U3,7e6b0d276a55,5,2,0.4,flickering
j_only,U3,U3,7f427673957c,5,5,1.0,unanimous
j_only,U3,U3,7f45c1d942fc,5,4,0.8,flickering
j_only,U3,U3,805f4872bae8,5,5,1.0,unanimous
j_only,U3,U3,8078cef39704,5,5,1.0,unanimous
j_only,U3,U3,80db6dd984d5,5,5,1.0,unanimous
j_only,U3,U3,8132df5e7a12,5,4,0.8,flickering
j_only,U3,U3,81607c6d9629,5,4,0.8,flickering
j_only,U3,U3,81a87f78403c,5,3,0.6,flickering
j_only,U3,U3,83b57a05ab3c,5,4,0.8,flickering
j_only,U3,U3,86090feb7a89,5,4,0.8,flickering
j_only,U3,U3,87ecf58e6b0c,5,4,0.8,flickering
j_only,U3,U3,8a4969fb9f3f,5,3,0.6,flickering
j_only,U3,U3,8b87a89244e2,5,1,0.2,flickering
j_only,U3,U3,8ba39229aeac,5,4,0.8,flickering
j_only,U3,U3,8ca47f754a8b,5,5,1.0,unanimous
j_only,U3,U3,8cfe1edbd00f,5,4,0.8,flickering
j_only,U3,U3,8e335947c0e1,5,5,1.0,unanimous
j_only,U3,U3,8e3c2e92cbc0,5,3,0.6,flickering
j_only,U3,U3,8e440b80a157,5,5,1.0,unanimous
j_only,U3,U3,90b23b744311,5,1,0.2,flickering
j_only,U3,U3,9167dfcb1faa,5,4,0.8,flickering
j_only,U3,U3,91987904b44b,5,2,0.4,flickering
j_only,U3,U3,93630e0a3d67,5,5,1.0,unanimous
j_only,U3,U3,942b571c83ec,5,4,0.8,flickering
j_only,U3,U3,94bf93368c00,5,5,1.0,unanimous
j_only,U3,U3,953cf8b9cd02,5,2,0.4,flickering
j_only,U3,U3,9623f8400850,5,5,1.0,unanimous
j_only,U3,U3,96e911c67649,5,4,0.8,flickering
j_only,U3,U3,97abaa333a90,5,5,1.0,unanimous
j_only,U3,U3,9906ba89a54d,5,3,0.6,flickering
j_only,U3,U3,99d069fa1546,5,4,0.8,flickering
j_only,U3,U3,9a9eff6df503,5,4,0.8,flickering
j_only,U3,U3,9b00fd3c63f5,5,2,0.4,flickering
j_only,U3,U3,9b8faec4d9b1,5,5,1.0,unanimous
j_only,U3,U3,9bbcadeaa0fa,5,5,1.0,unanimous
j_only,U3,U3,9bef5c2501ee,5,5,1.0,unanimous
j_only,U3,U3,9d41a00a9c93,5,2,0.4,flickering
j_only,U3,U3,9dfe141cf391,5,5,1.0,unanimous
j_only,U3,U3,9fd1f741bc64,5,4,0.8,flickering
j_only,U3,U3,a03d48541430,5,5,1.0,unanimous
j_only,U3,U3,a0b20e4df225,5,2,0.4,flickering
j_only,U3,U3,a0def0e8f780,5,3,0.6,flickering
j_only,U3,U3,a21113615ced,5,5,1.0,unanimous
j_only,U3,U3,a2ee1ad7e572,5,2,0.4,flickering
j_only,U3,U3,a32fbd13c2e3,5,5,1.0,unanimous
j_only,U3,U3,a41084c34754,5,5,1.0,unanimous
j_only,U3,U3,a44c5fe6a989,5,2,0.4,flickering
j_only,U3,U3,a45c83f69ba7,5,2,0.4,flickering
j_only,U3,U3,a5e0df042d50,5,5,1.0,unanimous
j_only,U3,U3,a69a5c9bdd1d,5,5,1.0,unanimous
j_only,U3,U3,a82568887b73,5,5,1.0,unanimous
j_only,U3,U3,ad4a3ebaa5bc,5,4,0.8,flickering
j_only,U3,U3,ae184ed23fd2,5,4,0.8,flickering
j_only,U3,U3,aebd35259e42,5,5,1.0,unanimous
j_only,U3,U3,afe283c2f92e,5,5,1.0,unanimous
j_only,U3,U3,b2790c4ddf09,5,5,1.0,unanimous
j_only,U3,U3,b38b2a0c0e03,5,4,0.8,flickering
j_only,U3,U3,b498f4cd8561,5,4,0.8,flickering
j_only,U3,U3,b4b46e41a207,5,5,1.0,unanimous
j_only,U3,U3,b71b3713bf7e,5,3,0.6,flickering
j_only,U3,U3,b73f5ed4014d,5,5,1.0,unanimous
j_only,U3,U3,b747c4e5f4ac,5,4,0.8,flickering
j_only,U3,U3,b7ab98dbfd54,5,5,1.0,unanimous
j_only,U3,U3,b8c47f333bb5,5,2,0.4,flickering
j_only,U3,U3,ba1df2e0ede2,5,4,0.8,flickering
j_only,U3,U3,ba73af4e78a2,5,4,0.8,flickering
j_only,U3,U3,baca3b71517c,5,5,1.0,unanimous
j_only,U3,U3,bb4148602b38,5,5,1.0,unanimous
j_only,U3,U3,bbea276f3086,5,5,1.0,unanimous
j_only,U3,U3,bbf0a1f63b46,5,5,1.0,unanimous
j_only,U3,U3,be79c347aa60,5,5,1.0,unanimous
j_only,U3,U3,bee5861ae116,5,5,1.0,unanimous
j_only,U3,U3,bf53db1c5f96,5,5,1.0,unanimous
j_only,U3,U3,bfc9fd64bb7b,5,4,0.8,flickering
j_only,U3,U3,c080e2571f6a,5,5,1.0,unanimous
j_only,U3,U3,c1ee1d19767b,5,2,0.4,flickering
j_only,U3,U3,c37b7a2d4ebd,5,3,0.6,flickering
j_only,U3,U3,c3a619319924,5,4,0.8,flickering
j_only,U3,U3,c6fa35b52649,5,2,0.4,flickering
j_only,U3,U3,c7436f1e497c,5,5,1.0,unanimous
j_only,U3,U3,c7550543387f,5,5,1.0,unanimous
j_only,U3,U3,c8b99a321068,5,1,0.2,flickering
j_only,U3,U3,c95cf215efb4,5,5,1.0,unanimous
j_only,U3,U3,c9d423f4830b,5,5,1.0,unanimous
j_only,U3,U3,c9f7d2e17c2a,5,1,0.2,flickering
j_only,U3,U3,cb577e429912,5,5,1.0,unanimous
j_only,U3,U3,cb74cfb960dd,5,2,0.4,flickering
j_only,U3,U3,cb8d47011c7b,5,4,0.8,flickering
j_only,U3,U3,cd161c6d2917,5,4,0.8,flickering
j_only,U3,U3,cd554c210646,5,4,0.8,flickering
j_only,U3,U3,cd9b0d4387fc,5,4,0.8,flickering
j_only,U3,U3,ce0620750a2c,5,5,1.0,unanimous
j_only,U3,U3,cf3cfeed36df,5,3,0.6,flickering
j_only,U3,U3,cfa9b6bdca54,5,5,1.0,unanimous
j_only,U3,U3,cfec2db4e8d7,5,5,1.0,unanimous
j_only,U3,U3,d2148c314266,5,5,1.0,unanimous
j_only,U3,U3,d4cdd75dc42a,5,4,0.8,flickering
j_only,U3,U3,d6342c6ebaac,5,5,1.0,unanimous
j_only,U3,U3,d64e8b13bb9b,5,4,0.8,flickering
j_only,U3,U3,d6ba0fff7766,5,3,0.6,flickering
j_only,U3,U3,d75b4cbb6504,5,1,0.2,flickering
j_only,U3,U3,d7edd402f862,5,5,1.0,unanimous
j_only,U3,U3,d8dfa8ae12d2,5,2,0.4,flickering
j_only,U3,U3,d912436f2119,5,1,0.2,flickering
j_only,U3,U3,dab8bf6d9681,5,5,1.0,unanimous
j_only,U3,U3,db6b212b08de,5,4,0.8,flickering
j_only,U3,U3,dbc0cd127ca0,5,1,0.2,flickering
j_only,U3,U3,dceec3c64e83,5,5,1.0,unanimous
j_only,U3,U3,dd9481d7200f,5,5,1.0,unanimous
j_only,U3,U3,e09ebc09591c,5,5,1.0,unanimous
j_only,U3,U3,e0c26c29dd33,5,1,0.2,flickering
j_only,U3,U3,e214388abd4f,5,3,0.6,flickering
j_only,U3,U3,e2827a5d260a,5,5,1.0,unanimous
j_only,U3,U3,e2aa21641a6f,5,2,0.4,flickering
j_only,U3,U3,e4745f13bbb4,5,5,1.0,unanimous
j_only,U3,U3,e57564408718,5,2,0.4,flickering
j_only,U3,U3,e588129c3f2f,5,5,1.0,unanimous
j_only,U3,U3,e5cd0826ccfa,5,2,0.4,flickering
j_only,U3,U3,e68e6ab7e5af,5,2,0.4,flickering
j_only,U3,U3,ea1f6637fdad,5,4,0.8,flickering
j_only,U3,U3,eb081c1ea631,5,5,1.0,unanimous
j_only,U3,U3,ec36fab3fcd8,5,4,0.8,flickering
j_only,U3,U3,ed25d91cd910,5,4,0.8,flickering
j_only,U3,U3,ee5e2d9e72a7,5,5,1.0,unanimous
j_only,U3,U3,ef9277c4054f,5,2,0.4,flickering
j_only,U3,U3,f19c50362dd0,5,5,1.0,unanimous
j_only,U3,U3,f301c4c40fe7,5,5,1.0,unanimous
j_only,U3,U3,f37e85a4c407,5,4,0.8,flickering
j_only,U3,U3,f3cbf2089cd8,5,4,0.8,flickering
j_only,U3,U3,f47252c3b412,5,5,1.0,unanimous
j_only,U3,U3,f57b85b8c16e,5,5,1.0,unanimous
j_only,U3,U3,f59b70069029,5,1,0.2,flickering
j_only,U3,U3,f59c1123c57c,5,5,1.0,unanimous
j_only,U3,U3,fa936747b53e,5,3,0.6,flickering
j_only,U3,U3,fad7d84a6b2b,5,5,1.0,unanimous
j_only,U3,U3,fb0061bbb89c,5,3,0.6,flickering
j_only,U3,U3,fb5a123a805f,5,4,0.8,flickering
j_only,U3,U3,fb78cd234795,5,2,0.4,flickering
j_only,U3,U3,fc1af8998b89,5,1,0.2,flickering
j_only,U3,U3,fc51297a412d,5,5,1.0,unanimous
j_only,U3,U3,fcd053a713e3,5,5,1.0,unanimous
j_only,U3,U3,fcee27de1d97,5,5,1.0,unanimous
j_only,U3,U3,fd5adc3e3a3a,5,5,1.0,unanimous
j_only,U3,U3,fe727d4718be,5,5,1.0,unanimous
j_only,U3,U3,ff5570d33911,5,4,0.8,flickering
j_only,U4,U4,01d3ad510b42,5,4,0.8,flickering
j_only,U4,U4,02de4bafb196,5,3,0.6,flickering
j_only,U4,U4,039ed8d2c4fe,5,3,0.6,flickering
j_only,U4,U4,04278d8d1006,5,1,0.2,flickering
j_only,U4,U4,043aa1b0134c,5,4,0.8,flickering
j_only,U4,U4,046e6d52bc8e,5,2,0.4,flickering
j_only,U4,U4,04827fb71269,5,1,0.2,flickering
j_only,U4,U4,04f6f12c9dd1,5,3,0.6,flickering
j_only,U4,U4,0686dccb5baa,5,5,1.0,unanimous
j_only,U4,U4,0688cd1db5ca,5,5,1.0,unanimous
j_only,U4,U4,06ed3c1819be,5,1,0.2,flickering
j_only,U4,U4,084b592e02b3,5,2,0.4,flickering
j_only,U4,U4,088747fa7d04,5,1,0.2,flickering
j_only,U4,U4,0a81f336c8fb,5,2,0.4,flickering
j_only,U4,U4,0adf2d15eb47,5,3,0.6,flickering
j_only,U4,U4,0b6eb6e593c5,5,3,0.6,flickering
j_only,U4,U4,0bf1eff0c800,5,3,0.6,flickering
j_only,U4,U4,0d34d4795612,5,4,0.8,flickering
j_only,U4,U4,0d63f36e3688,5,3,0.6,flickering
j_only,U4,U4,0d8f07836540,5,3,0.6,flickering
j_only,U4,U4,0f5f4d284afb,5,2,0.4,flickering
j_only,U4,U4,109ca777fa12,5,4,0.8,flickering
j_only,U4,U4,112d585f8fdf,5,2,0.4,flickering
j_only,U4,U4,134acf006762,5,2,0.4,flickering
j_only,U4,U4,14ab57dc9ec8,5,4,0.8,flickering
j_only,U4,U4,14d73efad7ab,5,2,0.4,flickering
j_only,U4,U4,16ac7d4eada1,5,2,0.4,flickering
j_only,U4,U4,1921370ef769,5,2,0.4,flickering
j_only,U4,U4,1b3433cd4628,5,3,0.6,flickering
j_only,U4,U4,1bce6dff94b8,5,2,0.4,flickering
j_only,U4,U4,1c36cac6bccc,5,1,0.2,flickering
j_only,U4,U4,1c99d4b10868,5,1,0.2,flickering
j_only,U4,U4,1e85a8697898,5,2,0.4,flickering
j_only,U4,U4,1fb5bb36812c,5,2,0.4,flickering
j_only,U4,U4,1fb64399ccd8,5,2,0.4,flickering
j_only,U4,U4,2065ada1a306,5,1,0.2,flickering
j_only,U4,U4,209fa336c13a,5,4,0.8,flickering
j_only,U4,U4,21da45ff7758,5,1,0.2,flickering
j_only,U4,U4,23161751e203,5,3,0.6,flickering
j_only,U4,U4,2440338f40ce,5,4,0.8,flickering
j_only,U4,U4,25b03ee6601d,5,3,0.6,flickering
j_only,U4,U4,2a0d8f20ab72,5,4,0.8,flickering
j_only,U4,U4,2a27a571e7fc,5,3,0.6,flickering
j_only,U4,U4,2aa0f685bafa,5,3,0.6,flickering
j_only,U4,U4,2c0cb0230b61,5,2,0.4,flickering
j_only,U4,U4,2c7c7c5def5a,5,2,0.4,flickering
j_only,U4,U4,2cabf84d8c88,5,3,0.6,flickering
j_only,U4,U4,2e9adc656f2b,5,4,0.8,flickering
j_only,U4,U4,2fb56e19e29d,5,2,0.4,flickering
j_only,U4,U4,30b481a7c8e2,5,5,1.0,unanimous
j_only,U4,U4,31a19e00325e,5,2,0.4,flickering
j_only,U4,U4,31a2fec2be77,5,2,0.4,flickering
j_only,U4,U4,31b5e609ef46,5,1,0.2,flickering
j_only,U4,U4,3257ed9e00aa,5,5,1.0,unanimous
j_only,U4,U4,362055c7a5a9,5,4,0.8,flickering
j_only,U4,U4,3680e8deae2f,5,1,0.2,flickering
j_only,U4,U4,37c368833872,5,1,0.2,flickering
j_only,U4,U4,37f61727e427,5,3,0.6,flickering
j_only,U4,U4,3885f7d6d282,5,3,0.6,flickering
j_only,U4,U4,39b63b84df43,5,3,0.6,flickering
j_only,U4,U4,3a2203603d61,5,3,0.6,flickering
j_only,U4,U4,3c4f97f6fb20,5,2,0.4,flickering
j_only,U4,U4,3cb443c08221,5,3,0.6,flickering
j_only,U4,U4,3ff2979ec750,5,3,0.6,flickering
j_only,U4,U4,408fd2a91abd,5,2,0.4,flickering
j_only,U4,U4,410ecd5b1e40,5,1,0.2,flickering
j_only,U4,U4,430464d25f28,5,1,0.2,flickering
j_only,U4,U4,43748fb30948,5,1,0.2,flickering
j_only,U4,U4,43e4036c30f9,5,1,0.2,flickering
j_only,U4,U4,4463568f621e,5,5,1.0,unanimous
j_only,U4,U4,447d40f8ace5,5,4,0.8,flickering
j_only,U4,U4,4707c2930bd5,5,4,0.8,flickering
j_only,U4,U4,472b9b93ad9f,5,3,0.6,flickering
j_only,U4,U4,49067b2ff40c,5,3,0.6,flickering
j_only,U4,U4,4bb8afe35408,5,5,1.0,unanimous
j_only,U4,U4,4f06bfffb535,5,1,0.2,flickering
j_only,U4,U4,4fdfdbf582cb,5,4,0.8,flickering
j_only,U4,U4,4ff4163fd5c7,5,4,0.8,flickering
j_only,U4,U4,512ffd6391ed,5,3,0.6,flickering
j_only,U4,U4,5341a4972339,5,1,0.2,flickering
j_only,U4,U4,5478288b68f4,5,4,0.8,flickering
j_only,U4,U4,55157f0433cc,5,1,0.2,flickering
j_only,U4,U4,560a71c4eb88,5,2,0.4,flickering
j_only,U4,U4,57d543f72b94,5,5,1.0,unanimous
j_only,U4,U4,5860caa8b811,5,2,0.4,flickering
j_only,U4,U4,5932b68b6a3b,5,5,1.0,unanimous
j_only,U4,U4,5aefd3e8b445,5,2,0.4,flickering
j_only,U4,U4,5ccdfc01ba3c,5,3,0.6,flickering
j_only,U4,U4,5cdb0ba3c556,5,2,0.4,flickering
j_only,U4,U4,5d40cd729024,5,4,0.8,flickering
j_only,U4,U4,5e17e32670ea,5,4,0.8,flickering
j_only,U4,U4,5e3faa420f8a,5,2,0.4,flickering
j_only,U4,U4,5eb14f8b3cdc,5,4,0.8,flickering
j_only,U4,U4,5ebba28b6c1b,5,2,0.4,flickering
j_only,U4,U4,60160115004c,5,2,0.4,flickering
j_only,U4,U4,6025e1fa5134,5,2,0.4,flickering
j_only,U4,U4,6103d326f1f4,5,1,0.2,flickering
j_only,U4,U4,62126c371107,5,3,0.6,flickering
j_only,U4,U4,624266e9f779,5,3,0.6,flickering
j_only,U4,U4,628cb522c3cd,5,2,0.4,flickering
j_only,U4,U4,643832575481,5,1,0.2,flickering
j_only,U4,U4,64cf0bbee592,5,3,0.6,flickering
j_only,U4,U4,65008302b1e5,5,3,0.6,flickering
j_only,U4,U4,660cc534fc78,5,1,0.2,flickering
j_only,U4,U4,66604d92cdf6,5,3,0.6,flickering
j_only,U4,U4,684536b07bc7,5,2,0.4,flickering
j_only,U4,U4,688178e946ff,5,3,0.6,flickering
j_only,U4,U4,69262ac8f823,5,1,0.2,flickering
j_only,U4,U4,6980ae227761,5,4,0.8,flickering
j_only,U4,U4,699afdbeba4d,5,3,0.6,flickering
j_only,U4,U4,6a1f6758e7d9,5,4,0.8,flickering
j_only,U4,U4,6bdd73210307,5,1,0.2,flickering
j_only,U4,U4,6d850c9bb9a8,5,3,0.6,flickering
j_only,U4,U4,6df425a01e7e,5,1,0.2,flickering
j_only,U4,U4,6df59e956a95,5,3,0.6,flickering
j_only,U4,U4,6e3fc24135dd,5,5,1.0,unanimous
j_only,U4,U4,6e65a2b06b3e,5,4,0.8,flickering
j_only,U4,U4,6ebaa814e4ad,5,1,0.2,flickering
j_only,U4,U4,70d66563e84a,5,4,0.8,flickering
j_only,U4,U4,72eed7e29e02,5,4,0.8,flickering
j_only,U4,U4,7415e35108cc,5,4,0.8,flickering
j_only,U4,U4,74fb44a7acc9,5,1,0.2,flickering
j_only,U4,U4,754832888538,5,3,0.6,flickering
j_only,U4,U4,760bf1553c4d,5,1,0.2,flickering
j_only,U4,U4,774568d1460a,5,4,0.8,flickering
j_only,U4,U4,77e8cca793fb,5,3,0.6,flickering
j_only,U4,U4,7803d9a85054,5,3,0.6,flickering
j_only,U4,U4,78230d2a0091,5,2,0.4,flickering
j_only,U4,U4,7a02d7111976,5,4,0.8,flickering
j_only,U4,U4,7a7a77e77a46,5,3,0.6,flickering
j_only,U4,U4,7b77237aee10,5,2,0.4,flickering
j_only,U4,U4,7c3d9a994e6f,5,1,0.2,flickering
j_only,U4,U4,7cebf4fe20ee,5,4,0.8,flickering
j_only,U4,U4,7df672f007f4,5,4,0.8,flickering
j_only,U4,U4,7e30c8259061,5,1,0.2,flickering
j_only,U4,U4,7e49e32d201b,5,2,0.4,flickering
j_only,U4,U4,7e6b0d276a55,5,3,0.6,flickering
j_only,U4,U4,7f427673957c,5,3,0.6,flickering
j_only,U4,U4,7f45c1d942fc,5,2,0.4,flickering
j_only,U4,U4,805f4872bae8,5,4,0.8,flickering
j_only,U4,U4,8078cef39704,5,1,0.2,flickering
j_only,U4,U4,80db6dd984d5,5,3,0.6,flickering
j_only,U4,U4,8132df5e7a12,5,4,0.8,flickering
j_only,U4,U4,81607c6d9629,5,2,0.4,flickering
j_only,U4,U4,81a87f78403c,5,4,0.8,flickering
j_only,U4,U4,83b57a05ab3c,5,4,0.8,flickering
j_only,U4,U4,849b8319a75f,5,2,0.4,flickering
j_only,U4,U4,86090feb7a89,5,2,0.4,flickering
j_only,U4,U4,87ecf58e6b0c,5,1,0.2,flickering
j_only,U4,U4,8a4969fb9f3f,5,1,0.2,flickering
j_only,U4,U4,8b87a89244e2,5,1,0.2,flickering
j_only,U4,U4,8ba39229aeac,5,3,0.6,flickering
j_only,U4,U4,8ca47f754a8b,5,4,0.8,flickering
j_only,U4,U4,8cfe1edbd00f,5,1,0.2,flickering
j_only,U4,U4,8e335947c0e1,5,5,1.0,unanimous
j_only,U4,U4,8e3c2e92cbc0,5,5,1.0,unanimous
j_only,U4,U4,8e440b80a157,5,4,0.8,flickering
j_only,U4,U4,90b23b744311,5,3,0.6,flickering
j_only,U4,U4,9167dfcb1faa,5,1,0.2,flickering
j_only,U4,U4,93630e0a3d67,5,4,0.8,flickering
j_only,U4,U4,942b571c83ec,5,2,0.4,flickering
j_only,U4,U4,94bf93368c00,5,3,0.6,flickering
j_only,U4,U4,953cf8b9cd02,5,2,0.4,flickering
j_only,U4,U4,9623f8400850,5,2,0.4,flickering
j_only,U4,U4,96e911c67649,5,3,0.6,flickering
j_only,U4,U4,97abaa333a90,5,4,0.8,flickering
j_only,U4,U4,9906ba89a54d,5,5,1.0,unanimous
j_only,U4,U4,99d069fa1546,5,3,0.6,flickering
j_only,U4,U4,9a9eff6df503,5,4,0.8,flickering
j_only,U4,U4,9b00fd3c63f5,5,3,0.6,flickering
j_only,U4,U4,9b8faec4d9b1,5,3,0.6,flickering
j_only,U4,U4,9bbcadeaa0fa,5,4,0.8,flickering
j_only,U4,U4,9bef5c2501ee,5,3,0.6,flickering
j_only,U4,U4,9d41a00a9c93,5,3,0.6,flickering
j_only,U4,U4,9dfe141cf391,5,4,0.8,flickering
j_only,U4,U4,9fd1f741bc64,5,3,0.6,flickering
j_only,U4,U4,a03d48541430,5,4,0.8,flickering
j_only,U4,U4,a0b20e4df225,5,1,0.2,flickering
j_only,U4,U4,a0def0e8f780,5,2,0.4,flickering
j_only,U4,U4,a21113615ced,5,2,0.4,flickering
j_only,U4,U4,a2ee1ad7e572,5,2,0.4,flickering
j_only,U4,U4,a32fbd13c2e3,5,3,0.6,flickering
j_only,U4,U4,a41084c34754,5,1,0.2,flickering
j_only,U4,U4,a4265bd21da8,5,2,0.4,flickering
j_only,U4,U4,a44c5fe6a989,5,2,0.4,flickering
j_only,U4,U4,a45c83f69ba7,5,2,0.4,flickering
j_only,U4,U4,a5e0df042d50,5,4,0.8,flickering
j_only,U4,U4,a69a5c9bdd1d,5,4,0.8,flickering
j_only,U4,U4,a82568887b73,5,2,0.4,flickering
j_only,U4,U4,ad4a3ebaa5bc,5,1,0.2,flickering
j_only,U4,U4,ae184ed23fd2,5,4,0.8,flickering
j_only,U4,U4,aebd35259e42,5,2,0.4,flickering
j_only,U4,U4,afe283c2f92e,5,3,0.6,flickering
j_only,U4,U4,b0c69164f2c2,5,1,0.2,flickering
j_only,U4,U4,b2790c4ddf09,5,4,0.8,flickering
j_only,U4,U4,b38b2a0c0e03,5,4,0.8,flickering
j_only,U4,U4,b498f4cd8561,5,3,0.6,flickering
j_only,U4,U4,b4b46e41a207,5,1,0.2,flickering
j_only,U4,U4,b73f5ed4014d,5,2,0.4,flickering
j_only,U4,U4,b747c4e5f4ac,5,5,1.0,unanimous
j_only,U4,U4,b7ab98dbfd54,5,3,0.6,flickering
j_only,U4,U4,b8c47f333bb5,5,2,0.4,flickering
j_only,U4,U4,ba1df2e0ede2,5,3,0.6,flickering
j_only,U4,U4,ba73af4e78a2,5,5,1.0,unanimous
j_only,U4,U4,baca3b71517c,5,2,0.4,flickering
j_only,U4,U4,bb4148602b38,5,3,0.6,flickering
j_only,U4,U4,bbea276f3086,5,3,0.6,flickering
j_only,U4,U4,bbf0a1f63b46,5,4,0.8,flickering
j_only,U4,U4,be79c347aa60,5,2,0.4,flickering
j_only,U4,U4,bee5861ae116,5,2,0.4,flickering
j_only,U4,U4,bf53db1c5f96,5,3,0.6,flickering
j_only,U4,U4,bfc9fd64bb7b,5,3,0.6,flickering
j_only,U4,U4,c080e2571f6a,5,1,0.2,flickering
j_only,U4,U4,c1ee1d19767b,5,1,0.2,flickering
j_only,U4,U4,c37b7a2d4ebd,5,3,0.6,flickering
j_only,U4,U4,c3a619319924,5,3,0.6,flickering
j_only,U4,U4,c6fa35b52649,5,1,0.2,flickering
j_only,U4,U4,c7436f1e497c,5,3,0.6,flickering
j_only,U4,U4,c7550543387f,5,3,0.6,flickering
j_only,U4,U4,c8b99a321068,5,1,0.2,flickering
j_only,U4,U4,c95cf215efb4,5,4,0.8,flickering
j_only,U4,U4,c9b8620edc48,5,2,0.4,flickering
j_only,U4,U4,c9d423f4830b,5,3,0.6,flickering
j_only,U4,U4,c9f7d2e17c2a,5,3,0.6,flickering
j_only,U4,U4,cb577e429912,5,5,1.0,unanimous
j_only,U4,U4,cb74cfb960dd,5,1,0.2,flickering
j_only,U4,U4,cb8d47011c7b,5,2,0.4,flickering
j_only,U4,U4,cd161c6d2917,5,5,1.0,unanimous
j_only,U4,U4,cd554c210646,5,3,0.6,flickering
j_only,U4,U4,cd9b0d4387fc,5,1,0.2,flickering
j_only,U4,U4,ce0620750a2c,5,2,0.4,flickering
j_only,U4,U4,cf3cfeed36df,5,2,0.4,flickering
j_only,U4,U4,cfa9b6bdca54,5,2,0.4,flickering
j_only,U4,U4,cfec2db4e8d7,5,5,1.0,unanimous
j_only,U4,U4,d4cdd75dc42a,5,4,0.8,flickering
j_only,U4,U4,d6342c6ebaac,5,5,1.0,unanimous
j_only,U4,U4,d64e8b13bb9b,5,2,0.4,flickering
j_only,U4,U4,d6ba0fff7766,5,1,0.2,flickering
j_only,U4,U4,d75b4cbb6504,5,2,0.4,flickering
j_only,U4,U4,d7edd402f862,5,5,1.0,unanimous
j_only,U4,U4,d8dfa8ae12d2,5,3,0.6,flickering
j_only,U4,U4,d912436f2119,5,3,0.6,flickering
j_only,U4,U4,dab8bf6d9681,5,4,0.8,flickering
j_only,U4,U4,db6b212b08de,5,2,0.4,flickering
j_only,U4,U4,dbc0cd127ca0,5,1,0.2,flickering
j_only,U4,U4,dceec3c64e83,5,4,0.8,flickering
j_only,U4,U4,dd9481d7200f,5,4,0.8,flickering
j_only,U4,U4,e09ebc09591c,5,3,0.6,flickering
j_only,U4,U4,e0c26c29dd33,5,3,0.6,flickering
j_only,U4,U4,e2827a5d260a,5,1,0.2,flickering
j_only,U4,U4,e4745f13bbb4,5,3,0.6,flickering
j_only,U4,U4,e57564408718,5,2,0.4,flickering
j_only,U4,U4,e588129c3f2f,5,4,0.8,flickering
j_only,U4,U4,e5cd0826ccfa,5,2,0.4,flickering
j_only,U4,U4,e68e6ab7e5af,5,2,0.4,flickering
j_only,U4,U4,ea1f6637fdad,5,3,0.6,flickering
j_only,U4,U4,eb081c1ea631,5,5,1.0,unanimous
j_only,U4,U4,ec36fab3fcd8,5,1,0.2,flickering
j_only,U4,U4,ed25d91cd910,5,4,0.8,flickering
j_only,U4,U4,ee5e2d9e72a7,5,2,0.4,flickering
j_only,U4,U4,ef9277c4054f,5,2,0.4,flickering
j_only,U4,U4,f19c50362dd0,5,2,0.4,flickering
j_only,U4,U4,f301c4c40fe7,5,4,0.8,flickering
j_only,U4,U4,f37e85a4c407,5,1,0.2,flickering
j_only,U4,U4,f3cbf2089cd8,5,1,0.2,flickering
j_only,U4,U4,f47252c3b412,5,4,0.8,flickering
j_only,U4,U4,f4f868eb242a,5,1,0.2,flickering
j_only,U4,U4,f57b85b8c16e,5,2,0.4,flickering
j_only,U4,U4,f59b70069029,5,1,0.2,flickering
j_only,U4,U4,f59c1123c57c,5,3,0.6,flickering
j_only,U4,U4,fa936747b53e,5,4,0.8,flickering
j_only,U4,U4,fad7d84a6b2b,5,3,0.6,flickering
j_only,U4,U4,fb0061bbb89c,5,2,0.4,flickering
j_only,U4,U4,fb5a123a805f,5,4,0.8,flickering
j_only,U4,U4,fb78cd234795,5,3,0.6,flickering
j_only,U4,U4,fc1af8998b89,5,1,0.2,flickering
j_only,U4,U4,fc51297a412d,5,2,0.4,flickering
j_only,U4,U4,fcd053a713e3,5,3,0.6,flickering
j_only,U4,U4,fcee27de1d97,5,3,0.6,flickering
j_only,U4,U4,fd5adc3e3a3a,5,2,0.4,flickering
j_only,U4,U4,fe727d4718be,5,3,0.6,flickering
j_only,U4,U4,ff5570d33911,5,3,0.6,flickering
j_all,F1,F1,02de4bafb196,5,5,1.0,unanimous
j_all,F1,F1,039ed8d2c4fe,5,5,1.0,unanimous
j_all,F1,F1,043aa1b0134c,5,4,0.8,flickering
j_all,F1,F1,04f6f12c9dd1,5,5,1.0,unanimous
j_all,F1,F1,0686dccb5baa,5,3,0.6,flickering
j_all,F1,F1,0688cd1db5ca,5,4,0.8,flickering
j_all,F1,F1,06ed3c1819be,5,3,0.6,flickering
j_all,F1,F1,0a81f336c8fb,5,4,0.8,flickering
j_all,F1,F1,0adf2d15eb47,5,4,0.8,flickering
j_all,F1,F1,0bf1eff0c800,5,3,0.6,flickering
j_all,F1,F1,0d63f36e3688,5,5,1.0,unanimous
j_all,F1,F1,0d8f07836540,5,1,0.2,flickering
j_all,F1,F1,0f5f4d284afb,5,5,1.0,unanimous
j_all,F1,F1,109ca777fa12,5,5,1.0,unanimous
j_all,F1,F1,14ab57dc9ec8,5,1,0.2,flickering
j_all,F1,F1,1921370ef769,5,5,1.0,unanimous
j_all,F1,F1,1b3433cd4628,5,4,0.8,flickering
j_all,F1,F1,1c36cac6bccc,5,2,0.4,flickering
j_all,F1,F1,1c99d4b10868,5,5,1.0,unanimous
j_all,F1,F1,1d3a4f93114f,5,3,0.6,flickering
j_all,F1,F1,1e85a8697898,5,2,0.4,flickering
j_all,F1,F1,1fb5bb36812c,5,5,1.0,unanimous
j_all,F1,F1,1fb64399ccd8,5,5,1.0,unanimous
j_all,F1,F1,209fa336c13a,5,5,1.0,unanimous
j_all,F1,F1,23161751e203,5,5,1.0,unanimous
j_all,F1,F1,2440338f40ce,5,5,1.0,unanimous
j_all,F1,F1,25b03ee6601d,5,4,0.8,flickering
j_all,F1,F1,2a0d8f20ab72,5,4,0.8,flickering
j_all,F1,F1,2a27a571e7fc,5,5,1.0,unanimous
j_all,F1,F1,2aa0f685bafa,5,5,1.0,unanimous
j_all,F1,F1,2cabf84d8c88,5,5,1.0,unanimous
j_all,F1,F1,2e9adc656f2b,5,4,0.8,flickering
j_all,F1,F1,30b481a7c8e2,5,5,1.0,unanimous
j_all,F1,F1,31a19e00325e,5,3,0.6,flickering
j_all,F1,F1,31a2fec2be77,5,5,1.0,unanimous
j_all,F1,F1,3257ed9e00aa,5,5,1.0,unanimous
j_all,F1,F1,362055c7a5a9,5,3,0.6,flickering
j_all,F1,F1,3885f7d6d282,5,5,1.0,unanimous
j_all,F1,F1,3a2203603d61,5,2,0.4,flickering
j_all,F1,F1,3cb443c08221,5,5,1.0,unanimous
j_all,F1,F1,408fd2a91abd,5,3,0.6,flickering
j_all,F1,F1,430464d25f28,5,5,1.0,unanimous
j_all,F1,F1,43748fb30948,5,4,0.8,flickering
j_all,F1,F1,4463568f621e,5,4,0.8,flickering
j_all,F1,F1,447d40f8ace5,5,5,1.0,unanimous
j_all,F1,F1,4707c2930bd5,5,1,0.2,flickering
j_all,F1,F1,472b9b93ad9f,5,5,1.0,unanimous
j_all,F1,F1,4bb8afe35408,5,5,1.0,unanimous
j_all,F1,F1,4fdfdbf582cb,5,5,1.0,unanimous
j_all,F1,F1,4ff4163fd5c7,5,4,0.8,flickering
j_all,F1,F1,5341a4972339,5,1,0.2,flickering
j_all,F1,F1,5478288b68f4,5,5,1.0,unanimous
j_all,F1,F1,55157f0433cc,5,5,1.0,unanimous
j_all,F1,F1,560a71c4eb88,5,5,1.0,unanimous
j_all,F1,F1,57d543f72b94,5,3,0.6,flickering
j_all,F1,F1,5860caa8b811,5,5,1.0,unanimous
j_all,F1,F1,5932b68b6a3b,5,5,1.0,unanimous
j_all,F1,F1,5cdb0ba3c556,5,5,1.0,unanimous
j_all,F1,F1,5d40cd729024,5,5,1.0,unanimous
j_all,F1,F1,5e17e32670ea,5,4,0.8,flickering
j_all,F1,F1,5eb14f8b3cdc,5,5,1.0,unanimous
j_all,F1,F1,5ebba28b6c1b,5,4,0.8,flickering
j_all,F1,F1,6025e1fa5134,5,5,1.0,unanimous
j_all,F1,F1,62126c371107,5,5,1.0,unanimous
j_all,F1,F1,624266e9f779,5,5,1.0,unanimous
j_all,F1,F1,62e2c124f989,5,2,0.4,flickering
j_all,F1,F1,643832575481,5,5,1.0,unanimous
j_all,F1,F1,64cf0bbee592,5,2,0.4,flickering
j_all,F1,F1,65008302b1e5,5,3,0.6,flickering
j_all,F1,F1,66604d92cdf6,5,5,1.0,unanimous
j_all,F1,F1,688178e946ff,5,4,0.8,flickering
j_all,F1,F1,6980ae227761,5,5,1.0,unanimous
j_all,F1,F1,699afdbeba4d,5,3,0.6,flickering
j_all,F1,F1,6a1f6758e7d9,5,4,0.8,flickering
j_all,F1,F1,6bdd73210307,5,5,1.0,unanimous
j_all,F1,F1,6d850c9bb9a8,5,5,1.0,unanimous
j_all,F1,F1,6df425a01e7e,5,4,0.8,flickering
j_all,F1,F1,6df59e956a95,5,4,0.8,flickering
j_all,F1,F1,6e3fc24135dd,5,5,1.0,unanimous
j_all,F1,F1,6e65a2b06b3e,5,5,1.0,unanimous
j_all,F1,F1,6ebaa814e4ad,5,2,0.4,flickering
j_all,F1,F1,70d66563e84a,5,4,0.8,flickering
j_all,F1,F1,72eed7e29e02,5,5,1.0,unanimous
j_all,F1,F1,7415e35108cc,5,5,1.0,unanimous
j_all,F1,F1,754832888538,5,4,0.8,flickering
j_all,F1,F1,760bf1553c4d,5,4,0.8,flickering
j_all,F1,F1,78230d2a0091,5,4,0.8,flickering
j_all,F1,F1,7a02d7111976,5,5,1.0,unanimous
j_all,F1,F1,7a7a77e77a46,5,5,1.0,unanimous
j_all,F1,F1,7cebf4fe20ee,5,5,1.0,unanimous
j_all,F1,F1,7e49e32d201b,5,5,1.0,unanimous
j_all,F1,F1,7f427673957c,5,4,0.8,flickering
j_all,F1,F1,7f45c1d942fc,5,4,0.8,flickering
j_all,F1,F1,805f4872bae8,5,4,0.8,flickering
j_all,F1,F1,8078cef39704,5,5,1.0,unanimous
j_all,F1,F1,80db6dd984d5,5,5,1.0,unanimous
j_all,F1,F1,8132df5e7a12,5,5,1.0,unanimous
j_all,F1,F1,81607c6d9629,5,4,0.8,flickering
j_all,F1,F1,81a87f78403c,5,3,0.6,flickering
j_all,F1,F1,83b57a05ab3c,5,5,1.0,unanimous
j_all,F1,F1,87ecf58e6b0c,5,5,1.0,unanimous
j_all,F1,F1,8a4969fb9f3f,5,5,1.0,unanimous
j_all,F1,F1,8ba39229aeac,5,4,0.8,flickering
j_all,F1,F1,8ca47f754a8b,5,5,1.0,unanimous
j_all,F1,F1,8e335947c0e1,5,4,0.8,flickering
j_all,F1,F1,8e3c2e92cbc0,5,5,1.0,unanimous
j_all,F1,F1,8e440b80a157,5,2,0.4,flickering
j_all,F1,F1,9167dfcb1faa,5,5,1.0,unanimous
j_all,F1,F1,93630e0a3d67,5,1,0.2,flickering
j_all,F1,F1,942b571c83ec,5,5,1.0,unanimous
j_all,F1,F1,94bf93368c00,5,5,1.0,unanimous
j_all,F1,F1,9623f8400850,5,5,1.0,unanimous
j_all,F1,F1,96e911c67649,5,5,1.0,unanimous
j_all,F1,F1,97abaa333a90,5,5,1.0,unanimous
j_all,F1,F1,9a9eff6df503,5,5,1.0,unanimous
j_all,F1,F1,9b8faec4d9b1,5,3,0.6,flickering
j_all,F1,F1,9bbcadeaa0fa,5,5,1.0,unanimous
j_all,F1,F1,9bef5c2501ee,5,5,1.0,unanimous
j_all,F1,F1,9dfe141cf391,5,5,1.0,unanimous
j_all,F1,F1,9fd1f741bc64,5,3,0.6,flickering
j_all,F1,F1,a03d48541430,5,5,1.0,unanimous
j_all,F1,F1,a21113615ced,5,5,1.0,unanimous
j_all,F1,F1,a2ee1ad7e572,5,4,0.8,flickering
j_all,F1,F1,a32fbd13c2e3,5,1,0.2,flickering
j_all,F1,F1,a41084c34754,5,4,0.8,flickering
j_all,F1,F1,a5e0df042d50,5,4,0.8,flickering
j_all,F1,F1,a69a5c9bdd1d,5,5,1.0,unanimous
j_all,F1,F1,a82568887b73,5,5,1.0,unanimous
j_all,F1,F1,ae184ed23fd2,5,4,0.8,flickering
j_all,F1,F1,aebd35259e42,5,3,0.6,flickering
j_all,F1,F1,afe283c2f92e,5,5,1.0,unanimous
j_all,F1,F1,b2790c4ddf09,5,4,0.8,flickering
j_all,F1,F1,b38b2a0c0e03,5,5,1.0,unanimous
j_all,F1,F1,b498f4cd8561,5,5,1.0,unanimous
j_all,F1,F1,b4b46e41a207,5,5,1.0,unanimous
j_all,F1,F1,b73f5ed4014d,5,5,1.0,unanimous
j_all,F1,F1,b747c4e5f4ac,5,1,0.2,flickering
j_all,F1,F1,b7ab98dbfd54,5,4,0.8,flickering
j_all,F1,F1,ba1df2e0ede2,5,3,0.6,flickering
j_all,F1,F1,ba73af4e78a2,5,3,0.6,flickering
j_all,F1,F1,baca3b71517c,5,5,1.0,unanimous
j_all,F1,F1,bb4148602b38,5,4,0.8,flickering
j_all,F1,F1,bbea276f3086,5,2,0.4,flickering
j_all,F1,F1,bbf0a1f63b46,5,3,0.6,flickering
j_all,F1,F1,be79c347aa60,5,3,0.6,flickering
j_all,F1,F1,bf53db1c5f96,5,4,0.8,flickering
j_all,F1,F1,bfc9fd64bb7b,5,5,1.0,unanimous
j_all,F1,F1,c080e2571f6a,5,5,1.0,unanimous
j_all,F1,F1,c1ee1d19767b,5,3,0.6,flickering
j_all,F1,F1,c7436f1e497c,5,5,1.0,unanimous
j_all,F1,F1,c7550543387f,5,2,0.4,flickering
j_all,F1,F1,c95cf215efb4,5,4,0.8,flickering
j_all,F1,F1,c9d423f4830b,5,3,0.6,flickering
j_all,F1,F1,cb577e429912,5,5,1.0,unanimous
j_all,F1,F1,cb8d47011c7b,5,4,0.8,flickering
j_all,F1,F1,cd161c6d2917,5,5,1.0,unanimous
j_all,F1,F1,cd554c210646,5,1,0.2,flickering
j_all,F1,F1,cd9b0d4387fc,5,5,1.0,unanimous
j_all,F1,F1,ce0620750a2c,5,1,0.2,flickering
j_all,F1,F1,cf3cfeed36df,5,5,1.0,unanimous
j_all,F1,F1,cfec2db4e8d7,5,5,1.0,unanimous
j_all,F1,F1,d2148c314266,5,5,1.0,unanimous
j_all,F1,F1,d4cdd75dc42a,5,5,1.0,unanimous
j_all,F1,F1,d6342c6ebaac,5,4,0.8,flickering
j_all,F1,F1,d64e8b13bb9b,5,3,0.6,flickering
j_all,F1,F1,d6ba0fff7766,5,5,1.0,unanimous
j_all,F1,F1,d7edd402f862,5,4,0.8,flickering
j_all,F1,F1,dab8bf6d9681,5,3,0.6,flickering
j_all,F1,F1,db6b212b08de,5,3,0.6,flickering
j_all,F1,F1,dceec3c64e83,5,5,1.0,unanimous
j_all,F1,F1,dd9481d7200f,5,5,1.0,unanimous
j_all,F1,F1,e09ebc09591c,5,5,1.0,unanimous
j_all,F1,F1,e2827a5d260a,5,3,0.6,flickering
j_all,F1,F1,e4745f13bbb4,5,4,0.8,flickering
j_all,F1,F1,e588129c3f2f,5,4,0.8,flickering
j_all,F1,F1,ea1f6637fdad,5,5,1.0,unanimous
j_all,F1,F1,eb081c1ea631,5,5,1.0,unanimous
j_all,F1,F1,ed25d91cd910,5,4,0.8,flickering
j_all,F1,F1,ee5e2d9e72a7,5,5,1.0,unanimous
j_all,F1,F1,f19c50362dd0,5,5,1.0,unanimous
j_all,F1,F1,f301c4c40fe7,5,5,1.0,unanimous
j_all,F1,F1,f37e85a4c407,5,4,0.8,flickering
j_all,F1,F1,f47252c3b412,5,5,1.0,unanimous
j_all,F1,F1,f57b85b8c16e,5,3,0.6,flickering
j_all,F1,F1,f59c1123c57c,5,4,0.8,flickering
j_all,F1,F1,fad7d84a6b2b,5,5,1.0,unanimous
j_all,F1,F1,fb0061bbb89c,5,5,1.0,unanimous
j_all,F1,F1,fb5a123a805f,5,2,0.4,flickering
j_all,F1,F1,fc51297a412d,5,3,0.6,flickering
j_all,F1,F1,fcd053a713e3,5,4,0.8,flickering
j_all,F1,F1,fcee27de1d97,5,4,0.8,flickering
j_all,F1,F1,fd5adc3e3a3a,5,5,1.0,unanimous
j_all,F1,F1,fe727d4718be,5,3,0.6,flickering
j_all,F1,F1,ff5570d33911,5,1,0.2,flickering
j_all,F2,F2,02de4bafb196,5,5,1.0,unanimous
j_all,F2,F2,039ed8d2c4fe,5,5,1.0,unanimous
j_all,F2,F2,043aa1b0134c,5,5,1.0,unanimous
j_all,F2,F2,04f6f12c9dd1,5,5,1.0,unanimous
j_all,F2,F2,0686dccb5baa,5,5,1.0,unanimous
j_all,F2,F2,0688cd1db5ca,5,5,1.0,unanimous
j_all,F2,F2,06ed3c1819be,5,5,1.0,unanimous
j_all,F2,F2,084b592e02b3,5,5,1.0,unanimous
j_all,F2,F2,0a81f336c8fb,5,5,1.0,unanimous
j_all,F2,F2,0adf2d15eb47,5,5,1.0,unanimous
j_all,F2,F2,0bf1eff0c800,5,5,1.0,unanimous
j_all,F2,F2,0d63f36e3688,5,5,1.0,unanimous
j_all,F2,F2,0d8f07836540,5,5,1.0,unanimous
j_all,F2,F2,0f5f4d284afb,5,5,1.0,unanimous
j_all,F2,F2,109ca777fa12,5,5,1.0,unanimous
j_all,F2,F2,14ab57dc9ec8,5,5,1.0,unanimous
j_all,F2,F2,1921370ef769,5,4,0.8,flickering
j_all,F2,F2,1b3433cd4628,5,5,1.0,unanimous
j_all,F2,F2,1c36cac6bccc,5,5,1.0,unanimous
j_all,F2,F2,1c99d4b10868,5,5,1.0,unanimous
j_all,F2,F2,1d3a4f93114f,5,5,1.0,unanimous
j_all,F2,F2,1e85a8697898,5,5,1.0,unanimous
j_all,F2,F2,1fb5bb36812c,5,4,0.8,flickering
j_all,F2,F2,1fb64399ccd8,5,5,1.0,unanimous
j_all,F2,F2,209fa336c13a,5,5,1.0,unanimous
j_all,F2,F2,23161751e203,5,5,1.0,unanimous
j_all,F2,F2,2440338f40ce,5,5,1.0,unanimous
j_all,F2,F2,25b03ee6601d,5,5,1.0,unanimous
j_all,F2,F2,2a0d8f20ab72,5,5,1.0,unanimous
j_all,F2,F2,2a27a571e7fc,5,5,1.0,unanimous
j_all,F2,F2,2aa0f685bafa,5,5,1.0,unanimous
j_all,F2,F2,2cabf84d8c88,5,5,1.0,unanimous
j_all,F2,F2,2e9adc656f2b,5,5,1.0,unanimous
j_all,F2,F2,30b481a7c8e2,5,5,1.0,unanimous
j_all,F2,F2,31a19e00325e,5,5,1.0,unanimous
j_all,F2,F2,31a2fec2be77,5,5,1.0,unanimous
j_all,F2,F2,3257ed9e00aa,5,5,1.0,unanimous
j_all,F2,F2,362055c7a5a9,5,5,1.0,unanimous
j_all,F2,F2,3885f7d6d282,5,5,1.0,unanimous
j_all,F2,F2,3a2203603d61,5,5,1.0,unanimous
j_all,F2,F2,3cb443c08221,5,4,0.8,flickering
j_all,F2,F2,408fd2a91abd,5,5,1.0,unanimous
j_all,F2,F2,430464d25f28,5,5,1.0,unanimous
j_all,F2,F2,43748fb30948,5,5,1.0,unanimous
j_all,F2,F2,4463568f621e,5,5,1.0,unanimous
j_all,F2,F2,447d40f8ace5,5,5,1.0,unanimous
j_all,F2,F2,4707c2930bd5,5,5,1.0,unanimous
j_all,F2,F2,472b9b93ad9f,5,5,1.0,unanimous
j_all,F2,F2,4bb8afe35408,5,5,1.0,unanimous
j_all,F2,F2,4fdfdbf582cb,5,5,1.0,unanimous
j_all,F2,F2,4ff4163fd5c7,5,5,1.0,unanimous
j_all,F2,F2,5341a4972339,5,5,1.0,unanimous
j_all,F2,F2,5478288b68f4,5,5,1.0,unanimous
j_all,F2,F2,55157f0433cc,5,4,0.8,flickering
j_all,F2,F2,560a71c4eb88,5,5,1.0,unanimous
j_all,F2,F2,57d543f72b94,5,5,1.0,unanimous
j_all,F2,F2,5860caa8b811,5,5,1.0,unanimous
j_all,F2,F2,5932b68b6a3b,5,5,1.0,unanimous
j_all,F2,F2,5cdb0ba3c556,5,5,1.0,unanimous
j_all,F2,F2,5d40cd729024,5,5,1.0,unanimous
j_all,F2,F2,5e17e32670ea,5,5,1.0,unanimous
j_all,F2,F2,5eb14f8b3cdc,5,5,1.0,unanimous
j_all,F2,F2,5ebba28b6c1b,5,5,1.0,unanimous
j_all,F2,F2,6025e1fa5134,5,5,1.0,unanimous
j_all,F2,F2,62126c371107,5,5,1.0,unanimous
j_all,F2,F2,624266e9f779,5,5,1.0,unanimous
j_all,F2,F2,62e2c124f989,5,4,0.8,flickering
j_all,F2,F2,643832575481,5,5,1.0,unanimous
j_all,F2,F2,64cf0bbee592,5,2,0.4,flickering
j_all,F2,F2,65008302b1e5,5,5,1.0,unanimous
j_all,F2,F2,66604d92cdf6,5,5,1.0,unanimous
j_all,F2,F2,688178e946ff,5,5,1.0,unanimous
j_all,F2,F2,6980ae227761,5,5,1.0,unanimous
j_all,F2,F2,699afdbeba4d,5,5,1.0,unanimous
j_all,F2,F2,6a1f6758e7d9,5,5,1.0,unanimous
j_all,F2,F2,6bdd73210307,5,5,1.0,unanimous
j_all,F2,F2,6d850c9bb9a8,5,5,1.0,unanimous
j_all,F2,F2,6df425a01e7e,5,5,1.0,unanimous
j_all,F2,F2,6df59e956a95,5,5,1.0,unanimous
j_all,F2,F2,6e3fc24135dd,5,5,1.0,unanimous
j_all,F2,F2,6e65a2b06b3e,5,5,1.0,unanimous
j_all,F2,F2,6ebaa814e4ad,5,5,1.0,unanimous
j_all,F2,F2,70d66563e84a,5,5,1.0,unanimous
j_all,F2,F2,72eed7e29e02,5,4,0.8,flickering
j_all,F2,F2,7415e35108cc,5,5,1.0,unanimous
j_all,F2,F2,754832888538,5,5,1.0,unanimous
j_all,F2,F2,760bf1553c4d,5,5,1.0,unanimous
j_all,F2,F2,78230d2a0091,5,5,1.0,unanimous
j_all,F2,F2,7a02d7111976,5,5,1.0,unanimous
j_all,F2,F2,7a7a77e77a46,5,5,1.0,unanimous
j_all,F2,F2,7cebf4fe20ee,5,5,1.0,unanimous
j_all,F2,F2,7e49e32d201b,5,5,1.0,unanimous
j_all,F2,F2,7f427673957c,5,5,1.0,unanimous
j_all,F2,F2,7f45c1d942fc,5,5,1.0,unanimous
j_all,F2,F2,805f4872bae8,5,5,1.0,unanimous
j_all,F2,F2,8078cef39704,5,4,0.8,flickering
j_all,F2,F2,80db6dd984d5,5,5,1.0,unanimous
j_all,F2,F2,8132df5e7a12,5,5,1.0,unanimous
j_all,F2,F2,81607c6d9629,5,5,1.0,unanimous
j_all,F2,F2,81a87f78403c,5,3,0.6,flickering
j_all,F2,F2,83b57a05ab3c,5,5,1.0,unanimous
j_all,F2,F2,87ecf58e6b0c,5,5,1.0,unanimous
j_all,F2,F2,8a4969fb9f3f,5,5,1.0,unanimous
j_all,F2,F2,8ba39229aeac,5,4,0.8,flickering
j_all,F2,F2,8ca47f754a8b,5,5,1.0,unanimous
j_all,F2,F2,8e335947c0e1,5,5,1.0,unanimous
j_all,F2,F2,8e3c2e92cbc0,5,5,1.0,unanimous
j_all,F2,F2,8e440b80a157,5,5,1.0,unanimous
j_all,F2,F2,9167dfcb1faa,5,5,1.0,unanimous
j_all,F2,F2,93630e0a3d67,5,5,1.0,unanimous
j_all,F2,F2,942b571c83ec,5,5,1.0,unanimous
j_all,F2,F2,94bf93368c00,5,5,1.0,unanimous
j_all,F2,F2,9623f8400850,5,5,1.0,unanimous
j_all,F2,F2,96e911c67649,5,5,1.0,unanimous
j_all,F2,F2,97abaa333a90,5,5,1.0,unanimous
j_all,F2,F2,9a9eff6df503,5,5,1.0,unanimous
j_all,F2,F2,9b8faec4d9b1,5,5,1.0,unanimous
j_all,F2,F2,9bbcadeaa0fa,5,5,1.0,unanimous
j_all,F2,F2,9bef5c2501ee,5,5,1.0,unanimous
j_all,F2,F2,9dfe141cf391,5,5,1.0,unanimous
j_all,F2,F2,9fd1f741bc64,5,5,1.0,unanimous
j_all,F2,F2,a03d48541430,5,5,1.0,unanimous
j_all,F2,F2,a21113615ced,5,5,1.0,unanimous
j_all,F2,F2,a2ee1ad7e572,5,4,0.8,flickering
j_all,F2,F2,a32fbd13c2e3,5,5,1.0,unanimous
j_all,F2,F2,a41084c34754,5,5,1.0,unanimous
j_all,F2,F2,a5e0df042d50,5,5,1.0,unanimous
j_all,F2,F2,a69a5c9bdd1d,5,5,1.0,unanimous
j_all,F2,F2,a82568887b73,5,5,1.0,unanimous
j_all,F2,F2,ad4a3ebaa5bc,5,5,1.0,unanimous
j_all,F2,F2,ae184ed23fd2,5,5,1.0,unanimous
j_all,F2,F2,aebd35259e42,5,4,0.8,flickering
j_all,F2,F2,afe283c2f92e,5,5,1.0,unanimous
j_all,F2,F2,b2790c4ddf09,5,5,1.0,unanimous
j_all,F2,F2,b38b2a0c0e03,5,5,1.0,unanimous
j_all,F2,F2,b498f4cd8561,5,5,1.0,unanimous
j_all,F2,F2,b4b46e41a207,5,5,1.0,unanimous
j_all,F2,F2,b73f5ed4014d,5,5,1.0,unanimous
j_all,F2,F2,b747c4e5f4ac,5,4,0.8,flickering
j_all,F2,F2,b7ab98dbfd54,5,5,1.0,unanimous
j_all,F2,F2,ba1df2e0ede2,5,5,1.0,unanimous
j_all,F2,F2,ba73af4e78a2,5,5,1.0,unanimous
j_all,F2,F2,baca3b71517c,5,5,1.0,unanimous
j_all,F2,F2,bb4148602b38,5,5,1.0,unanimous
j_all,F2,F2,bbea276f3086,5,5,1.0,unanimous
j_all,F2,F2,bbf0a1f63b46,5,5,1.0,unanimous
j_all,F2,F2,be79c347aa60,5,5,1.0,unanimous
j_all,F2,F2,bee5861ae116,5,5,1.0,unanimous
j_all,F2,F2,bf53db1c5f96,5,5,1.0,unanimous
j_all,F2,F2,bfc9fd64bb7b,5,5,1.0,unanimous
j_all,F2,F2,c080e2571f6a,5,5,1.0,unanimous
j_all,F2,F2,c1ee1d19767b,5,5,1.0,unanimous
j_all,F2,F2,c7436f1e497c,5,5,1.0,unanimous
j_all,F2,F2,c7550543387f,5,5,1.0,unanimous
j_all,F2,F2,c95cf215efb4,5,5,1.0,unanimous
j_all,F2,F2,c9d423f4830b,5,5,1.0,unanimous
j_all,F2,F2,cb577e429912,5,5,1.0,unanimous
j_all,F2,F2,cb8d47011c7b,5,5,1.0,unanimous
j_all,F2,F2,cd161c6d2917,5,5,1.0,unanimous
j_all,F2,F2,cd554c210646,5,2,0.4,flickering
j_all,F2,F2,cd9b0d4387fc,5,5,1.0,unanimous
j_all,F2,F2,ce0620750a2c,5,5,1.0,unanimous
j_all,F2,F2,cf3cfeed36df,5,5,1.0,unanimous
j_all,F2,F2,cfa9b6bdca54,5,5,1.0,unanimous
j_all,F2,F2,cfec2db4e8d7,5,5,1.0,unanimous
j_all,F2,F2,d2148c314266,5,5,1.0,unanimous
j_all,F2,F2,d4cdd75dc42a,5,5,1.0,unanimous
j_all,F2,F2,d6342c6ebaac,5,5,1.0,unanimous
j_all,F2,F2,d64e8b13bb9b,5,4,0.8,flickering
j_all,F2,F2,d6ba0fff7766,5,5,1.0,unanimous
j_all,F2,F2,d7edd402f862,5,5,1.0,unanimous
j_all,F2,F2,dab8bf6d9681,5,5,1.0,unanimous
j_all,F2,F2,db6b212b08de,5,5,1.0,unanimous
j_all,F2,F2,dceec3c64e83,5,5,1.0,unanimous
j_all,F2,F2,dd9481d7200f,5,5,1.0,unanimous
j_all,F2,F2,e09ebc09591c,5,5,1.0,unanimous
j_all,F2,F2,e2827a5d260a,5,5,1.0,unanimous
j_all,F2,F2,e4745f13bbb4,5,5,1.0,unanimous
j_all,F2,F2,e588129c3f2f,5,5,1.0,unanimous
j_all,F2,F2,ea1f6637fdad,5,5,1.0,unanimous
j_all,F2,F2,eb081c1ea631,5,5,1.0,unanimous
j_all,F2,F2,ed25d91cd910,5,4,0.8,flickering
j_all,F2,F2,ee5e2d9e72a7,5,5,1.0,unanimous
j_all,F2,F2,f19c50362dd0,5,5,1.0,unanimous
j_all,F2,F2,f301c4c40fe7,5,5,1.0,unanimous
j_all,F2,F2,f37e85a4c407,5,5,1.0,unanimous
j_all,F2,F2,f47252c3b412,5,5,1.0,unanimous
j_all,F2,F2,f57b85b8c16e,5,5,1.0,unanimous
j_all,F2,F2,f59c1123c57c,5,5,1.0,unanimous
j_all,F2,F2,fad7d84a6b2b,5,5,1.0,unanimous
j_all,F2,F2,fb0061bbb89c,5,5,1.0,unanimous
j_all,F2,F2,fb5a123a805f,5,5,1.0,unanimous
j_all,F2,F2,fc51297a412d,5,5,1.0,unanimous
j_all,F2,F2,fcd053a713e3,5,5,1.0,unanimous
j_all,F2,F2,fcee27de1d97,5,5,1.0,unanimous
j_all,F2,F2,fd5adc3e3a3a,5,5,1.0,unanimous
j_all,F2,F2,fe727d4718be,5,5,1.0,unanimous
j_all,F3,F3,02de4bafb196,5,4,0.8,flickering
j_all,F3,F3,039ed8d2c4fe,5,3,0.6,flickering
j_all,F3,F3,04f6f12c9dd1,5,4,0.8,flickering
j_all,F3,F3,0688cd1db5ca,5,2,0.4,flickering
j_all,F3,F3,06ed3c1819be,5,2,0.4,flickering
j_all,F3,F3,0a81f336c8fb,5,2,0.4,flickering
j_all,F3,F3,0adf2d15eb47,5,2,0.4,flickering
j_all,F3,F3,0bf1eff0c800,5,1,0.2,flickering
j_all,F3,F3,0d63f36e3688,5,3,0.6,flickering
j_all,F3,F3,0f5f4d284afb,5,3,0.6,flickering
j_all,F3,F3,109ca777fa12,5,2,0.4,flickering
j_all,F3,F3,1c36cac6bccc,5,1,0.2,flickering
j_all,F3,F3,1c99d4b10868,5,3,0.6,flickering
j_all,F3,F3,1d3a4f93114f,5,3,0.6,flickering
j_all,F3,F3,1e85a8697898,5,1,0.2,flickering
j_all,F3,F3,1fb64399ccd8,5,1,0.2,flickering
j_all,F3,F3,209fa336c13a,5,5,1.0,unanimous
j_all,F3,F3,23161751e203,5,2,0.4,flickering
j_all,F3,F3,25b03ee6601d,5,1,0.2,flickering
j_all,F3,F3,2a0d8f20ab72,5,2,0.4,flickering
j_all,F3,F3,2a27a571e7fc,5,1,0.2,flickering
j_all,F3,F3,2cabf84d8c88,5,1,0.2,flickering
j_all,F3,F3,30b481a7c8e2,5,3,0.6,flickering
j_all,F3,F3,31a2fec2be77,5,2,0.4,flickering
j_all,F3,F3,3257ed9e00aa,5,3,0.6,flickering
j_all,F3,F3,3885f7d6d282,5,5,1.0,unanimous
j_all,F3,F3,3a2203603d61,5,1,0.2,flickering
j_all,F3,F3,3cb443c08221,5,2,0.4,flickering
j_all,F3,F3,408fd2a91abd,5,1,0.2,flickering
j_all,F3,F3,430464d25f28,5,4,0.8,flickering
j_all,F3,F3,43748fb30948,5,1,0.2,flickering
j_all,F3,F3,4463568f621e,5,1,0.2,flickering
j_all,F3,F3,447d40f8ace5,5,1,0.2,flickering
j_all,F3,F3,472b9b93ad9f,5,4,0.8,flickering
j_all,F3,F3,4bb8afe35408,5,2,0.4,flickering
j_all,F3,F3,4fdfdbf582cb,5,2,0.4,flickering
j_all,F3,F3,4ff4163fd5c7,5,3,0.6,flickering
j_all,F3,F3,5478288b68f4,5,2,0.4,flickering
j_all,F3,F3,560a71c4eb88,5,4,0.8,flickering
j_all,F3,F3,57d543f72b94,5,3,0.6,flickering
j_all,F3,F3,5932b68b6a3b,5,4,0.8,flickering
j_all,F3,F3,5cdb0ba3c556,5,2,0.4,flickering
j_all,F3,F3,5d40cd729024,5,2,0.4,flickering
j_all,F3,F3,5e17e32670ea,5,2,0.4,flickering
j_all,F3,F3,5eb14f8b3cdc,5,1,0.2,flickering
j_all,F3,F3,5ebba28b6c1b,5,1,0.2,flickering
j_all,F3,F3,6025e1fa5134,5,1,0.2,flickering
j_all,F3,F3,624266e9f779,5,4,0.8,flickering
j_all,F3,F3,643832575481,5,2,0.4,flickering
j_all,F3,F3,65008302b1e5,5,2,0.4,flickering
j_all,F3,F3,66604d92cdf6,5,2,0.4,flickering
j_all,F3,F3,688178e946ff,5,2,0.4,flickering
j_all,F3,F3,6980ae227761,5,3,0.6,flickering
j_all,F3,F3,6a1f6758e7d9,5,1,0.2,flickering
j_all,F3,F3,6bdd73210307,5,3,0.6,flickering
j_all,F3,F3,6d850c9bb9a8,5,3,0.6,flickering
j_all,F3,F3,6e3fc24135dd,5,3,0.6,flickering
j_all,F3,F3,6e65a2b06b3e,5,3,0.6,flickering
j_all,F3,F3,70d66563e84a,5,1,0.2,flickering
j_all,F3,F3,7415e35108cc,5,1,0.2,flickering
j_all,F3,F3,754832888538,5,2,0.4,flickering
j_all,F3,F3,760bf1553c4d,5,1,0.2,flickering
j_all,F3,F3,78230d2a0091,5,1,0.2,flickering
j_all,F3,F3,7cebf4fe20ee,5,2,0.4,flickering
j_all,F3,F3,7f427673957c,5,2,0.4,flickering
j_all,F3,F3,7f45c1d942fc,5,1,0.2,flickering
j_all,F3,F3,805f4872bae8,5,2,0.4,flickering
j_all,F3,F3,8078cef39704,5,1,0.2,flickering
j_all,F3,F3,80db6dd984d5,5,2,0.4,flickering
j_all,F3,F3,8132df5e7a12,5,2,0.4,flickering
j_all,F3,F3,81a87f78403c,5,1,0.2,flickering
j_all,F3,F3,83b57a05ab3c,5,1,0.2,flickering
j_all,F3,F3,87ecf58e6b0c,5,4,0.8,flickering
j_all,F3,F3,8a4969fb9f3f,5,2,0.4,flickering
j_all,F3,F3,8ba39229aeac,5,1,0.2,flickering
j_all,F3,F3,8ca47f754a8b,5,3,0.6,flickering
j_all,F3,F3,8e335947c0e1,5,1,0.2,flickering
j_all,F3,F3,8e3c2e92cbc0,5,2,0.4,flickering
j_all,F3,F3,8e440b80a157,5,2,0.4,flickering
j_all,F3,F3,9167dfcb1faa,5,2,0.4,flickering
j_all,F3,F3,942b571c83ec,5,3,0.6,flickering
j_all,F3,F3,94bf93368c00,5,5,1.0,unanimous
j_all,F3,F3,9623f8400850,5,2,0.4,flickering
j_all,F3,F3,96e911c67649,5,2,0.4,flickering
j_all,F3,F3,97abaa333a90,5,4,0.8,flickering
j_all,F3,F3,9a9eff6df503,5,2,0.4,flickering
j_all,F3,F3,9bbcadeaa0fa,5,2,0.4,flickering
j_all,F3,F3,9bef5c2501ee,5,3,0.6,flickering
j_all,F3,F3,9dfe141cf391,5,2,0.4,flickering
j_all,F3,F3,9fd1f741bc64,5,2,0.4,flickering
j_all,F3,F3,a03d48541430,5,4,0.8,flickering
j_all,F3,F3,a21113615ced,5,5,1.0,unanimous
j_all,F3,F3,a2ee1ad7e572,5,2,0.4,flickering
j_all,F3,F3,a69a5c9bdd1d,5,2,0.4,flickering
j_all,F3,F3,a82568887b73,5,2,0.4,flickering
j_all,F3,F3,ae184ed23fd2,5,2,0.4,flickering
j_all,F3,F3,aebd35259e42,5,1,0.2,flickering
j_all,F3,F3,afe283c2f92e,5,3,0.6,flickering
j_all,F3,F3,b2790c4ddf09,5,2,0.4,flickering
j_all,F3,F3,b38b2a0c0e03,5,1,0.2,flickering
j_all,F3,F3,b498f4cd8561,5,1,0.2,flickering
j_all,F3,F3,b4b46e41a207,5,2,0.4,flickering
j_all,F3,F3,b73f5ed4014d,5,4,0.8,flickering
j_all,F3,F3,b747c4e5f4ac,5,1,0.2,flickering
j_all,F3,F3,b7ab98dbfd54,5,1,0.2,flickering
j_all,F3,F3,ba1df2e0ede2,5,1,0.2,flickering
j_all,F3,F3,baca3b71517c,5,3,0.6,flickering
j_all,F3,F3,bb4148602b38,5,1,0.2,flickering
j_all,F3,F3,be79c347aa60,5,4,0.8,flickering
j_all,F3,F3,bf53db1c5f96,5,2,0.4,flickering
j_all,F3,F3,bfc9fd64bb7b,5,2,0.4,flickering
j_all,F3,F3,c080e2571f6a,5,2,0.4,flickering
j_all,F3,F3,c1ee1d19767b,5,1,0.2,flickering
j_all,F3,F3,c7436f1e497c,5,2,0.4,flickering
j_all,F3,F3,c9d423f4830b,5,2,0.4,flickering
j_all,F3,F3,cb577e429912,5,1,0.2,flickering
j_all,F3,F3,cb8d47011c7b,5,1,0.2,flickering
j_all,F3,F3,cd554c210646,5,1,0.2,flickering
j_all,F3,F3,cd9b0d4387fc,5,4,0.8,flickering
j_all,F3,F3,cf3cfeed36df,5,3,0.6,flickering
j_all,F3,F3,cfec2db4e8d7,5,2,0.4,flickering
j_all,F3,F3,d2148c314266,5,4,0.8,flickering
j_all,F3,F3,d4cdd75dc42a,5,4,0.8,flickering
j_all,F3,F3,d64e8b13bb9b,5,2,0.4,flickering
j_all,F3,F3,d6ba0fff7766,5,1,0.2,flickering
j_all,F3,F3,d7edd402f862,5,2,0.4,flickering
j_all,F3,F3,dceec3c64e83,5,4,0.8,flickering
j_all,F3,F3,dd9481d7200f,5,2,0.4,flickering
j_all,F3,F3,e09ebc09591c,5,4,0.8,flickering
j_all,F3,F3,e4745f13bbb4,5,1,0.2,flickering
j_all,F3,F3,e588129c3f2f,5,2,0.4,flickering
j_all,F3,F3,ea1f6637fdad,5,4,0.8,flickering
j_all,F3,F3,eb081c1ea631,5,2,0.4,flickering
j_all,F3,F3,ed25d91cd910,5,1,0.2,flickering
j_all,F3,F3,ee5e2d9e72a7,5,2,0.4,flickering
j_all,F3,F3,f19c50362dd0,5,3,0.6,flickering
j_all,F3,F3,f301c4c40fe7,5,2,0.4,flickering
j_all,F3,F3,f47252c3b412,5,3,0.6,flickering
j_all,F3,F3,f59c1123c57c,5,1,0.2,flickering
j_all,F3,F3,fad7d84a6b2b,5,3,0.6,flickering
j_all,F3,F3,fb0061bbb89c,5,4,0.8,flickering
j_all,F3,F3,fcee27de1d97,5,1,0.2,flickering
j_all,F3,F3,fd5adc3e3a3a,5,2,0.4,flickering
j_all,F3,F3,fe727d4718be,5,1,0.2,flickering
j_all,H1,H1,01d3ad510b42,5,1,0.2,flickering
j_all,H1,H1,02de4bafb196,5,3,0.6,flickering
j_all,H1,H1,039ed8d2c4fe,5,2,0.4,flickering
j_all,H1,H1,043aa1b0134c,5,2,0.4,flickering
j_all,H1,H1,046e6d52bc8e,5,1,0.2,flickering
j_all,H1,H1,04f6f12c9dd1,5,3,0.6,flickering
j_all,H1,H1,0686dccb5baa,5,1,0.2,flickering
j_all,H1,H1,06ed3c1819be,5,4,0.8,flickering
j_all,H1,H1,084b592e02b3,5,2,0.4,flickering
j_all,H1,H1,088747fa7d04,5,2,0.4,flickering
j_all,H1,H1,08ad0e53abb1,5,5,1.0,unanimous
j_all,H1,H1,0a81f336c8fb,5,3,0.6,flickering
j_all,H1,H1,0adf2d15eb47,5,2,0.4,flickering
j_all,H1,H1,0b6eb6e593c5,5,2,0.4,flickering
j_all,H1,H1,0bf1eff0c800,5,2,0.4,flickering
j_all,H1,H1,0d34d4795612,5,1,0.2,flickering
j_all,H1,H1,0d63f36e3688,5,3,0.6,flickering
j_all,H1,H1,0d8f07836540,5,2,0.4,flickering
j_all,H1,H1,0f5f4d284afb,5,4,0.8,flickering
j_all,H1,H1,109ca777fa12,5,1,0.2,flickering
j_all,H1,H1,112d585f8fdf,5,2,0.4,flickering
j_all,H1,H1,134acf006762,5,2,0.4,flickering
j_all,H1,H1,14ab57dc9ec8,5,1,0.2,flickering
j_all,H1,H1,14d73efad7ab,5,2,0.4,flickering
j_all,H1,H1,16ac7d4eada1,5,1,0.2,flickering
j_all,H1,H1,1921370ef769,5,4,0.8,flickering
j_all,H1,H1,1b3433cd4628,5,3,0.6,flickering
j_all,H1,H1,1bce6dff94b8,5,2,0.4,flickering
j_all,H1,H1,1c36cac6bccc,5,4,0.8,flickering
j_all,H1,H1,1c99d4b10868,5,4,0.8,flickering
j_all,H1,H1,1d3a4f93114f,5,5,1.0,unanimous
j_all,H1,H1,1dc1f1d9c3bd,5,5,1.0,unanimous
j_all,H1,H1,1e85a8697898,5,3,0.6,flickering
j_all,H1,H1,1fb5bb36812c,5,3,0.6,flickering
j_all,H1,H1,1fb64399ccd8,5,4,0.8,flickering
j_all,H1,H1,209fa336c13a,5,1,0.2,flickering
j_all,H1,H1,21da45ff7758,5,3,0.6,flickering
j_all,H1,H1,23161751e203,5,2,0.4,flickering
j_all,H1,H1,2440338f40ce,5,1,0.2,flickering
j_all,H1,H1,25b03ee6601d,5,2,0.4,flickering
j_all,H1,H1,2802cf486896,5,2,0.4,flickering
j_all,H1,H1,2a0d8f20ab72,5,1,0.2,flickering
j_all,H1,H1,2a27a571e7fc,5,2,0.4,flickering
j_all,H1,H1,2aa0f685bafa,5,3,0.6,flickering
j_all,H1,H1,2c0cb0230b61,5,2,0.4,flickering
j_all,H1,H1,2c7c7c5def5a,5,2,0.4,flickering
j_all,H1,H1,2cabf84d8c88,5,2,0.4,flickering
j_all,H1,H1,2e9adc656f2b,5,4,0.8,flickering
j_all,H1,H1,2fb56e19e29d,5,1,0.2,flickering
j_all,H1,H1,31a19e00325e,5,4,0.8,flickering
j_all,H1,H1,31a2fec2be77,5,3,0.6,flickering
j_all,H1,H1,31b5e609ef46,5,2,0.4,flickering
j_all,H1,H1,362055c7a5a9,5,2,0.4,flickering
j_all,H1,H1,3680e8deae2f,5,1,0.2,flickering
j_all,H1,H1,37f61727e427,5,1,0.2,flickering
j_all,H1,H1,3885f7d6d282,5,3,0.6,flickering
j_all,H1,H1,3a2203603d61,5,2,0.4,flickering
j_all,H1,H1,3c4f97f6fb20,5,1,0.2,flickering
j_all,H1,H1,3cb443c08221,5,2,0.4,flickering
j_all,H1,H1,408fd2a91abd,5,3,0.6,flickering
j_all,H1,H1,410ecd5b1e40,5,2,0.4,flickering
j_all,H1,H1,430464d25f28,5,4,0.8,flickering
j_all,H1,H1,43748fb30948,5,4,0.8,flickering
j_all,H1,H1,43e4036c30f9,5,1,0.2,flickering
j_all,H1,H1,4463568f621e,5,2,0.4,flickering
j_all,H1,H1,447d40f8ace5,5,2,0.4,flickering
j_all,H1,H1,4707c2930bd5,5,1,0.2,flickering
j_all,H1,H1,472b9b93ad9f,5,5,1.0,unanimous
j_all,H1,H1,49067b2ff40c,5,2,0.4,flickering
j_all,H1,H1,4fdfdbf582cb,5,1,0.2,flickering
j_all,H1,H1,4ff4163fd5c7,5,2,0.4,flickering
j_all,H1,H1,512ffd6391ed,5,1,0.2,flickering
j_all,H1,H1,5341a4972339,5,5,1.0,unanimous
j_all,H1,H1,5478288b68f4,5,1,0.2,flickering
j_all,H1,H1,55157f0433cc,5,4,0.8,flickering
j_all,H1,H1,560a71c4eb88,5,3,0.6,flickering
j_all,H1,H1,5860caa8b811,5,4,0.8,flickering
j_all,H1,H1,5ccdfc01ba3c,5,2,0.4,flickering
j_all,H1,H1,5cdb0ba3c556,5,4,0.8,flickering
j_all,H1,H1,5d40cd729024,5,2,0.4,flickering
j_all,H1,H1,5e17e32670ea,5,2,0.4,flickering
j_all,H1,H1,5ebba28b6c1b,5,4,0.8,flickering
j_all,H1,H1,60160115004c,5,2,0.4,flickering
j_all,H1,H1,6025e1fa5134,5,3,0.6,flickering
j_all,H1,H1,6103d326f1f4,5,1,0.2,flickering
j_all,H1,H1,615c9cf6b7e2,5,3,0.6,flickering
j_all,H1,H1,62126c371107,5,2,0.4,flickering
j_all,H1,H1,624266e9f779,5,4,0.8,flickering
j_all,H1,H1,628cb522c3cd,5,2,0.4,flickering
j_all,H1,H1,62e2c124f989,5,5,1.0,unanimous
j_all,H1,H1,643832575481,5,5,1.0,unanimous
j_all,H1,H1,64cf0bbee592,5,1,0.2,flickering
j_all,H1,H1,65008302b1e5,5,2,0.4,flickering
j_all,H1,H1,660cc534fc78,5,4,0.8,flickering
j_all,H1,H1,66604d92cdf6,5,2,0.4,flickering
j_all,H1,H1,684536b07bc7,5,3,0.6,flickering
j_all,H1,H1,688178e946ff,5,2,0.4,flickering
j_all,H1,H1,69262ac8f823,5,4,0.8,flickering
j_all,H1,H1,6980ae227761,5,3,0.6,flickering
j_all,H1,H1,699afdbeba4d,5,2,0.4,flickering
j_all,H1,H1,6a1f6758e7d9,5,4,0.8,flickering
j_all,H1,H1,6bdd73210307,5,3,0.6,flickering
j_all,H1,H1,6d850c9bb9a8,5,1,0.2,flickering
j_all,H1,H1,6df425a01e7e,5,5,1.0,unanimous
j_all,H1,H1,6df59e956a95,5,2,0.4,flickering
j_all,H1,H1,6e65a2b06b3e,5,1,0.2,flickering
j_all,H1,H1,6ebaa814e4ad,5,3,0.6,flickering
j_all,H1,H1,70d66563e84a,5,3,0.6,flickering
j_all,H1,H1,72eed7e29e02,5,1,0.2,flickering
j_all,H1,H1,7415e35108cc,5,1,0.2,flickering
j_all,H1,H1,74fb44a7acc9,5,1,0.2,flickering
j_all,H1,H1,754832888538,5,2,0.4,flickering
j_all,H1,H1,760bf1553c4d,5,5,1.0,unanimous
j_all,H1,H1,77e8cca793fb,5,1,0.2,flickering
j_all,H1,H1,7803d9a85054,5,2,0.4,flickering
j_all,H1,H1,78230d2a0091,5,4,0.8,flickering
j_all,H1,H1,7a02d7111976,5,2,0.4,flickering
j_all,H1,H1,7a7a77e77a46,5,1,0.2,flickering
j_all,H1,H1,7b77237aee10,5,2,0.4,flickering
j_all,H1,H1,7c3d9a994e6f,5,1,0.2,flickering
j_all,H1,H1,7cebf4fe20ee,5,4,0.8,flickering
j_all,H1,H1,7df672f007f4,5,2,0.4,flickering
j_all,H1,H1,7e30c8259061,5,1,0.2,flickering
j_all,H1,H1,7e49e32d201b,5,2,0.4,flickering
j_all,H1,H1,7e6b0d276a55,5,2,0.4,flickering
j_all,H1,H1,7f427673957c,5,1,0.2,flickering
j_all,H1,H1,7f45c1d942fc,5,5,1.0,unanimous
j_all,H1,H1,805f4872bae8,5,1,0.2,flickering
j_all,H1,H1,8078cef39704,5,5,1.0,unanimous
j_all,H1,H1,80db6dd984d5,5,2,0.4,flickering
j_all,H1,H1,8132df5e7a12,5,3,0.6,flickering
j_all,H1,H1,81607c6d9629,5,2,0.4,flickering
j_all,H1,H1,81a87f78403c,5,1,0.2,flickering
j_all,H1,H1,83b57a05ab3c,5,1,0.2,flickering
j_all,H1,H1,86090feb7a89,5,3,0.6,flickering
j_all,H1,H1,87ecf58e6b0c,5,5,1.0,unanimous
j_all,H1,H1,8a4969fb9f3f,5,4,0.8,flickering
j_all,H1,H1,8b87a89244e2,5,2,0.4,flickering
j_all,H1,H1,8ba39229aeac,5,2,0.4,flickering
j_all,H1,H1,8ca47f754a8b,5,3,0.6,flickering
j_all,H1,H1,8cfe1edbd00f,5,1,0.2,flickering
j_all,H1,H1,8e335947c0e1,5,2,0.4,flickering
j_all,H1,H1,8e440b80a157,5,2,0.4,flickering
j_all,H1,H1,90b23b744311,5,2,0.4,flickering
j_all,H1,H1,9167dfcb1faa,5,3,0.6,flickering
j_all,H1,H1,91987904b44b,5,1,0.2,flickering
j_all,H1,H1,93630e0a3d67,5,1,0.2,flickering
j_all,H1,H1,942b571c83ec,5,5,1.0,unanimous
j_all,H1,H1,94bf93368c00,5,1,0.2,flickering
j_all,H1,H1,9623f8400850,5,4,0.8,flickering
j_all,H1,H1,96e911c67649,5,2,0.4,flickering
j_all,H1,H1,97abaa333a90,5,1,0.2,flickering
j_all,H1,H1,99d069fa1546,5,2,0.4,flickering
j_all,H1,H1,9a9eff6df503,5,1,0.2,flickering
j_all,H1,H1,9b8faec4d9b1,5,2,0.4,flickering
j_all,H1,H1,9bbcadeaa0fa,5,3,0.6,flickering
j_all,H1,H1,9bef5c2501ee,5,2,0.4,flickering
j_all,H1,H1,9d41a00a9c93,5,2,0.4,flickering
j_all,H1,H1,9dfe141cf391,5,1,0.2,flickering
j_all,H1,H1,9fd1f741bc64,5,1,0.2,flickering
j_all,H1,H1,a03d48541430,5,2,0.4,flickering
j_all,H1,H1,a0b20e4df225,5,1,0.2,flickering
j_all,H1,H1,a0def0e8f780,5,2,0.4,flickering
j_all,H1,H1,a21113615ced,5,3,0.6,flickering
j_all,H1,H1,a2ee1ad7e572,5,3,0.6,flickering
j_all,H1,H1,a32fbd13c2e3,5,1,0.2,flickering
j_all,H1,H1,a41084c34754,5,4,0.8,flickering
j_all,H1,H1,a44c5fe6a989,5,1,0.2,flickering
j_all,H1,H1,a45c83f69ba7,5,1,0.2,flickering
j_all,H1,H1,a5e0df042d50,5,1,0.2,flickering
j_all,H1,H1,a69a5c9bdd1d,5,1,0.2,flickering
j_all,H1,H1,a82568887b73,5,3,0.6,flickering
j_all,H1,H1,ad4a3ebaa5bc,5,4,0.8,flickering
j_all,H1,H1,ae184ed23fd2,5,3,0.6,flickering
j_all,H1,H1,aebd35259e42,5,3,0.6,flickering
j_all,H1,H1,afe283c2f92e,5,3,0.6,flickering
j_all,H1,H1,b2790c4ddf09,5,1,0.2,flickering
j_all,H1,H1,b38b2a0c0e03,5,2,0.4,flickering
j_all,H1,H1,b498f4cd8561,5,2,0.4,flickering
j_all,H1,H1,b4b46e41a207,5,4,0.8,flickering
j_all,H1,H1,b71b3713bf7e,5,2,0.4,flickering
j_all,H1,H1,b73f5ed4014d,5,3,0.6,flickering
j_all,H1,H1,b7ab98dbfd54,5,2,0.4,flickering
j_all,H1,H1,b8c47f333bb5,5,2,0.4,flickering
j_all,H1,H1,ba1df2e0ede2,5,2,0.4,flickering
j_all,H1,H1,baca3b71517c,5,5,1.0,unanimous
j_all,H1,H1,bb4148602b38,5,2,0.4,flickering
j_all,H1,H1,bbea276f3086,5,4,0.8,flickering
j_all,H1,H1,bbf0a1f63b46,5,2,0.4,flickering
j_all,H1,H1,be79c347aa60,5,4,0.8,flickering
j_all,H1,H1,bee5861ae116,5,2,0.4,flickering
j_all,H1,H1,bf53db1c5f96,5,4,0.8,flickering
j_all,H1,H1,bfc9fd64bb7b,5,2,0.4,flickering
j_all,H1,H1,c080e2571f6a,5,3,0.6,flickering
j_all,H1,H1,c1ee1d19767b,5,4,0.8,flickering
j_all,H1,H1,c37b7a2d4ebd,5,2,0.4,flickering
j_all,H1,H1,c3a619319924,5,2,0.4,flickering
j_all,H1,H1,c6fa35b52649,5,1,0.2,flickering
j_all,H1,H1,c7436f1e497c,5,4,0.8,flickering
j_all,H1,H1,c7550543387f,5,3,0.6,flickering
j_all,H1,H1,c95cf215efb4,5,2,0.4,flickering
j_all,H1,H1,c9d423f4830b,5,2,0.4,flickering
j_all,H1,H1,c9f7d2e17c2a,5,1,0.2,flickering
j_all,H1,H1,cb577e429912,5,1,0.2,flickering
j_all,H1,H1,cb74cfb960dd,5,2,0.4,flickering
j_all,H1,H1,cb8d47011c7b,5,3,0.6,flickering
j_all,H1,H1,cd554c210646,5,2,0.4,flickering
j_all,H1,H1,cd9b0d4387fc,5,4,0.8,flickering
j_all,H1,H1,ce0620750a2c,5,2,0.4,flickering
j_all,H1,H1,cf3cfeed36df,5,4,0.8,flickering
j_all,H1,H1,cfa9b6bdca54,5,5,1.0,unanimous
j_all,H1,H1,cfec2db4e8d7,5,1,0.2,flickering
j_all,H1,H1,d2148c314266,5,5,1.0,unanimous
j_all,H1,H1,d4cdd75dc42a,5,1,0.2,flickering
j_all,H1,H1,d6342c6ebaac,5,2,0.4,flickering
j_all,H1,H1,d64e8b13bb9b,5,3,0.6,flickering
j_all,H1,H1,d6ba0fff7766,5,4,0.8,flickering
j_all,H1,H1,d75b4cbb6504,5,3,0.6,flickering
j_all,H1,H1,d7edd402f862,5,1,0.2,flickering
j_all,H1,H1,d8dfa8ae12d2,5,1,0.2,flickering
j_all,H1,H1,dab8bf6d9681,5,2,0.4,flickering
j_all,H1,H1,db6b212b08de,5,2,0.4,flickering
j_all,H1,H1,dbc0cd127ca0,5,1,0.2,flickering
j_all,H1,H1,dceec3c64e83,5,3,0.6,flickering
j_all,H1,H1,dd9481d7200f,5,1,0.2,flickering
j_all,H1,H1,e09ebc09591c,5,2,0.4,flickering
j_all,H1,H1,e214388abd4f,5,4,0.8,flickering
j_all,H1,H1,e2827a5d260a,5,5,1.0,unanimous
j_all,H1,H1,e2aa21641a6f,5,2,0.4,flickering
j_all,H1,H1,e4745f13bbb4,5,3,0.6,flickering
j_all,H1,H1,e57564408718,5,2,0.4,flickering
j_all,H1,H1,e588129c3f2f,5,2,0.4,flickering
j_all,H1,H1,e5cd0826ccfa,5,2,0.4,flickering
j_all,H1,H1,e68e6ab7e5af,5,2,0.4,flickering
j_all,H1,H1,ea1f6637fdad,5,2,0.4,flickering
j_all,H1,H1,ec36fab3fcd8,5,2,0.4,flickering
j_all,H1,H1,ed25d91cd910,5,4,0.8,flickering
j_all,H1,H1,ee5e2d9e72a7,5,4,0.8,flickering
j_all,H1,H1,ef9277c4054f,5,1,0.2,flickering
j_all,H1,H1,f19c50362dd0,5,3,0.6,flickering
j_all,H1,H1,f301c4c40fe7,5,1,0.2,flickering
j_all,H1,H1,f37e85a4c407,5,4,0.8,flickering
j_all,H1,H1,f3cbf2089cd8,5,3,0.6,flickering
j_all,H1,H1,f47252c3b412,5,1,0.2,flickering
j_all,H1,H1,f57b85b8c16e,5,5,1.0,unanimous
j_all,H1,H1,f59b70069029,5,1,0.2,flickering
j_all,H1,H1,f59c1123c57c,5,2,0.4,flickering
j_all,H1,H1,fa936747b53e,5,1,0.2,flickering
j_all,H1,H1,fad7d84a6b2b,5,2,0.4,flickering
j_all,H1,H1,fb0061bbb89c,5,4,0.8,flickering
j_all,H1,H1,fb5a123a805f,5,1,0.2,flickering
j_all,H1,H1,fb78cd234795,5,3,0.6,flickering
j_all,H1,H1,fc1af8998b89,5,2,0.4,flickering
j_all,H1,H1,fc51297a412d,5,3,0.6,flickering
j_all,H1,H1,fcd053a713e3,5,3,0.6,flickering
j_all,H1,H1,fcee27de1d97,5,3,0.6,flickering
j_all,H1,H1,fd5adc3e3a3a,5,3,0.6,flickering
j_all,H1,H1,fe727d4718be,5,2,0.4,flickering
j_all,H1,H1,ff5570d33911,5,2,0.4,flickering
j_all,J_ALL,J1 J2 J3 J4 J5,02de4bafb196,5,1,0.2,flickering
j_all,J_ALL,J1 J2 J3 J4 J5,039ed8d2c4fe,5,3,0.6,flickering
j_all,J_ALL,J1 J2 J3 J4 J5,06ed3c1819be,5,3,0.6,flickering
j_all,J_ALL,J1 J2 J3 J4 J5,08ad0e53abb1,5,2,0.4,flickering
j_all,J_ALL,J1 J2 J3 J4 J5,0a81f336c8fb,5,1,0.2,flickering
j_all,J_ALL,J1 J2 J3 J4 J5,0d34d4795612,5,1,0.2,flickering
j_all,J_ALL,J1 J2 J3 J4 J5,112d585f8fdf,5,2,0.4,flickering
j_all,J_ALL,J1 J2 J3 J4 J5,14ab57dc9ec8,5,1,0.2,flickering
j_all,J_ALL,J1 J2 J3 J4 J5,1c36cac6bccc,5,1,0.2,flickering
j_all,J_ALL,J1 J2 J3 J4 J5,1c99d4b10868,5,1,0.2,flickering
j_all,J_ALL,J1 J2 J3 J4 J5,1fb64399ccd8,5,5,1.0,unanimous
j_all,J_ALL,J1 J2 J3 J4 J5,2065ada1a306,5,1,0.2,flickering
j_all,J_ALL,J1 J2 J3 J4 J5,23161751e203,5,1,0.2,flickering
j_all,J_ALL,J1 J2 J3 J4 J5,2aa0f685bafa,5,1,0.2,flickering
j_all,J_ALL,J1 J2 J3 J4 J5,2cabf84d8c88,5,1,0.2,flickering
j_all,J_ALL,J1 J2 J3 J4 J5,2e9adc656f2b,5,1,0.2,flickering
j_all,J_ALL,J1 J2 J3 J4 J5,2fb56e19e29d,5,1,0.2,flickering
j_all,J_ALL,J1 J2 J3 J4 J5,31a19e00325e,5,3,0.6,flickering
j_all,J_ALL,J1 J2 J3 J4 J5,31a2fec2be77,5,3,0.6,flickering
j_all,J_ALL,J1 J2 J3 J4 J5,31b5e609ef46,5,1,0.2,flickering
j_all,J_ALL,J1 J2 J3 J4 J5,37c368833872,5,1,0.2,flickering
j_all,J_ALL,J1 J2 J3 J4 J5,3a2203603d61,5,1,0.2,flickering
j_all,J_ALL,J1 J2 J3 J4 J5,3cb443c08221,5,1,0.2,flickering
j_all,J_ALL,J1 J2 J3 J4 J5,410ecd5b1e40,5,1,0.2,flickering
j_all,J_ALL,J1 J2 J3 J4 J5,447d40f8ace5,5,2,0.4,flickering
j_all,J_ALL,J1 J2 J3 J4 J5,472b9b93ad9f,5,1,0.2,flickering
j_all,J_ALL,J1 J2 J3 J4 J5,5341a4972339,5,1,0.2,flickering
j_all,J_ALL,J1 J2 J3 J4 J5,55157f0433cc,5,2,0.4,flickering
j_all,J_ALL,J1 J2 J3 J4 J5,5860caa8b811,5,2,0.4,flickering
j_all,J_ALL,J1 J2 J3 J4 J5,5cdb0ba3c556,5,3,0.6,flickering
j_all,J_ALL,J1 J2 J3 J4 J5,5eb14f8b3cdc,5,1,0.2,flickering
j_all,J_ALL,J1 J2 J3 J4 J5,6025e1fa5134,5,1,0.2,flickering
j_all,J_ALL,J1 J2 J3 J4 J5,62126c371107,5,1,0.2,flickering
j_all,J_ALL,J1 J2 J3 J4 J5,628cb522c3cd,5,1,0.2,flickering
j_all,J_ALL,J1 J2 J3 J4 J5,62e2c124f989,5,1,0.2,flickering
j_all,J_ALL,J1 J2 J3 J4 J5,660cc534fc78,5,1,0.2,flickering
j_all,J_ALL,J1 J2 J3 J4 J5,66604d92cdf6,5,1,0.2,flickering
j_all,J_ALL,J1 J2 J3 J4 J5,6980ae227761,5,3,0.6,flickering
j_all,J_ALL,J1 J2 J3 J4 J5,699afdbeba4d,5,1,0.2,flickering
j_all,J_ALL,J1 J2 J3 J4 J5,6a1f6758e7d9,5,1,0.2,flickering
j_all,J_ALL,J1 J2 J3 J4 J5,6bdd73210307,5,1,0.2,flickering
j_all,J_ALL,J1 J2 J3 J4 J5,6df59e956a95,5,1,0.2,flickering
j_all,J_ALL,J1 J2 J3 J4 J5,6ebaa814e4ad,5,1,0.2,flickering
j_all,J_ALL,J1 J2 J3 J4 J5,74fb44a7acc9,5,1,0.2,flickering
j_all,J_ALL,J1 J2 J3 J4 J5,77e8cca793fb,5,1,0.2,flickering
j_all,J_ALL,J1 J2 J3 J4 J5,7c3d9a994e6f,5,1,0.2,flickering
j_all,J_ALL,J1 J2 J3 J4 J5,7cebf4fe20ee,5,1,0.2,flickering
j_all,J_ALL,J1 J2 J3 J4 J5,7df672f007f4,5,1,0.2,flickering
j_all,J_ALL,J1 J2 J3 J4 J5,7e49e32d201b,5,2,0.4,flickering
j_all,J_ALL,J1 J2 J3 J4 J5,7f427673957c,5,1,0.2,flickering
j_all,J_ALL,J1 J2 J3 J4 J5,8078cef39704,5,1,0.2,flickering
j_all,J_ALL,J1 J2 J3 J4 J5,80db6dd984d5,5,2,0.4,flickering
j_all,J_ALL,J1 J2 J3 J4 J5,8132df5e7a12,5,2,0.4,flickering
j_all,J_ALL,J1 J2 J3 J4 J5,87ecf58e6b0c,5,2,0.4,flickering
j_all,J_ALL,J1 J2 J3 J4 J5,8cfe1edbd00f,5,1,0.2,flickering
j_all,J_ALL,J1 J2 J3 J4 J5,942b571c83ec,5,2,0.4,flickering
j_all,J_ALL,J1 J2 J3 J4 J5,9d41a00a9c93,5,1,0.2,flickering
j_all,J_ALL,J1 J2 J3 J4 J5,9fd1f741bc64,5,1,0.2,flickering
j_all,J_ALL,J1 J2 J3 J4 J5,a2ee1ad7e572,5,1,0.2,flickering
j_all,J_ALL,J1 J2 J3 J4 J5,a41084c34754,5,2,0.4,flickering
j_all,J_ALL,J1 J2 J3 J4 J5,a69a5c9bdd1d,5,1,0.2,flickering
j_all,J_ALL,J1 J2 J3 J4 J5,ad4a3ebaa5bc,5,1,0.2,flickering
j_all,J_ALL,J1 J2 J3 J4 J5,ae184ed23fd2,5,3,0.6,flickering
j_all,J_ALL,J1 J2 J3 J4 J5,ba1df2e0ede2,5,4,0.8,flickering
j_all,J_ALL,J1 J2 J3 J4 J5,baca3b71517c,5,1,0.2,flickering
j_all,J_ALL,J1 J2 J3 J4 J5,bbea276f3086,5,2,0.4,flickering
j_all,J_ALL,J1 J2 J3 J4 J5,bbf0a1f63b46,5,1,0.2,flickering
j_all,J_ALL,J1 J2 J3 J4 J5,c080e2571f6a,5,1,0.2,flickering
j_all,J_ALL,J1 J2 J3 J4 J5,c1ee1d19767b,5,3,0.6,flickering
j_all,J_ALL,J1 J2 J3 J4 J5,c37b7a2d4ebd,5,1,0.2,flickering
j_all,J_ALL,J1 J2 J3 J4 J5,c9d423f4830b,5,1,0.2,flickering
j_all,J_ALL,J1 J2 J3 J4 J5,cb8d47011c7b,5,1,0.2,flickering
j_all,J_ALL,J1 J2 J3 J4 J5,cd9b0d4387fc,5,1,0.2,flickering
j_all,J_ALL,J1 J2 J3 J4 J5,ce0620750a2c,5,1,0.2,flickering
j_all,J_ALL,J1 J2 J3 J4 J5,cfa9b6bdca54,5,3,0.6,flickering
j_all,J_ALL,J1 J2 J3 J4 J5,d2148c314266,5,1,0.2,flickering
j_all,J_ALL,J1 J2 J3 J4 J5,d4cdd75dc42a,5,1,0.2,flickering
j_all,J_ALL,J1 J2 J3 J4 J5,d6342c6ebaac,5,1,0.2,flickering
j_all,J_ALL,J1 J2 J3 J4 J5,d64e8b13bb9b,5,1,0.2,flickering
j_all,J_ALL,J1 J2 J3 J4 J5,d6ba0fff7766,5,3,0.6,flickering
j_all,J_ALL,J1 J2 J3 J4 J5,d8dfa8ae12d2,5,1,0.2,flickering
j_all,J_ALL,J1 J2 J3 J4 J5,db6b212b08de,5,2,0.4,flickering
j_all,J_ALL,J1 J2 J3 J4 J5,dbc0cd127ca0,5,1,0.2,flickering
j_all,J_ALL,J1 J2 J3 J4 J5,e2827a5d260a,5,1,0.2,flickering
j_all,J_ALL,J1 J2 J3 J4 J5,e4745f13bbb4,5,1,0.2,flickering
j_all,J_ALL,J1 J2 J3 J4 J5,ed25d91cd910,5,2,0.4,flickering
j_all,J_ALL,J1 J2 J3 J4 J5,f37e85a4c407,5,2,0.4,flickering
j_all,J_ALL,J1 J2 J3 J4 J5,f3cbf2089cd8,5,1,0.2,flickering
j_all,J_ALL,J1 J2 J3 J4 J5,f59c1123c57c,5,1,0.2,flickering
j_all,J_ALL,J1 J2 J3 J4 J5,fb0061bbb89c,5,1,0.2,flickering
j_all,J_ALL,J1 J2 J3 J4 J5,fc51297a412d,5,1,0.2,flickering
j_all,J_ALL,J1 J2 J3 J4 J5,fcee27de1d97,5,2,0.4,flickering
j_all,S1,S1,01d3ad510b42,5,5,1.0,unanimous
j_all,S1,S1,04278d8d1006,5,5,1.0,unanimous
j_all,S1,S1,046e6d52bc8e,5,5,1.0,unanimous
j_all,S1,S1,04827fb71269,5,5,1.0,unanimous
j_all,S1,S1,088747fa7d04,5,5,1.0,unanimous
j_all,S1,S1,08ad0e53abb1,5,5,1.0,unanimous
j_all,S1,S1,0b6eb6e593c5,5,5,1.0,unanimous
j_all,S1,S1,0bf1eff0c800,5,1,0.2,flickering
j_all,S1,S1,0d34d4795612,5,5,1.0,unanimous
j_all,S1,S1,0f5f4d284afb,5,1,0.2,flickering
j_all,S1,S1,112d585f8fdf,5,5,1.0,unanimous
j_all,S1,S1,134acf006762,5,5,1.0,unanimous
j_all,S1,S1,14d73efad7ab,5,5,1.0,unanimous
j_all,S1,S1,16ac7d4eada1,5,5,1.0,unanimous
j_all,S1,S1,1bce6dff94b8,5,5,1.0,unanimous
j_all,S1,S1,1dc1f1d9c3bd,5,5,1.0,unanimous
j_all,S1,S1,2065ada1a306,5,5,1.0,unanimous
j_all,S1,S1,21da45ff7758,5,5,1.0,unanimous
j_all,S1,S1,2802cf486896,5,5,1.0,unanimous
j_all,S1,S1,2c0cb0230b61,5,5,1.0,unanimous
j_all,S1,S1,2c7c7c5def5a,5,5,1.0,unanimous
j_all,S1,S1,2fb56e19e29d,5,5,1.0,unanimous
j_all,S1,S1,31b5e609ef46,5,5,1.0,unanimous
j_all,S1,S1,353095dd4786,5,5,1.0,unanimous
j_all,S1,S1,3680e8deae2f,5,5,1.0,unanimous
j_all,S1,S1,37c368833872,5,5,1.0,unanimous
j_all,S1,S1,37f61727e427,5,5,1.0,unanimous
j_all,S1,S1,39b63b84df43,5,5,1.0,unanimous
j_all,S1,S1,3c4f97f6fb20,5,5,1.0,unanimous
j_all,S1,S1,3ff2979ec750,5,5,1.0,unanimous
j_all,S1,S1,410ecd5b1e40,5,5,1.0,unanimous
j_all,S1,S1,43e4036c30f9,5,5,1.0,unanimous
j_all,S1,S1,49067b2ff40c,5,5,1.0,unanimous
j_all,S1,S1,4f06bfffb535,5,5,1.0,unanimous
j_all,S1,S1,512ffd6391ed,5,5,1.0,unanimous
j_all,S1,S1,5aefd3e8b445,5,5,1.0,unanimous
j_all,S1,S1,5ccdfc01ba3c,5,5,1.0,unanimous
j_all,S1,S1,5e3faa420f8a,5,5,1.0,unanimous
j_all,S1,S1,5eb14f8b3cdc,5,1,0.2,flickering
j_all,S1,S1,60160115004c,5,5,1.0,unanimous
j_all,S1,S1,6103d326f1f4,5,5,1.0,unanimous
j_all,S1,S1,615c9cf6b7e2,5,5,1.0,unanimous
j_all,S1,S1,628cb522c3cd,5,5,1.0,unanimous
j_all,S1,S1,64cf0bbee592,5,2,0.4,flickering
j_all,S1,S1,660cc534fc78,5,4,0.8,flickering
j_all,S1,S1,684536b07bc7,5,5,1.0,unanimous
j_all,S1,S1,69262ac8f823,5,5,1.0,unanimous
j_all,S1,S1,7415e35108cc,5,1,0.2,flickering
j_all,S1,S1,74fb44a7acc9,5,5,1.0,unanimous
j_all,S1,S1,774568d1460a,5,5,1.0,unanimous
j_all,S1,S1,77e8cca793fb,5,5,1.0,unanimous
j_all,S1,S1,7803d9a85054,5,5,1.0,unanimous
j_all,S1,S1,7a02d7111976,5,2,0.4,flickering
j_all,S1,S1,7b77237aee10,5,5,1.0,unanimous
j_all,S1,S1,7c3d9a994e6f,5,5,1.0,unanimous
j_all,S1,S1,7df672f007f4,5,5,1.0,unanimous
j_all,S1,S1,7e30c8259061,5,5,1.0,unanimous
j_all,S1,S1,7e6b0d276a55,5,5,1.0,unanimous
j_all,S1,S1,8078cef39704,5,1,0.2,flickering
j_all,S1,S1,83b57a05ab3c,5,1,0.2,flickering
j_all,S1,S1,849b8319a75f,5,5,1.0,unanimous
j_all,S1,S1,86090feb7a89,5,5,1.0,unanimous
j_all,S1,S1,8b87a89244e2,5,5,1.0,unanimous
j_all,S1,S1,8ba39229aeac,5,2,0.4,flickering
j_all,S1,S1,8cfe1edbd00f,5,5,1.0,unanimous
j_all,S1,S1,9002b1ff928f,5,5,1.0,unanimous
j_all,S1,S1,90b23b744311,5,5,1.0,unanimous
j_all,S1,S1,9167dfcb1faa,5,1,0.2,flickering
j_all,S1,S1,91987904b44b,5,5,1.0,unanimous
j_all,S1,S1,942b571c83ec,5,1,0.2,flickering
j_all,S1,S1,94bc5a480449,5,5,1.0,unanimous
j_all,S1,S1,953cf8b9cd02,5,5,1.0,unanimous
j_all,S1,S1,9906ba89a54d,5,5,1.0,unanimous
j_all,S1,S1,99d069fa1546,5,5,1.0,unanimous
j_all,S1,S1,9b00fd3c63f5,5,5,1.0,unanimous
j_all,S1,S1,9d41a00a9c93,5,5,1.0,unanimous
j_all,S1,S1,a0b20e4df225,5,5,1.0,unanimous
j_all,S1,S1,a0def0e8f780,5,5,1.0,unanimous
j_all,S1,S1,a4265bd21da8,5,5,1.0,unanimous
j_all,S1,S1,a44c5fe6a989,5,5,1.0,unanimous
j_all,S1,S1,a45c83f69ba7,5,5,1.0,unanimous
j_all,S1,S1,b0c69164f2c2,5,5,1.0,unanimous
j_all,S1,S1,b71b3713bf7e,5,5,1.0,unanimous
j_all,S1,S1,b747c4e5f4ac,5,2,0.4,flickering
j_all,S1,S1,b8c47f333bb5,5,5,1.0,unanimous
j_all,S1,S1,bbf0a1f63b46,5,1,0.2,flickering
j_all,S1,S1,c37b7a2d4ebd,5,5,1.0,unanimous
j_all,S1,S1,c3a619319924,5,5,1.0,unanimous
j_all,S1,S1,c6fa35b52649,5,5,1.0,unanimous
j_all,S1,S1,c8b99a321068,5,5,1.0,unanimous
j_all,S1,S1,c9b8620edc48,5,5,1.0,unanimous
j_all,S1,S1,c9f7d2e17c2a,5,5,1.0,unanimous
j_all,S1,S1,cb74cfb960dd,5,5,1.0,unanimous
j_all,S1,S1,cd554c210646,5,3,0.6,flickering
j_all,S1,S1,d4cdd75dc42a,5,1,0.2,flickering
j_all,S1,S1,d64e8b13bb9b,5,1,0.2,flickering
j_all,S1,S1,d75b4cbb6504,5,5,1.0,unanimous
j_all,S1,S1,d8dfa8ae12d2,5,5,1.0,unanimous
j_all,S1,S1,d912436f2119,5,5,1.0,unanimous
j_all,S1,S1,dbc0cd127ca0,5,5,1.0,unanimous
j_all,S1,S1,e0c26c29dd33,5,5,1.0,unanimous
j_all,S1,S1,e214388abd4f,5,5,1.0,unanimous
j_all,S1,S1,e2aa21641a6f,5,5,1.0,unanimous
j_all,S1,S1,e57564408718,5,5,1.0,unanimous
j_all,S1,S1,e5cd0826ccfa,5,4,0.8,flickering
j_all,S1,S1,e68e6ab7e5af,5,5,1.0,unanimous
j_all,S1,S1,ec36fab3fcd8,5,5,1.0,unanimous
j_all,S1,S1,ef9277c4054f,5,5,1.0,unanimous
j_all,S1,S1,f3cbf2089cd8,5,5,1.0,unanimous
j_all,S1,S1,f4f868eb242a,5,5,1.0,unanimous
j_all,S1,S1,f59b70069029,5,5,1.0,unanimous
j_all,S1,S1,fa936747b53e,5,5,1.0,unanimous
j_all,S1,S1,fb78cd234795,5,5,1.0,unanimous
j_all,S1,S1,fc1af8998b89,5,5,1.0,unanimous
j_all,S1,S1,ff5570d33911,5,4,0.8,flickering
j_all,U1,U1,01d3ad510b42,5,5,1.0,unanimous
j_all,U1,U1,02de4bafb196,5,5,1.0,unanimous
j_all,U1,U1,039ed8d2c4fe,5,5,1.0,unanimous
j_all,U1,U1,04278d8d1006,5,1,0.2,flickering
j_all,U1,U1,043aa1b0134c,5,5,1.0,unanimous
j_all,U1,U1,046e6d52bc8e,5,3,0.6,flickering
j_all,U1,U1,04827fb71269,5,2,0.4,flickering
j_all,U1,U1,04f6f12c9dd1,5,5,1.0,unanimous
j_all,U1,U1,0686dccb5baa,5,5,1.0,unanimous
j_all,U1,U1,0688cd1db5ca,5,5,1.0,unanimous
j_all,U1,U1,06ed3c1819be,5,5,1.0,unanimous
j_all,U1,U1,084b592e02b3,5,5,1.0,unanimous
j_all,U1,U1,088747fa7d04,5,3,0.6,flickering
j_all,U1,U1,08ad0e53abb1,5,5,1.0,unanimous
j_all,U1,U1,0a81f336c8fb,5,5,1.0,unanimous
j_all,U1,U1,0adf2d15eb47,5,5,1.0,unanimous
j_all,U1,U1,0b6eb6e593c5,5,5,1.0,unanimous
j_all,U1,U1,0bf1eff0c800,5,5,1.0,unanimous
j_all,U1,U1,0d34d4795612,5,4,0.8,flickering
j_all,U1,U1,0d63f36e3688,5,5,1.0,unanimous
j_all,U1,U1,0d8f07836540,5,5,1.0,unanimous
j_all,U1,U1,0f5f4d284afb,5,5,1.0,unanimous
j_all,U1,U1,109ca777fa12,5,5,1.0,unanimous
j_all,U1,U1,112d585f8fdf,5,4,0.8,flickering
j_all,U1,U1,134acf006762,5,4,0.8,flickering
j_all,U1,U1,14ab57dc9ec8,5,5,1.0,unanimous
j_all,U1,U1,14d73efad7ab,5,4,0.8,flickering
j_all,U1,U1,16ac7d4eada1,5,4,0.8,flickering
j_all,U1,U1,1921370ef769,5,5,1.0,unanimous
j_all,U1,U1,1b3433cd4628,5,5,1.0,unanimous
j_all,U1,U1,1bce6dff94b8,5,4,0.8,flickering
j_all,U1,U1,1c36cac6bccc,5,5,1.0,unanimous
j_all,U1,U1,1c99d4b10868,5,5,1.0,unanimous
j_all,U1,U1,1d3a4f93114f,5,5,1.0,unanimous
j_all,U1,U1,1dc1f1d9c3bd,5,5,1.0,unanimous
j_all,U1,U1,1e85a8697898,5,5,1.0,unanimous
j_all,U1,U1,1fb5bb36812c,5,5,1.0,unanimous
j_all,U1,U1,1fb64399ccd8,5,5,1.0,unanimous
j_all,U1,U1,2065ada1a306,5,3,0.6,flickering
j_all,U1,U1,209fa336c13a,5,5,1.0,unanimous
j_all,U1,U1,21da45ff7758,5,4,0.8,flickering
j_all,U1,U1,23161751e203,5,5,1.0,unanimous
j_all,U1,U1,2440338f40ce,5,5,1.0,unanimous
j_all,U1,U1,25b03ee6601d,5,5,1.0,unanimous
j_all,U1,U1,2802cf486896,5,3,0.6,flickering
j_all,U1,U1,2a0d8f20ab72,5,5,1.0,unanimous
j_all,U1,U1,2a27a571e7fc,5,5,1.0,unanimous
j_all,U1,U1,2aa0f685bafa,5,5,1.0,unanimous
j_all,U1,U1,2c0cb0230b61,5,5,1.0,unanimous
j_all,U1,U1,2c7c7c5def5a,5,5,1.0,unanimous
j_all,U1,U1,2cabf84d8c88,5,5,1.0,unanimous
j_all,U1,U1,2e9adc656f2b,5,5,1.0,unanimous
j_all,U1,U1,2fb56e19e29d,5,3,0.6,flickering
j_all,U1,U1,30b481a7c8e2,5,5,1.0,unanimous
j_all,U1,U1,31a19e00325e,5,5,1.0,unanimous
j_all,U1,U1,31a2fec2be77,5,5,1.0,unanimous
j_all,U1,U1,31b5e609ef46,5,4,0.8,flickering
j_all,U1,U1,3257ed9e00aa,5,5,1.0,unanimous
j_all,U1,U1,362055c7a5a9,5,5,1.0,unanimous
j_all,U1,U1,3680e8deae2f,5,3,0.6,flickering
j_all,U1,U1,37c368833872,5,3,0.6,flickering
j_all,U1,U1,37f61727e427,5,4,0.8,flickering
j_all,U1,U1,3885f7d6d282,5,5,1.0,unanimous
j_all,U1,U1,39b63b84df43,5,3,0.6,flickering
j_all,U1,U1,3a2203603d61,5,3,0.6,flickering
j_all,U1,U1,3c4f97f6fb20,5,3,0.6,flickering
j_all,U1,U1,3cb443c08221,5,5,1.0,unanimous
j_all,U1,U1,3ff2979ec750,5,3,0.6,flickering
j_all,U1,U1,408fd2a91abd,5,5,1.0,unanimous
j_all,U1,U1,410ecd5b1e40,5,3,0.6,flickering
j_all,U1,U1,430464d25f28,5,5,1.0,unanimous
j_all,U1,U1,43748fb30948,5,5,1.0,unanimous
j_all,U1,U1,43e4036c30f9,5,1,0.2,flickering
j_all,U1,U1,4463568f621e,5,5,1.0,unanimous
j_all,U1,U1,447d40f8ace5,5,5,1.0,unanimous
j_all,U1,U1,4707c2930bd5,5,5,1.0,unanimous
j_all,U1,U1,472b9b93ad9f,5,5,1.0,unanimous
j_all,U1,U1,49067b2ff40c,5,5,1.0,unanimous
j_all,U1,U1,4bb8afe35408,5,5,1.0,unanimous
j_all,U1,U1,4f06bfffb535,5,3,0.6,flickering
j_all,U1,U1,4fdfdbf582cb,5,5,1.0,unanimous
j_all,U1,U1,4ff4163fd5c7,5,5,1.0,unanimous
j_all,U1,U1,512ffd6391ed,5,4,0.8,flickering
j_all,U1,U1,5341a4972339,5,5,1.0,unanimous
j_all,U1,U1,5478288b68f4,5,5,1.0,unanimous
j_all,U1,U1,55157f0433cc,5,5,1.0,unanimous
j_all,U1,U1,560a71c4eb88,5,5,1.0,unanimous
j_all,U1,U1,57d543f72b94,5,5,1.0,unanimous
j_all,U1,U1,5860caa8b811,5,5,1.0,unanimous
j_all,U1,U1,5932b68b6a3b,5,5,1.0,unanimous
j_all,U1,U1,5aefd3e8b445,5,2,0.4,flickering
j_all,U1,U1,5ccdfc01ba3c,5,5,1.0,unanimous
j_all,U1,U1,5cdb0ba3c556,5,5,1.0,unanimous
j_all,U1,U1,5d40cd729024,5,5,1.0,unanimous
j_all,U1,U1,5e17e32670ea,5,5,1.0,unanimous
j_all,U1,U1,5e3faa420f8a,5,4,0.8,flickering
j_all,U1,U1,5eb14f8b3cdc,5,5,1.0,unanimous
j_all,U1,U1,5ebba28b6c1b,5,5,1.0,unanimous
j_all,U1,U1,60160115004c,5,3,0.6,flickering
j_all,U1,U1,6025e1fa5134,5,5,1.0,unanimous
j_all,U1,U1,6103d326f1f4,5,2,0.4,flickering
j_all,U1,U1,615c9cf6b7e2,5,3,0.6,flickering
j_all,U1,U1,62126c371107,5,5,1.0,unanimous
j_all,U1,U1,624266e9f779,5,5,1.0,unanimous
j_all,U1,U1,628cb522c3cd,5,5,1.0,unanimous
j_all,U1,U1,62e2c124f989,5,5,1.0,unanimous
j_all,U1,U1,643832575481,5,5,1.0,unanimous
j_all,U1,U1,64cf0bbee592,5,4,0.8,flickering
j_all,U1,U1,65008302b1e5,5,5,1.0,unanimous
j_all,U1,U1,660cc534fc78,5,4,0.8,flickering
j_all,U1,U1,66604d92cdf6,5,5,1.0,unanimous
j_all,U1,U1,684536b07bc7,5,5,1.0,unanimous
j_all,U1,U1,688178e946ff,5,5,1.0,unanimous
j_all,U1,U1,69262ac8f823,5,3,0.6,flickering
j_all,U1,U1,6980ae227761,5,5,1.0,unanimous
j_all,U1,U1,699afdbeba4d,5,5,1.0,unanimous
j_all,U1,U1,6a1f6758e7d9,5,5,1.0,unanimous
j_all,U1,U1,6bdd73210307,5,5,1.0,unanimous
j_all,U1,U1,6d850c9bb9a8,5,5,1.0,unanimous
j_all,U1,U1,6df425a01e7e,5,5,1.0,unanimous
j_all,U1,U1,6df59e956a95,5,5,1.0,unanimous
j_all,U1,U1,6e3fc24135dd,5,5,1.0,unanimous
j_all,U1,U1,6e65a2b06b3e,5,5,1.0,unanimous
j_all,U1,U1,6ebaa814e4ad,5,3,0.6,flickering
j_all,U1,U1,70d66563e84a,5,5,1.0,unanimous
j_all,U1,U1,72eed7e29e02,5,5,1.0,unanimous
j_all,U1,U1,7415e35108cc,5,5,1.0,unanimous
j_all,U1,U1,74fb44a7acc9,5,2,0.4,flickering
j_all,U1,U1,754832888538,5,5,1.0,unanimous
j_all,U1,U1,760bf1553c4d,5,5,1.0,unanimous
j_all,U1,U1,774568d1460a,5,4,0.8,flickering
j_all,U1,U1,77e8cca793fb,5,4,0.8,flickering
j_all,U1,U1,7803d9a85054,5,5,1.0,unanimous
j_all,U1,U1,78230d2a0091,5,5,1.0,unanimous
j_all,U1,U1,7a02d7111976,5,5,1.0,unanimous
j_all,U1,U1,7a7a77e77a46,5,5,1.0,unanimous
j_all,U1,U1,7b77237aee10,5,5,1.0,unanimous
j_all,U1,U1,7c3d9a994e6f,5,2,0.4,flickering
j_all,U1,U1,7cebf4fe20ee,5,5,1.0,unanimous
j_all,U1,U1,7df672f007f4,5,5,1.0,unanimous
j_all,U1,U1,7e30c8259061,5,2,0.4,flickering
j_all,U1,U1,7e49e32d201b,5,5,1.0,unanimous
j_all,U1,U1,7e6b0d276a55,5,5,1.0,unanimous
j_all,U1,U1,7f427673957c,5,5,1.0,unanimous
j_all,U1,U1,7f45c1d942fc,5,5,1.0,unanimous
j_all,U1,U1,805f4872bae8,5,4,0.8,flickering
j_all,U1,U1,8078cef39704,5,5,1.0,unanimous
j_all,U1,U1,80db6dd984d5,5,5,1.0,unanimous
j_all,U1,U1,8132df5e7a12,5,5,1.0,unanimous
j_all,U1,U1,81607c6d9629,5,5,1.0,unanimous
j_all,U1,U1,81a87f78403c,5,5,1.0,unanimous
j_all,U1,U1,83b57a05ab3c,5,4,0.8,flickering
j_all,U1,U1,849b8319a75f,5,2,0.4,flickering
j_all,U1,U1,86090feb7a89,5,5,1.0,unanimous
j_all,U1,U1,87ecf58e6b0c,5,5,1.0,unanimous
j_all,U1,U1,8a4969fb9f3f,5,5,1.0,unanimous
j_all,U1,U1,8b87a89244e2,5,3,0.6,flickering
j_all,U1,U1,8ba39229aeac,5,5,1.0,unanimous
j_all,U1,U1,8ca47f754a8b,5,5,1.0,unanimous
j_all,U1,U1,8cfe1edbd00f,5,5,1.0,unanimous
j_all,U1,U1,8e335947c0e1,5,5,1.0,unanimous
j_all,U1,U1,8e3c2e92cbc0,5,5,1.0,unanimous
j_all,U1,U1,8e440b80a157,5,5,1.0,unanimous
j_all,U1,U1,90b23b744311,5,5,1.0,unanimous
j_all,U1,U1,9167dfcb1faa,5,5,1.0,unanimous
j_all,U1,U1,91987904b44b,5,2,0.4,flickering
j_all,U1,U1,93630e0a3d67,5,5,1.0,unanimous
j_all,U1,U1,942b571c83ec,5,5,1.0,unanimous
j_all,U1,U1,94bc5a480449,5,2,0.4,flickering
j_all,U1,U1,94bf93368c00,5,5,1.0,unanimous
j_all,U1,U1,953cf8b9cd02,5,2,0.4,flickering
j_all,U1,U1,9623f8400850,5,5,1.0,unanimous
j_all,U1,U1,96e911c67649,5,5,1.0,unanimous
j_all,U1,U1,97abaa333a90,5,5,1.0,unanimous
j_all,U1,U1,9906ba89a54d,5,5,1.0,unanimous
j_all,U1,U1,99d069fa1546,5,4,0.8,flickering
j_all,U1,U1,9a9eff6df503,5,5,1.0,unanimous
j_all,U1,U1,9b00fd3c63f5,5,3,0.6,flickering
j_all,U1,U1,9b8faec4d9b1,5,5,1.0,unanimous
j_all,U1,U1,9bbcadeaa0fa,5,5,1.0,unanimous
j_all,U1,U1,9bef5c2501ee,5,5,1.0,unanimous
j_all,U1,U1,9d41a00a9c93,5,5,1.0,unanimous
j_all,U1,U1,9dfe141cf391,5,5,1.0,unanimous
j_all,U1,U1,9fd1f741bc64,5,5,1.0,unanimous
j_all,U1,U1,a03d48541430,5,5,1.0,unanimous
j_all,U1,U1,a0b20e4df225,5,2,0.4,flickering
j_all,U1,U1,a0def0e8f780,5,3,0.6,flickering
j_all,U1,U1,a21113615ced,5,5,1.0,unanimous
j_all,U1,U1,a2ee1ad7e572,5,5,1.0,unanimous
j_all,U1,U1,a32fbd13c2e3,5,5,1.0,unanimous
j_all,U1,U1,a41084c34754,5,5,1.0,unanimous
j_all,U1,U1,a4265bd21da8,5,2,0.4,flickering
j_all,U1,U1,a44c5fe6a989,5,3,0.6,flickering
j_all,U1,U1,a45c83f69ba7,5,3,0.6,flickering
j_all,U1,U1,a5e0df042d50,5,5,1.0,unanimous
j_all,U1,U1,a69a5c9bdd1d,5,5,1.0,unanimous
j_all,U1,U1,a82568887b73,5,5,1.0,unanimous
j_all,U1,U1,ad4a3ebaa5bc,5,5,1.0,unanimous
j_all,U1,U1,ae184ed23fd2,5,5,1.0,unanimous
j_all,U1,U1,aebd35259e42,5,5,1.0,unanimous
j_all,U1,U1,afe283c2f92e,5,5,1.0,unanimous
j_all,U1,U1,b0c69164f2c2,5,2,0.4,flickering
j_all,U1,U1,b2790c4ddf09,5,5,1.0,unanimous
j_all,U1,U1,b38b2a0c0e03,5,5,1.0,unanimous
j_all,U1,U1,b498f4cd8561,5,5,1.0,unanimous
j_all,U1,U1,b4b46e41a207,5,5,1.0,unanimous
j_all,U1,U1,b71b3713bf7e,5,3,0.6,flickering
j_all,U1,U1,b73f5ed4014d,5,5,1.0,unanimous
j_all,U1,U1,b747c4e5f4ac,5,5,1.0,unanimous
j_all,U1,U1,b7ab98dbfd54,5,5,1.0,unanimous
j_all,U1,U1,b8c47f333bb5,5,4,0.8,flickering
j_all,U1,U1,ba1df2e0ede2,5,5,1.0,unanimous
j_all,U1,U1,ba73af4e78a2,5,5,1.0,unanimous
j_all,U1,U1,baca3b71517c,5,5,1.0,unanimous
j_all,U1,U1,bb4148602b38,5,5,1.0,unanimous
j_all,U1,U1,bbea276f3086,5,5,1.0,unanimous
j_all,U1,U1,bbf0a1f63b46,5,5,1.0,unanimous
j_all,U1,U1,be79c347aa60,5,5,1.0,unanimous
j_all,U1,U1,bee5861ae116,5,5,1.0,unanimous
j_all,U1,U1,bf53db1c5f96,5,5,1.0,unanimous
j_all,U1,U1,bfc9fd64bb7b,5,5,1.0,unanimous
j_all,U1,U1,c080e2571f6a,5,5,1.0,unanimous
j_all,U1,U1,c1ee1d19767b,5,5,1.0,unanimous
j_all,U1,U1,c37b7a2d4ebd,5,5,1.0,unanimous
j_all,U1,U1,c3a619319924,5,5,1.0,unanimous
j_all,U1,U1,c6fa35b52649,5,3,0.6,flickering
j_all,U1,U1,c7436f1e497c,5,5,1.0,unanimous
j_all,U1,U1,c7550543387f,5,5,1.0,unanimous
j_all,U1,U1,c8b99a321068,5,1,0.2,flickering
j_all,U1,U1,c95cf215efb4,5,5,1.0,unanimous
j_all,U1,U1,c9b8620edc48,5,2,0.4,flickering
j_all,U1,U1,c9d423f4830b,5,5,1.0,unanimous
j_all,U1,U1,c9f7d2e17c2a,5,3,0.6,flickering
j_all,U1,U1,cb577e429912,5,5,1.0,unanimous
j_all,U1,U1,cb74cfb960dd,5,3,0.6,flickering
j_all,U1,U1,cb8d47011c7b,5,5,1.0,unanimous
j_all,U1,U1,cd161c6d2917,5,5,1.0,unanimous
j_all,U1,U1,cd554c210646,5,5,1.0,unanimous
j_all,U1,U1,cd9b0d4387fc,5,5,1.0,unanimous
j_all,U1,U1,ce0620750a2c,5,5,1.0,unanimous
j_all,U1,U1,cf3cfeed36df,5,5,1.0,unanimous
j_all,U1,U1,cfa9b6bdca54,5,5,1.0,unanimous
j_all,U1,U1,cfec2db4e8d7,5,5,1.0,unanimous
j_all,U1,U1,d2148c314266,5,5,1.0,unanimous
j_all,U1,U1,d4cdd75dc42a,5,5,1.0,unanimous
j_all,U1,U1,d6342c6ebaac,5,5,1.0,unanimous
j_all,U1,U1,d64e8b13bb9b,5,4,0.8,flickering
j_all,U1,U1,d6ba0fff7766,5,5,1.0,unanimous
j_all,U1,U1,d75b4cbb6504,5,5,1.0,unanimous
j_all,U1,U1,d7edd402f862,5,5,1.0,unanimous
j_all,U1,U1,d8dfa8ae12d2,5,4,0.8,flickering
j_all,U1,U1,d912436f2119,5,3,0.6,flickering
j_all,U1,U1,dab8bf6d9681,5,5,1.0,unanimous
j_all,U1,U1,db6b212b08de,5,5,1.0,unanimous
j_all,U1,U1,dbc0cd127ca0,5,2,0.4,flickering
j_all,U1,U1,dceec3c64e83,5,5,1.0,unanimous
j_all,U1,U1,dd9481d7200f,5,5,1.0,unanimous
j_all,U1,U1,e09ebc09591c,5,5,1.0,unanimous
j_all,U1,U1,e0c26c29dd33,5,3,0.6,flickering
j_all,U1,U1,e214388abd4f,5,4,0.8,flickering
j_all,U1,U1,e2827a5d260a,5,5,1.0,unanimous
j_all,U1,U1,e2aa21641a6f,5,3,0.6,flickering
j_all,U1,U1,e4745f13bbb4,5,5,1.0,unanimous
j_all,U1,U1,e57564408718,5,5,1.0,unanimous
j_all,U1,U1,e588129c3f2f,5,5,1.0,unanimous
j_all,U1,U1,e5cd0826ccfa,5,4,0.8,flickering
j_all,U1,U1,e68e6ab7e5af,5,4,0.8,flickering
j_all,U1,U1,ea1f6637fdad,5,5,1.0,unanimous
j_all,U1,U1,eb081c1ea631,5,5,1.0,unanimous
j_all,U1,U1,ec36fab3fcd8,5,4,0.8,flickering
j_all,U1,U1,ed25d91cd910,5,5,1.0,unanimous
j_all,U1,U1,ee5e2d9e72a7,5,5,1.0,unanimous
j_all,U1,U1,ef9277c4054f,5,3,0.6,flickering
j_all,U1,U1,f19c50362dd0,5,5,1.0,unanimous
j_all,U1,U1,f301c4c40fe7,5,5,1.0,unanimous
j_all,U1,U1,f37e85a4c407,5,5,1.0,unanimous
j_all,U1,U1,f3cbf2089cd8,5,4,0.8,flickering
j_all,U1,U1,f47252c3b412,5,5,1.0,unanimous
j_all,U1,U1,f4f868eb242a,5,1,0.2,flickering
j_all,U1,U1,f57b85b8c16e,5,5,1.0,unanimous
j_all,U1,U1,f59b70069029,5,2,0.4,flickering
j_all,U1,U1,f59c1123c57c,5,5,1.0,unanimous
j_all,U1,U1,fa936747b53e,5,5,1.0,unanimous
j_all,U1,U1,fad7d84a6b2b,5,5,1.0,unanimous
j_all,U1,U1,fb0061bbb89c,5,5,1.0,unanimous
j_all,U1,U1,fb5a123a805f,5,5,1.0,unanimous
j_all,U1,U1,fb78cd234795,5,4,0.8,flickering
j_all,U1,U1,fc1af8998b89,5,3,0.6,flickering
j_all,U1,U1,fc51297a412d,5,5,1.0,unanimous
j_all,U1,U1,fcd053a713e3,5,5,1.0,unanimous
j_all,U1,U1,fcee27de1d97,5,5,1.0,unanimous
j_all,U1,U1,fd5adc3e3a3a,5,5,1.0,unanimous
j_all,U1,U1,fe727d4718be,5,5,1.0,unanimous
j_all,U1,U1,ff5570d33911,5,5,1.0,unanimous
j_all,U2,U2,a0def0e8f780,5,1,0.2,flickering
j_all,U2,U2,c6fa35b52649,5,1,0.2,flickering
j_all,U3,U3,01d3ad510b42,5,2,0.4,flickering
j_all,U3,U3,02de4bafb196,5,4,0.8,flickering
j_all,U3,U3,039ed8d2c4fe,5,4,0.8,flickering
j_all,U3,U3,043aa1b0134c,5,5,1.0,unanimous
j_all,U3,U3,046e6d52bc8e,5,1,0.2,flickering
j_all,U3,U3,04f6f12c9dd1,5,5,1.0,unanimous
j_all,U3,U3,0686dccb5baa,5,4,0.8,flickering
j_all,U3,U3,0688cd1db5ca,5,5,1.0,unanimous
j_all,U3,U3,06ed3c1819be,5,4,0.8,flickering
j_all,U3,U3,084b592e02b3,5,5,1.0,unanimous
j_all,U3,U3,088747fa7d04,5,1,0.2,flickering
j_all,U3,U3,08ad0e53abb1,5,3,0.6,flickering
j_all,U3,U3,0a81f336c8fb,5,5,1.0,unanimous
j_all,U3,U3,0adf2d15eb47,5,4,0.8,flickering
j_all,U3,U3,0b6eb6e593c5,5,2,0.4,flickering
j_all,U3,U3,0bf1eff0c800,5,5,1.0,unanimous
j_all,U3,U3,0d63f36e3688,5,5,1.0,unanimous
j_all,U3,U3,0d8f07836540,5,5,1.0,unanimous
j_all,U3,U3,0f5f4d284afb,5,5,1.0,unanimous
j_all,U3,U3,109ca777fa12,5,5,1.0,unanimous
j_all,U3,U3,112d585f8fdf,5,1,0.2,flickering
j_all,U3,U3,134acf006762,5,2,0.4,flickering
j_all,U3,U3,14ab57dc9ec8,5,4,0.8,flickering
j_all,U3,U3,14d73efad7ab,5,3,0.6,flickering
j_all,U3,U3,16ac7d4eada1,5,2,0.4,flickering
j_all,U3,U3,1921370ef769,5,5,1.0,unanimous
j_all,U3,U3,1b3433cd4628,5,4,0.8,flickering
j_all,U3,U3,1bce6dff94b8,5,2,0.4,flickering
j_all,U3,U3,1c36cac6bccc,5,5,1.0,unanimous
j_all,U3,U3,1c99d4b10868,5,3,0.6,flickering
j_all,U3,U3,1d3a4f93114f,5,5,1.0,unanimous
j_all,U3,U3,1dc1f1d9c3bd,5,3,0.6,flickering
j_all,U3,U3,1e85a8697898,5,5,1.0,unanimous
j_all,U3,U3,1fb5bb36812c,5,5,1.0,unanimous
j_all,U3,U3,1fb64399ccd8,5,3,0.6,flickering
j_all,U3,U3,2065ada1a306,5,1,0.2,flickering
j_all,U3,U3,209fa336c13a,5,4,0.8,flickering
j_all,U3,U3,21da45ff7758,5,3,0.6,flickering
j_all,U3,U3,23161751e203,5,4,0.8,flickering
j_all,U3,U3,2440338f40ce,5,5,1.0,unanimous
j_all,U3,U3,25b03ee6601d,5,5,1.0,unanimous
j_all,U3,U3,2802cf486896,5,3,0.6,flickering
j_all,U3,U3,2a0d8f20ab72,5,4,0.8,flickering
j_all,U3,U3,2a27a571e7fc,5,5,1.0,unanimous
j_all,U3,U3,2aa0f685bafa,5,4,0.8,flickering
j_all,U3,U3,2c0cb0230b61,5,3,0.6,flickering
j_all,U3,U3,2c7c7c5def5a,5,1,0.2,flickering
j_all,U3,U3,2cabf84d8c88,5,4,0.8,flickering
j_all,U3,U3,2e9adc656f2b,5,5,1.0,unanimous
j_all,U3,U3,2fb56e19e29d,5,1,0.2,flickering
j_all,U3,U3,30b481a7c8e2,5,5,1.0,unanimous
j_all,U3,U3,31a19e00325e,5,4,0.8,flickering
j_all,U3,U3,31a2fec2be77,5,5,1.0,unanimous
j_all,U3,U3,31b5e609ef46,5,3,0.6,flickering
j_all,U3,U3,3257ed9e00aa,5,5,1.0,unanimous
j_all,U3,U3,362055c7a5a9,5,5,1.0,unanimous
j_all,U3,U3,3680e8deae2f,5,2,0.4,flickering
j_all,U3,U3,37c368833872,5,2,0.4,flickering
j_all,U3,U3,37f61727e427,5,4,0.8,flickering
j_all,U3,U3,3885f7d6d282,5,5,1.0,unanimous
j_all,U3,U3,39b63b84df43,5,1,0.2,flickering
j_all,U3,U3,3a2203603d61,5,4,0.8,flickering
j_all,U3,U3,3c4f97f6fb20,5,2,0.4,flickering
j_all,U3,U3,3cb443c08221,5,3,0.6,flickering
j_all,U3,U3,3ff2979ec750,5,2,0.4,flickering
j_all,U3,U3,408fd2a91abd,5,5,1.0,unanimous
j_all,U3,U3,410ecd5b1e40,5,1,0.2,flickering
j_all,U3,U3,430464d25f28,5,4,0.8,flickering
j_all,U3,U3,43748fb30948,5,5,1.0,unanimous
j_all,U3,U3,43e4036c30f9,5,1,0.2,flickering
j_all,U3,U3,4463568f621e,5,4,0.8,flickering
j_all,U3,U3,447d40f8ace5,5,5,1.0,unanimous
j_all,U3,U3,4707c2930bd5,5,5,1.0,unanimous
j_all,U3,U3,472b9b93ad9f,5,5,1.0,unanimous
j_all,U3,U3,49067b2ff40c,5,4,0.8,flickering
j_all,U3,U3,4bb8afe35408,5,5,1.0,unanimous
j_all,U3,U3,4f06bfffb535,5,2,0.4,flickering
j_all,U3,U3,4fdfdbf582cb,5,5,1.0,unanimous
j_all,U3,U3,4ff4163fd5c7,5,4,0.8,flickering
j_all,U3,U3,512ffd6391ed,5,2,0.4,flickering
j_all,U3,U3,5341a4972339,5,5,1.0,unanimous
j_all,U3,U3,5478288b68f4,5,4,0.8,flickering
j_all,U3,U3,55157f0433cc,5,4,0.8,flickering
j_all,U3,U3,560a71c4eb88,5,5,1.0,unanimous
j_all,U3,U3,57d543f72b94,5,5,1.0,unanimous
j_all,U3,U3,5860caa8b811,5,5,1.0,unanimous
j_all,U3,U3,5932b68b6a3b,5,5,1.0,unanimous
j_all,U3,U3,5aefd3e8b445,5,1,0.2,flickering
j_all,U3,U3,5ccdfc01ba3c,5,1,0.2,flickering
j_all,U3,U3,5cdb0ba3c556,5,4,0.8,flickering
j_all,U3,U3,5d40cd729024,5,5,1.0,unanimous
j_all,U3,U3,5e17e32670ea,5,3,0.6,flickering
j_all,U3,U3,5e3faa420f8a,5,2,0.4,flickering
j_all,U3,U3,5eb14f8b3cdc,5,5,1.0,unanimous
j_all,U3,U3,5ebba28b6c1b,5,5,1.0,unanimous
j_all,U3,U3,60160115004c,5,3,0.6,flickering
j_all,U3,U3,6025e1fa5134,5,4,0.8,flickering
j_all,U3,U3,6103d326f1f4,5,2,0.4,flickering
j_all,U3,U3,615c9cf6b7e2,5,2,0.4,flickering
j_all,U3,U3,62126c371107,5,3,0.6,flickering
j_all,U3,U3,624266e9f779,5,5,1.0,unanimous
j_all,U3,U3,628cb522c3cd,5,2,0.4,flickering
j_all,U3,U3,62e2c124f989,5,4,0.8,flickering
j_all,U3,U3,643832575481,5,5,1.0,unanimous
j_all,U3,U3,64cf0bbee592,5,2,0.4,flickering
j_all,U3,U3,65008302b1e5,5,5,1.0,unanimous
j_all,U3,U3,660cc534fc78,5,1,0.2,flickering
j_all,U3,U3,66604d92cdf6,5,4,0.8,flickering
j_all,U3,U3,684536b07bc7,5,5,1.0,unanimous
j_all,U3,U3,688178e946ff,5,5,1.0,unanimous
j_all,U3,U3,69262ac8f823,5,2,0.4,flickering
j_all,U3,U3,6980ae227761,5,5,1.0,unanimous
j_all,U3,U3,699afdbeba4d,5,5,1.0,unanimous
j_all,U3,U3,6a1f6758e7d9,5,5,1.0,unanimous
j_all,U3,U3,6bdd73210307,5,4,0.8,flickering
j_all,U3,U3,6d850c9bb9a8,5,4,0.8,flickering
j_all,U3,U3,6df425a01e7e,5,5,1.0,unanimous
j_all,U3,U3,6df59e956a95,5,4,0.8,flickering
j_all,U3,U3,6e3fc24135dd,5,5,1.0,unanimous
j_all,U3,U3,6e65a2b06b3e,5,5,1.0,unanimous
j_all,U3,U3,6ebaa814e4ad,5,4,0.8,flickering
j_all,U3,U3,70d66563e84a,5,5,1.0,unanimous
j_all,U3,U3,72eed7e29e02,5,5,1.0,unanimous
j_all,U3,U3,7415e35108cc,5,5,1.0,unanimous
j_all,U3,U3,754832888538,5,5,1.0,unanimous
j_all,U3,U3,760bf1553c4d,5,4,0.8,flickering
j_all,U3,U3,774568d1460a,5,1,0.2,flickering
j_all,U3,U3,77e8cca793fb,5,2,0.4,flickering
j_all,U3,U3,7803d9a85054,5,2,0.4,flickering
j_all,U3,U3,78230d2a0091,5,5,1.0,unanimous
j_all,U3,U3,7a02d7111976,5,4,0.8,flickering
j_all,U3,U3,7a7a77e77a46,5,5,1.0,unanimous
j_all,U3,U3,7b77237aee10,5,4,0.8,flickering
j_all,U3,U3,7c3d9a994e6f,5,1,0.2,flickering
j_all,U3,U3,7cebf4fe20ee,5,5,1.0,unanimous
j_all,U3,U3,7e30c8259061,5,2,0.4,flickering
j_all,U3,U3,7e49e32d201b,5,5,1.0,unanimous
j_all,U3,U3,7e6b0d276a55,5,2,0.4,flickering
j_all,U3,U3,7f427673957c,5,5,1.0,unanimous
j_all,U3,U3,7f45c1d942fc,5,4,0.8,flickering
j_all,U3,U3,805f4872bae8,5,5,1.0,unanimous
j_all,U3,U3,8078cef39704,5,5,1.0,unanimous
j_all,U3,U3,80db6dd984d5,5,5,1.0,unanimous
j_all,U3,U3,8132df5e7a12,5,4,0.8,flickering
j_all,U3,U3,81607c6d9629,5,4,0.8,flickering
j_all,U3,U3,81a87f78403c,5,3,0.6,flickering
j_all,U3,U3,83b57a05ab3c,5,4,0.8,flickering
j_all,U3,U3,86090feb7a89,5,4,0.8,flickering
j_all,U3,U3,87ecf58e6b0c,5,4,0.8,flickering
j_all,U3,U3,8a4969fb9f3f,5,3,0.6,flickering
j_all,U3,U3,8b87a89244e2,5,1,0.2,flickering
j_all,U3,U3,8ba39229aeac,5,4,0.8,flickering
j_all,U3,U3,8ca47f754a8b,5,5,1.0,unanimous
j_all,U3,U3,8cfe1edbd00f,5,4,0.8,flickering
j_all,U3,U3,8e335947c0e1,5,5,1.0,unanimous
j_all,U3,U3,8e3c2e92cbc0,5,3,0.6,flickering
j_all,U3,U3,8e440b80a157,5,5,1.0,unanimous
j_all,U3,U3,90b23b744311,5,1,0.2,flickering
j_all,U3,U3,9167dfcb1faa,5,4,0.8,flickering
j_all,U3,U3,91987904b44b,5,2,0.4,flickering
j_all,U3,U3,93630e0a3d67,5,5,1.0,unanimous
j_all,U3,U3,942b571c83ec,5,4,0.8,flickering
j_all,U3,U3,94bf93368c00,5,5,1.0,unanimous
j_all,U3,U3,953cf8b9cd02,5,2,0.4,flickering
j_all,U3,U3,9623f8400850,5,5,1.0,unanimous
j_all,U3,U3,96e911c67649,5,4,0.8,flickering
j_all,U3,U3,97abaa333a90,5,5,1.0,unanimous
j_all,U3,U3,9906ba89a54d,5,3,0.6,flickering
j_all,U3,U3,99d069fa1546,5,4,0.8,flickering
j_all,U3,U3,9a9eff6df503,5,4,0.8,flickering
j_all,U3,U3,9b00fd3c63f5,5,2,0.4,flickering
j_all,U3,U3,9b8faec4d9b1,5,5,1.0,unanimous
j_all,U3,U3,9bbcadeaa0fa,5,5,1.0,unanimous
j_all,U3,U3,9bef5c2501ee,5,5,1.0,unanimous
j_all,U3,U3,9d41a00a9c93,5,2,0.4,flickering
j_all,U3,U3,9dfe141cf391,5,5,1.0,unanimous
j_all,U3,U3,9fd1f741bc64,5,4,0.8,flickering
j_all,U3,U3,a03d48541430,5,5,1.0,unanimous
j_all,U3,U3,a0b20e4df225,5,2,0.4,flickering
j_all,U3,U3,a0def0e8f780,5,3,0.6,flickering
j_all,U3,U3,a21113615ced,5,5,1.0,unanimous
j_all,U3,U3,a2ee1ad7e572,5,2,0.4,flickering
j_all,U3,U3,a32fbd13c2e3,5,5,1.0,unanimous
j_all,U3,U3,a41084c34754,5,5,1.0,unanimous
j_all,U3,U3,a44c5fe6a989,5,2,0.4,flickering
j_all,U3,U3,a45c83f69ba7,5,2,0.4,flickering
j_all,U3,U3,a5e0df042d50,5,5,1.0,unanimous
j_all,U3,U3,a69a5c9bdd1d,5,5,1.0,unanimous
j_all,U3,U3,a82568887b73,5,5,1.0,unanimous
j_all,U3,U3,ad4a3ebaa5bc,5,4,0.8,flickering
j_all,U3,U3,ae184ed23fd2,5,4,0.8,flickering
j_all,U3,U3,aebd35259e42,5,5,1.0,unanimous
j_all,U3,U3,afe283c2f92e,5,5,1.0,unanimous
j_all,U3,U3,b2790c4ddf09,5,5,1.0,unanimous
j_all,U3,U3,b38b2a0c0e03,5,4,0.8,flickering
j_all,U3,U3,b498f4cd8561,5,4,0.8,flickering
j_all,U3,U3,b4b46e41a207,5,5,1.0,unanimous
j_all,U3,U3,b71b3713bf7e,5,3,0.6,flickering
j_all,U3,U3,b73f5ed4014d,5,5,1.0,unanimous
j_all,U3,U3,b747c4e5f4ac,5,4,0.8,flickering
j_all,U3,U3,b7ab98dbfd54,5,5,1.0,unanimous
j_all,U3,U3,b8c47f333bb5,5,2,0.4,flickering
j_all,U3,U3,ba1df2e0ede2,5,4,0.8,flickering
j_all,U3,U3,ba73af4e78a2,5,4,0.8,flickering
j_all,U3,U3,baca3b71517c,5,5,1.0,unanimous
j_all,U3,U3,bb4148602b38,5,5,1.0,unanimous
j_all,U3,U3,bbea276f3086,5,5,1.0,unanimous
j_all,U3,U3,bbf0a1f63b46,5,5,1.0,unanimous
j_all,U3,U3,be79c347aa60,5,5,1.0,unanimous
j_all,U3,U3,bee5861ae116,5,5,1.0,unanimous
j_all,U3,U3,bf53db1c5f96,5,5,1.0,unanimous
j_all,U3,U3,bfc9fd64bb7b,5,4,0.8,flickering
j_all,U3,U3,c080e2571f6a,5,5,1.0,unanimous
j_all,U3,U3,c1ee1d19767b,5,2,0.4,flickering
j_all,U3,U3,c37b7a2d4ebd,5,3,0.6,flickering
j_all,U3,U3,c3a619319924,5,4,0.8,flickering
j_all,U3,U3,c6fa35b52649,5,2,0.4,flickering
j_all,U3,U3,c7436f1e497c,5,5,1.0,unanimous
j_all,U3,U3,c7550543387f,5,5,1.0,unanimous
j_all,U3,U3,c8b99a321068,5,1,0.2,flickering
j_all,U3,U3,c95cf215efb4,5,5,1.0,unanimous
j_all,U3,U3,c9d423f4830b,5,5,1.0,unanimous
j_all,U3,U3,c9f7d2e17c2a,5,1,0.2,flickering
j_all,U3,U3,cb577e429912,5,5,1.0,unanimous
j_all,U3,U3,cb74cfb960dd,5,2,0.4,flickering
j_all,U3,U3,cb8d47011c7b,5,4,0.8,flickering
j_all,U3,U3,cd161c6d2917,5,4,0.8,flickering
j_all,U3,U3,cd554c210646,5,4,0.8,flickering
j_all,U3,U3,cd9b0d4387fc,5,4,0.8,flickering
j_all,U3,U3,ce0620750a2c,5,5,1.0,unanimous
j_all,U3,U3,cf3cfeed36df,5,3,0.6,flickering
j_all,U3,U3,cfa9b6bdca54,5,5,1.0,unanimous
j_all,U3,U3,cfec2db4e8d7,5,5,1.0,unanimous
j_all,U3,U3,d2148c314266,5,5,1.0,unanimous
j_all,U3,U3,d4cdd75dc42a,5,4,0.8,flickering
j_all,U3,U3,d6342c6ebaac,5,5,1.0,unanimous
j_all,U3,U3,d64e8b13bb9b,5,4,0.8,flickering
j_all,U3,U3,d6ba0fff7766,5,3,0.6,flickering
j_all,U3,U3,d75b4cbb6504,5,1,0.2,flickering
j_all,U3,U3,d7edd402f862,5,5,1.0,unanimous
j_all,U3,U3,d8dfa8ae12d2,5,2,0.4,flickering
j_all,U3,U3,d912436f2119,5,1,0.2,flickering
j_all,U3,U3,dab8bf6d9681,5,5,1.0,unanimous
j_all,U3,U3,db6b212b08de,5,4,0.8,flickering
j_all,U3,U3,dbc0cd127ca0,5,1,0.2,flickering
j_all,U3,U3,dceec3c64e83,5,5,1.0,unanimous
j_all,U3,U3,dd9481d7200f,5,5,1.0,unanimous
j_all,U3,U3,e09ebc09591c,5,5,1.0,unanimous
j_all,U3,U3,e0c26c29dd33,5,1,0.2,flickering
j_all,U3,U3,e214388abd4f,5,3,0.6,flickering
j_all,U3,U3,e2827a5d260a,5,5,1.0,unanimous
j_all,U3,U3,e2aa21641a6f,5,2,0.4,flickering
j_all,U3,U3,e4745f13bbb4,5,5,1.0,unanimous
j_all,U3,U3,e57564408718,5,2,0.4,flickering
j_all,U3,U3,e588129c3f2f,5,5,1.0,unanimous
j_all,U3,U3,e5cd0826ccfa,5,2,0.4,flickering
j_all,U3,U3,e68e6ab7e5af,5,2,0.4,flickering
j_all,U3,U3,ea1f6637fdad,5,4,0.8,flickering
j_all,U3,U3,eb081c1ea631,5,5,1.0,unanimous
j_all,U3,U3,ec36fab3fcd8,5,4,0.8,flickering
j_all,U3,U3,ed25d91cd910,5,4,0.8,flickering
j_all,U3,U3,ee5e2d9e72a7,5,5,1.0,unanimous
j_all,U3,U3,ef9277c4054f,5,2,0.4,flickering
j_all,U3,U3,f19c50362dd0,5,5,1.0,unanimous
j_all,U3,U3,f301c4c40fe7,5,5,1.0,unanimous
j_all,U3,U3,f37e85a4c407,5,4,0.8,flickering
j_all,U3,U3,f3cbf2089cd8,5,4,0.8,flickering
j_all,U3,U3,f47252c3b412,5,5,1.0,unanimous
j_all,U3,U3,f57b85b8c16e,5,5,1.0,unanimous
j_all,U3,U3,f59b70069029,5,1,0.2,flickering
j_all,U3,U3,f59c1123c57c,5,5,1.0,unanimous
j_all,U3,U3,fa936747b53e,5,3,0.6,flickering
j_all,U3,U3,fad7d84a6b2b,5,5,1.0,unanimous
j_all,U3,U3,fb0061bbb89c,5,3,0.6,flickering
j_all,U3,U3,fb5a123a805f,5,4,0.8,flickering
j_all,U3,U3,fb78cd234795,5,2,0.4,flickering
j_all,U3,U3,fc1af8998b89,5,1,0.2,flickering
j_all,U3,U3,fc51297a412d,5,5,1.0,unanimous
j_all,U3,U3,fcd053a713e3,5,5,1.0,unanimous
j_all,U3,U3,fcee27de1d97,5,5,1.0,unanimous
j_all,U3,U3,fd5adc3e3a3a,5,5,1.0,unanimous
j_all,U3,U3,fe727d4718be,5,5,1.0,unanimous
j_all,U3,U3,ff5570d33911,5,4,0.8,flickering
j_all,U4,U4,01d3ad510b42,5,4,0.8,flickering
j_all,U4,U4,02de4bafb196,5,3,0.6,flickering
j_all,U4,U4,039ed8d2c4fe,5,3,0.6,flickering
j_all,U4,U4,04278d8d1006,5,1,0.2,flickering
j_all,U4,U4,043aa1b0134c,5,4,0.8,flickering
j_all,U4,U4,046e6d52bc8e,5,2,0.4,flickering
j_all,U4,U4,04827fb71269,5,1,0.2,flickering
j_all,U4,U4,04f6f12c9dd1,5,3,0.6,flickering
j_all,U4,U4,0686dccb5baa,5,5,1.0,unanimous
j_all,U4,U4,0688cd1db5ca,5,5,1.0,unanimous
j_all,U4,U4,06ed3c1819be,5,1,0.2,flickering
j_all,U4,U4,084b592e02b3,5,2,0.4,flickering
j_all,U4,U4,088747fa7d04,5,1,0.2,flickering
j_all,U4,U4,0a81f336c8fb,5,2,0.4,flickering
j_all,U4,U4,0adf2d15eb47,5,3,0.6,flickering
j_all,U4,U4,0b6eb6e593c5,5,3,0.6,flickering
j_all,U4,U4,0bf1eff0c800,5,3,0.6,flickering
j_all,U4,U4,0d34d4795612,5,4,0.8,flickering
j_all,U4,U4,0d63f36e3688,5,3,0.6,flickering
j_all,U4,U4,0d8f07836540,5,3,0.6,flickering
j_all,U4,U4,0f5f4d284afb,5,2,0.4,flickering
j_all,U4,U4,109ca777fa12,5,4,0.8,flickering
j_all,U4,U4,112d585f8fdf,5,2,0.4,flickering
j_all,U4,U4,134acf006762,5,2,0.4,flickering
j_all,U4,U4,14ab57dc9ec8,5,4,0.8,flickering
j_all,U4,U4,14d73efad7ab,5,2,0.4,flickering
j_all,U4,U4,16ac7d4eada1,5,2,0.4,flickering
j_all,U4,U4,1921370ef769,5,2,0.4,flickering
j_all,U4,U4,1b3433cd4628,5,3,0.6,flickering
j_all,U4,U4,1bce6dff94b8,5,2,0.4,flickering
j_all,U4,U4,1c36cac6bccc,5,1,0.2,flickering
j_all,U4,U4,1c99d4b10868,5,1,0.2,flickering
j_all,U4,U4,1e85a8697898,5,2,0.4,flickering
j_all,U4,U4,1fb5bb36812c,5,2,0.4,flickering
j_all,U4,U4,1fb64399ccd8,5,2,0.4,flickering
j_all,U4,U4,2065ada1a306,5,1,0.2,flickering
j_all,U4,U4,209fa336c13a,5,4,0.8,flickering
j_all,U4,U4,21da45ff7758,5,1,0.2,flickering
j_all,U4,U4,23161751e203,5,3,0.6,flickering
j_all,U4,U4,2440338f40ce,5,4,0.8,flickering
j_all,U4,U4,25b03ee6601d,5,3,0.6,flickering
j_all,U4,U4,2a0d8f20ab72,5,4,0.8,flickering
j_all,U4,U4,2a27a571e7fc,5,3,0.6,flickering
j_all,U4,U4,2aa0f685bafa,5,3,0.6,flickering
j_all,U4,U4,2c0cb0230b61,5,2,0.4,flickering
j_all,U4,U4,2c7c7c5def5a,5,2,0.4,flickering
j_all,U4,U4,2cabf84d8c88,5,3,0.6,flickering
j_all,U4,U4,2e9adc656f2b,5,4,0.8,flickering
j_all,U4,U4,2fb56e19e29d,5,2,0.4,flickering
j_all,U4,U4,30b481a7c8e2,5,5,1.0,unanimous
j_all,U4,U4,31a19e00325e,5,2,0.4,flickering
j_all,U4,U4,31a2fec2be77,5,2,0.4,flickering
j_all,U4,U4,31b5e609ef46,5,1,0.2,flickering
j_all,U4,U4,3257ed9e00aa,5,5,1.0,unanimous
j_all,U4,U4,362055c7a5a9,5,4,0.8,flickering
j_all,U4,U4,3680e8deae2f,5,1,0.2,flickering
j_all,U4,U4,37c368833872,5,1,0.2,flickering
j_all,U4,U4,37f61727e427,5,3,0.6,flickering
j_all,U4,U4,3885f7d6d282,5,3,0.6,flickering
j_all,U4,U4,39b63b84df43,5,3,0.6,flickering
j_all,U4,U4,3a2203603d61,5,3,0.6,flickering
j_all,U4,U4,3c4f97f6fb20,5,2,0.4,flickering
j_all,U4,U4,3cb443c08221,5,3,0.6,flickering
j_all,U4,U4,3ff2979ec750,5,3,0.6,flickering
j_all,U4,U4,408fd2a91abd,5,2,0.4,flickering
j_all,U4,U4,410ecd5b1e40,5,1,0.2,flickering
j_all,U4,U4,430464d25f28,5,1,0.2,flickering
j_all,U4,U4,43748fb30948,5,1,0.2,flickering
j_all,U4,U4,43e4036c30f9,5,1,0.2,flickering
j_all,U4,U4,4463568f621e,5,5,1.0,unanimous
j_all,U4,U4,447d40f8ace5,5,4,0.8,flickering
j_all,U4,U4,4707c2930bd5,5,4,0.8,flickering
j_all,U4,U4,472b9b93ad9f,5,3,0.6,flickering
j_all,U4,U4,49067b2ff40c,5,3,0.6,flickering
j_all,U4,U4,4bb8afe35408,5,5,1.0,unanimous
j_all,U4,U4,4f06bfffb535,5,1,0.2,flickering
j_all,U4,U4,4fdfdbf582cb,5,4,0.8,flickering
j_all,U4,U4,4ff4163fd5c7,5,4,0.8,flickering
j_all,U4,U4,512ffd6391ed,5,3,0.6,flickering
j_all,U4,U4,5341a4972339,5,1,0.2,flickering
j_all,U4,U4,5478288b68f4,5,4,0.8,flickering
j_all,U4,U4,55157f0433cc,5,1,0.2,flickering
j_all,U4,U4,560a71c4eb88,5,2,0.4,flickering
j_all,U4,U4,57d543f72b94,5,5,1.0,unanimous
j_all,U4,U4,5860caa8b811,5,2,0.4,flickering
j_all,U4,U4,5932b68b6a3b,5,5,1.0,unanimous
j_all,U4,U4,5aefd3e8b445,5,2,0.4,flickering
j_all,U4,U4,5ccdfc01ba3c,5,3,0.6,flickering
j_all,U4,U4,5cdb0ba3c556,5,2,0.4,flickering
j_all,U4,U4,5d40cd729024,5,4,0.8,flickering
j_all,U4,U4,5e17e32670ea,5,4,0.8,flickering
j_all,U4,U4,5e3faa420f8a,5,2,0.4,flickering
j_all,U4,U4,5eb14f8b3cdc,5,4,0.8,flickering
j_all,U4,U4,5ebba28b6c1b,5,2,0.4,flickering
j_all,U4,U4,60160115004c,5,2,0.4,flickering
j_all,U4,U4,6025e1fa5134,5,2,0.4,flickering
j_all,U4,U4,6103d326f1f4,5,1,0.2,flickering
j_all,U4,U4,62126c371107,5,3,0.6,flickering
j_all,U4,U4,624266e9f779,5,3,0.6,flickering
j_all,U4,U4,628cb522c3cd,5,2,0.4,flickering
j_all,U4,U4,643832575481,5,1,0.2,flickering
j_all,U4,U4,64cf0bbee592,5,3,0.6,flickering
j_all,U4,U4,65008302b1e5,5,3,0.6,flickering
j_all,U4,U4,660cc534fc78,5,1,0.2,flickering
j_all,U4,U4,66604d92cdf6,5,3,0.6,flickering
j_all,U4,U4,684536b07bc7,5,2,0.4,flickering
j_all,U4,U4,688178e946ff,5,3,0.6,flickering
j_all,U4,U4,69262ac8f823,5,1,0.2,flickering
j_all,U4,U4,6980ae227761,5,4,0.8,flickering
j_all,U4,U4,699afdbeba4d,5,3,0.6,flickering
j_all,U4,U4,6a1f6758e7d9,5,4,0.8,flickering
j_all,U4,U4,6bdd73210307,5,1,0.2,flickering
j_all,U4,U4,6d850c9bb9a8,5,3,0.6,flickering
j_all,U4,U4,6df425a01e7e,5,1,0.2,flickering
j_all,U4,U4,6df59e956a95,5,3,0.6,flickering
j_all,U4,U4,6e3fc24135dd,5,5,1.0,unanimous
j_all,U4,U4,6e65a2b06b3e,5,4,0.8,flickering
j_all,U4,U4,6ebaa814e4ad,5,1,0.2,flickering
j_all,U4,U4,70d66563e84a,5,4,0.8,flickering
j_all,U4,U4,72eed7e29e02,5,4,0.8,flickering
j_all,U4,U4,7415e35108cc,5,4,0.8,flickering
j_all,U4,U4,74fb44a7acc9,5,1,0.2,flickering
j_all,U4,U4,754832888538,5,3,0.6,flickering
j_all,U4,U4,760bf1553c4d,5,1,0.2,flickering
j_all,U4,U4,774568d1460a,5,4,0.8,flickering
j_all,U4,U4,77e8cca793fb,5,3,0.6,flickering
j_all,U4,U4,7803d9a85054,5,3,0.6,flickering
j_all,U4,U4,78230d2a0091,5,2,0.4,flickering
j_all,U4,U4,7a02d7111976,5,4,0.8,flickering
j_all,U4,U4,7a7a77e77a46,5,3,0.6,flickering
j_all,U4,U4,7b77237aee10,5,2,0.4,flickering
j_all,U4,U4,7c3d9a994e6f,5,1,0.2,flickering
j_all,U4,U4,7cebf4fe20ee,5,4,0.8,flickering
j_all,U4,U4,7df672f007f4,5,4,0.8,flickering
j_all,U4,U4,7e30c8259061,5,1,0.2,flickering
j_all,U4,U4,7e49e32d201b,5,2,0.4,flickering
j_all,U4,U4,7e6b0d276a55,5,3,0.6,flickering
j_all,U4,U4,7f427673957c,5,3,0.6,flickering
j_all,U4,U4,7f45c1d942fc,5,2,0.4,flickering
j_all,U4,U4,805f4872bae8,5,4,0.8,flickering
j_all,U4,U4,8078cef39704,5,1,0.2,flickering
j_all,U4,U4,80db6dd984d5,5,3,0.6,flickering
j_all,U4,U4,8132df5e7a12,5,4,0.8,flickering
j_all,U4,U4,81607c6d9629,5,2,0.4,flickering
j_all,U4,U4,81a87f78403c,5,4,0.8,flickering
j_all,U4,U4,83b57a05ab3c,5,4,0.8,flickering
j_all,U4,U4,849b8319a75f,5,2,0.4,flickering
j_all,U4,U4,86090feb7a89,5,2,0.4,flickering
j_all,U4,U4,87ecf58e6b0c,5,1,0.2,flickering
j_all,U4,U4,8a4969fb9f3f,5,1,0.2,flickering
j_all,U4,U4,8b87a89244e2,5,1,0.2,flickering
j_all,U4,U4,8ba39229aeac,5,3,0.6,flickering
j_all,U4,U4,8ca47f754a8b,5,4,0.8,flickering
j_all,U4,U4,8cfe1edbd00f,5,1,0.2,flickering
j_all,U4,U4,8e335947c0e1,5,5,1.0,unanimous
j_all,U4,U4,8e3c2e92cbc0,5,5,1.0,unanimous
j_all,U4,U4,8e440b80a157,5,4,0.8,flickering
j_all,U4,U4,90b23b744311,5,3,0.6,flickering
j_all,U4,U4,9167dfcb1faa,5,1,0.2,flickering
j_all,U4,U4,93630e0a3d67,5,4,0.8,flickering
j_all,U4,U4,942b571c83ec,5,2,0.4,flickering
j_all,U4,U4,94bf93368c00,5,3,0.6,flickering
j_all,U4,U4,953cf8b9cd02,5,2,0.4,flickering
j_all,U4,U4,9623f8400850,5,2,0.4,flickering
j_all,U4,U4,96e911c67649,5,3,0.6,flickering
j_all,U4,U4,97abaa333a90,5,4,0.8,flickering
j_all,U4,U4,9906ba89a54d,5,5,1.0,unanimous
j_all,U4,U4,99d069fa1546,5,3,0.6,flickering
j_all,U4,U4,9a9eff6df503,5,4,0.8,flickering
j_all,U4,U4,9b00fd3c63f5,5,3,0.6,flickering
j_all,U4,U4,9b8faec4d9b1,5,3,0.6,flickering
j_all,U4,U4,9bbcadeaa0fa,5,4,0.8,flickering
j_all,U4,U4,9bef5c2501ee,5,3,0.6,flickering
j_all,U4,U4,9d41a00a9c93,5,3,0.6,flickering
j_all,U4,U4,9dfe141cf391,5,4,0.8,flickering
j_all,U4,U4,9fd1f741bc64,5,3,0.6,flickering
j_all,U4,U4,a03d48541430,5,4,0.8,flickering
j_all,U4,U4,a0b20e4df225,5,1,0.2,flickering
j_all,U4,U4,a0def0e8f780,5,2,0.4,flickering
j_all,U4,U4,a21113615ced,5,2,0.4,flickering
j_all,U4,U4,a2ee1ad7e572,5,2,0.4,flickering
j_all,U4,U4,a32fbd13c2e3,5,3,0.6,flickering
j_all,U4,U4,a41084c34754,5,1,0.2,flickering
j_all,U4,U4,a4265bd21da8,5,2,0.4,flickering
j_all,U4,U4,a44c5fe6a989,5,2,0.4,flickering
j_all,U4,U4,a45c83f69ba7,5,2,0.4,flickering
j_all,U4,U4,a5e0df042d50,5,4,0.8,flickering
j_all,U4,U4,a69a5c9bdd1d,5,4,0.8,flickering
j_all,U4,U4,a82568887b73,5,2,0.4,flickering
j_all,U4,U4,ad4a3ebaa5bc,5,1,0.2,flickering
j_all,U4,U4,ae184ed23fd2,5,4,0.8,flickering
j_all,U4,U4,aebd35259e42,5,2,0.4,flickering
j_all,U4,U4,afe283c2f92e,5,3,0.6,flickering
j_all,U4,U4,b0c69164f2c2,5,1,0.2,flickering
j_all,U4,U4,b2790c4ddf09,5,4,0.8,flickering
j_all,U4,U4,b38b2a0c0e03,5,4,0.8,flickering
j_all,U4,U4,b498f4cd8561,5,3,0.6,flickering
j_all,U4,U4,b4b46e41a207,5,1,0.2,flickering
j_all,U4,U4,b73f5ed4014d,5,2,0.4,flickering
j_all,U4,U4,b747c4e5f4ac,5,5,1.0,unanimous
j_all,U4,U4,b7ab98dbfd54,5,3,0.6,flickering
j_all,U4,U4,b8c47f333bb5,5,2,0.4,flickering
j_all,U4,U4,ba1df2e0ede2,5,3,0.6,flickering
j_all,U4,U4,ba73af4e78a2,5,5,1.0,unanimous
j_all,U4,U4,baca3b71517c,5,2,0.4,flickering
j_all,U4,U4,bb4148602b38,5,3,0.6,flickering
j_all,U4,U4,bbea276f3086,5,3,0.6,flickering
j_all,U4,U4,bbf0a1f63b46,5,4,0.8,flickering
j_all,U4,U4,be79c347aa60,5,2,0.4,flickering
j_all,U4,U4,bee5861ae116,5,2,0.4,flickering
j_all,U4,U4,bf53db1c5f96,5,3,0.6,flickering
j_all,U4,U4,bfc9fd64bb7b,5,3,0.6,flickering
j_all,U4,U4,c080e2571f6a,5,1,0.2,flickering
j_all,U4,U4,c1ee1d19767b,5,1,0.2,flickering
j_all,U4,U4,c37b7a2d4ebd,5,3,0.6,flickering
j_all,U4,U4,c3a619319924,5,3,0.6,flickering
j_all,U4,U4,c6fa35b52649,5,1,0.2,flickering
j_all,U4,U4,c7436f1e497c,5,3,0.6,flickering
j_all,U4,U4,c7550543387f,5,3,0.6,flickering
j_all,U4,U4,c8b99a321068,5,1,0.2,flickering
j_all,U4,U4,c95cf215efb4,5,4,0.8,flickering
j_all,U4,U4,c9b8620edc48,5,2,0.4,flickering
j_all,U4,U4,c9d423f4830b,5,3,0.6,flickering
j_all,U4,U4,c9f7d2e17c2a,5,3,0.6,flickering
j_all,U4,U4,cb577e429912,5,5,1.0,unanimous
j_all,U4,U4,cb74cfb960dd,5,1,0.2,flickering
j_all,U4,U4,cb8d47011c7b,5,2,0.4,flickering
j_all,U4,U4,cd161c6d2917,5,5,1.0,unanimous
j_all,U4,U4,cd554c210646,5,3,0.6,flickering
j_all,U4,U4,cd9b0d4387fc,5,1,0.2,flickering
j_all,U4,U4,ce0620750a2c,5,2,0.4,flickering
j_all,U4,U4,cf3cfeed36df,5,2,0.4,flickering
j_all,U4,U4,cfa9b6bdca54,5,2,0.4,flickering
j_all,U4,U4,cfec2db4e8d7,5,5,1.0,unanimous
j_all,U4,U4,d4cdd75dc42a,5,4,0.8,flickering
j_all,U4,U4,d6342c6ebaac,5,5,1.0,unanimous
j_all,U4,U4,d64e8b13bb9b,5,2,0.4,flickering
j_all,U4,U4,d6ba0fff7766,5,1,0.2,flickering
j_all,U4,U4,d75b4cbb6504,5,2,0.4,flickering
j_all,U4,U4,d7edd402f862,5,5,1.0,unanimous
j_all,U4,U4,d8dfa8ae12d2,5,3,0.6,flickering
j_all,U4,U4,d912436f2119,5,3,0.6,flickering
j_all,U4,U4,dab8bf6d9681,5,4,0.8,flickering
j_all,U4,U4,db6b212b08de,5,2,0.4,flickering
j_all,U4,U4,dbc0cd127ca0,5,1,0.2,flickering
j_all,U4,U4,dceec3c64e83,5,4,0.8,flickering
j_all,U4,U4,dd9481d7200f,5,4,0.8,flickering
j_all,U4,U4,e09ebc09591c,5,3,0.6,flickering
j_all,U4,U4,e0c26c29dd33,5,3,0.6,flickering
j_all,U4,U4,e2827a5d260a,5,1,0.2,flickering
j_all,U4,U4,e4745f13bbb4,5,3,0.6,flickering
j_all,U4,U4,e57564408718,5,2,0.4,flickering
j_all,U4,U4,e588129c3f2f,5,4,0.8,flickering
j_all,U4,U4,e5cd0826ccfa,5,2,0.4,flickering
j_all,U4,U4,e68e6ab7e5af,5,2,0.4,flickering
j_all,U4,U4,ea1f6637fdad,5,3,0.6,flickering
j_all,U4,U4,eb081c1ea631,5,5,1.0,unanimous
j_all,U4,U4,ec36fab3fcd8,5,1,0.2,flickering
j_all,U4,U4,ed25d91cd910,5,4,0.8,flickering
j_all,U4,U4,ee5e2d9e72a7,5,2,0.4,flickering
j_all,U4,U4,ef9277c4054f,5,2,0.4,flickering
j_all,U4,U4,f19c50362dd0,5,2,0.4,flickering
j_all,U4,U4,f301c4c40fe7,5,4,0.8,flickering
j_all,U4,U4,f37e85a4c407,5,1,0.2,flickering
j_all,U4,U4,f3cbf2089cd8,5,1,0.2,flickering
j_all,U4,U4,f47252c3b412,5,4,0.8,flickering
j_all,U4,U4,f4f868eb242a,5,1,0.2,flickering
j_all,U4,U4,f57b85b8c16e,5,2,0.4,flickering
j_all,U4,U4,f59b70069029,5,1,0.2,flickering
j_all,U4,U4,f59c1123c57c,5,3,0.6,flickering
j_all,U4,U4,fa936747b53e,5,4,0.8,flickering
j_all,U4,U4,fad7d84a6b2b,5,3,0.6,flickering
j_all,U4,U4,fb0061bbb89c,5,2,0.4,flickering
j_all,U4,U4,fb5a123a805f,5,4,0.8,flickering
j_all,U4,U4,fb78cd234795,5,3,0.6,flickering
j_all,U4,U4,fc1af8998b89,5,1,0.2,flickering
j_all,U4,U4,fc51297a412d,5,2,0.4,flickering
j_all,U4,U4,fcd053a713e3,5,3,0.6,flickering
j_all,U4,U4,fcee27de1d97,5,3,0.6,flickering
j_all,U4,U4,fd5adc3e3a3a,5,2,0.4,flickering
j_all,U4,U4,fe727d4718be,5,3,0.6,flickering
j_all,U4,U4,ff5570d33911,5,3,0.6,flickering
broad_clusters,F123_U13,F1 F2 F3 U1 U3,01d3ad510b42,5,5,1.0,unanimous
broad_clusters,F123_U13,F1 F2 F3 U1 U3,02de4bafb196,5,5,1.0,unanimous
broad_clusters,F123_U13,F1 F2 F3 U1 U3,039ed8d2c4fe,5,5,1.0,unanimous
broad_clusters,F123_U13,F1 F2 F3 U1 U3,04278d8d1006,5,1,0.2,flickering
broad_clusters,F123_U13,F1 F2 F3 U1 U3,043aa1b0134c,5,5,1.0,unanimous
broad_clusters,F123_U13,F1 F2 F3 U1 U3,046e6d52bc8e,5,3,0.6,flickering
broad_clusters,F123_U13,F1 F2 F3 U1 U3,04827fb71269,5,2,0.4,flickering
broad_clusters,F123_U13,F1 F2 F3 U1 U3,04f6f12c9dd1,5,5,1.0,unanimous
broad_clusters,F123_U13,F1 F2 F3 U1 U3,0686dccb5baa,5,5,1.0,unanimous
broad_clusters,F123_U13,F1 F2 F3 U1 U3,0688cd1db5ca,5,5,1.0,unanimous
broad_clusters,F123_U13,F1 F2 F3 U1 U3,06ed3c1819be,5,5,1.0,unanimous
broad_clusters,F123_U13,F1 F2 F3 U1 U3,084b592e02b3,5,5,1.0,unanimous
broad_clusters,F123_U13,F1 F2 F3 U1 U3,088747fa7d04,5,3,0.6,flickering
broad_clusters,F123_U13,F1 F2 F3 U1 U3,08ad0e53abb1,5,5,1.0,unanimous
broad_clusters,F123_U13,F1 F2 F3 U1 U3,0a81f336c8fb,5,5,1.0,unanimous
broad_clusters,F123_U13,F1 F2 F3 U1 U3,0adf2d15eb47,5,5,1.0,unanimous
broad_clusters,F123_U13,F1 F2 F3 U1 U3,0b6eb6e593c5,5,5,1.0,unanimous
broad_clusters,F123_U13,F1 F2 F3 U1 U3,0bf1eff0c800,5,5,1.0,unanimous
broad_clusters,F123_U13,F1 F2 F3 U1 U3,0d34d4795612,5,4,0.8,flickering
broad_clusters,F123_U13,F1 F2 F3 U1 U3,0d63f36e3688,5,5,1.0,unanimous
broad_clusters,F123_U13,F1 F2 F3 U1 U3,0d8f07836540,5,5,1.0,unanimous
broad_clusters,F123_U13,F1 F2 F3 U1 U3,0f5f4d284afb,5,5,1.0,unanimous
broad_clusters,F123_U13,F1 F2 F3 U1 U3,109ca777fa12,5,5,1.0,unanimous
broad_clusters,F123_U13,F1 F2 F3 U1 U3,112d585f8fdf,5,4,0.8,flickering
broad_clusters,F123_U13,F1 F2 F3 U1 U3,134acf006762,5,4,0.8,flickering
broad_clusters,F123_U13,F1 F2 F3 U1 U3,14ab57dc9ec8,5,5,1.0,unanimous
broad_clusters,F123_U13,F1 F2 F3 U1 U3,14d73efad7ab,5,4,0.8,flickering
broad_clusters,F123_U13,F1 F2 F3 U1 U3,16ac7d4eada1,5,4,0.8,flickering
broad_clusters,F123_U13,F1 F2 F3 U1 U3,1921370ef769,5,5,1.0,unanimous
broad_clusters,F123_U13,F1 F2 F3 U1 U3,1b3433cd4628,5,5,1.0,unanimous
broad_clusters,F123_U13,F1 F2 F3 U1 U3,1bce6dff94b8,5,4,0.8,flickering
broad_clusters,F123_U13,F1 F2 F3 U1 U3,1c36cac6bccc,5,5,1.0,unanimous
broad_clusters,F123_U13,F1 F2 F3 U1 U3,1c99d4b10868,5,5,1.0,unanimous
broad_clusters,F123_U13,F1 F2 F3 U1 U3,1d3a4f93114f,5,5,1.0,unanimous
broad_clusters,F123_U13,F1 F2 F3 U1 U3,1dc1f1d9c3bd,5,5,1.0,unanimous
broad_clusters,F123_U13,F1 F2 F3 U1 U3,1e85a8697898,5,5,1.0,unanimous
broad_clusters,F123_U13,F1 F2 F3 U1 U3,1fb5bb36812c,5,5,1.0,unanimous
broad_clusters,F123_U13,F1 F2 F3 U1 U3,1fb64399ccd8,5,5,1.0,unanimous
broad_clusters,F123_U13,F1 F2 F3 U1 U3,2065ada1a306,5,3,0.6,flickering
broad_clusters,F123_U13,F1 F2 F3 U1 U3,209fa336c13a,5,5,1.0,unanimous
broad_clusters,F123_U13,F1 F2 F3 U1 U3,21da45ff7758,5,4,0.8,flickering
broad_clusters,F123_U13,F1 F2 F3 U1 U3,23161751e203,5,5,1.0,unanimous
broad_clusters,F123_U13,F1 F2 F3 U1 U3,2440338f40ce,5,5,1.0,unanimous
broad_clusters,F123_U13,F1 F2 F3 U1 U3,25b03ee6601d,5,5,1.0,unanimous
broad_clusters,F123_U13,F1 F2 F3 U1 U3,2802cf486896,5,3,0.6,flickering
broad_clusters,F123_U13,F1 F2 F3 U1 U3,2a0d8f20ab72,5,5,1.0,unanimous
broad_clusters,F123_U13,F1 F2 F3 U1 U3,2a27a571e7fc,5,5,1.0,unanimous
broad_clusters,F123_U13,F1 F2 F3 U1 U3,2aa0f685bafa,5,5,1.0,unanimous
broad_clusters,F123_U13,F1 F2 F3 U1 U3,2c0cb0230b61,5,5,1.0,unanimous
broad_clusters,F123_U13,F1 F2 F3 U1 U3,2c7c7c5def5a,5,5,1.0,unanimous
broad_clusters,F123_U13,F1 F2 F3 U1 U3,2cabf84d8c88,5,5,1.0,unanimous
broad_clusters,F123_U13,F1 F2 F3 U1 U3,2e9adc656f2b,5,5,1.0,unanimous
broad_clusters,F123_U13,F1 F2 F3 U1 U3,2fb56e19e29d,5,3,0.6,flickering
broad_clusters,F123_U13,F1 F2 F3 U1 U3,30b481a7c8e2,5,5,1.0,unanimous
broad_clusters,F123_U13,F1 F2 F3 U1 U3,31a19e00325e,5,5,1.0,unanimous
broad_clusters,F123_U13,F1 F2 F3 U1 U3,31a2fec2be77,5,5,1.0,unanimous
broad_clusters,F123_U13,F1 F2 F3 U1 U3,31b5e609ef46,5,4,0.8,flickering
broad_clusters,F123_U13,F1 F2 F3 U1 U3,3257ed9e00aa,5,5,1.0,unanimous
broad_clusters,F123_U13,F1 F2 F3 U1 U3,362055c7a5a9,5,5,1.0,unanimous
broad_clusters,F123_U13,F1 F2 F3 U1 U3,3680e8deae2f,5,3,0.6,flickering
broad_clusters,F123_U13,F1 F2 F3 U1 U3,37c368833872,5,3,0.6,flickering
broad_clusters,F123_U13,F1 F2 F3 U1 U3,37f61727e427,5,4,0.8,flickering
broad_clusters,F123_U13,F1 F2 F3 U1 U3,3885f7d6d282,5,5,1.0,unanimous
broad_clusters,F123_U13,F1 F2 F3 U1 U3,39b63b84df43,5,3,0.6,flickering
broad_clusters,F123_U13,F1 F2 F3 U1 U3,3a2203603d61,5,5,1.0,unanimous
broad_clusters,F123_U13,F1 F2 F3 U1 U3,3c4f97f6fb20,5,3,0.6,flickering
broad_clusters,F123_U13,F1 F2 F3 U1 U3,3cb443c08221,5,5,1.0,unanimous
broad_clusters,F123_U13,F1 F2 F3 U1 U3,3ff2979ec750,5,3,0.6,flickering
broad_clusters,F123_U13,F1 F2 F3 U1 U3,408fd2a91abd,5,5,1.0,unanimous
broad_clusters,F123_U13,F1 F2 F3 U1 U3,410ecd5b1e40,5,3,0.6,flickering
broad_clusters,F123_U13,F1 F2 F3 U1 U3,430464d25f28,5,5,1.0,unanimous
broad_clusters,F123_U13,F1 F2 F3 U1 U3,43748fb30948,5,5,1.0,unanimous
broad_clusters,F123_U13,F1 F2 F3 U1 U3,43e4036c30f9,5,1,0.2,flickering
broad_clusters,F123_U13,F1 F2 F3 U1 U3,4463568f621e,5,5,1.0,unanimous
broad_clusters,F123_U13,F1 F2 F3 U1 U3,447d40f8ace5,5,5,1.0,unanimous
broad_clusters,F123_U13,F1 F2 F3 U1 U3,4707c2930bd5,5,5,1.0,unanimous
broad_clusters,F123_U13,F1 F2 F3 U1 U3,472b9b93ad9f,5,5,1.0,unanimous
broad_clusters,F123_U13,F1 F2 F3 U1 U3,49067b2ff40c,5,5,1.0,unanimous
broad_clusters,F123_U13,F1 F2 F3 U1 U3,4bb8afe35408,5,5,1.0,unanimous
broad_clusters,F123_U13,F1 F2 F3 U1 U3,4f06bfffb535,5,3,0.6,flickering
broad_clusters,F123_U13,F1 F2 F3 U1 U3,4fdfdbf582cb,5,5,1.0,unanimous
broad_clusters,F123_U13,F1 F2 F3 U1 U3,4ff4163fd5c7,5,5,1.0,unanimous
broad_clusters,F123_U13,F1 F2 F3 U1 U3,512ffd6391ed,5,4,0.8,flickering
broad_clusters,F123_U13,F1 F2 F3 U1 U3,5341a4972339,5,5,1.0,unanimous
broad_clusters,F123_U13,F1 F2 F3 U1 U3,5478288b68f4,5,5,1.0,unanimous
broad_clusters,F123_U13,F1 F2 F3 U1 U3,55157f0433cc,5,5,1.0,unanimous
broad_clusters,F123_U13,F1 F2 F3 U1 U3,560a71c4eb88,5,5,1.0,unanimous
broad_clusters,F123_U13,F1 F2 F3 U1 U3,57d543f72b94,5,5,1.0,unanimous
broad_clusters,F123_U13,F1 F2 F3 U1 U3,5860caa8b811,5,5,1.0,unanimous
broad_clusters,F123_U13,F1 F2 F3 U1 U3,5932b68b6a3b,5,5,1.0,unanimous
broad_clusters,F123_U13,F1 F2 F3 U1 U3,5aefd3e8b445,5,2,0.4,flickering
broad_clusters,F123_U13,F1 F2 F3 U1 U3,5ccdfc01ba3c,5,5,1.0,unanimous
broad_clusters,F123_U13,F1 F2 F3 U1 U3,5cdb0ba3c556,5,5,1.0,unanimous
broad_clusters,F123_U13,F1 F2 F3 U1 U3,5d40cd729024,5,5,1.0,unanimous
broad_clusters,F123_U13,F1 F2 F3 U1 U3,5e17e32670ea,5,5,1.0,unanimous
broad_clusters,F123_U13,F1 F2 F3 U1 U3,5e3faa420f8a,5,4,0.8,flickering
broad_clusters,F123_U13,F1 F2 F3 U1 U3,5eb14f8b3cdc,5,5,1.0,unanimous
broad_clusters,F123_U13,F1 F2 F3 U1 U3,5ebba28b6c1b,5,5,1.0,unanimous
broad_clusters,F123_U13,F1 F2 F3 U1 U3,60160115004c,5,3,0.6,flickering
broad_clusters,F123_U13,F1 F2 F3 U1 U3,6025e1fa5134,5,5,1.0,unanimous
broad_clusters,F123_U13,F1 F2 F3 U1 U3,6103d326f1f4,5,2,0.4,flickering
broad_clusters,F123_U13,F1 F2 F3 U1 U3,615c9cf6b7e2,5,3,0.6,flickering
broad_clusters,F123_U13,F1 F2 F3 U1 U3,62126c371107,5,5,1.0,unanimous
broad_clusters,F123_U13,F1 F2 F3 U1 U3,624266e9f779,5,5,1.0,unanimous
broad_clusters,F123_U13,F1 F2 F3 U1 U3,628cb522c3cd,5,5,1.0,unanimous
broad_clusters,F123_U13,F1 F2 F3 U1 U3,62e2c124f989,5,5,1.0,unanimous
broad_clusters,F123_U13,F1 F2 F3 U1 U3,643832575481,5,5,1.0,unanimous
broad_clusters,F123_U13,F1 F2 F3 U1 U3,64cf0bbee592,5,4,0.8,flickering
broad_clusters,F123_U13,F1 F2 F3 U1 U3,65008302b1e5,5,5,1.0,unanimous
broad_clusters,F123_U13,F1 F2 F3 U1 U3,660cc534fc78,5,4,0.8,flickering
broad_clusters,F123_U13,F1 F2 F3 U1 U3,66604d92cdf6,5,5,1.0,unanimous
broad_clusters,F123_U13,F1 F2 F3 U1 U3,684536b07bc7,5,5,1.0,unanimous
broad_clusters,F123_U13,F1 F2 F3 U1 U3,688178e946ff,5,5,1.0,unanimous
broad_clusters,F123_U13,F1 F2 F3 U1 U3,69262ac8f823,5,4,0.8,flickering
broad_clusters,F123_U13,F1 F2 F3 U1 U3,6980ae227761,5,5,1.0,unanimous
broad_clusters,F123_U13,F1 F2 F3 U1 U3,699afdbeba4d,5,5,1.0,unanimous
broad_clusters,F123_U13,F1 F2 F3 U1 U3,6a1f6758e7d9,5,5,1.0,unanimous
broad_clusters,F123_U13,F1 F2 F3 U1 U3,6bdd73210307,5,5,1.0,unanimous
broad_clusters,F123_U13,F1 F2 F3 U1 U3,6d850c9bb9a8,5,5,1.0,unanimous
broad_clusters,F123_U13,F1 F2 F3 U1 U3,6df425a01e7e,5,5,1.0,unanimous
broad_clusters,F123_U13,F1 F2 F3 U1 U3,6df59e956a95,5,5,1.0,unanimous
broad_clusters,F123_U13,F1 F2 F3 U1 U3,6e3fc24135dd,5,5,1.0,unanimous
broad_clusters,F123_U13,F1 F2 F3 U1 U3,6e65a2b06b3e,5,5,1.0,unanimous
broad_clusters,F123_U13,F1 F2 F3 U1 U3,6ebaa814e4ad,5,5,1.0,unanimous
broad_clusters,F123_U13,F1 F2 F3 U1 U3,70d66563e84a,5,5,1.0,unanimous
broad_clusters,F123_U13,F1 F2 F3 U1 U3,72eed7e29e02,5,5,1.0,unanimous
broad_clusters,F123_U13,F1 F2 F3 U1 U3,7415e35108cc,5,5,1.0,unanimous
broad_clusters,F123_U13,F1 F2 F3 U1 U3,74fb44a7acc9,5,2,0.4,flickering
broad_clusters,F123_U13,F1 F2 F3 U1 U3,754832888538,5,5,1.0,unanimous
broad_clusters,F123_U13,F1 F2 F3 U1 U3,760bf1553c4d,5,5,1.0,unanimous
broad_clusters,F123_U13,F1 F2 F3 U1 U3,774568d1460a,5,4,0.8,flickering
broad_clusters,F123_U13,F1 F2 F3 U1 U3,77e8cca793fb,5,4,0.8,flickering
broad_clusters,F123_U13,F1 F2 F3 U1 U3,7803d9a85054,5,5,1.0,unanimous
broad_clusters,F123_U13,F1 F2 F3 U1 U3,78230d2a0091,5,5,1.0,unanimous
broad_clusters,F123_U13,F1 F2 F3 U1 U3,7a02d7111976,5,5,1.0,unanimous
broad_clusters,F123_U13,F1 F2 F3 U1 U3,7a7a77e77a46,5,5,1.0,unanimous
broad_clusters,F123_U13,F1 F2 F3 U1 U3,7b77237aee10,5,5,1.0,unanimous
broad_clusters,F123_U13,F1 F2 F3 U1 U3,7c3d9a994e6f,5,2,0.4,flickering
broad_clusters,F123_U13,F1 F2 F3 U1 U3,7cebf4fe20ee,5,5,1.0,unanimous
broad_clusters,F123_U13,F1 F2 F3 U1 U3,7df672f007f4,5,5,1.0,unanimous
broad_clusters,F123_U13,F1 F2 F3 U1 U3,7e30c8259061,5,2,0.4,flickering
broad_clusters,F123_U13,F1 F2 F3 U1 U3,7e49e32d201b,5,5,1.0,unanimous
broad_clusters,F123_U13,F1 F2 F3 U1 U3,7e6b0d276a55,5,5,1.0,unanimous
broad_clusters,F123_U13,F1 F2 F3 U1 U3,7f427673957c,5,5,1.0,unanimous
broad_clusters,F123_U13,F1 F2 F3 U1 U3,7f45c1d942fc,5,5,1.0,unanimous
broad_clusters,F123_U13,F1 F2 F3 U1 U3,805f4872bae8,5,5,1.0,unanimous
broad_clusters,F123_U13,F1 F2 F3 U1 U3,8078cef39704,5,5,1.0,unanimous
broad_clusters,F123_U13,F1 F2 F3 U1 U3,80db6dd984d5,5,5,1.0,unanimous
broad_clusters,F123_U13,F1 F2 F3 U1 U3,8132df5e7a12,5,5,1.0,unanimous
broad_clusters,F123_U13,F1 F2 F3 U1 U3,81607c6d9629,5,5,1.0,unanimous
broad_clusters,F123_U13,F1 F2 F3 U1 U3,81a87f78403c,5,5,1.0,unanimous
broad_clusters,F123_U13,F1 F2 F3 U1 U3,83b57a05ab3c,5,5,1.0,unanimous
broad_clusters,F123_U13,F1 F2 F3 U1 U3,849b8319a75f,5,2,0.4,flickering
broad_clusters,F123_U13,F1 F2 F3 U1 U3,86090feb7a89,5,5,1.0,unanimous
broad_clusters,F123_U13,F1 F2 F3 U1 U3,87ecf58e6b0c,5,5,1.0,unanimous
broad_clusters,F123_U13,F1 F2 F3 U1 U3,8a4969fb9f3f,5,5,1.0,unanimous
broad_clusters,F123_U13,F1 F2 F3 U1 U3,8b87a89244e2,5,3,0.6,flickering
broad_clusters,F123_U13,F1 F2 F3 U1 U3,8ba39229aeac,5,5,1.0,unanimous
broad_clusters,F123_U13,F1 F2 F3 U1 U3,8ca47f754a8b,5,5,1.0,unanimous
broad_clusters,F123_U13,F1 F2 F3 U1 U3,8cfe1edbd00f,5,5,1.0,unanimous
broad_clusters,F123_U13,F1 F2 F3 U1 U3,8e335947c0e1,5,5,1.0,unanimous
broad_clusters,F123_U13,F1 F2 F3 U1 U3,8e3c2e92cbc0,5,5,1.0,unanimous
broad_clusters,F123_U13,F1 F2 F3 U1 U3,8e440b80a157,5,5,1.0,unanimous
broad_clusters,F123_U13,F1 F2 F3 U1 U3,90b23b744311,5,5,1.0,unanimous
broad_clusters,F123_U13,F1 F2 F3 U1 U3,9167dfcb1faa,5,5,1.0,unanimous
broad_clusters,F123_U13,F1 F2 F3 U1 U3,91987904b44b,5,2,0.4,flickering
broad_clusters,F123_U13,F1 F2 F3 U1 U3,93630e0a3d67,5,5,1.0,unanimous
broad_clusters,F123_U13,F1 F2 F3 U1 U3,942b571c83ec,5,5,1.0,unanimous
broad_clusters,F123_U13,F1 F2 F3 U1 U3,94bc5a480449,5,2,0.4,flickering
broad_clusters,F123_U13,F1 F2 F3 U1 U3,94bf93368c00,5,5,1.0,unanimous
broad_clusters,F123_U13,F1 F2 F3 U1 U3,953cf8b9cd02,5,2,0.4,flickering
broad_clusters,F123_U13,F1 F2 F3 U1 U3,9623f8400850,5,5,1.0,unanimous
broad_clusters,F123_U13,F1 F2 F3 U1 U3,96e911c67649,5,5,1.0,unanimous
broad_clusters,F123_U13,F1 F2 F3 U1 U3,97abaa333a90,5,5,1.0,unanimous
broad_clusters,F123_U13,F1 F2 F3 U1 U3,9906ba89a54d,5,5,1.0,unanimous
broad_clusters,F123_U13,F1 F2 F3 U1 U3,99d069fa1546,5,4,0.8,flickering
broad_clusters,F123_U13,F1 F2 F3 U1 U3,9a9eff6df503,5,5,1.0,unanimous
broad_clusters,F123_U13,F1 F2 F3 U1 U3,9b00fd3c63f5,5,3,0.6,flickering
broad_clusters,F123_U13,F1 F2 F3 U1 U3,9b8faec4d9b1,5,5,1.0,unanimous
broad_clusters,F123_U13,F1 F2 F3 U1 U3,9bbcadeaa0fa,5,5,1.0,unanimous
broad_clusters,F123_U13,F1 F2 F3 U1 U3,9bef5c2501ee,5,5,1.0,unanimous
broad_clusters,F123_U13,F1 F2 F3 U1 U3,9d41a00a9c93,5,5,1.0,unanimous
broad_clusters,F123_U13,F1 F2 F3 U1 U3,9dfe141cf391,5,5,1.0,unanimous
broad_clusters,F123_U13,F1 F2 F3 U1 U3,9fd1f741bc64,5,5,1.0,unanimous
broad_clusters,F123_U13,F1 F2 F3 U1 U3,a03d48541430,5,5,1.0,unanimous
broad_clusters,F123_U13,F1 F2 F3 U1 U3,a0b20e4df225,5,2,0.4,flickering
broad_clusters,F123_U13,F1 F2 F3 U1 U3,a0def0e8f780,5,3,0.6,flickering
broad_clusters,F123_U13,F1 F2 F3 U1 U3,a21113615ced,5,5,1.0,unanimous
broad_clusters,F123_U13,F1 F2 F3 U1 U3,a2ee1ad7e572,5,5,1.0,unanimous
broad_clusters,F123_U13,F1 F2 F3 U1 U3,a32fbd13c2e3,5,5,1.0,unanimous
broad_clusters,F123_U13,F1 F2 F3 U1 U3,a41084c34754,5,5,1.0,unanimous
broad_clusters,F123_U13,F1 F2 F3 U1 U3,a4265bd21da8,5,2,0.4,flickering
broad_clusters,F123_U13,F1 F2 F3 U1 U3,a44c5fe6a989,5,3,0.6,flickering
broad_clusters,F123_U13,F1 F2 F3 U1 U3,a45c83f69ba7,5,3,0.6,flickering
broad_clusters,F123_U13,F1 F2 F3 U1 U3,a5e0df042d50,5,5,1.0,unanimous
broad_clusters,F123_U13,F1 F2 F3 U1 U3,a69a5c9bdd1d,5,5,1.0,unanimous
broad_clusters,F123_U13,F1 F2 F3 U1 U3,a82568887b73,5,5,1.0,unanimous
broad_clusters,F123_U13,F1 F2 F3 U1 U3,ad4a3ebaa5bc,5,5,1.0,unanimous
broad_clusters,F123_U13,F1 F2 F3 U1 U3,ae184ed23fd2,5,5,1.0,unanimous
broad_clusters,F123_U13,F1 F2 F3 U1 U3,aebd35259e42,5,5,1.0,unanimous
broad_clusters,F123_U13,F1 F2 F3 U1 U3,afe283c2f92e,5,5,1.0,unanimous
broad_clusters,F123_U13,F1 F2 F3 U1 U3,b0c69164f2c2,5,2,0.4,flickering
broad_clusters,F123_U13,F1 F2 F3 U1 U3,b2790c4ddf09,5,5,1.0,unanimous
broad_clusters,F123_U13,F1 F2 F3 U1 U3,b38b2a0c0e03,5,5,1.0,unanimous
broad_clusters,F123_U13,F1 F2 F3 U1 U3,b498f4cd8561,5,5,1.0,unanimous
broad_clusters,F123_U13,F1 F2 F3 U1 U3,b4b46e41a207,5,5,1.0,unanimous
broad_clusters,F123_U13,F1 F2 F3 U1 U3,b71b3713bf7e,5,3,0.6,flickering
broad_clusters,F123_U13,F1 F2 F3 U1 U3,b73f5ed4014d,5,5,1.0,unanimous
broad_clusters,F123_U13,F1 F2 F3 U1 U3,b747c4e5f4ac,5,5,1.0,unanimous
broad_clusters,F123_U13,F1 F2 F3 U1 U3,b7ab98dbfd54,5,5,1.0,unanimous
broad_clusters,F123_U13,F1 F2 F3 U1 U3,b8c47f333bb5,5,4,0.8,flickering
broad_clusters,F123_U13,F1 F2 F3 U1 U3,ba1df2e0ede2,5,5,1.0,unanimous
broad_clusters,F123_U13,F1 F2 F3 U1 U3,ba73af4e78a2,5,5,1.0,unanimous
broad_clusters,F123_U13,F1 F2 F3 U1 U3,baca3b71517c,5,5,1.0,unanimous
broad_clusters,F123_U13,F1 F2 F3 U1 U3,bb4148602b38,5,5,1.0,unanimous
broad_clusters,F123_U13,F1 F2 F3 U1 U3,bbea276f3086,5,5,1.0,unanimous
broad_clusters,F123_U13,F1 F2 F3 U1 U3,bbf0a1f63b46,5,5,1.0,unanimous
broad_clusters,F123_U13,F1 F2 F3 U1 U3,be79c347aa60,5,5,1.0,unanimous
broad_clusters,F123_U13,F1 F2 F3 U1 U3,bee5861ae116,5,5,1.0,unanimous
broad_clusters,F123_U13,F1 F2 F3 U1 U3,bf53db1c5f96,5,5,1.0,unanimous
broad_clusters,F123_U13,F1 F2 F3 U1 U3,bfc9fd64bb7b,5,5,1.0,unanimous
broad_clusters,F123_U13,F1 F2 F3 U1 U3,c080e2571f6a,5,5,1.0,unanimous
broad_clusters,F123_U13,F1 F2 F3 U1 U3,c1ee1d19767b,5,5,1.0,unanimous
broad_clusters,F123_U13,F1 F2 F3 U1 U3,c37b7a2d4ebd,5,5,1.0,unanimous
broad_clusters,F123_U13,F1 F2 F3 U1 U3,c3a619319924,5,5,1.0,unanimous
broad_clusters,F123_U13,F1 F2 F3 U1 U3,c6fa35b52649,5,3,0.6,flickering
broad_clusters,F123_U13,F1 F2 F3 U1 U3,c7436f1e497c,5,5,1.0,unanimous
broad_clusters,F123_U13,F1 F2 F3 U1 U3,c7550543387f,5,5,1.0,unanimous
broad_clusters,F123_U13,F1 F2 F3 U1 U3,c8b99a321068,5,1,0.2,flickering
broad_clusters,F123_U13,F1 F2 F3 U1 U3,c95cf215efb4,5,5,1.0,unanimous
broad_clusters,F123_U13,F1 F2 F3 U1 U3,c9b8620edc48,5,2,0.4,flickering
broad_clusters,F123_U13,F1 F2 F3 U1 U3,c9d423f4830b,5,5,1.0,unanimous
broad_clusters,F123_U13,F1 F2 F3 U1 U3,c9f7d2e17c2a,5,3,0.6,flickering
broad_clusters,F123_U13,F1 F2 F3 U1 U3,cb577e429912,5,5,1.0,unanimous
broad_clusters,F123_U13,F1 F2 F3 U1 U3,cb74cfb960dd,5,3,0.6,flickering
broad_clusters,F123_U13,F1 F2 F3 U1 U3,cb8d47011c7b,5,5,1.0,unanimous
broad_clusters,F123_U13,F1 F2 F3 U1 U3,cd161c6d2917,5,5,1.0,unanimous
broad_clusters,F123_U13,F1 F2 F3 U1 U3,cd554c210646,5,5,1.0,unanimous
broad_clusters,F123_U13,F1 F2 F3 U1 U3,cd9b0d4387fc,5,5,1.0,unanimous
broad_clusters,F123_U13,F1 F2 F3 U1 U3,ce0620750a2c,5,5,1.0,unanimous
broad_clusters,F123_U13,F1 F2 F3 U1 U3,cf3cfeed36df,5,5,1.0,unanimous
broad_clusters,F123_U13,F1 F2 F3 U1 U3,cfa9b6bdca54,5,5,1.0,unanimous
broad_clusters,F123_U13,F1 F2 F3 U1 U3,cfec2db4e8d7,5,5,1.0,unanimous
broad_clusters,F123_U13,F1 F2 F3 U1 U3,d2148c314266,5,5,1.0,unanimous
broad_clusters,F123_U13,F1 F2 F3 U1 U3,d4cdd75dc42a,5,5,1.0,unanimous
broad_clusters,F123_U13,F1 F2 F3 U1 U3,d6342c6ebaac,5,5,1.0,unanimous
broad_clusters,F123_U13,F1 F2 F3 U1 U3,d64e8b13bb9b,5,4,0.8,flickering
broad_clusters,F123_U13,F1 F2 F3 U1 U3,d6ba0fff7766,5,5,1.0,unanimous
broad_clusters,F123_U13,F1 F2 F3 U1 U3,d75b4cbb6504,5,5,1.0,unanimous
broad_clusters,F123_U13,F1 F2 F3 U1 U3,d7edd402f862,5,5,1.0,unanimous
broad_clusters,F123_U13,F1 F2 F3 U1 U3,d8dfa8ae12d2,5,4,0.8,flickering
broad_clusters,F123_U13,F1 F2 F3 U1 U3,d912436f2119,5,3,0.6,flickering
broad_clusters,F123_U13,F1 F2 F3 U1 U3,dab8bf6d9681,5,5,1.0,unanimous
broad_clusters,F123_U13,F1 F2 F3 U1 U3,db6b212b08de,5,5,1.0,unanimous
broad_clusters,F123_U13,F1 F2 F3 U1 U3,dbc0cd127ca0,5,2,0.4,flickering
broad_clusters,F123_U13,F1 F2 F3 U1 U3,dceec3c64e83,5,5,1.0,unanimous
broad_clusters,F123_U13,F1 F2 F3 U1 U3,dd9481d7200f,5,5,1.0,unanimous
broad_clusters,F123_U13,F1 F2 F3 U1 U3,e09ebc09591c,5,5,1.0,unanimous
broad_clusters,F123_U13,F1 F2 F3 U1 U3,e0c26c29dd33,5,3,0.6,flickering
broad_clusters,F123_U13,F1 F2 F3 U1 U3,e214388abd4f,5,4,0.8,flickering
broad_clusters,F123_U13,F1 F2 F3 U1 U3,e2827a5d260a,5,5,1.0,unanimous
broad_clusters,F123_U13,F1 F2 F3 U1 U3,e2aa21641a6f,5,3,0.6,flickering
broad_clusters,F123_U13,F1 F2 F3 U1 U3,e4745f13bbb4,5,5,1.0,unanimous
broad_clusters,F123_U13,F1 F2 F3 U1 U3,e57564408718,5,5,1.0,unanimous
broad_clusters,F123_U13,F1 F2 F3 U1 U3,e588129c3f2f,5,5,1.0,unanimous
broad_clusters,F123_U13,F1 F2 F3 U1 U3,e5cd0826ccfa,5,4,0.8,flickering
broad_clusters,F123_U13,F1 F2 F3 U1 U3,e68e6ab7e5af,5,4,0.8,flickering
broad_clusters,F123_U13,F1 F2 F3 U1 U3,ea1f6637fdad,5,5,1.0,unanimous
broad_clusters,F123_U13,F1 F2 F3 U1 U3,eb081c1ea631,5,5,1.0,unanimous
broad_clusters,F123_U13,F1 F2 F3 U1 U3,ec36fab3fcd8,5,4,0.8,flickering
broad_clusters,F123_U13,F1 F2 F3 U1 U3,ed25d91cd910,5,5,1.0,unanimous
broad_clusters,F123_U13,F1 F2 F3 U1 U3,ee5e2d9e72a7,5,5,1.0,unanimous
broad_clusters,F123_U13,F1 F2 F3 U1 U3,ef9277c4054f,5,3,0.6,flickering
broad_clusters,F123_U13,F1 F2 F3 U1 U3,f19c50362dd0,5,5,1.0,unanimous
broad_clusters,F123_U13,F1 F2 F3 U1 U3,f301c4c40fe7,5,5,1.0,unanimous
broad_clusters,F123_U13,F1 F2 F3 U1 U3,f37e85a4c407,5,5,1.0,unanimous
broad_clusters,F123_U13,F1 F2 F3 U1 U3,f3cbf2089cd8,5,4,0.8,flickering
broad_clusters,F123_U13,F1 F2 F3 U1 U3,f47252c3b412,5,5,1.0,unanimous
broad_clusters,F123_U13,F1 F2 F3 U1 U3,f4f868eb242a,5,1,0.2,flickering
broad_clusters,F123_U13,F1 F2 F3 U1 U3,f57b85b8c16e,5,5,1.0,unanimous
broad_clusters,F123_U13,F1 F2 F3 U1 U3,f59b70069029,5,2,0.4,flickering
broad_clusters,F123_U13,F1 F2 F3 U1 U3,f59c1123c57c,5,5,1.0,unanimous
broad_clusters,F123_U13,F1 F2 F3 U1 U3,fa936747b53e,5,5,1.0,unanimous
broad_clusters,F123_U13,F1 F2 F3 U1 U3,fad7d84a6b2b,5,5,1.0,unanimous
broad_clusters,F123_U13,F1 F2 F3 U1 U3,fb0061bbb89c,5,5,1.0,unanimous
broad_clusters,F123_U13,F1 F2 F3 U1 U3,fb5a123a805f,5,5,1.0,unanimous
broad_clusters,F123_U13,F1 F2 F3 U1 U3,fb78cd234795,5,4,0.8,flickering
broad_clusters,F123_U13,F1 F2 F3 U1 U3,fc1af8998b89,5,3,0.6,flickering
broad_clusters,F123_U13,F1 F2 F3 U1 U3,fc51297a412d,5,5,1.0,unanimous
broad_clusters,F123_U13,F1 F2 F3 U1 U3,fcd053a713e3,5,5,1.0,unanimous
broad_clusters,F123_U13,F1 F2 F3 U1 U3,fcee27de1d97,5,5,1.0,unanimous
broad_clusters,F123_U13,F1 F2 F3 U1 U3,fd5adc3e3a3a,5,5,1.0,unanimous
broad_clusters,F123_U13,F1 F2 F3 U1 U3,fe727d4718be,5,5,1.0,unanimous
broad_clusters,F123_U13,F1 F2 F3 U1 U3,ff5570d33911,5,5,1.0,unanimous
broad_clusters,H1,H1,01d3ad510b42,5,1,0.2,flickering
broad_clusters,H1,H1,02de4bafb196,5,3,0.6,flickering
broad_clusters,H1,H1,039ed8d2c4fe,5,2,0.4,flickering
broad_clusters,H1,H1,043aa1b0134c,5,2,0.4,flickering
broad_clusters,H1,H1,046e6d52bc8e,5,1,0.2,flickering
broad_clusters,H1,H1,04f6f12c9dd1,5,3,0.6,flickering
broad_clusters,H1,H1,0686dccb5baa,5,1,0.2,flickering
broad_clusters,H1,H1,06ed3c1819be,5,4,0.8,flickering
broad_clusters,H1,H1,084b592e02b3,5,2,0.4,flickering
broad_clusters,H1,H1,088747fa7d04,5,2,0.4,flickering
broad_clusters,H1,H1,08ad0e53abb1,5,5,1.0,unanimous
broad_clusters,H1,H1,0a81f336c8fb,5,3,0.6,flickering
broad_clusters,H1,H1,0adf2d15eb47,5,2,0.4,flickering
broad_clusters,H1,H1,0b6eb6e593c5,5,2,0.4,flickering
broad_clusters,H1,H1,0bf1eff0c800,5,2,0.4,flickering
broad_clusters,H1,H1,0d34d4795612,5,1,0.2,flickering
broad_clusters,H1,H1,0d63f36e3688,5,3,0.6,flickering
broad_clusters,H1,H1,0d8f07836540,5,2,0.4,flickering
broad_clusters,H1,H1,0f5f4d284afb,5,4,0.8,flickering
broad_clusters,H1,H1,109ca777fa12,5,1,0.2,flickering
broad_clusters,H1,H1,112d585f8fdf,5,2,0.4,flickering
broad_clusters,H1,H1,134acf006762,5,2,0.4,flickering
broad_clusters,H1,H1,14ab57dc9ec8,5,1,0.2,flickering
broad_clusters,H1,H1,14d73efad7ab,5,2,0.4,flickering
broad_clusters,H1,H1,16ac7d4eada1,5,1,0.2,flickering
broad_clusters,H1,H1,1921370ef769,5,4,0.8,flickering
broad_clusters,H1,H1,1b3433cd4628,5,3,0.6,flickering
broad_clusters,H1,H1,1bce6dff94b8,5,2,0.4,flickering
broad_clusters,H1,H1,1c36cac6bccc,5,4,0.8,flickering
broad_clusters,H1,H1,1c99d4b10868,5,4,0.8,flickering
broad_clusters,H1,H1,1d3a4f93114f,5,5,1.0,unanimous
broad_clusters,H1,H1,1dc1f1d9c3bd,5,5,1.0,unanimous
broad_clusters,H1,H1,1e85a8697898,5,3,0.6,flickering
broad_clusters,H1,H1,1fb5bb36812c,5,3,0.6,flickering
broad_clusters,H1,H1,1fb64399ccd8,5,4,0.8,flickering
broad_clusters,H1,H1,209fa336c13a,5,1,0.2,flickering
broad_clusters,H1,H1,21da45ff7758,5,3,0.6,flickering
broad_clusters,H1,H1,23161751e203,5,2,0.4,flickering
broad_clusters,H1,H1,2440338f40ce,5,1,0.2,flickering
broad_clusters,H1,H1,25b03ee6601d,5,2,0.4,flickering
broad_clusters,H1,H1,2802cf486896,5,2,0.4,flickering
broad_clusters,H1,H1,2a0d8f20ab72,5,1,0.2,flickering
broad_clusters,H1,H1,2a27a571e7fc,5,2,0.4,flickering
broad_clusters,H1,H1,2aa0f685bafa,5,3,0.6,flickering
broad_clusters,H1,H1,2c0cb0230b61,5,2,0.4,flickering
broad_clusters,H1,H1,2c7c7c5def5a,5,2,0.4,flickering
broad_clusters,H1,H1,2cabf84d8c88,5,2,0.4,flickering
broad_clusters,H1,H1,2e9adc656f2b,5,4,0.8,flickering
broad_clusters,H1,H1,2fb56e19e29d,5,1,0.2,flickering
broad_clusters,H1,H1,31a19e00325e,5,4,0.8,flickering
broad_clusters,H1,H1,31a2fec2be77,5,3,0.6,flickering
broad_clusters,H1,H1,31b5e609ef46,5,2,0.4,flickering
broad_clusters,H1,H1,362055c7a5a9,5,2,0.4,flickering
broad_clusters,H1,H1,3680e8deae2f,5,1,0.2,flickering
broad_clusters,H1,H1,37f61727e427,5,1,0.2,flickering
broad_clusters,H1,H1,3885f7d6d282,5,3,0.6,flickering
broad_clusters,H1,H1,3a2203603d61,5,2,0.4,flickering
broad_clusters,H1,H1,3c4f97f6fb20,5,1,0.2,flickering
broad_clusters,H1,H1,3cb443c08221,5,2,0.4,flickering
broad_clusters,H1,H1,408fd2a91abd,5,3,0.6,flickering
broad_clusters,H1,H1,410ecd5b1e40,5,2,0.4,flickering
broad_clusters,H1,H1,430464d25f28,5,4,0.8,flickering
broad_clusters,H1,H1,43748fb30948,5,4,0.8,flickering
broad_clusters,H1,H1,43e4036c30f9,5,1,0.2,flickering
broad_clusters,H1,H1,4463568f621e,5,2,0.4,flickering
broad_clusters,H1,H1,447d40f8ace5,5,2,0.4,flickering
broad_clusters,H1,H1,4707c2930bd5,5,1,0.2,flickering
broad_clusters,H1,H1,472b9b93ad9f,5,5,1.0,unanimous
broad_clusters,H1,H1,49067b2ff40c,5,2,0.4,flickering
broad_clusters,H1,H1,4fdfdbf582cb,5,1,0.2,flickering
broad_clusters,H1,H1,4ff4163fd5c7,5,2,0.4,flickering
broad_clusters,H1,H1,512ffd6391ed,5,1,0.2,flickering
broad_clusters,H1,H1,5341a4972339,5,5,1.0,unanimous
broad_clusters,H1,H1,5478288b68f4,5,1,0.2,flickering
broad_clusters,H1,H1,55157f0433cc,5,4,0.8,flickering
broad_clusters,H1,H1,560a71c4eb88,5,3,0.6,flickering
broad_clusters,H1,H1,5860caa8b811,5,4,0.8,flickering
broad_clusters,H1,H1,5ccdfc01ba3c,5,2,0.4,flickering
broad_clusters,H1,H1,5cdb0ba3c556,5,4,0.8,flickering
broad_clusters,H1,H1,5d40cd729024,5,2,0.4,flickering
broad_clusters,H1,H1,5e17e32670ea,5,2,0.4,flickering
broad_clusters,H1,H1,5ebba28b6c1b,5,4,0.8,flickering
broad_clusters,H1,H1,60160115004c,5,2,0.4,flickering
broad_clusters,H1,H1,6025e1fa5134,5,3,0.6,flickering
broad_clusters,H1,H1,6103d326f1f4,5,1,0.2,flickering
broad_clusters,H1,H1,615c9cf6b7e2,5,3,0.6,flickering
broad_clusters,H1,H1,62126c371107,5,2,0.4,flickering
broad_clusters,H1,H1,624266e9f779,5,4,0.8,flickering
broad_clusters,H1,H1,628cb522c3cd,5,2,0.4,flickering
broad_clusters,H1,H1,62e2c124f989,5,5,1.0,unanimous
broad_clusters,H1,H1,643832575481,5,5,1.0,unanimous
broad_clusters,H1,H1,64cf0bbee592,5,1,0.2,flickering
broad_clusters,H1,H1,65008302b1e5,5,2,0.4,flickering
broad_clusters,H1,H1,660cc534fc78,5,4,0.8,flickering
broad_clusters,H1,H1,66604d92cdf6,5,2,0.4,flickering
broad_clusters,H1,H1,684536b07bc7,5,3,0.6,flickering
broad_clusters,H1,H1,688178e946ff,5,2,0.4,flickering
broad_clusters,H1,H1,69262ac8f823,5,4,0.8,flickering
broad_clusters,H1,H1,6980ae227761,5,3,0.6,flickering
broad_clusters,H1,H1,699afdbeba4d,5,2,0.4,flickering
broad_clusters,H1,H1,6a1f6758e7d9,5,4,0.8,flickering
broad_clusters,H1,H1,6bdd73210307,5,3,0.6,flickering
broad_clusters,H1,H1,6d850c9bb9a8,5,1,0.2,flickering
broad_clusters,H1,H1,6df425a01e7e,5,5,1.0,unanimous
broad_clusters,H1,H1,6df59e956a95,5,2,0.4,flickering
broad_clusters,H1,H1,6e65a2b06b3e,5,1,0.2,flickering
broad_clusters,H1,H1,6ebaa814e4ad,5,3,0.6,flickering
broad_clusters,H1,H1,70d66563e84a,5,3,0.6,flickering
broad_clusters,H1,H1,72eed7e29e02,5,1,0.2,flickering
broad_clusters,H1,H1,7415e35108cc,5,1,0.2,flickering
broad_clusters,H1,H1,74fb44a7acc9,5,1,0.2,flickering
broad_clusters,H1,H1,754832888538,5,2,0.4,flickering
broad_clusters,H1,H1,760bf1553c4d,5,5,1.0,unanimous
broad_clusters,H1,H1,77e8cca793fb,5,1,0.2,flickering
broad_clusters,H1,H1,7803d9a85054,5,2,0.4,flickering
broad_clusters,H1,H1,78230d2a0091,5,4,0.8,flickering
broad_clusters,H1,H1,7a02d7111976,5,2,0.4,flickering
broad_clusters,H1,H1,7a7a77e77a46,5,1,0.2,flickering
broad_clusters,H1,H1,7b77237aee10,5,2,0.4,flickering
broad_clusters,H1,H1,7c3d9a994e6f,5,1,0.2,flickering
broad_clusters,H1,H1,7cebf4fe20ee,5,4,0.8,flickering
broad_clusters,H1,H1,7df672f007f4,5,2,0.4,flickering
broad_clusters,H1,H1,7e30c8259061,5,1,0.2,flickering
broad_clusters,H1,H1,7e49e32d201b,5,2,0.4,flickering
broad_clusters,H1,H1,7e6b0d276a55,5,2,0.4,flickering
broad_clusters,H1,H1,7f427673957c,5,1,0.2,flickering
broad_clusters,H1,H1,7f45c1d942fc,5,5,1.0,unanimous
broad_clusters,H1,H1,805f4872bae8,5,1,0.2,flickering
broad_clusters,H1,H1,8078cef39704,5,5,1.0,unanimous
broad_clusters,H1,H1,80db6dd984d5,5,2,0.4,flickering
broad_clusters,H1,H1,8132df5e7a12,5,3,0.6,flickering
broad_clusters,H1,H1,81607c6d9629,5,2,0.4,flickering
broad_clusters,H1,H1,81a87f78403c,5,1,0.2,flickering
broad_clusters,H1,H1,83b57a05ab3c,5,1,0.2,flickering
broad_clusters,H1,H1,86090feb7a89,5,3,0.6,flickering
broad_clusters,H1,H1,87ecf58e6b0c,5,5,1.0,unanimous
broad_clusters,H1,H1,8a4969fb9f3f,5,4,0.8,flickering
broad_clusters,H1,H1,8b87a89244e2,5,2,0.4,flickering
broad_clusters,H1,H1,8ba39229aeac,5,2,0.4,flickering
broad_clusters,H1,H1,8ca47f754a8b,5,3,0.6,flickering
broad_clusters,H1,H1,8cfe1edbd00f,5,1,0.2,flickering
broad_clusters,H1,H1,8e335947c0e1,5,2,0.4,flickering
broad_clusters,H1,H1,8e440b80a157,5,2,0.4,flickering
broad_clusters,H1,H1,90b23b744311,5,2,0.4,flickering
broad_clusters,H1,H1,9167dfcb1faa,5,3,0.6,flickering
broad_clusters,H1,H1,91987904b44b,5,1,0.2,flickering
broad_clusters,H1,H1,93630e0a3d67,5,1,0.2,flickering
broad_clusters,H1,H1,942b571c83ec,5,5,1.0,unanimous
broad_clusters,H1,H1,94bf93368c00,5,1,0.2,flickering
broad_clusters,H1,H1,9623f8400850,5,4,0.8,flickering
broad_clusters,H1,H1,96e911c67649,5,2,0.4,flickering
broad_clusters,H1,H1,97abaa333a90,5,1,0.2,flickering
broad_clusters,H1,H1,99d069fa1546,5,2,0.4,flickering
broad_clusters,H1,H1,9a9eff6df503,5,1,0.2,flickering
broad_clusters,H1,H1,9b8faec4d9b1,5,2,0.4,flickering
broad_clusters,H1,H1,9bbcadeaa0fa,5,3,0.6,flickering
broad_clusters,H1,H1,9bef5c2501ee,5,2,0.4,flickering
broad_clusters,H1,H1,9d41a00a9c93,5,2,0.4,flickering
broad_clusters,H1,H1,9dfe141cf391,5,1,0.2,flickering
broad_clusters,H1,H1,9fd1f741bc64,5,1,0.2,flickering
broad_clusters,H1,H1,a03d48541430,5,2,0.4,flickering
broad_clusters,H1,H1,a0b20e4df225,5,1,0.2,flickering
broad_clusters,H1,H1,a0def0e8f780,5,2,0.4,flickering
broad_clusters,H1,H1,a21113615ced,5,3,0.6,flickering
broad_clusters,H1,H1,a2ee1ad7e572,5,3,0.6,flickering
broad_clusters,H1,H1,a32fbd13c2e3,5,1,0.2,flickering
broad_clusters,H1,H1,a41084c34754,5,4,0.8,flickering
broad_clusters,H1,H1,a44c5fe6a989,5,1,0.2,flickering
broad_clusters,H1,H1,a45c83f69ba7,5,1,0.2,flickering
broad_clusters,H1,H1,a5e0df042d50,5,1,0.2,flickering
broad_clusters,H1,H1,a69a5c9bdd1d,5,1,0.2,flickering
broad_clusters,H1,H1,a82568887b73,5,3,0.6,flickering
broad_clusters,H1,H1,ad4a3ebaa5bc,5,4,0.8,flickering
broad_clusters,H1,H1,ae184ed23fd2,5,3,0.6,flickering
broad_clusters,H1,H1,aebd35259e42,5,3,0.6,flickering
broad_clusters,H1,H1,afe283c2f92e,5,3,0.6,flickering
broad_clusters,H1,H1,b2790c4ddf09,5,1,0.2,flickering
broad_clusters,H1,H1,b38b2a0c0e03,5,2,0.4,flickering
broad_clusters,H1,H1,b498f4cd8561,5,2,0.4,flickering
broad_clusters,H1,H1,b4b46e41a207,5,4,0.8,flickering
broad_clusters,H1,H1,b71b3713bf7e,5,2,0.4,flickering
broad_clusters,H1,H1,b73f5ed4014d,5,3,0.6,flickering
broad_clusters,H1,H1,b7ab98dbfd54,5,2,0.4,flickering
broad_clusters,H1,H1,b8c47f333bb5,5,2,0.4,flickering
broad_clusters,H1,H1,ba1df2e0ede2,5,2,0.4,flickering
broad_clusters,H1,H1,baca3b71517c,5,5,1.0,unanimous
broad_clusters,H1,H1,bb4148602b38,5,2,0.4,flickering
broad_clusters,H1,H1,bbea276f3086,5,4,0.8,flickering
broad_clusters,H1,H1,bbf0a1f63b46,5,2,0.4,flickering
broad_clusters,H1,H1,be79c347aa60,5,4,0.8,flickering
broad_clusters,H1,H1,bee5861ae116,5,2,0.4,flickering
broad_clusters,H1,H1,bf53db1c5f96,5,4,0.8,flickering
broad_clusters,H1,H1,bfc9fd64bb7b,5,2,0.4,flickering
broad_clusters,H1,H1,c080e2571f6a,5,3,0.6,flickering
broad_clusters,H1,H1,c1ee1d19767b,5,4,0.8,flickering
broad_clusters,H1,H1,c37b7a2d4ebd,5,2,0.4,flickering
broad_clusters,H1,H1,c3a619319924,5,2,0.4,flickering
broad_clusters,H1,H1,c6fa35b52649,5,1,0.2,flickering
broad_clusters,H1,H1,c7436f1e497c,5,4,0.8,flickering
broad_clusters,H1,H1,c7550543387f,5,3,0.6,flickering
broad_clusters,H1,H1,c95cf215efb4,5,2,0.4,flickering
broad_clusters,H1,H1,c9d423f4830b,5,2,0.4,flickering
broad_clusters,H1,H1,c9f7d2e17c2a,5,1,0.2,flickering
broad_clusters,H1,H1,cb577e429912,5,1,0.2,flickering
broad_clusters,H1,H1,cb74cfb960dd,5,2,0.4,flickering
broad_clusters,H1,H1,cb8d47011c7b,5,3,0.6,flickering
broad_clusters,H1,H1,cd554c210646,5,2,0.4,flickering
broad_clusters,H1,H1,cd9b0d4387fc,5,4,0.8,flickering
broad_clusters,H1,H1,ce0620750a2c,5,2,0.4,flickering
broad_clusters,H1,H1,cf3cfeed36df,5,4,0.8,flickering
broad_clusters,H1,H1,cfa9b6bdca54,5,5,1.0,unanimous
broad_clusters,H1,H1,cfec2db4e8d7,5,1,0.2,flickering
broad_clusters,H1,H1,d2148c314266,5,5,1.0,unanimous
broad_clusters,H1,H1,d4cdd75dc42a,5,1,0.2,flickering
broad_clusters,H1,H1,d6342c6ebaac,5,2,0.4,flickering
broad_clusters,H1,H1,d64e8b13bb9b,5,3,0.6,flickering
broad_clusters,H1,H1,d6ba0fff7766,5,4,0.8,flickering
broad_clusters,H1,H1,d75b4cbb6504,5,3,0.6,flickering
broad_clusters,H1,H1,d7edd402f862,5,1,0.2,flickering
broad_clusters,H1,H1,d8dfa8ae12d2,5,1,0.2,flickering
broad_clusters,H1,H1,dab8bf6d9681,5,2,0.4,flickering
broad_clusters,H1,H1,db6b212b08de,5,2,0.4,flickering
broad_clusters,H1,H1,dbc0cd127ca0,5,1,0.2,flickering
broad_clusters,H1,H1,dceec3c64e83,5,3,0.6,flickering
broad_clusters,H1,H1,dd9481d7200f,5,1,0.2,flickering
broad_clusters,H1,H1,e09ebc09591c,5,2,0.4,flickering
broad_clusters,H1,H1,e214388abd4f,5,4,0.8,flickering
broad_clusters,H1,H1,e2827a5d260a,5,5,1.0,unanimous
broad_clusters,H1,H1,e2aa21641a6f,5,2,0.4,flickering
broad_clusters,H1,H1,e4745f13bbb4,5,3,0.6,flickering
broad_clusters,H1,H1,e57564408718,5,2,0.4,flickering
broad_clusters,H1,H1,e588129c3f2f,5,2,0.4,flickering
broad_clusters,H1,H1,e5cd0826ccfa,5,2,0.4,flickering
broad_clusters,H1,H1,e68e6ab7e5af,5,2,0.4,flickering
broad_clusters,H1,H1,ea1f6637fdad,5,2,0.4,flickering
broad_clusters,H1,H1,ec36fab3fcd8,5,2,0.4,flickering
broad_clusters,H1,H1,ed25d91cd910,5,4,0.8,flickering
broad_clusters,H1,H1,ee5e2d9e72a7,5,4,0.8,flickering
broad_clusters,H1,H1,ef9277c4054f,5,1,0.2,flickering
broad_clusters,H1,H1,f19c50362dd0,5,3,0.6,flickering
broad_clusters,H1,H1,f301c4c40fe7,5,1,0.2,flickering
broad_clusters,H1,H1,f37e85a4c407,5,4,0.8,flickering
broad_clusters,H1,H1,f3cbf2089cd8,5,3,0.6,flickering
broad_clusters,H1,H1,f47252c3b412,5,1,0.2,flickering
broad_clusters,H1,H1,f57b85b8c16e,5,5,1.0,unanimous
broad_clusters,H1,H1,f59b70069029,5,1,0.2,flickering
broad_clusters,H1,H1,f59c1123c57c,5,2,0.4,flickering
broad_clusters,H1,H1,fa936747b53e,5,1,0.2,flickering
broad_clusters,H1,H1,fad7d84a6b2b,5,2,0.4,flickering
broad_clusters,H1,H1,fb0061bbb89c,5,4,0.8,flickering
broad_clusters,H1,H1,fb5a123a805f,5,1,0.2,flickering
broad_clusters,H1,H1,fb78cd234795,5,3,0.6,flickering
broad_clusters,H1,H1,fc1af8998b89,5,2,0.4,flickering
broad_clusters,H1,H1,fc51297a412d,5,3,0.6,flickering
broad_clusters,H1,H1,fcd053a713e3,5,3,0.6,flickering
broad_clusters,H1,H1,fcee27de1d97,5,3,0.6,flickering
broad_clusters,H1,H1,fd5adc3e3a3a,5,3,0.6,flickering
broad_clusters,H1,H1,fe727d4718be,5,2,0.4,flickering
broad_clusters,H1,H1,ff5570d33911,5,2,0.4,flickering
broad_clusters,J_ALL,J1 J2 J3 J4 J5,02de4bafb196,5,1,0.2,flickering
broad_clusters,J_ALL,J1 J2 J3 J4 J5,039ed8d2c4fe,5,3,0.6,flickering
broad_clusters,J_ALL,J1 J2 J3 J4 J5,06ed3c1819be,5,3,0.6,flickering
broad_clusters,J_ALL,J1 J2 J3 J4 J5,08ad0e53abb1,5,2,0.4,flickering
broad_clusters,J_ALL,J1 J2 J3 J4 J5,0a81f336c8fb,5,1,0.2,flickering
broad_clusters,J_ALL,J1 J2 J3 J4 J5,0d34d4795612,5,1,0.2,flickering
broad_clusters,J_ALL,J1 J2 J3 J4 J5,112d585f8fdf,5,2,0.4,flickering
broad_clusters,J_ALL,J1 J2 J3 J4 J5,14ab57dc9ec8,5,1,0.2,flickering
broad_clusters,J_ALL,J1 J2 J3 J4 J5,1c36cac6bccc,5,1,0.2,flickering
broad_clusters,J_ALL,J1 J2 J3 J4 J5,1c99d4b10868,5,1,0.2,flickering
broad_clusters,J_ALL,J1 J2 J3 J4 J5,1fb64399ccd8,5,5,1.0,unanimous
broad_clusters,J_ALL,J1 J2 J3 J4 J5,2065ada1a306,5,1,0.2,flickering
broad_clusters,J_ALL,J1 J2 J3 J4 J5,23161751e203,5,1,0.2,flickering
broad_clusters,J_ALL,J1 J2 J3 J4 J5,2aa0f685bafa,5,1,0.2,flickering
broad_clusters,J_ALL,J1 J2 J3 J4 J5,2cabf84d8c88,5,1,0.2,flickering
broad_clusters,J_ALL,J1 J2 J3 J4 J5,2e9adc656f2b,5,1,0.2,flickering
broad_clusters,J_ALL,J1 J2 J3 J4 J5,2fb56e19e29d,5,1,0.2,flickering
broad_clusters,J_ALL,J1 J2 J3 J4 J5,31a19e00325e,5,3,0.6,flickering
broad_clusters,J_ALL,J1 J2 J3 J4 J5,31a2fec2be77,5,3,0.6,flickering
broad_clusters,J_ALL,J1 J2 J3 J4 J5,31b5e609ef46,5,1,0.2,flickering
broad_clusters,J_ALL,J1 J2 J3 J4 J5,37c368833872,5,1,0.2,flickering
broad_clusters,J_ALL,J1 J2 J3 J4 J5,3a2203603d61,5,1,0.2,flickering
broad_clusters,J_ALL,J1 J2 J3 J4 J5,3cb443c08221,5,1,0.2,flickering
broad_clusters,J_ALL,J1 J2 J3 J4 J5,410ecd5b1e40,5,1,0.2,flickering
broad_clusters,J_ALL,J1 J2 J3 J4 J5,447d40f8ace5,5,2,0.4,flickering
broad_clusters,J_ALL,J1 J2 J3 J4 J5,472b9b93ad9f,5,1,0.2,flickering
broad_clusters,J_ALL,J1 J2 J3 J4 J5,5341a4972339,5,1,0.2,flickering
broad_clusters,J_ALL,J1 J2 J3 J4 J5,55157f0433cc,5,2,0.4,flickering
broad_clusters,J_ALL,J1 J2 J3 J4 J5,5860caa8b811,5,2,0.4,flickering
broad_clusters,J_ALL,J1 J2 J3 J4 J5,5cdb0ba3c556,5,3,0.6,flickering
broad_clusters,J_ALL,J1 J2 J3 J4 J5,5eb14f8b3cdc,5,1,0.2,flickering
broad_clusters,J_ALL,J1 J2 J3 J4 J5,6025e1fa5134,5,1,0.2,flickering
broad_clusters,J_ALL,J1 J2 J3 J4 J5,62126c371107,5,1,0.2,flickering
broad_clusters,J_ALL,J1 J2 J3 J4 J5,628cb522c3cd,5,1,0.2,flickering
broad_clusters,J_ALL,J1 J2 J3 J4 J5,62e2c124f989,5,1,0.2,flickering
broad_clusters,J_ALL,J1 J2 J3 J4 J5,660cc534fc78,5,1,0.2,flickering
broad_clusters,J_ALL,J1 J2 J3 J4 J5,66604d92cdf6,5,1,0.2,flickering
broad_clusters,J_ALL,J1 J2 J3 J4 J5,6980ae227761,5,3,0.6,flickering
broad_clusters,J_ALL,J1 J2 J3 J4 J5,699afdbeba4d,5,1,0.2,flickering
broad_clusters,J_ALL,J1 J2 J3 J4 J5,6a1f6758e7d9,5,1,0.2,flickering
broad_clusters,J_ALL,J1 J2 J3 J4 J5,6bdd73210307,5,1,0.2,flickering
broad_clusters,J_ALL,J1 J2 J3 J4 J5,6df59e956a95,5,1,0.2,flickering
broad_clusters,J_ALL,J1 J2 J3 J4 J5,6ebaa814e4ad,5,1,0.2,flickering
broad_clusters,J_ALL,J1 J2 J3 J4 J5,74fb44a7acc9,5,1,0.2,flickering
broad_clusters,J_ALL,J1 J2 J3 J4 J5,77e8cca793fb,5,1,0.2,flickering
broad_clusters,J_ALL,J1 J2 J3 J4 J5,7c3d9a994e6f,5,1,0.2,flickering
broad_clusters,J_ALL,J1 J2 J3 J4 J5,7cebf4fe20ee,5,1,0.2,flickering
broad_clusters,J_ALL,J1 J2 J3 J4 J5,7df672f007f4,5,1,0.2,flickering
broad_clusters,J_ALL,J1 J2 J3 J4 J5,7e49e32d201b,5,2,0.4,flickering
broad_clusters,J_ALL,J1 J2 J3 J4 J5,7f427673957c,5,1,0.2,flickering
broad_clusters,J_ALL,J1 J2 J3 J4 J5,8078cef39704,5,1,0.2,flickering
broad_clusters,J_ALL,J1 J2 J3 J4 J5,80db6dd984d5,5,2,0.4,flickering
broad_clusters,J_ALL,J1 J2 J3 J4 J5,8132df5e7a12,5,2,0.4,flickering
broad_clusters,J_ALL,J1 J2 J3 J4 J5,87ecf58e6b0c,5,2,0.4,flickering
broad_clusters,J_ALL,J1 J2 J3 J4 J5,8cfe1edbd00f,5,1,0.2,flickering
broad_clusters,J_ALL,J1 J2 J3 J4 J5,942b571c83ec,5,2,0.4,flickering
broad_clusters,J_ALL,J1 J2 J3 J4 J5,9d41a00a9c93,5,1,0.2,flickering
broad_clusters,J_ALL,J1 J2 J3 J4 J5,9fd1f741bc64,5,1,0.2,flickering
broad_clusters,J_ALL,J1 J2 J3 J4 J5,a2ee1ad7e572,5,1,0.2,flickering
broad_clusters,J_ALL,J1 J2 J3 J4 J5,a41084c34754,5,2,0.4,flickering
broad_clusters,J_ALL,J1 J2 J3 J4 J5,a69a5c9bdd1d,5,1,0.2,flickering
broad_clusters,J_ALL,J1 J2 J3 J4 J5,ad4a3ebaa5bc,5,1,0.2,flickering
broad_clusters,J_ALL,J1 J2 J3 J4 J5,ae184ed23fd2,5,3,0.6,flickering
broad_clusters,J_ALL,J1 J2 J3 J4 J5,ba1df2e0ede2,5,4,0.8,flickering
broad_clusters,J_ALL,J1 J2 J3 J4 J5,baca3b71517c,5,1,0.2,flickering
broad_clusters,J_ALL,J1 J2 J3 J4 J5,bbea276f3086,5,2,0.4,flickering
broad_clusters,J_ALL,J1 J2 J3 J4 J5,bbf0a1f63b46,5,1,0.2,flickering
broad_clusters,J_ALL,J1 J2 J3 J4 J5,c080e2571f6a,5,1,0.2,flickering
broad_clusters,J_ALL,J1 J2 J3 J4 J5,c1ee1d19767b,5,3,0.6,flickering
broad_clusters,J_ALL,J1 J2 J3 J4 J5,c37b7a2d4ebd,5,1,0.2,flickering
broad_clusters,J_ALL,J1 J2 J3 J4 J5,c9d423f4830b,5,1,0.2,flickering
broad_clusters,J_ALL,J1 J2 J3 J4 J5,cb8d47011c7b,5,1,0.2,flickering
broad_clusters,J_ALL,J1 J2 J3 J4 J5,cd9b0d4387fc,5,1,0.2,flickering
broad_clusters,J_ALL,J1 J2 J3 J4 J5,ce0620750a2c,5,1,0.2,flickering
broad_clusters,J_ALL,J1 J2 J3 J4 J5,cfa9b6bdca54,5,3,0.6,flickering
broad_clusters,J_ALL,J1 J2 J3 J4 J5,d2148c314266,5,1,0.2,flickering
broad_clusters,J_ALL,J1 J2 J3 J4 J5,d4cdd75dc42a,5,1,0.2,flickering
broad_clusters,J_ALL,J1 J2 J3 J4 J5,d6342c6ebaac,5,1,0.2,flickering
broad_clusters,J_ALL,J1 J2 J3 J4 J5,d64e8b13bb9b,5,1,0.2,flickering
broad_clusters,J_ALL,J1 J2 J3 J4 J5,d6ba0fff7766,5,3,0.6,flickering
broad_clusters,J_ALL,J1 J2 J3 J4 J5,d8dfa8ae12d2,5,1,0.2,flickering
broad_clusters,J_ALL,J1 J2 J3 J4 J5,db6b212b08de,5,2,0.4,flickering
broad_clusters,J_ALL,J1 J2 J3 J4 J5,dbc0cd127ca0,5,1,0.2,flickering
broad_clusters,J_ALL,J1 J2 J3 J4 J5,e2827a5d260a,5,1,0.2,flickering
broad_clusters,J_ALL,J1 J2 J3 J4 J5,e4745f13bbb4,5,1,0.2,flickering
broad_clusters,J_ALL,J1 J2 J3 J4 J5,ed25d91cd910,5,2,0.4,flickering
broad_clusters,J_ALL,J1 J2 J3 J4 J5,f37e85a4c407,5,2,0.4,flickering
broad_clusters,J_ALL,J1 J2 J3 J4 J5,f3cbf2089cd8,5,1,0.2,flickering
broad_clusters,J_ALL,J1 J2 J3 J4 J5,f59c1123c57c,5,1,0.2,flickering
broad_clusters,J_ALL,J1 J2 J3 J4 J5,fb0061bbb89c,5,1,0.2,flickering
broad_clusters,J_ALL,J1 J2 J3 J4 J5,fc51297a412d,5,1,0.2,flickering
broad_clusters,J_ALL,J1 J2 J3 J4 J5,fcee27de1d97,5,2,0.4,flickering
broad_clusters,S1,S1,01d3ad510b42,5,5,1.0,unanimous
broad_clusters,S1,S1,04278d8d1006,5,5,1.0,unanimous
broad_clusters,S1,S1,046e6d52bc8e,5,5,1.0,unanimous
broad_clusters,S1,S1,04827fb71269,5,5,1.0,unanimous
broad_clusters,S1,S1,088747fa7d04,5,5,1.0,unanimous
broad_clusters,S1,S1,08ad0e53abb1,5,5,1.0,unanimous
broad_clusters,S1,S1,0b6eb6e593c5,5,5,1.0,unanimous
broad_clusters,S1,S1,0bf1eff0c800,5,1,0.2,flickering
broad_clusters,S1,S1,0d34d4795612,5,5,1.0,unanimous
broad_clusters,S1,S1,0f5f4d284afb,5,1,0.2,flickering
broad_clusters,S1,S1,112d585f8fdf,5,5,1.0,unanimous
broad_clusters,S1,S1,134acf006762,5,5,1.0,unanimous
broad_clusters,S1,S1,14d73efad7ab,5,5,1.0,unanimous
broad_clusters,S1,S1,16ac7d4eada1,5,5,1.0,unanimous
broad_clusters,S1,S1,1bce6dff94b8,5,5,1.0,unanimous
broad_clusters,S1,S1,1dc1f1d9c3bd,5,5,1.0,unanimous
broad_clusters,S1,S1,2065ada1a306,5,5,1.0,unanimous
broad_clusters,S1,S1,21da45ff7758,5,5,1.0,unanimous
broad_clusters,S1,S1,2802cf486896,5,5,1.0,unanimous
broad_clusters,S1,S1,2c0cb0230b61,5,5,1.0,unanimous
broad_clusters,S1,S1,2c7c7c5def5a,5,5,1.0,unanimous
broad_clusters,S1,S1,2fb56e19e29d,5,5,1.0,unanimous
broad_clusters,S1,S1,31b5e609ef46,5,5,1.0,unanimous
broad_clusters,S1,S1,353095dd4786,5,5,1.0,unanimous
broad_clusters,S1,S1,3680e8deae2f,5,5,1.0,unanimous
broad_clusters,S1,S1,37c368833872,5,5,1.0,unanimous
broad_clusters,S1,S1,37f61727e427,5,5,1.0,unanimous
broad_clusters,S1,S1,39b63b84df43,5,5,1.0,unanimous
broad_clusters,S1,S1,3c4f97f6fb20,5,5,1.0,unanimous
broad_clusters,S1,S1,3ff2979ec750,5,5,1.0,unanimous
broad_clusters,S1,S1,410ecd5b1e40,5,5,1.0,unanimous
broad_clusters,S1,S1,43e4036c30f9,5,5,1.0,unanimous
broad_clusters,S1,S1,49067b2ff40c,5,5,1.0,unanimous
broad_clusters,S1,S1,4f06bfffb535,5,5,1.0,unanimous
broad_clusters,S1,S1,512ffd6391ed,5,5,1.0,unanimous
broad_clusters,S1,S1,5aefd3e8b445,5,5,1.0,unanimous
broad_clusters,S1,S1,5ccdfc01ba3c,5,5,1.0,unanimous
broad_clusters,S1,S1,5e3faa420f8a,5,5,1.0,unanimous
broad_clusters,S1,S1,5eb14f8b3cdc,5,1,0.2,flickering
broad_clusters,S1,S1,60160115004c,5,5,1.0,unanimous
broad_clusters,S1,S1,6103d326f1f4,5,5,1.0,unanimous
broad_clusters,S1,S1,615c9cf6b7e2,5,5,1.0,unanimous
broad_clusters,S1,S1,628cb522c3cd,5,5,1.0,unanimous
broad_clusters,S1,S1,64cf0bbee592,5,2,0.4,flickering
broad_clusters,S1,S1,660cc534fc78,5,4,0.8,flickering
broad_clusters,S1,S1,684536b07bc7,5,5,1.0,unanimous
broad_clusters,S1,S1,69262ac8f823,5,5,1.0,unanimous
broad_clusters,S1,S1,7415e35108cc,5,1,0.2,flickering
broad_clusters,S1,S1,74fb44a7acc9,5,5,1.0,unanimous
broad_clusters,S1,S1,774568d1460a,5,5,1.0,unanimous
broad_clusters,S1,S1,77e8cca793fb,5,5,1.0,unanimous
broad_clusters,S1,S1,7803d9a85054,5,5,1.0,unanimous
broad_clusters,S1,S1,7a02d7111976,5,2,0.4,flickering
broad_clusters,S1,S1,7b77237aee10,5,5,1.0,unanimous
broad_clusters,S1,S1,7c3d9a994e6f,5,5,1.0,unanimous
broad_clusters,S1,S1,7df672f007f4,5,5,1.0,unanimous
broad_clusters,S1,S1,7e30c8259061,5,5,1.0,unanimous
broad_clusters,S1,S1,7e6b0d276a55,5,5,1.0,unanimous
broad_clusters,S1,S1,8078cef39704,5,1,0.2,flickering
broad_clusters,S1,S1,83b57a05ab3c,5,1,0.2,flickering
broad_clusters,S1,S1,849b8319a75f,5,5,1.0,unanimous
broad_clusters,S1,S1,86090feb7a89,5,5,1.0,unanimous
broad_clusters,S1,S1,8b87a89244e2,5,5,1.0,unanimous
broad_clusters,S1,S1,8ba39229aeac,5,2,0.4,flickering
broad_clusters,S1,S1,8cfe1edbd00f,5,5,1.0,unanimous
broad_clusters,S1,S1,9002b1ff928f,5,5,1.0,unanimous
broad_clusters,S1,S1,90b23b744311,5,5,1.0,unanimous
broad_clusters,S1,S1,9167dfcb1faa,5,1,0.2,flickering
broad_clusters,S1,S1,91987904b44b,5,5,1.0,unanimous
broad_clusters,S1,S1,942b571c83ec,5,1,0.2,flickering
broad_clusters,S1,S1,94bc5a480449,5,5,1.0,unanimous
broad_clusters,S1,S1,953cf8b9cd02,5,5,1.0,unanimous
broad_clusters,S1,S1,9906ba89a54d,5,5,1.0,unanimous
broad_clusters,S1,S1,99d069fa1546,5,5,1.0,unanimous
broad_clusters,S1,S1,9b00fd3c63f5,5,5,1.0,unanimous
broad_clusters,S1,S1,9d41a00a9c93,5,5,1.0,unanimous
broad_clusters,S1,S1,a0b20e4df225,5,5,1.0,unanimous
broad_clusters,S1,S1,a0def0e8f780,5,5,1.0,unanimous
broad_clusters,S1,S1,a4265bd21da8,5,5,1.0,unanimous
broad_clusters,S1,S1,a44c5fe6a989,5,5,1.0,unanimous
broad_clusters,S1,S1,a45c83f69ba7,5,5,1.0,unanimous
broad_clusters,S1,S1,b0c69164f2c2,5,5,1.0,unanimous
broad_clusters,S1,S1,b71b3713bf7e,5,5,1.0,unanimous
broad_clusters,S1,S1,b747c4e5f4ac,5,2,0.4,flickering
broad_clusters,S1,S1,b8c47f333bb5,5,5,1.0,unanimous
broad_clusters,S1,S1,bbf0a1f63b46,5,1,0.2,flickering
broad_clusters,S1,S1,c37b7a2d4ebd,5,5,1.0,unanimous
broad_clusters,S1,S1,c3a619319924,5,5,1.0,unanimous
broad_clusters,S1,S1,c6fa35b52649,5,5,1.0,unanimous
broad_clusters,S1,S1,c8b99a321068,5,5,1.0,unanimous
broad_clusters,S1,S1,c9b8620edc48,5,5,1.0,unanimous
broad_clusters,S1,S1,c9f7d2e17c2a,5,5,1.0,unanimous
broad_clusters,S1,S1,cb74cfb960dd,5,5,1.0,unanimous
broad_clusters,S1,S1,cd554c210646,5,3,0.6,flickering
broad_clusters,S1,S1,d4cdd75dc42a,5,1,0.2,flickering
broad_clusters,S1,S1,d64e8b13bb9b,5,1,0.2,flickering
broad_clusters,S1,S1,d75b4cbb6504,5,5,1.0,unanimous
broad_clusters,S1,S1,d8dfa8ae12d2,5,5,1.0,unanimous
broad_clusters,S1,S1,d912436f2119,5,5,1.0,unanimous
broad_clusters,S1,S1,dbc0cd127ca0,5,5,1.0,unanimous
broad_clusters,S1,S1,e0c26c29dd33,5,5,1.0,unanimous
broad_clusters,S1,S1,e214388abd4f,5,5,1.0,unanimous
broad_clusters,S1,S1,e2aa21641a6f,5,5,1.0,unanimous
broad_clusters,S1,S1,e57564408718,5,5,1.0,unanimous
broad_clusters,S1,S1,e5cd0826ccfa,5,4,0.8,flickering
broad_clusters,S1,S1,e68e6ab7e5af,5,5,1.0,unanimous
broad_clusters,S1,S1,ec36fab3fcd8,5,5,1.0,unanimous
broad_clusters,S1,S1,ef9277c4054f,5,5,1.0,unanimous
broad_clusters,S1,S1,f3cbf2089cd8,5,5,1.0,unanimous
broad_clusters,S1,S1,f4f868eb242a,5,5,1.0,unanimous
broad_clusters,S1,S1,f59b70069029,5,5,1.0,unanimous
broad_clusters,S1,S1,fa936747b53e,5,5,1.0,unanimous
broad_clusters,S1,S1,fb78cd234795,5,5,1.0,unanimous
broad_clusters,S1,S1,fc1af8998b89,5,5,1.0,unanimous
broad_clusters,S1,S1,ff5570d33911,5,4,0.8,flickering
broad_clusters,U2,U2,a0def0e8f780,5,1,0.2,flickering
broad_clusters,U2,U2,c6fa35b52649,5,1,0.2,flickering
broad_clusters,U4,U4,01d3ad510b42,5,4,0.8,flickering
broad_clusters,U4,U4,02de4bafb196,5,3,0.6,flickering
broad_clusters,U4,U4,039ed8d2c4fe,5,3,0.6,flickering
broad_clusters,U4,U4,04278d8d1006,5,1,0.2,flickering
broad_clusters,U4,U4,043aa1b0134c,5,4,0.8,flickering
broad_clusters,U4,U4,046e6d52bc8e,5,2,0.4,flickering
broad_clusters,U4,U4,04827fb71269,5,1,0.2,flickering
broad_clusters,U4,U4,04f6f12c9dd1,5,3,0.6,flickering
broad_clusters,U4,U4,0686dccb5baa,5,5,1.0,unanimous
broad_clusters,U4,U4,0688cd1db5ca,5,5,1.0,unanimous
broad_clusters,U4,U4,06ed3c1819be,5,1,0.2,flickering
broad_clusters,U4,U4,084b592e02b3,5,2,0.4,flickering
broad_clusters,U4,U4,088747fa7d04,5,1,0.2,flickering
broad_clusters,U4,U4,0a81f336c8fb,5,2,0.4,flickering
broad_clusters,U4,U4,0adf2d15eb47,5,3,0.6,flickering
broad_clusters,U4,U4,0b6eb6e593c5,5,3,0.6,flickering
broad_clusters,U4,U4,0bf1eff0c800,5,3,0.6,flickering
broad_clusters,U4,U4,0d34d4795612,5,4,0.8,flickering
broad_clusters,U4,U4,0d63f36e3688,5,3,0.6,flickering
broad_clusters,U4,U4,0d8f07836540,5,3,0.6,flickering
broad_clusters,U4,U4,0f5f4d284afb,5,2,0.4,flickering
broad_clusters,U4,U4,109ca777fa12,5,4,0.8,flickering
broad_clusters,U4,U4,112d585f8fdf,5,2,0.4,flickering
broad_clusters,U4,U4,134acf006762,5,2,0.4,flickering
broad_clusters,U4,U4,14ab57dc9ec8,5,4,0.8,flickering
broad_clusters,U4,U4,14d73efad7ab,5,2,0.4,flickering
broad_clusters,U4,U4,16ac7d4eada1,5,2,0.4,flickering
broad_clusters,U4,U4,1921370ef769,5,2,0.4,flickering
broad_clusters,U4,U4,1b3433cd4628,5,3,0.6,flickering
broad_clusters,U4,U4,1bce6dff94b8,5,2,0.4,flickering
broad_clusters,U4,U4,1c36cac6bccc,5,1,0.2,flickering
broad_clusters,U4,U4,1c99d4b10868,5,1,0.2,flickering
broad_clusters,U4,U4,1e85a8697898,5,2,0.4,flickering
broad_clusters,U4,U4,1fb5bb36812c,5,2,0.4,flickering
broad_clusters,U4,U4,1fb64399ccd8,5,2,0.4,flickering
broad_clusters,U4,U4,2065ada1a306,5,1,0.2,flickering
broad_clusters,U4,U4,209fa336c13a,5,4,0.8,flickering
broad_clusters,U4,U4,21da45ff7758,5,1,0.2,flickering
broad_clusters,U4,U4,23161751e203,5,3,0.6,flickering
broad_clusters,U4,U4,2440338f40ce,5,4,0.8,flickering
broad_clusters,U4,U4,25b03ee6601d,5,3,0.6,flickering
broad_clusters,U4,U4,2a0d8f20ab72,5,4,0.8,flickering
broad_clusters,U4,U4,2a27a571e7fc,5,3,0.6,flickering
broad_clusters,U4,U4,2aa0f685bafa,5,3,0.6,flickering
broad_clusters,U4,U4,2c0cb0230b61,5,2,0.4,flickering
broad_clusters,U4,U4,2c7c7c5def5a,5,2,0.4,flickering
broad_clusters,U4,U4,2cabf84d8c88,5,3,0.6,flickering
broad_clusters,U4,U4,2e9adc656f2b,5,4,0.8,flickering
broad_clusters,U4,U4,2fb56e19e29d,5,2,0.4,flickering
broad_clusters,U4,U4,30b481a7c8e2,5,5,1.0,unanimous
broad_clusters,U4,U4,31a19e00325e,5,2,0.4,flickering
broad_clusters,U4,U4,31a2fec2be77,5,2,0.4,flickering
broad_clusters,U4,U4,31b5e609ef46,5,1,0.2,flickering
broad_clusters,U4,U4,3257ed9e00aa,5,5,1.0,unanimous
broad_clusters,U4,U4,362055c7a5a9,5,4,0.8,flickering
broad_clusters,U4,U4,3680e8deae2f,5,1,0.2,flickering
broad_clusters,U4,U4,37c368833872,5,1,0.2,flickering
broad_clusters,U4,U4,37f61727e427,5,3,0.6,flickering
broad_clusters,U4,U4,3885f7d6d282,5,3,0.6,flickering
broad_clusters,U4,U4,39b63b84df43,5,3,0.6,flickering
broad_clusters,U4,U4,3a2203603d61,5,3,0.6,flickering
broad_clusters,U4,U4,3c4f97f6fb20,5,2,0.4,flickering
broad_clusters,U4,U4,3cb443c08221,5,3,0.6,flickering
broad_clusters,U4,U4,3ff2979ec750,5,3,0.6,flickering
broad_clusters,U4,U4,408fd2a91abd,5,2,0.4,flickering
broad_clusters,U4,U4,410ecd5b1e40,5,1,0.2,flickering
broad_clusters,U4,U4,430464d25f28,5,1,0.2,flickering
broad_clusters,U4,U4,43748fb30948,5,1,0.2,flickering
broad_clusters,U4,U4,43e4036c30f9,5,1,0.2,flickering
broad_clusters,U4,U4,4463568f621e,5,5,1.0,unanimous
broad_clusters,U4,U4,447d40f8ace5,5,4,0.8,flickering
broad_clusters,U4,U4,4707c2930bd5,5,4,0.8,flickering
broad_clusters,U4,U4,472b9b93ad9f,5,3,0.6,flickering
broad_clusters,U4,U4,49067b2ff40c,5,3,0.6,flickering
broad_clusters,U4,U4,4bb8afe35408,5,5,1.0,unanimous
broad_clusters,U4,U4,4f06bfffb535,5,1,0.2,flickering
broad_clusters,U4,U4,4fdfdbf582cb,5,4,0.8,flickering
broad_clusters,U4,U4,4ff4163fd5c7,5,4,0.8,flickering
broad_clusters,U4,U4,512ffd6391ed,5,3,0.6,flickering
broad_clusters,U4,U4,5341a4972339,5,1,0.2,flickering
broad_clusters,U4,U4,5478288b68f4,5,4,0.8,flickering
broad_clusters,U4,U4,55157f0433cc,5,1,0.2,flickering
broad_clusters,U4,U4,560a71c4eb88,5,2,0.4,flickering
broad_clusters,U4,U4,57d543f72b94,5,5,1.0,unanimous
broad_clusters,U4,U4,5860caa8b811,5,2,0.4,flickering
broad_clusters,U4,U4,5932b68b6a3b,5,5,1.0,unanimous
broad_clusters,U4,U4,5aefd3e8b445,5,2,0.4,flickering
broad_clusters,U4,U4,5ccdfc01ba3c,5,3,0.6,flickering
broad_clusters,U4,U4,5cdb0ba3c556,5,2,0.4,flickering
broad_clusters,U4,U4,5d40cd729024,5,4,0.8,flickering
broad_clusters,U4,U4,5e17e32670ea,5,4,0.8,flickering
broad_clusters,U4,U4,5e3faa420f8a,5,2,0.4,flickering
broad_clusters,U4,U4,5eb14f8b3cdc,5,4,0.8,flickering
broad_clusters,U4,U4,5ebba28b6c1b,5,2,0.4,flickering
broad_clusters,U4,U4,60160115004c,5,2,0.4,flickering
broad_clusters,U4,U4,6025e1fa5134,5,2,0.4,flickering
broad_clusters,U4,U4,6103d326f1f4,5,1,0.2,flickering
broad_clusters,U4,U4,62126c371107,5,3,0.6,flickering
broad_clusters,U4,U4,624266e9f779,5,3,0.6,flickering
broad_clusters,U4,U4,628cb522c3cd,5,2,0.4,flickering
broad_clusters,U4,U4,643832575481,5,1,0.2,flickering
broad_clusters,U4,U4,64cf0bbee592,5,3,0.6,flickering
broad_clusters,U4,U4,65008302b1e5,5,3,0.6,flickering
broad_clusters,U4,U4,660cc534fc78,5,1,0.2,flickering
broad_clusters,U4,U4,66604d92cdf6,5,3,0.6,flickering
broad_clusters,U4,U4,684536b07bc7,5,2,0.4,flickering
broad_clusters,U4,U4,688178e946ff,5,3,0.6,flickering
broad_clusters,U4,U4,69262ac8f823,5,1,0.2,flickering
broad_clusters,U4,U4,6980ae227761,5,4,0.8,flickering
broad_clusters,U4,U4,699afdbeba4d,5,3,0.6,flickering
broad_clusters,U4,U4,6a1f6758e7d9,5,4,0.8,flickering
broad_clusters,U4,U4,6bdd73210307,5,1,0.2,flickering
broad_clusters,U4,U4,6d850c9bb9a8,5,3,0.6,flickering
broad_clusters,U4,U4,6df425a01e7e,5,1,0.2,flickering
broad_clusters,U4,U4,6df59e956a95,5,3,0.6,flickering
broad_clusters,U4,U4,6e3fc24135dd,5,5,1.0,unanimous
broad_clusters,U4,U4,6e65a2b06b3e,5,4,0.8,flickering
broad_clusters,U4,U4,6ebaa814e4ad,5,1,0.2,flickering
broad_clusters,U4,U4,70d66563e84a,5,4,0.8,flickering
broad_clusters,U4,U4,72eed7e29e02,5,4,0.8,flickering
broad_clusters,U4,U4,7415e35108cc,5,4,0.8,flickering
broad_clusters,U4,U4,74fb44a7acc9,5,1,0.2,flickering
broad_clusters,U4,U4,754832888538,5,3,0.6,flickering
broad_clusters,U4,U4,760bf1553c4d,5,1,0.2,flickering
broad_clusters,U4,U4,774568d1460a,5,4,0.8,flickering
broad_clusters,U4,U4,77e8cca793fb,5,3,0.6,flickering
broad_clusters,U4,U4,7803d9a85054,5,3,0.6,flickering
broad_clusters,U4,U4,78230d2a0091,5,2,0.4,flickering
broad_clusters,U4,U4,7a02d7111976,5,4,0.8,flickering
broad_clusters,U4,U4,7a7a77e77a46,5,3,0.6,flickering
broad_clusters,U4,U4,7b77237aee10,5,2,0.4,flickering
broad_clusters,U4,U4,7c3d9a994e6f,5,1,0.2,flickering
broad_clusters,U4,U4,7cebf4fe20ee,5,4,0.8,flickering
broad_clusters,U4,U4,7df672f007f4,5,4,0.8,flickering
broad_clusters,U4,U4,7e30c8259061,5,1,0.2,flickering
broad_clusters,U4,U4,7e49e32d201b,5,2,0.4,flickering
broad_clusters,U4,U4,7e6b0d276a55,5,3,0.6,flickering
broad_clusters,U4,U4,7f427673957c,5,3,0.6,flickering
broad_clusters,U4,U4,7f45c1d942fc,5,2,0.4,flickering
broad_clusters,U4,U4,805f4872bae8,5,4,0.8,flickering
broad_clusters,U4,U4,8078cef39704,5,1,0.2,flickering
broad_clusters,U4,U4,80db6dd984d5,5,3,0.6,flickering
broad_clusters,U4,U4,8132df5e7a12,5,4,0.8,flickering
broad_clusters,U4,U4,81607c6d9629,5,2,0.4,flickering
broad_clusters,U4,U4,81a87f78403c,5,4,0.8,flickering
broad_clusters,U4,U4,83b57a05ab3c,5,4,0.8,flickering
broad_clusters,U4,U4,849b8319a75f,5,2,0.4,flickering
broad_clusters,U4,U4,86090feb7a89,5,2,0.4,flickering
broad_clusters,U4,U4,87ecf58e6b0c,5,1,0.2,flickering
broad_clusters,U4,U4,8a4969fb9f3f,5,1,0.2,flickering
broad_clusters,U4,U4,8b87a89244e2,5,1,0.2,flickering
broad_clusters,U4,U4,8ba39229aeac,5,3,0.6,flickering
broad_clusters,U4,U4,8ca47f754a8b,5,4,0.8,flickering
broad_clusters,U4,U4,8cfe1edbd00f,5,1,0.2,flickering
broad_clusters,U4,U4,8e335947c0e1,5,5,1.0,unanimous
broad_clusters,U4,U4,8e3c2e92cbc0,5,5,1.0,unanimous
broad_clusters,U4,U4,8e440b80a157,5,4,0.8,flickering
broad_clusters,U4,U4,90b23b744311,5,3,0.6,flickering
broad_clusters,U4,U4,9167dfcb1faa,5,1,0.2,flickering
broad_clusters,U4,U4,93630e0a3d67,5,4,0.8,flickering
broad_clusters,U4,U4,942b571c83ec,5,2,0.4,flickering
broad_clusters,U4,U4,94bf93368c00,5,3,0.6,flickering
broad_clusters,U4,U4,953cf8b9cd02,5,2,0.4,flickering
broad_clusters,U4,U4,9623f8400850,5,2,0.4,flickering
broad_clusters,U4,U4,96e911c67649,5,3,0.6,flickering
broad_clusters,U4,U4,97abaa333a90,5,4,0.8,flickering
broad_clusters,U4,U4,9906ba89a54d,5,5,1.0,unanimous
broad_clusters,U4,U4,99d069fa1546,5,3,0.6,flickering
broad_clusters,U4,U4,9a9eff6df503,5,4,0.8,flickering
broad_clusters,U4,U4,9b00fd3c63f5,5,3,0.6,flickering
broad_clusters,U4,U4,9b8faec4d9b1,5,3,0.6,flickering
broad_clusters,U4,U4,9bbcadeaa0fa,5,4,0.8,flickering
broad_clusters,U4,U4,9bef5c2501ee,5,3,0.6,flickering
broad_clusters,U4,U4,9d41a00a9c93,5,3,0.6,flickering
broad_clusters,U4,U4,9dfe141cf391,5,4,0.8,flickering
broad_clusters,U4,U4,9fd1f741bc64,5,3,0.6,flickering
broad_clusters,U4,U4,a03d48541430,5,4,0.8,flickering
broad_clusters,U4,U4,a0b20e4df225,5,1,0.2,flickering
broad_clusters,U4,U4,a0def0e8f780,5,2,0.4,flickering
broad_clusters,U4,U4,a21113615ced,5,2,0.4,flickering
broad_clusters,U4,U4,a2ee1ad7e572,5,2,0.4,flickering
broad_clusters,U4,U4,a32fbd13c2e3,5,3,0.6,flickering
broad_clusters,U4,U4,a41084c34754,5,1,0.2,flickering
broad_clusters,U4,U4,a4265bd21da8,5,2,0.4,flickering
broad_clusters,U4,U4,a44c5fe6a989,5,2,0.4,flickering
broad_clusters,U4,U4,a45c83f69ba7,5,2,0.4,flickering
broad_clusters,U4,U4,a5e0df042d50,5,4,0.8,flickering
broad_clusters,U4,U4,a69a5c9bdd1d,5,4,0.8,flickering
broad_clusters,U4,U4,a82568887b73,5,2,0.4,flickering
broad_clusters,U4,U4,ad4a3ebaa5bc,5,1,0.2,flickering
broad_clusters,U4,U4,ae184ed23fd2,5,4,0.8,flickering
broad_clusters,U4,U4,aebd35259e42,5,2,0.4,flickering
broad_clusters,U4,U4,afe283c2f92e,5,3,0.6,flickering
broad_clusters,U4,U4,b0c69164f2c2,5,1,0.2,flickering
broad_clusters,U4,U4,b2790c4ddf09,5,4,0.8,flickering
broad_clusters,U4,U4,b38b2a0c0e03,5,4,0.8,flickering
broad_clusters,U4,U4,b498f4cd8561,5,3,0.6,flickering
broad_clusters,U4,U4,b4b46e41a207,5,1,0.2,flickering
broad_clusters,U4,U4,b73f5ed4014d,5,2,0.4,flickering
broad_clusters,U4,U4,b747c4e5f4ac,5,5,1.0,unanimous
broad_clusters,U4,U4,b7ab98dbfd54,5,3,0.6,flickering
broad_clusters,U4,U4,b8c47f333bb5,5,2,0.4,flickering
broad_clusters,U4,U4,ba1df2e0ede2,5,3,0.6,flickering
broad_clusters,U4,U4,ba73af4e78a2,5,5,1.0,unanimous
broad_clusters,U4,U4,baca3b71517c,5,2,0.4,flickering
broad_clusters,U4,U4,bb4148602b38,5,3,0.6,flickering
broad_clusters,U4,U4,bbea276f3086,5,3,0.6,flickering
broad_clusters,U4,U4,bbf0a1f63b46,5,4,0.8,flickering
broad_clusters,U4,U4,be79c347aa60,5,2,0.4,flickering
broad_clusters,U4,U4,bee5861ae116,5,2,0.4,flickering
broad_clusters,U4,U4,bf53db1c5f96,5,3,0.6,flickering
broad_clusters,U4,U4,bfc9fd64bb7b,5,3,0.6,flickering
broad_clusters,U4,U4,c080e2571f6a,5,1,0.2,flickering
broad_clusters,U4,U4,c1ee1d19767b,5,1,0.2,flickering
broad_clusters,U4,U4,c37b7a2d4ebd,5,3,0.6,flickering
broad_clusters,U4,U4,c3a619319924,5,3,0.6,flickering
broad_clusters,U4,U4,c6fa35b52649,5,1,0.2,flickering
broad_clusters,U4,U4,c7436f1e497c,5,3,0.6,flickering
broad_clusters,U4,U4,c7550543387f,5,3,0.6,flickering
broad_clusters,U4,U4,c8b99a321068,5,1,0.2,flickering
broad_clusters,U4,U4,c95cf215efb4,5,4,0.8,flickering
broad_clusters,U4,U4,c9b8620edc48,5,2,0.4,flickering
broad_clusters,U4,U4,c9d423f4830b,5,3,0.6,flickering
broad_clusters,U4,U4,c9f7d2e17c2a,5,3,0.6,flickering
broad_clusters,U4,U4,cb577e429912,5,5,1.0,unanimous
broad_clusters,U4,U4,cb74cfb960dd,5,1,0.2,flickering
broad_clusters,U4,U4,cb8d47011c7b,5,2,0.4,flickering
broad_clusters,U4,U4,cd161c6d2917,5,5,1.0,unanimous
broad_clusters,U4,U4,cd554c210646,5,3,0.6,flickering
broad_clusters,U4,U4,cd9b0d4387fc,5,1,0.2,flickering
broad_clusters,U4,U4,ce0620750a2c,5,2,0.4,flickering
broad_clusters,U4,U4,cf3cfeed36df,5,2,0.4,flickering
broad_clusters,U4,U4,cfa9b6bdca54,5,2,0.4,flickering
broad_clusters,U4,U4,cfec2db4e8d7,5,5,1.0,unanimous
broad_clusters,U4,U4,d4cdd75dc42a,5,4,0.8,flickering
broad_clusters,U4,U4,d6342c6ebaac,5,5,1.0,unanimous
broad_clusters,U4,U4,d64e8b13bb9b,5,2,0.4,flickering
broad_clusters,U4,U4,d6ba0fff7766,5,1,0.2,flickering
broad_clusters,U4,U4,d75b4cbb6504,5,2,0.4,flickering
broad_clusters,U4,U4,d7edd402f862,5,5,1.0,unanimous
broad_clusters,U4,U4,d8dfa8ae12d2,5,3,0.6,flickering
broad_clusters,U4,U4,d912436f2119,5,3,0.6,flickering
broad_clusters,U4,U4,dab8bf6d9681,5,4,0.8,flickering
broad_clusters,U4,U4,db6b212b08de,5,2,0.4,flickering
broad_clusters,U4,U4,dbc0cd127ca0,5,1,0.2,flickering
broad_clusters,U4,U4,dceec3c64e83,5,4,0.8,flickering
broad_clusters,U4,U4,dd9481d7200f,5,4,0.8,flickering
broad_clusters,U4,U4,e09ebc09591c,5,3,0.6,flickering
broad_clusters,U4,U4,e0c26c29dd33,5,3,0.6,flickering
broad_clusters,U4,U4,e2827a5d260a,5,1,0.2,flickering
broad_clusters,U4,U4,e4745f13bbb4,5,3,0.6,flickering
broad_clusters,U4,U4,e57564408718,5,2,0.4,flickering
broad_clusters,U4,U4,e588129c3f2f,5,4,0.8,flickering
broad_clusters,U4,U4,e5cd0826ccfa,5,2,0.4,flickering
broad_clusters,U4,U4,e68e6ab7e5af,5,2,0.4,flickering
broad_clusters,U4,U4,ea1f6637fdad,5,3,0.6,flickering
broad_clusters,U4,U4,eb081c1ea631,5,5,1.0,unanimous
broad_clusters,U4,U4,ec36fab3fcd8,5,1,0.2,flickering
broad_clusters,U4,U4,ed25d91cd910,5,4,0.8,flickering
broad_clusters,U4,U4,ee5e2d9e72a7,5,2,0.4,flickering
broad_clusters,U4,U4,ef9277c4054f,5,2,0.4,flickering
broad_clusters,U4,U4,f19c50362dd0,5,2,0.4,flickering
broad_clusters,U4,U4,f301c4c40fe7,5,4,0.8,flickering
broad_clusters,U4,U4,f37e85a4c407,5,1,0.2,flickering
broad_clusters,U4,U4,f3cbf2089cd8,5,1,0.2,flickering
broad_clusters,U4,U4,f47252c3b412,5,4,0.8,flickering
broad_clusters,U4,U4,f4f868eb242a,5,1,0.2,flickering
broad_clusters,U4,U4,f57b85b8c16e,5,2,0.4,flickering
broad_clusters,U4,U4,f59b70069029,5,1,0.2,flickering
broad_clusters,U4,U4,f59c1123c57c,5,3,0.6,flickering
broad_clusters,U4,U4,fa936747b53e,5,4,0.8,flickering
broad_clusters,U4,U4,fad7d84a6b2b,5,3,0.6,flickering
broad_clusters,U4,U4,fb0061bbb89c,5,2,0.4,flickering
broad_clusters,U4,U4,fb5a123a805f,5,4,0.8,flickering
broad_clusters,U4,U4,fb78cd234795,5,3,0.6,flickering
broad_clusters,U4,U4,fc1af8998b89,5,1,0.2,flickering
broad_clusters,U4,U4,fc51297a412d,5,2,0.4,flickering
broad_clusters,U4,U4,fcd053a713e3,5,3,0.6,flickering
broad_clusters,U4,U4,fcee27de1d97,5,3,0.6,flickering
broad_clusters,U4,U4,fd5adc3e3a3a,5,2,0.4,flickering
broad_clusters,U4,U4,fe727d4718be,5,3,0.6,flickering
broad_clusters,U4,U4,ff5570d33911,5,3,0.6,flickering
