target,expression,target_support,predicted_support,tp,fp,fn,tn,precision,recall,f1,accuracy,mismatches
F2,S1 B_AND_NOT_A U1,964,960,944,16,20,500,0.9833333333333333,0.979253112033195,0.9812889812889812,0.9756756756756757,36
U1,H1 OR U4,1317,1274,1266,8,51,155,0.9937205651491365,0.9612756264236902,0.9772288691624854,0.9601351351351352,59
U1,U3 OR U4,1317,1232,1224,8,93,155,0.9935064935064936,0.929384965831435,0.9603766182816791,0.9317567567567567,101
J4,J2 AND J3,68,68,65,3,3,1409,0.9558823529411765,0.9558823529411765,0.9558823529411765,0.995945945945946,6
F2,S1 B_AND_NOT_A U3,964,883,873,10,91,506,0.9886749716874292,0.9056016597510373,0.9453167298321603,0.9317567567567567,101
J4,J3 AND U1,68,76,68,8,0,1404,0.8947368421052632,1.0,0.9444444444444444,0.9945945945945946,8
J4,J1 AND J3,68,75,67,8,1,1404,0.8933333333333333,0.9852941176470589,0.9370629370629371,0.9939189189189189,9
U1,F2 OR S1,1317,1464,1301,163,16,0,0.8886612021857924,0.9878511769172361,0.9356346637900036,0.879054054054054,179
U1,H1 OR U3,1317,1159,1155,4,162,159,0.996548748921484,0.876993166287016,0.932956381260097,0.8878378378378379,166
J3,J4 AND U1,78,68,68,0,10,1402,1.0,0.8717948717948718,0.9315068493150686,0.9932432432432432,10
J3,J4 A_AND_NOT_B U2,78,68,68,0,10,1402,1.0,0.8717948717948718,0.9315068493150686,0.9932432432432432,10
J4,J3 A_AND_NOT_B U2,68,78,68,10,0,1402,0.8717948717948718,1.0,0.9315068493150686,0.9932432432432432,10
U1,F2 OR U3,1317,1159,1152,7,165,156,0.993960310612597,0.8747152619589977,0.9305331179321487,0.8837837837837837,172
U1,F2 XOR S1,1317,1450,1287,163,30,0,0.8875862068965518,0.9772209567198178,0.9302493675460788,0.8695945945945946,193
U1,H1 XOR U4,1317,1156,1149,7,168,156,0.9939446366782007,0.8724373576309795,0.9292357460574201,0.8817567567567568,175
J3,J4 OR J5,78,77,72,5,6,1397,0.935064935064935,0.9230769230769231,0.9290322580645162,0.9925675675675676,11
U1,F1 OR U3,1317,1155,1148,7,169,156,0.9939393939393939,0.8716780561883067,0.9288025889967636,0.8810810810810811,176
U1,F2 OR U4,1317,1155,1145,10,172,153,0.9913419913419913,0.8694001518602885,0.9263754045307443,0.8770270270270271,182
J3,J1 AND J4,78,67,67,0,11,1402,1.0,0.8589743589743589,0.9241379310344827,0.9925675675675676,11
J4,J3 A_AND_NOT_B S1,68,75,66,9,2,1403,0.88,0.9705882352941176,0.9230769230769231,0.9925675675675676,11
J3,J4 OR U2,78,70,68,2,10,1400,0.9714285714285714,0.8717948717948718,0.9189189189189189,0.9918918918918919,12
J3,J4 XOR U2,78,70,68,2,10,1400,0.9714285714285714,0.8717948717948718,0.9189189189189189,0.9918918918918919,12
J4,J3 OR U2,68,80,68,12,0,1400,0.85,1.0,0.9189189189189189,0.9918918918918919,12
J4,J3 XOR U2,68,80,68,12,0,1400,0.85,1.0,0.9189189189189189,0.9918918918918919,12
J4,J3 AND J5,68,65,61,4,7,1408,0.9384615384615385,0.8970588235294118,0.9172932330827067,0.9925675675675676,11
U1,J1 OR U3,1317,1123,1119,4,198,159,0.9964381121994658,0.8496583143507973,0.9172131147540984,0.8635135135135135,202
J3,J4 A_AND_NOT_B S1,78,66,66,0,12,1402,1.0,0.8461538461538461,0.9166666666666666,0.9918918918918919,12
J5,J2 AND J3,70,68,63,5,7,1405,0.9264705882352942,0.9,0.9130434782608695,0.9918918918918919,12
U1,F2 OR H1,1317,1116,1109,7,208,156,0.9937275985663082,0.8420652999240699,0.9116317303740238,0.8547297297297297,215
U1,S1 OR U3,1317,1397,1237,160,80,3,0.8854688618468146,0.9392558845861807,0.9115696389093589,0.8378378378378378,240
U1,J2 OR U3,1317,1108,1104,4,213,159,0.9963898916967509,0.8382687927107062,0.9105154639175258,0.8533783783783784,217
J3,J2 AND J4,78,65,65,0,13,1402,1.0,0.8333333333333334,0.9090909090909091,0.9912162162162163,13
U1,F3 OR U3,1317,1103,1098,5,219,158,0.9954669084315503,0.8337129840546698,0.9074380165289256,0.8486486486486486,224
U1,J3 OR U3,1317,1101,1097,4,220,159,0.9963669391462306,0.832953682611997,0.9073614557485525,0.8486486486486486,224
F2,S1 XOR U1,964,1117,944,173,20,343,0.8451208594449419,0.979253112033195,0.9072561268620855,0.8695945945945946,193
U1,J5 OR U3,1317,1099,1095,4,222,159,0.9963603275705186,0.8314350797266514,0.906456953642384,0.8472972972972973,226
U1,J4 OR U3,1317,1096,1092,4,225,159,0.9963503649635036,0.8291571753986332,0.9050973891421465,0.8452702702702702,229
U3,F2 OR H1,1080,1116,993,123,87,277,0.8897849462365591,0.9194444444444444,0.9043715846994536,0.8581081081081081,210
J5,J2 AND J4,70,65,61,4,9,1406,0.9384615384615385,0.8714285714285714,0.9037037037037037,0.9912162162162163,13
F2,F1 OR J3,964,822,805,17,159,499,0.9793187347931873,0.8350622406639004,0.9014557670772676,0.8810810810810811,176
F2,F1 OR U3,964,1155,955,200,9,316,0.8268398268398268,0.9906639004149378,0.9013685700802265,0.8587837837837838,209
J4,J3 OR J5,68,83,68,15,0,1397,0.8192771084337349,1.0,0.9006622516556291,0.9898648648648649,15
F2,F1 OR J5,964,818,802,16,162,500,0.980440097799511,0.8319502074688797,0.9001122334455669,0.8797297297297297,178
J4,F2 AND J3,68,72,63,9,5,1403,0.875,0.9264705882352942,0.9,0.9905405405405405,14
F2,F1 OR J4,964,817,801,16,163,500,0.9804161566707467,0.8309128630705395,0.8994946659180236,0.879054054054054,179
U3,H1 OR U1,1080,1320,1079,241,1,159,0.8174242424242424,0.9990740740740741,0.8991666666666667,0.8364864864864865,242
U3,J1 OR U1,1080,1319,1078,241,2,159,0.8172858225928734,0.9981481481481481,0.8987077949145478,0.8358108108108108,243
U3,J3 OR U1,1080,1319,1078,241,2,159,0.8172858225928734,0.9981481481481481,0.8987077949145478,0.8358108108108108,243
U3,F2 OR U1,1080,1323,1079,244,1,156,0.8155706727135299,0.9990740740740741,0.8980441115272576,0.8344594594594594,245
F2,F1 OR J2,964,827,804,23,160,493,0.9721886336154776,0.8340248962655602,0.897822445561139,0.8763513513513513,183
U1,U2 B_AND_NOT_A U3,1317,1080,1076,4,241,159,0.9962962962962963,0.8170083523158694,0.8977889027951607,0.8344594594594594,245
U3,J2 OR U1,1080,1317,1076,241,4,159,0.8170083523158694,0.9962962962962963,0.8977889027951607,0.8344594594594594,245
U3,J4 OR U1,1080,1317,1076,241,4,159,0.8170083523158694,0.9962962962962963,0.8977889027951607,0.8344594594594594,245
U3,J5 OR U1,1080,1317,1076,241,4,159,0.8170083523158694,0.9962962962962963,0.8977889027951607,0.8344594594594594,245
U3,U1 A_AND_NOT_B U2,1080,1317,1076,241,4,159,0.8170083523158694,0.9962962962962963,0.8977889027951607,0.8344594594594594,245
U3,F3 OR U1,1080,1318,1076,242,4,158,0.8163884673748103,0.9962962962962963,0.897414512093411,0.8337837837837838,246
U3,U1 OR U4,1080,1323,1078,245,2,155,0.8148148148148148,0.9981481481481481,0.8972118185601331,0.8331081081081081,247
U3,F1 OR U1,1080,1321,1077,244,3,156,0.8152914458743377,0.9972222222222222,0.8971261974177426,0.8331081081081081,247
J4,J1 AND J5,68,68,61,7,7,1405,0.8970588235294118,0.8970588235294118,0.8970588235294118,0.9905405405405405,14
J4,J2 AND J5,68,68,61,7,7,1405,0.8970588235294118,0.8970588235294118,0.8970588235294118,0.9905405405405405,14
U1,U2 OR U3,1317,1082,1076,6,241,157,0.9944547134935305,0.8170083523158694,0.8970404335139642,0.8331081081081081,247
U1,U2 XOR U3,1317,1082,1076,6,241,157,0.9944547134935305,0.8170083523158694,0.8970404335139642,0.8331081081081081,247
U3,U1 OR U2,1080,1319,1076,243,4,157,0.8157695223654283,0.9962962962962963,0.8970404335139641,0.8331081081081081,247
U3,U1 XOR U2,1080,1319,1076,243,4,157,0.8157695223654283,0.9962962962962963,0.8970404335139641,0.8331081081081081,247
F2,F1 OR J1,964,849,813,36,151,480,0.9575971731448764,0.8433609958506224,0.8968560397131826,0.8736486486486487,187
U1,F1 OR U4,1317,1079,1071,8,246,155,0.9925857275254866,0.8132118451025057,0.8939899833055092,0.8283783783783784,254
J3,F2 AND J4,78,63,63,0,15,1402,1.0,0.8076923076923077,0.8936170212765957,0.9898648648648649,15
F2,F1 OR F3,964,803,789,14,175,502,0.9825653798256538,0.8184647302904564,0.8930390492359931,0.8722972972972973,189
U3,H1 OR U4,1080,1274,1051,223,29,177,0.8249607535321821,0.9731481481481481,0.8929481733220052,0.8297297297297297,252
F1,S1 B_AND_NOT_A U1,800,960,785,175,15,505,0.8177083333333334,0.98125,0.8920454545454546,0.8716216216216216,190
F1,F2 OR J4,800,969,789,180,11,500,0.8142414860681114,0.98625,0.8920293951384962,0.870945945945946,191
F1,F2 OR J5,800,969,789,180,11,500,0.8142414860681114,0.98625,0.8920293951384962,0.870945945945946,191
F1,F2 OR J3,800,970,789,181,11,499,0.8134020618556701,0.98625,0.8915254237288136,0.8702702702702703,192
F1,F2 OR F3,800,964,786,178,14,502,0.8153526970954357,0.9825,0.891156462585034,0.8702702702702703,192
F1,F2 A_AND_NOT_B U2,800,964,786,178,14,502,0.8153526970954357,0.9825,0.891156462585034,0.8702702702702703,192
F2,F1 A_AND_NOT_B U2,964,800,786,14,178,502,0.9825,0.8153526970954357,0.891156462585034,0.8702702702702703,192
J5,J1 AND J4,70,67,61,6,9,1404,0.9104477611940298,0.8714285714285714,0.8905109489051095,0.9898648648648649,15
J5,J3 AND U1,70,76,65,11,5,1399,0.8552631578947368,0.9285714285714286,0.8904109589041096,0.9891891891891892,16
F1,F2 OR U2,800,966,786,180,14,500,0.8136645962732919,0.9825,0.8901472253680635,0.8689189189189189,194
F1,F2 XOR U2,800,966,786,180,14,500,0.8136645962732919,0.9825,0.8901472253680635,0.8689189189189189,194
F2,F1 OR U2,964,802,786,16,178,500,0.9800498753117207,0.8153526970954357,0.8901472253680633,0.8689189189189189,194
F2,F1 XOR U2,964,802,786,16,178,500,0.9800498753117207,0.8153526970954357,0.8901472253680633,0.8689189189189189,194
F1,F2 AND U1,800,958,782,176,18,504,0.8162839248434238,0.9775,0.8896473265073948,0.8689189189189189,194
F1,F2 OR J2,800,977,790,187,10,493,0.8085977482088025,0.9875,0.8891389983117615,0.8668918918918919,197
F2,F1 AND U1,964,796,782,14,182,502,0.9824120603015075,0.8112033195020747,0.8886363636363636,0.8675675675675676,196
F1,F2 A_AND_NOT_B S1,800,950,776,174,24,506,0.8168421052631579,0.97,0.8868571428571429,0.8662162162162163,198
F2,F1 A_AND_NOT_B S1,964,789,776,13,188,503,0.9835234474017744,0.8049792531120332,0.8853394181403309,0.8641891891891892,201
J4,J5 AND U1,68,70,61,9,7,1403,0.8714285714285714,0.8970588235294118,0.8840579710144928,0.9891891891891892,16
J4,J5 A_AND_NOT_B U2,68,70,61,9,7,1403,0.8714285714285714,0.8970588235294118,0.8840579710144928,0.9891891891891892,16
J5,J3 AND J4,70,68,61,7,9,1403,0.8970588235294118,0.8714285714285714,0.8840579710144928,0.9891891891891892,16
J5,J4 AND U1,70,68,61,7,9,1403,0.8970588235294118,0.8714285714285714,0.8840579710144928,0.9891891891891892,16
J5,J4 A_AND_NOT_B U2,70,68,61,7,9,1403,0.8970588235294118,0.8714285714285714,0.8840579710144928,0.9891891891891892,16
U1,J5 XOR U3,1317,1048,1044,4,273,159,0.9961832061068703,0.7927107061503417,0.8828752642706132,0.8128378378378378,277
F1,F2 OR J1,800,990,790,200,10,480,0.797979797979798,0.9875,0.88268156424581,0.8581081081081081,210
U1,J3 XOR U3,1317,1044,1042,2,275,161,0.9980842911877394,0.7911921032649962,0.8826768318509106,0.8128378378378378,277
U1,J4 XOR U3,1317,1044,1040,4,277,159,0.9961685823754789,0.7896735003796507,0.8809826344769166,0.8101351351351351,281
U3,J5 B_AND_NOT_A U1,1080,1247,1025,222,55,178,0.8219727345629511,0.9490740740740741,0.8809626128061883,0.8128378378378378,277
U3,J5 XOR U1,1080,1247,1025,222,55,178,0.8219727345629511,0.9490740740740741,0.8809626128061883,0.8128378378378378,277
U3,J3 XOR U1,1080,1243,1023,220,57,180,0.8230088495575221,0.9472222222222222,0.8807576409814895,0.8128378378378378,277
U4,H1 B_AND_NOT_A U1,762,690,639,51,123,667,0.9260869565217391,0.8385826771653543,0.8801652892561983,0.8824324324324324,174
U3,J3 B_AND_NOT_A U1,1080,1241,1021,220,59,180,0.8227236099919419,0.9453703703703704,0.8797931925894011,0.8114864864864865,279
U4,H1 XOR U1,762,693,640,53,122,665,0.9235209235209235,0.8398950131233596,0.8797250859106528,0.8817567567567568,175
J1,J2 OR J3,132,109,106,3,26,1345,0.9724770642201835,0.803030303030303,0.879668049792531,0.9804054054054054,29
F2,F1 OR H1,964,1037,880,157,84,359,0.8486017357762777,0.9128630705394191,0.879560219890055,0.8371621621621622,241
U3,J4 B_AND_NOT_A U1,1080,1249,1024,225,56,175,0.8198558847077662,0.9481481481481482,0.8793473593817088,0.8101351351351351,281
U3,J4 XOR U1,1080,1249,1024,225,56,175,0.8198558847077662,0.9481481481481482,0.8793473593817088,0.8101351351351351,281
F2,F3 OR U3,964,1103,908,195,56,321,0.8232094288304623,0.941908713692946,0.8785679729075956,0.8304054054054054,251
J3,J5 AND U1,78,70,65,5,13,1397,0.9285714285714286,0.8333333333333334,0.8783783783783784,0.9878378378378379,18
J3,J5 A_AND_NOT_B U2,78,70,65,5,13,1397,0.9285714285714286,0.8333333333333334,0.8783783783783784,0.9878378378378379,18
J5,J3 OR J4,70,78,65,13,5,1397,0.8333333333333334,0.9285714285714286,0.8783783783783784,0.9878378378378379,18
J5,J3 A_AND_NOT_B U2,70,78,65,13,5,1397,0.8333333333333334,0.9285714285714286,0.8783783783783784,0.9878378378378379,18
U1,J1 XOR U3,1317,1034,1032,2,285,161,0.9980657640232108,0.7835990888382688,0.8779242875372183,0.8060810810810811,287
J3,J4 AND J5,78,61,61,0,17,1402,1.0,0.782051282051282,0.8776978417266188,0.9885135135135135,17
U1,J2 XOR U3,1317,1037,1033,4,284,159,0.996142719382835,0.7843583902809416,0.8776550552251486,0.8054054054054054,288
U1,F1 OR H1,1317,1037,1030,7,287,156,0.9932497589199615,0.7820804859529233,0.8751062022090059,0.8013513513513514,294
U3,J2 B_AND_NOT_A U1,1080,1218,1005,213,75,187,0.8251231527093597,0.9305555555555556,0.8746736292428199,0.8054054054054054,288
U3,J2 XOR U1,1080,1218,1005,213,75,187,0.8251231527093597,0.9305555555555556,0.8746736292428199,0.8054054054054054,288
U1,J5 B_AND_NOT_A U3,1317,1029,1025,4,292,159,0.9961127308066083,0.7782839787395596,0.8738277919863597,0.8,296
F2,J2 OR U3,964,1108,905,203,59,313,0.8167870036101083,0.9387966804979253,0.8735521235521235,0.822972972972973,262
U3,J1 XOR U1,1080,1189,991,198,89,202,0.8334735071488646,0.9175925925925926,0.8735125605993831,0.8060810810810811,287
U1,J4 B_AND_NOT_A U3,1317,1028,1024,4,293,159,0.9961089494163424,0.7775246772968869,0.8733475479744137,0.7993243243243243,297
U1,J3 B_AND_NOT_A U3,1317,1023,1021,2,296,161,0.9980449657869013,0.7752467729688687,0.8726495726495728,0.7986486486486486,298
F2,J3 OR U3,964,1101,901,200,63,316,0.818346957311535,0.9346473029045643,0.8726392251815981,0.8222972972972973,263
U3,J1 B_AND_NOT_A U1,1080,1187,989,198,91,202,0.8331929233361416,0.9157407407407407,0.8725187472430525,0.8047297297297298,289
F2,J5 OR U3,964,1099,900,199,64,317,0.818926296633303,0.9336099585062241,0.8725157537566651,0.8222972972972973,263
F2,J1 OR U3,964,1123,910,213,54,303,0.8103294746215495,0.9439834024896265,0.8720651653090561,0.8195945945945946,267
U1,F1 OR S1,1317,1303,1142,161,175,2,0.876438986953185,0.8671222475322703,0.8717557251908399,0.772972972972973,336
J5,J4 OR U2,70,70,61,9,9,1401,0.8714285714285714,0.8714285714285714,0.8714285714285714,0.9878378378378379,18
J5,J4 XOR U2,70,70,61,9,9,1401,0.8714285714285714,0.8714285714285714,0.8714285714285714,0.9878378378378379,18
J4,J5 OR U2,68,72,61,11,7,1401,0.8472222222222222,0.8970588235294118,0.8714285714285713,0.9878378378378379,18
J4,J5 XOR U2,68,72,61,11,7,1401,0.8472222222222222,0.8970588235294118,0.8714285714285713,0.9878378378378379,18
F2,J4 OR U3,964,1096,897,199,67,317,0.8184306569343066,0.9304979253112033,0.870873786407767,0.8202702702702702,266
F2,F1 XOR J4,964,766,753,13,211,503,0.9830287206266318,0.7811203319502075,0.8705202312138729,0.8486486486486486,224
F2,F1 XOR J5,964,766,753,13,211,503,0.9830287206266318,0.7811203319502075,0.8705202312138729,0.8486486486486486,224
F2,F1 XOR J3,964,766,752,14,212,502,0.9817232375979112,0.7800829875518672,0.8693641618497111,0.8472972972972973,226
J5,J1 AND J3,70,75,63,12,7,1398,0.84,0.9,0.8689655172413793,0.9871621621621621,19
J5,J3 A_AND_NOT_B S1,70,75,63,12,7,1398,0.84,0.9,0.8689655172413793,0.9871621621621621,19
U3,F1 OR F2,1080,978,894,84,186,316,0.9141104294478528,0.8277777777777777,0.8688046647230321,0.8175675675675675,270
F1,F2 XOR J4,800,906,741,165,59,515,0.8178807947019867,0.92625,0.8686987104337632,0.8486486486486486,224
F1,F2 XOR J5,800,904,740,164,60,516,0.8185840707964602,0.925,0.8685446009389671,0.8486486486486486,224
F1,F2 A_AND_NOT_B J4,800,901,738,163,62,517,0.8190899001109878,0.9225,0.8677248677248678,0.847972972972973,225
J4,J5 A_AND_NOT_B S1,68,68,59,9,9,1403,0.8676470588235294,0.8676470588235294,0.8676470588235294,0.9878378378378379,18
J5,J4 A_AND_NOT_B S1,70,66,59,7,11,1403,0.8939393939393939,0.8428571428571429,0.8676470588235294,0.9878378378378379,18
F1,F2 A_AND_NOT_B J5,800,899,737,162,63,518,0.8197997775305895,0.92125,0.8675691583284284,0.847972972972973,225
U1,F1 XOR S1,1317,1292,1131,161,186,2,0.8753869969040248,0.8587699316628702,0.866998850134151,0.7655405405405405,347
F1,F2 XOR J3,800,898,736,162,64,518,0.8195991091314031,0.92,0.866902237926973,0.8472972972972973,226
F2,H1 OR U3,964,1159,920,239,44,277,0.7937877480586712,0.9543568464730291,0.8666980687706077,0.8087837837837838,283
J3,J5 OR U2,78,72,65,7,13,1395,0.9027777777777778,0.8333333333333334,0.8666666666666667,0.9864864864864865,20
J3,J5 XOR U2,78,72,65,7,13,1395,0.9027777777777778,0.8333333333333334,0.8666666666666667,0.9864864864864865,20
J5,J3 OR U2,70,80,65,15,5,1395,0.8125,0.9285714285714286,0.8666666666666666,0.9864864864864865,20
J5,J3 XOR U2,70,80,65,15,5,1395,0.8125,0.9285714285714286,0.8666666666666666,0.9864864864864865,20
F1,F2 A_AND_NOT_B J3,800,892,733,159,67,521,0.8217488789237668,0.91625,0.8664302600472813,0.8472972972972973,226
F2,U2 B_AND_NOT_A U3,964,1080,885,195,79,321,0.8194444444444444,0.9180497925311203,0.8659491193737768,0.8148648648648649,274
U3,F2 OR F3,1080,964,885,79,195,321,0.9180497925311203,0.8194444444444444,0.8659491193737768,0.8148648648648649,274
U3,F2 A_AND_NOT_B U2,1080,964,885,79,195,321,0.9180497925311203,0.8194444444444444,0.8659491193737768,0.8148648648648649,274
U3,F2 AND U1,1080,958,882,76,198,324,0.9206680584551148,0.8166666666666667,0.8655544651619235,0.8148648648648649,274
U3,F1 OR H1,1080,1037,916,121,164,279,0.8833172613307618,0.8481481481481481,0.865375531412376,0.8074324324324325,285
U3,F2 OR J2,1080,977,890,87,190,313,0.9109518935516888,0.8240740740740741,0.8653378706854643,0.8128378378378378,277
F2,U2 OR U3,964,1082,885,197,79,319,0.8179297597042514,0.9180497925311203,0.8651026392961877,0.8135135135135135,276
F2,U2 XOR U3,964,1082,885,197,79,319,0.8179297597042514,0.9180497925311203,0.8651026392961877,0.8135135135135135,276
U3,F2 OR U2,1080,966,885,81,195,319,0.9161490683229814,0.8194444444444444,0.8651026392961877,0.8135135135135135,276
U3,F2 XOR U2,1080,966,885,81,195,319,0.9161490683229814,0.8194444444444444,0.8651026392961877,0.8135135135135135,276
U3,F2 OR J4,1080,969,886,83,194,317,0.9143446852425181,0.8203703703703704,0.864812103465105,0.8128378378378378,277
U3,F2 OR J5,1080,969,886,83,194,317,0.9143446852425181,0.8203703703703704,0.864812103465105,0.8128378378378378,277
F2,U1 AND U3,964,1076,882,194,82,322,0.8197026022304833,0.9149377593360996,0.8647058823529411,0.8135135135135135,276
J2,J1 AND U1,99,130,99,31,0,1350,0.7615384615384615,1.0,0.8646288209606987,0.9790540540540541,31
U3,F2 OR J3,1080,970,886,84,194,316,0.9134020618556701,0.8203703703703704,0.8643902439024391,0.8121621621621622,278
U1,J2 B_AND_NOT_A U3,1317,1009,1005,4,312,159,0.9960356788899901,0.7630979498861048,0.8641444539982802,0.7864864864864864,316
J1,J2 OR J4,132,102,101,1,31,1347,0.9901960784313726,0.7651515151515151,0.8632478632478632,0.9783783783783784,32
J3,J1 AND J5,78,68,63,5,15,1397,0.9264705882352942,0.8076923076923077,0.863013698630137,0.9864864864864865,20
J3,J2 AND J5,78,68,63,5,15,1397,0.9264705882352942,0.8076923076923077,0.863013698630137,0.9864864864864865,20
J3,J5 A_AND_NOT_B S1,78,68,63,5,15,1397,0.9264705882352942,0.8076923076923077,0.863013698630137,0.9864864864864865,20
U3,F2 OR J1,1080,990,893,97,187,303,0.902020202020202,0.8268518518518518,0.8628019323671497,0.8081081081081081,284
U3,S1 B_AND_NOT_A U1,1080,960,880,80,200,320,0.9166666666666666,0.8148148148148148,0.8627450980392156,0.8108108108108109,280
U3,F2 OR U4,1080,1155,963,192,117,208,0.8337662337662337,0.8916666666666667,0.8617449664429531,0.7912162162162162,309
F2,F1 A_AND_NOT_B J4,964,749,738,11,226,505,0.9853137516688919,0.7655601659751037,0.861646234676007,0.8398648648648649,237
F2,F1 OR U4,964,1079,880,199,84,317,0.8155699721964782,0.9128630705394191,0.8614782183064121,0.8087837837837838,283
F2,F1 A_AND_NOT_B J5,964,748,737,11,227,505,0.9852941176470589,0.7645228215767634,0.8609813084112149,0.8391891891891892,238
U3,F2 A_AND_NOT_B S1,1080,950,873,77,207,323,0.9189473684210526,0.8083333333333333,0.8600985221674876,0.8081081081081081,284
F2,F1 A_AND_NOT_B J3,964,744,733,11,231,505,0.9852150537634409,0.7603734439834025,0.8583138173302107,0.8364864864864865,242
J1,J2 AND U1,132,99,99,0,33,1348,1.0,0.75,0.8571428571428571,0.9777027027027027,33
J1,J2 A_AND_NOT_B U2,132,99,99,0,33,1348,1.0,0.75,0.8571428571428571,0.9777027027027027,33
J2,J1 A_AND_NOT_B U2,99,132,99,33,0,1348,0.75,1.0,0.8571428571428571,0.9777027027027027,33
U1,J1 B_AND_NOT_A U3,1317,991,989,2,328,161,0.9979818365287588,0.7509491268033409,0.8570190641247833,0.777027027027027,330
H1,U1 A_AND_NOT_B U4,630,561,510,51,120,799,0.9090909090909091,0.8095238095238095,0.8564231738035265,0.8844594594594595,171
F2,F1 XOR J2,964,755,736,19,228,497,0.9748344370860927,0.7634854771784232,0.8563118091913904,0.8331081081081081,247
F1,F2 A_AND_NOT_B J2,800,878,718,160,82,520,0.8177676537585421,0.8975,0.8557806912991657,0.8364864864864865,242
F1,F2 XOR J2,800,891,722,169,78,511,0.8103254769921436,0.9025,0.8539325842696628,0.8331081081081081,247
H1,U1 XOR U4,630,567,511,56,119,794,0.9012345679012346,0.8111111111111111,0.8538011695906432,0.8817567567567568,175
J2,J1 OR J4,99,133,99,34,0,1347,0.7443609022556391,1.0,0.8534482758620691,0.977027027027027,34
U1,F2 OR J1,1317,990,984,6,333,157,0.9939393939393939,0.7471526195899773,0.8530559167750326,0.7709459459459459,339
F1,F2 A_AND_NOT_B J1,800,858,707,151,93,529,0.824009324009324,0.88375,0.8528347406513872,0.8351351351351352,244
F1,S1 B_AND_NOT_A U3,800,883,717,166,83,514,0.812004530011325,0.89625,0.8520499108734403,0.8317567567567568,249
J2,J1 A_AND_NOT_B S1,99,110,89,21,10,1360,0.8090909090909091,0.898989898989899,0.8516746411483254,0.9790540540540541,31
F1,F2 AND U3,800,885,716,169,84,511,0.8090395480225989,0.895,0.8498516320474777,0.8290540540540541,253
J1,J2 OR J5,132,101,99,2,33,1346,0.9801980198019802,0.75,0.8497854077253219,0.9763513513513513,35
J1,J2 OR U2,132,101,99,2,33,1346,0.9801980198019802,0.75,0.8497854077253219,0.9763513513513513,35
J1,J2 XOR U2,132,101,99,2,33,1346,0.9801980198019802,0.75,0.8497854077253219,0.9763513513513513,35
J2,J1 OR J5,99,134,99,35,0,1346,0.7388059701492538,1.0,0.8497854077253219,0.9763513513513513,35
J2,J1 OR U2,99,134,99,35,0,1346,0.7388059701492538,1.0,0.8497854077253219,0.9763513513513513,35
J2,J1 XOR U2,99,134,99,35,0,1346,0.7388059701492538,1.0,0.8497854077253219,0.9763513513513513,35
F2,F1 A_AND_NOT_B J2,964,728,718,10,246,506,0.9862637362637363,0.7448132780082988,0.8486997635933806,0.827027027027027,256
F2,F1 XOR J1,964,766,734,32,230,484,0.95822454308094,0.7614107883817427,0.8485549132947977,0.822972972972973,262
F2,F1 AND U3,964,725,716,9,248,507,0.9875862068965517,0.7427385892116183,0.847838957963292,0.8263513513513514,257
U1,F1 OR F2,1317,978,972,6,345,157,0.9938650306748467,0.7380410022779044,0.8470588235294118,0.7628378378378379,351
U1,F2 OR J2,1317,977,971,6,346,157,0.9938587512794268,0.7372817008352316,0.8465562336530078,0.7621621621621621,352
J2,J1 OR J3,99,135,99,36,0,1345,0.7333333333333333,1.0,0.846153846153846,0.9756756756756757,36
J5,F2 AND J3,70,72,60,12,10,1398,0.8333333333333334,0.8571428571428571,0.8450704225352113,0.9851351351351352,22
F2,J5 XOR U3,964,1048,850,198,114,318,0.8110687022900763,0.8817427385892116,0.8449304174950298,0.7891891891891892,312
F1,F2 XOR J1,800,884,711,173,89,507,0.8042986425339367,0.88875,0.8444180522565321,0.822972972972973,262
U3,F2 A_AND_NOT_B J5,1080,899,835,64,245,336,0.92880978865406,0.7731481481481481,0.8438605356240525,0.7912162162162162,309
U3,S1 OR U1,1080,1474,1077,397,3,3,0.7306648575305291,0.9972222222222222,0.8433829287392325,0.7297297297297297,400
U1,F2 OR J3,1317,970,964,6,353,157,0.9938144329896907,0.7319665907365224,0.8430257979886314,0.7574324324324324,359
U3,F2 XOR J5,1080,904,836,68,244,332,0.9247787610619469,0.774074074074074,0.842741935483871,0.7891891891891892,312
F2,J4 XOR U3,964,1044,846,198,118,318,0.8103448275862069,0.8775933609958506,0.8426294820717132,0.7864864864864864,316
U1,F2 OR J4,1317,969,963,6,354,157,0.9938080495356038,0.7312072892938497,0.8425196850393701,0.7567567567567568,360
U1,F2 OR J5,1317,969,963,6,354,157,0.9938080495356038,0.7312072892938497,0.8425196850393701,0.7567567567567568,360
J4,F2 AND J5,68,65,56,9,12,1403,0.8615384615384616,0.8235294117647058,0.8421052631578948,0.9858108108108108,21
J5,F2 AND J4,70,63,56,7,14,1403,0.8888888888888888,0.8,0.8421052631578948,0.9858108108108108,21
F2,F1 OR U1,964,1321,962,359,2,157,0.7282361847085541,0.9979253112033195,0.8420131291028446,0.7560810810810811,361
U3,F2 A_AND_NOT_B J4,1080,901,834,67,246,333,0.925638179800222,0.7722222222222223,0.8419989904088845,0.7885135135135135,313
U3,H1 XOR U4,1080,1156,941,215,139,185,0.8140138408304498,0.8712962962962963,0.8416815742397138,0.7608108108108108,354
F2,J3 XOR U3,964,1044,845,199,119,317,0.8093869731800766,0.8765560165975104,0.8416334661354582,0.7851351351351351,318
F2,U3 OR U4,964,1232,924,308,40,208,0.75,0.9585062240663901,0.8415300546448087,0.7648648648648648,348
U3,F2 OR S1,1080,1464,1070,394,10,6,0.7308743169398907,0.9907407407407407,0.8411949685534591,0.727027027027027,404
F2,F1 A_AND_NOT_B J1,964,717,707,10,257,506,0.9860529986052998,0.733402489626556,0.841165972635336,0.8195945945945946,267
F2,U1 OR U3,964,1321,961,360,3,156,0.7274791824375473,0.9968879668049793,0.8411378555798688,0.7547297297297297,363
F2,J1 OR U1,964,1319,960,359,4,157,0.7278241091736164,0.995850622406639,0.8409986859395533,0.7547297297297297,363
F2,J3 OR U1,964,1319,960,359,4,157,0.7278241091736164,0.995850622406639,0.8409986859395533,0.7547297297297297,363
F2,H1 OR U4,964,1274,941,333,23,183,0.7386185243328101,0.9761410788381742,0.8409294012511171,0.7594594594594595,356
U3,F2 XOR J4,1080,906,835,71,245,329,0.9216335540838853,0.7731481481481481,0.8408862034239679,0.7864864864864864,316
U3,F2 A_AND_NOT_B J3,1080,892,829,63,251,337,0.929372197309417,0.7675925925925926,0.8407707910750507,0.7878378378378378,314
F2,H1 OR U1,964,1320,960,360,4,156,0.7272727272727273,0.995850622406639,0.8406304728546411,0.754054054054054,364
F2,F3 OR U1,964,1318,959,359,5,157,0.7276176024279211,0.9948132780082988,0.8404907975460123,0.754054054054054,364
F2,J2 OR U1,964,1317,958,359,6,157,0.7274107820804859,0.9937759336099585,0.8399824638316528,0.7533783783783784,365
F2,J4 OR U1,964,1317,958,359,6,157,0.7274107820804859,0.9937759336099585,0.8399824638316528,0.7533783783783784,365
F2,J5 OR U1,964,1317,958,359,6,157,0.7274107820804859,0.9937759336099585,0.8399824638316528,0.7533783783783784,365
F2,U1 A_AND_NOT_B U2,964,1317,958,359,6,157,0.7274107820804859,0.9937759336099585,0.8399824638316528,0.7533783783783784,365
U1,F2 OR F3,1317,964,958,6,359,157,0.9937759336099585,0.7274107820804859,0.8399824638316528,0.7533783783783784,365
U1,F2 A_AND_NOT_B U2,1317,964,958,6,359,157,0.9937759336099585,0.7274107820804859,0.8399824638316528,0.7533783783783784,365
F2,U1 OR U4,964,1323,960,363,4,153,0.7256235827664399,0.995850622406639,0.8395277656318322,0.7520270270270271,367
F2,U1 OR U2,964,1319,958,361,6,155,0.7263078089461713,0.9937759336099585,0.8392466053438458,0.7520270270270271,367
F2,U1 XOR U2,964,1319,958,361,6,155,0.7263078089461713,0.9937759336099585,0.8392466053438458,0.7520270270270271,367
U1,F2 OR U2,1317,966,958,8,359,155,0.9917184265010351,0.7274107820804859,0.8392466053438458,0.7520270270270271,367
U1,F2 XOR U2,1317,966,958,8,359,155,0.9917184265010351,0.7274107820804859,0.8392466053438458,0.7520270270270271,367
U3,F2 XOR J3,1080,898,830,68,250,332,0.9242761692650334,0.7685185185185185,0.8392315470171889,0.7851351351351351,318
J3,F2 AND J5,78,65,60,5,18,1397,0.9230769230769231,0.7692307692307693,0.8391608391608392,0.9844594594594595,23
J2,F2 AND J1,99,106,86,20,13,1361,0.8113207547169812,0.8686868686868687,0.8390243902439025,0.9777027027027027,33
F2,J2 XOR U3,964,1037,839,198,125,318,0.8090646094503375,0.8703319502074689,0.8385807096451774,0.7817567567567567,323
F2,J5 B_AND_NOT_A U3,964,1029,835,194,129,322,0.8114674441205053,0.8661825726141079,0.8379327646763673,0.7817567567567567,323
F2,J4 B_AND_NOT_A U3,964,1028,834,194,130,322,0.811284046692607,0.8651452282157677,0.8373493975903615,0.7810810810810811,324
U3,F2 A_AND_NOT_B J2,1080,878,819,59,261,341,0.9328018223234624,0.7583333333333333,0.8365679264555669,0.7837837837837838,320
U3,F2 XOR S1,1080,1450,1058,392,22,8,0.7296551724137931,0.9796296296296296,0.8363636363636364,0.7202702702702702,414
U3,F2 XOR J2,1080,891,824,67,256,333,0.9248035914702581,0.762962962962963,0.8361237950279047,0.7817567567567567,323
F2,J3 B_AND_NOT_A U3,964,1023,829,194,135,322,0.8103616813294232,0.8599585062240664,0.8344237544036236,0.7777027027027027,329
U1,F2 A_AND_NOT_B S1,1317,950,944,6,373,157,0.9936842105263158,0.7167805618830676,0.8328187031318923,0.7439189189189189,379
J4,J3 AND U3,68,57,52,5,16,1407,0.9122807017543859,0.7647058823529411,0.8319999999999999,0.9858108108108108,21
F2,J2 B_AND_NOT_A U3,964,1009,819,190,145,326,0.8116947472745293,0.8495850622406639,0.8302078053725293,0.7736486486486487,335
J5,J2 A_AND_NOT_B S1,70,89,66,23,4,1387,0.7415730337078652,0.9428571428571428,0.8301886792452831,0.9817567567567568,27
F1,F2 OR H1,800,1116,795,321,5,359,0.7123655913978495,0.99375,0.8298538622129438,0.7797297297297298,326
F2,J1 XOR U3,964,1034,829,205,135,311,0.8017408123791102,0.8599585062240664,0.8298298298298299,0.7702702702702703,340
U3,F2 A_AND_NOT_B J1,1080,858,804,54,276,346,0.9370629370629371,0.7444444444444445,0.8297213622291022,0.777027027027027,330
U1,S1 XOR U3,1317,1200,1041,159,276,4,0.8675,0.7904328018223234,0.827175208581645,0.706081081081081,435
U3,F2 XOR J1,1080,884,812,72,268,328,0.918552036199095,0.7518518518518519,0.8268839103869654,0.7702702702702703,340
U3,F1 OR U4,1080,1079,889,190,191,210,0.8239110287303059,0.8231481481481482,0.8235294117647058,0.7425675675675676,381
J4,F1 AND J3,68,56,51,5,17,1407,0.9107142857142857,0.75,0.8225806451612904,0.9851351351351352,22
F2,J1 B_AND_NOT_A U3,964,991,804,187,160,329,0.8113017154389506,0.8340248962655602,0.8225063938618926,0.7655405405405405,347
F1,S1 XOR U1,800,1117,785,332,15,348,0.702775290957923,0.98125,0.8189880020865936,0.7655405405405405,347
J2,J4 OR J5,99,77,72,5,27,1376,0.935064935064935,0.7272727272727273,0.8181818181818181,0.9783783783783784,32
J2,J1 AND J5,99,68,68,0,31,1381,1.0,0.6868686868686869,0.8143712574850299,0.9790540540540541,31
F1,F2 OR U3,800,1159,795,364,5,316,0.6859361518550474,0.99375,0.8116385911179173,0.7506756756756757,369
F1,F2 OR U4,800,1155,792,363,8,317,0.6857142857142857,0.99,0.810230179028133,0.7493243243243243,371
U1,F2 XOR J4,1317,906,900,6,417,157,0.9933774834437086,0.683371298405467,0.8097165991902834,0.7141891891891892,423
F2,J4 B_AND_NOT_A U1,964,1249,895,354,69,162,0.7165732586068855,0.9284232365145229,0.8088567555354723,0.7141891891891892,423
F2,J4 XOR U1,964,1249,895,354,69,162,0.7165732586068855,0.9284232365145229,0.8088567555354723,0.7141891891891892,423
F2,S1 XOR U3,964,1200,875,325,89,191,0.7291666666666666,0.9076763485477178,0.8086876155268021,0.7202702702702702,414
U1,F2 XOR J5,1317,904,898,6,419,157,0.9933628318584071,0.6818526955201215,0.8086447546150384,0.7128378378378378,425
U1,F3 OR U4,1317,905,898,7,419,156,0.9922651933701657,0.6818526955201215,0.8082808280828082,0.7121621621621622,426
F2,J5 B_AND_NOT_A U1,964,1247,893,354,71,162,0.7161186848436247,0.9263485477178424,0.8077792853912258,0.7128378378378378,425
F2,J5 XOR U1,964,1247,893,354,71,162,0.7161186848436247,0.9263485477178424,0.8077792853912258,0.7128378378378378,425
J5,F2 AND J2,70,86,63,23,7,1387,0.7325581395348837,0.9,0.8076923076923077,0.9797297297297297,30
U1,F2 XOR J3,1317,898,894,4,423,159,0.9955456570155902,0.6788154897494305,0.8072234762979683,0.7114864864864865,427
U1,F2 A_AND_NOT_B J4,1317,901,895,6,422,157,0.9933407325194229,0.6795747911921033,0.8070333633904418,0.7108108108108108,428
F2,J3 XOR U1,964,1243,890,353,74,163,0.7160096540627514,0.9232365145228216,0.8065246941549614,0.7114864864864865,427
J4,H1 AND J3,68,61,52,9,16,1403,0.8524590163934426,0.7647058823529411,0.8062015503875968,0.9831081081081081,25
U1,F2 A_AND_NOT_B J5,1317,899,893,6,424,157,0.9933259176863182,0.6780561883067577,0.8059566787003609,0.7094594594594594,430
F2,J3 B_AND_NOT_A U1,964,1241,888,353,76,163,0.7155519742143432,0.921161825726141,0.8054421768707483,0.7101351351351352,429
J1,J2 A_AND_NOT_B S1,132,89,89,0,43,1348,1.0,0.6742424242424242,0.8054298642533936,0.970945945945946,43
J2,J5 AND U1,99,70,68,2,31,1379,0.9714285714285714,0.6868686868686869,0.8047337278106508,0.9777027027027027,33
J2,J5 A_AND_NOT_B U2,99,70,68,2,31,1379,0.9714285714285714,0.6868686868686869,0.8047337278106508,0.9777027027027027,33
J5,J1 AND J2,70,99,68,31,2,1379,0.6868686868686869,0.9714285714285714,0.8047337278106508,0.9777027027027027,33
J5,J2 AND U1,70,99,68,31,2,1379,0.6868686868686869,0.9714285714285714,0.8047337278106508,0.9777027027027027,33
J5,J2 A_AND_NOT_B U2,70,99,68,31,2,1379,0.6868686868686869,0.9714285714285714,0.8047337278106508,0.9777027027027027,33
U1,F2 A_AND_NOT_B J3,1317,892,888,4,429,159,0.9955156950672646,0.6742596810933941,0.8039837030330466,0.7074324324324325,433
J4,J2 A_AND_NOT_B S1,68,89,63,26,5,1386,0.7078651685393258,0.9264705882352942,0.802547770700637,0.9790540540540541,31
J2,J3 OR J5,99,83,73,10,26,1371,0.8795180722891566,0.7373737373737373,0.8021978021978021,0.9756756756756757,36
U3,S1 XOR U1,1080,1117,881,236,199,164,0.7887197851387645,0.8157407407407408,0.8020027309968139,0.706081081081081,435
H1,U3 A_AND_NOT_B U4,630,470,441,29,189,821,0.9382978723404255,0.7,0.8018181818181819,0.8527027027027027,218
U1,F2 XOR J2,1317,891,885,6,432,157,0.9932659932659933,0.6719817767653758,0.8016304347826086,0.7040540540540541,438
U1,F2 AND U3,1317,885,882,3,435,160,0.9966101694915255,0.6697038724373576,0.8010899182561307,0.7040540540540541,438
U1,S1 B_AND_NOT_A U3,1317,883,880,3,437,160,0.9966024915062288,0.6681852695520122,0.8000000000000002,0.7027027027027027,440
J3,H1 AND J4,78,52,52,0,26,1402,1.0,0.6666666666666666,0.8,0.9824324324324324,26
J3,J4 AND U3,78,52,52,0,26,1402,1.0,0.6666666666666666,0.8,0.9824324324324324,26
U1,F2 XOR J1,1317,884,880,4,437,159,0.995475113122172,0.6681852695520122,0.7996365288505226,0.702027027027027,441
F2,J2 B_AND_NOT_A U1,964,1218,872,346,92,170,0.715927750410509,0.9045643153526971,0.7992667277726857,0.7040540540540541,438
F2,J2 XOR U1,964,1218,872,346,92,170,0.715927750410509,0.9045643153526971,0.7992667277726857,0.7040540540540541,438
J5,J2 OR U2,70,101,68,33,2,1377,0.6732673267326733,0.9714285714285714,0.7953216374269007,0.9763513513513513,35
J5,J2 XOR U2,70,101,68,33,2,1377,0.6732673267326733,0.9714285714285714,0.7953216374269007,0.9763513513513513,35
J2,J5 OR U2,99,72,68,4,31,1377,0.9444444444444444,0.6868686868686869,0.7953216374269005,0.9763513513513513,35
J2,J5 XOR U2,99,72,68,4,31,1377,0.9444444444444444,0.6868686868686869,0.7953216374269005,0.9763513513513513,35
F2,J1 XOR U1,964,1189,856,333,108,183,0.719932716568545,0.8879668049792531,0.7951695308871342,0.702027027027027,441
U1,F2 A_AND_NOT_B J2,1317,878,872,6,445,157,0.9931662870159453,0.6621108580106302,0.7945330296127563,0.6952702702702702,451
F2,J1 B_AND_NOT_A U1,964,1187,854,333,110,183,0.7194608256107835,0.8858921161825726,0.794049279404928,0.7006756756756757,443
J2,F1 AND J1,99,83,72,11,27,1370,0.8674698795180723,0.7272727272727273,0.7912087912087913,0.9743243243243244,38
J3,F1 AND J4,78,51,51,0,27,1402,1.0,0.6538461538461539,0.7906976744186047,0.9817567567567568,27
J5,J2 OR J4,70,102,68,34,2,1376,0.6666666666666666,0.9714285714285714,0.7906976744186046,0.9756756756756757,36
J3,J2 A_AND_NOT_B S1,78,89,66,23,12,1379,0.7415730337078652,0.8461538461538461,0.7904191616766467,0.9763513513513513,35
J2,J5 A_AND_NOT_B S1,99,68,66,2,33,1379,0.9705882352941176,0.6666666666666666,0.7904191616766466,0.9763513513513513,35
J1,F2 AND J2,132,86,86,0,46,1348,1.0,0.6515151515151515,0.7889908256880734,0.9689189189189189,46
J3,J2 OR J4,78,102,71,31,7,1371,0.696078431372549,0.9102564102564102,0.7888888888888889,0.9743243243243244,38
F2,S1 OR U1,964,1474,958,516,6,0,0.649932157394844,0.9937759336099585,0.7858900738310091,0.6472972972972973,522
F2,H1 XOR U4,964,1156,833,323,131,193,0.7205882352941176,0.8641078838174274,0.7858490566037736,0.6932432432432433,454
S1,F2 B_AND_NOT_A U1,514,359,343,16,171,950,0.9554317548746518,0.6673151750972762,0.7857961053837341,0.8736486486486487,187
U1,F2 A_AND_NOT_B J1,1317,858,854,4,463,159,0.9953379953379954,0.6484434320425209,0.7852873563218391,0.6844594594594594,467
F1,F3 OR U3,800,1103,747,356,53,324,0.6772438803263826,0.93375,0.7850761954808197,0.7236486486486486,409
J2,J1 AND J4,99,67,65,2,34,1379,0.9701492537313433,0.6565656565656566,0.7831325301204819,0.9756756756756757,36
F1,J2 OR U3,800,1108,747,361,53,319,0.674187725631769,0.93375,0.7830188679245284,0.7202702702702702,414
U3,F1 OR J1,1080,849,755,94,325,306,0.889281507656066,0.6990740740740741,0.782789009849663,0.7168918918918918,419
U3,F1 OR J2,1080,827,746,81,334,319,0.9020556227327691,0.6907407407407408,0.7823807026743577,0.7195945945945946,415
J3,J2 OR J5,78,101,70,31,8,1371,0.693069306930693,0.8974358974358975,0.7821229050279329,0.9736486486486486,39
J5,J2 OR J3,70,109,70,39,0,1371,0.6422018348623854,1.0,0.7821229050279329,0.9736486486486486,39
J2,J1 AND J3,99,75,68,7,31,1374,0.9066666666666666,0.6868686868686869,0.7816091954022988,0.9743243243243244,38
S1,F2 XOR U1,514,365,343,22,171,944,0.9397260273972603,0.6673151750972762,0.7804323094425484,0.8695945945945946,193
F1,J5 OR U3,800,1099,741,358,59,322,0.6742493175614195,0.92625,0.7804107424960506,0.7182432432432433,417
U3,F1 OR J3,1080,822,742,80,338,320,0.902676399026764,0.687037037037037,0.7802313354363828,0.7175675675675676,418
U3,F1 OR J5,1080,818,740,78,340,322,0.9046454767726161,0.6851851851851852,0.779768177028451,0.7175675675675676,418
F1,J3 OR U3,800,1101,741,360,59,320,0.6730245231607629,0.92625,0.7795896896370331,0.7168918918918918,419
J4,F2 AND J2,68,86,60,26,8,1386,0.6976744186046512,0.8823529411764706,0.7792207792207793,0.977027027027027,34
U3,F1 OR J4,1080,817,739,78,341,322,0.9045287637698899,0.6842592592592592,0.7791249341064839,0.7168918918918918,419
F1,J1 OR U3,800,1123,749,374,51,306,0.6669634906500446,0.93625,0.7789911596463859,0.7128378378378378,425
J5,H1 AND J3,70,61,51,10,19,1400,0.8360655737704918,0.7285714285714285,0.7786259541984734,0.9804054054054054,29
F1,J4 OR U3,800,1096,738,358,62,322,0.6733576642335767,0.9225,0.7784810126582278,0.7162162162162162,420
J2,J3 AND J4,99,68,65,3,34,1378,0.9558823529411765,0.6565656565656566,0.778443113772455,0.975,37
J2,J4 AND U1,99,68,65,3,34,1378,0.9558823529411765,0.6565656565656566,0.778443113772455,0.975,37
J2,J4 A_AND_NOT_B U2,99,68,65,3,34,1378,0.9558823529411765,0.6565656565656566,0.778443113772455,0.975,37
J4,J1 AND J2,68,99,65,34,3,1378,0.6565656565656566,0.9558823529411765,0.778443113772455,0.975,37
J4,J2 AND U1,68,99,65,34,3,1378,0.6565656565656566,0.9558823529411765,0.778443113772455,0.975,37
J4,J2 A_AND_NOT_B U2,68,99,65,34,3,1378,0.6565656565656566,0.9558823529411765,0.778443113772455,0.975,37
U1,F1 OR J1,1317,849,843,6,474,157,0.9929328621908127,0.6400911161731208,0.7783933518005539,0.6756756756756757,480
J2,J3 AND U1,99,76,68,8,31,1373,0.8947368421052632,0.6868686868686869,0.7771428571428571,0.9736486486486486,39
U4,H1 B_AND_NOT_A U3,762,529,500,29,262,689,0.945179584120983,0.6561679790026247,0.7745933384972888,0.8033783783783783,291
U1,J1 OR U4,1317,845,837,8,480,155,0.9905325443786982,0.6355353075170843,0.7742830712303422,0.6702702702702703,488
F1,H1 OR U3,800,1159,758,401,42,279,0.6540120793787748,0.9475,0.7738642164369577,0.7006756756756757,443
U3,F1 OR F3,1080,803,727,76,353,324,0.9053549190535491,0.6731481481481482,0.7721720658523632,0.7101351351351352,429
U3,F1 AND U1,1080,796,724,72,356,328,0.9095477386934674,0.6703703703703704,0.771855010660981,0.7108108108108108,428
F1,U1 AND U3,800,1076,724,352,76,328,0.6728624535315985,0.905,0.7718550106609807,0.7108108108108108,428
F1,U2 B_AND_NOT_A U3,800,1080,725,355,75,325,0.6712962962962963,0.90625,0.7712765957446808,0.7094594594594594,430
U3,F1 A_AND_NOT_B U2,1080,800,725,75,355,325,0.90625,0.6712962962962963,0.7712765957446808,0.7094594594594594,430
U1,S1 OR U4,1317,1085,926,159,391,4,0.8534562211981567,0.7031131359149583,0.7710241465445463,0.6283783783783784,550
J5,H1 AND J4,70,52,47,5,23,1405,0.9038461538461539,0.6714285714285714,0.7704918032786885,0.981081081081081,28
F1,U2 OR U3,800,1082,725,357,75,323,0.6700554528650647,0.90625,0.7704569606801277,0.7081081081081081,432
F1,U2 XOR U3,800,1082,725,357,75,323,0.6700554528650647,0.90625,0.7704569606801277,0.7081081081081081,432
U3,F1 OR U2,1080,802,725,77,355,323,0.9039900249376559,0.6712962962962963,0.7704569606801276,0.7081081081081081,432
U3,F1 XOR U2,1080,802,725,77,355,323,0.9039900249376559,0.6712962962962963,0.7704569606801276,0.7081081081081081,432
J2,J4 OR U2,99,70,65,5,34,1376,0.9285714285714286,0.6565656565656566,0.7692307692307693,0.9736486486486486,39
J2,J4 XOR U2,99,70,65,5,34,1376,0.9285714285714286,0.6565656565656566,0.7692307692307693,0.9736486486486486,39
J4,J2 OR J5,68,101,65,36,3,1376,0.6435643564356436,0.9558823529411765,0.7692307692307693,0.9736486486486486,39
J4,J2 OR U2,68,101,65,36,3,1376,0.6435643564356436,0.9558823529411765,0.7692307692307693,0.9736486486486486,39
J4,J2 XOR U2,68,101,65,36,3,1376,0.6435643564356436,0.9558823529411765,0.7692307692307693,0.9736486486486486,39
J2,J3 OR J4,99,78,68,10,31,1371,0.8717948717948718,0.6868686868686869,0.768361581920904,0.9722972972972973,41
J2,J3 A_AND_NOT_B U2,99,78,68,10,31,1371,0.8717948717948718,0.6868686868686869,0.768361581920904,0.9722972972972973,41
J3,J1 AND J2,78,99,68,31,10,1371,0.6868686868686869,0.8717948717948718,0.768361581920904,0.9722972972972973,41
J3,J2 AND U1,78,99,68,31,10,1371,0.6868686868686869,0.8717948717948718,0.768361581920904,0.9722972972972973,41
J3,J2 A_AND_NOT_B U2,78,99,68,31,10,1371,0.6868686868686869,0.8717948717948718,0.768361581920904,0.9722972972972973,41
J4,J2 OR J3,68,109,68,41,0,1371,0.6238532110091743,1.0,0.768361581920904,0.9722972972972973,41
J2,F2 AND J5,99,65,63,2,36,1379,0.9692307692307692,0.6363636363636364,0.7682926829268293,0.9743243243243244,38
J2,J3 AND J5,99,65,63,2,36,1379,0.9692307692307692,0.6363636363636364,0.7682926829268293,0.9743243243243244,38
J3,F2 AND J2,78,86,63,23,15,1379,0.7325581395348837,0.8076923076923077,0.7682926829268293,0.9743243243243244,38
J5,H1 AND J2,70,68,53,15,17,1395,0.7794117647058824,0.7571428571428571,0.7681159420289856,0.9783783783783784,32
U1,F1 OR J2,1317,827,823,4,494,159,0.9951632406287787,0.6249050873196659,0.7677238805970149,0.6635135135135135,498
U3,F1 AND F2,1080,786,716,70,364,330,0.910941475826972,0.662962962962963,0.767416934619507,0.7067567567567568,434
U3,F1 A_AND_NOT_B S1,1080,789,717,72,363,328,0.908745247148289,0.6638888888888889,0.7672552166934189,0.706081081081081,435
U3,F1 OR S1,1080,1303,914,389,166,11,0.7014581734458941,0.8462962962962963,0.7671002937473774,0.625,555
J3,H1 AND J5,78,55,51,4,27,1398,0.9272727272727272,0.6538461538461539,0.7669172932330828,0.9790540540540541,31
J3,J1 A_AND_NOT_B S1,78,110,72,38,6,1364,0.6545454545454545,0.9230769230769231,0.7659574468085106,0.9702702702702702,44
U1,J2 OR U4,1317,825,819,6,498,157,0.9927272727272727,0.621867881548975,0.7647058823529411,0.6594594594594595,504
J4,H1 AND J5,68,55,47,8,21,1404,0.8545454545454545,0.6911764705882353,0.7642276422764227,0.9804054054054054,29
F2,F3 OR U4,964,905,714,191,250,325,0.7889502762430939,0.7406639004149378,0.7640449438202246,0.702027027027027,441
U3,F1 XOR S1,1080,1292,906,386,174,14,0.7012383900928792,0.8388888888888889,0.7639123102866779,0.6216216216216216,560
J2,J4 A_AND_NOT_B S1,99,66,63,3,36,1378,0.9545454545454546,0.6363636363636364,0.7636363636363637,0.9736486486486486,39
F1,J5 XOR U3,800,1048,705,343,95,337,0.6727099236641222,0.88125,0.762987012987013,0.7040540540540541,438
U1,F1 OR J3,1317,822,816,6,501,157,0.9927007299270073,0.6195899772209568,0.7629733520336607,0.6574324324324324,507
U3,F1 XOR J5,1080,766,704,62,376,338,0.9190600522193212,0.6518518518518519,0.7627302275189599,0.7040540540540541,438
U1,F1 OR J5,1317,818,814,4,503,159,0.9951100244498777,0.6180713743356112,0.7625292740046837,0.6574324324324324,507
J2,J4 AND J5,99,61,61,0,38,1381,1.0,0.6161616161616161,0.7625,0.9743243243243244,38
U1,F1 OR J4,1317,817,813,4,504,159,0.9951040391676866,0.6173120728929385,0.7619493908153703,0.6567567567567567,508
J5,F1 AND J3,70,56,48,8,22,1402,0.8571428571428571,0.6857142857142857,0.7619047619047619,0.9797297297297297,30
U3,F1 XOR J3,1080,766,702,64,378,336,0.9164490861618799,0.65,0.7605633802816901,0.7013513513513514,442
F1,J3 XOR U3,800,1044,701,343,99,337,0.671455938697318,0.87625,0.7603036876355748,0.7013513513513514,442
J3,J2 OR U2,78,101,68,33,10,1369,0.6732673267326733,0.8717948717948718,0.7597765363128492,0.970945945945946,43
J3,J2 XOR U2,78,101,68,33,10,1369,0.6732673267326733,0.8717948717948718,0.7597765363128492,0.970945945945946,43
J2,J3 OR U2,99,80,68,12,31,1369,0.85,0.6868686868686869,0.7597765363128491,0.970945945945946,43
J2,J3 XOR U2,99,80,68,12,31,1369,0.85,0.6868686868686869,0.7597765363128491,0.970945945945946,43
U3,F1 XOR J4,1080,766,701,65,379,335,0.9151436031331592,0.649074074074074,0.7594799566630552,0.7,444
F1,J4 XOR U3,800,1044,700,344,100,336,0.6704980842911877,0.875,0.7592190889370933,0.7,444
F1,J2 XOR U3,800,1037,697,340,103,340,0.6721311475409836,0.87125,0.758845944474687,0.7006756756756757,443
J2,J3 A_AND_NOT_B S1,99,75,66,9,33,1372,0.88,0.6666666666666666,0.7586206896551725,0.9716216216216216,42
U3,F1 XOR J2,1080,755,696,59,384,341,0.9218543046357616,0.6444444444444445,0.75858310626703,0.7006756756756757,443
U1,J3 OR U4,1317,814,806,8,511,155,0.9901719901719902,0.6119969627942293,0.7564523697794464,0.6493243243243243,519
J4,J5 AND U3,68,51,45,6,23,1406,0.8823529411764706,0.6617647058823529,0.7563025210084034,0.9804054054054054,29
F1,H1 OR U4,800,1274,784,490,16,190,0.6153846153846154,0.98,0.7560270009643202,0.6581081081081082,506
U1,F3 XOR U3,1317,808,803,5,514,158,0.9938118811881188,0.6097190584662111,0.7557647058823529,0.6493243243243243,519
U1,J5 OR U4,1317,809,803,6,514,157,0.992583436341162,0.6097190584662111,0.7554092191909689,0.6486486486486487,520
J2,J1 AND U3,99,89,71,18,28,1363,0.797752808988764,0.7171717171717171,0.7553191489361702,0.9689189189189189,46
U1,J4 OR U4,1317,807,801,6,516,157,0.9925650557620818,0.6082004555808656,0.7542372881355931,0.6472972972972973,522
U3,F1 XOR J1,1080,766,696,70,384,330,0.9086161879895561,0.6444444444444445,0.7540628385698809,0.6932432432432433,454
U3,F1 A_AND_NOT_B J5,1080,748,689,59,391,341,0.9211229946524064,0.637962962962963,0.7538293216630196,0.6959459459459459,450
U1,F1 OR F3,1317,803,799,4,518,159,0.9950186799501868,0.6066818526955201,0.7537735849056604,0.6472972972972973,522
F1,F2 OR U1,800,1323,800,523,0,157,0.6046863189720333,1.0,0.753650494583137,0.6466216216216216,523
F1,J5 B_AND_NOT_A U3,800,1029,689,340,111,340,0.6695821185617103,0.86125,0.7534171678512847,0.6952702702702702,451
F1,F3 OR U1,800,1318,797,521,3,159,0.6047040971168437,0.99625,0.7525967894239849,0.6459459459459459,524
F1,J1 XOR U3,800,1034,690,344,110,336,0.6673114119922631,0.8625,0.7524536532170122,0.6932432432432433,454
F1,J2 OR U1,800,1317,796,521,4,159,0.6044039483675019,0.995,0.7520075578649031,0.6452702702702703,525
F1,J4 OR U1,800,1317,796,521,4,159,0.6044039483675019,0.995,0.7520075578649031,0.6452702702702703,525
F1,J5 OR U1,800,1317,796,521,4,159,0.6044039483675019,0.995,0.7520075578649031,0.6452702702702703,525
F1,U1 A_AND_NOT_B U2,800,1317,796,521,4,159,0.6044039483675019,0.995,0.7520075578649031,0.6452702702702703,525
U1,F1 A_AND_NOT_B U2,1317,800,796,4,521,159,0.995,0.6044039483675019,0.7520075578649031,0.6452702702702703,525
F1,U1 OR U4,800,1323,798,525,2,155,0.6031746031746031,0.9975,0.7517663683466792,0.643918918918919,527
F1,J4 B_AND_NOT_A U3,800,1028,687,341,113,339,0.6682879377431906,0.85875,0.7516411378555797,0.6932432432432433,454
F1,U1 OR U3,800,1321,797,524,3,156,0.6033308099924299,0.99625,0.7515322960867514,0.643918918918919,527
F1,J3 B_AND_NOT_A U3,800,1023,685,338,115,342,0.6695992179863147,0.85625,0.7515085024684585,0.6939189189189189,453
F2,S1 OR U3,964,1397,887,510,77,6,0.6349319971367215,0.9201244813278008,0.7513765353663703,0.6033783783783784,587
F1,J1 OR U1,800,1319,796,523,4,157,0.6034874905231236,0.995,0.7512977819726286,0.643918918918919,527
F1,J3 OR U1,800,1319,796,523,4,157,0.6034874905231236,0.995,0.7512977819726286,0.643918918918919,527
F1,U1 OR U2,800,1319,796,523,4,157,0.6034874905231236,0.995,0.7512977819726286,0.643918918918919,527
F1,U1 XOR U2,800,1319,796,523,4,157,0.6034874905231236,0.995,0.7512977819726286,0.643918918918919,527
U1,F1 OR U2,1317,802,796,6,521,157,0.9925187032418953,0.6044039483675019,0.7512977819726285,0.643918918918919,527
U1,F1 XOR U2,1317,802,796,6,521,157,0.9925187032418953,0.6044039483675019,0.7512977819726285,0.643918918918919,527
U3,F1 A_AND_NOT_B J4,1080,749,687,62,393,338,0.9172229639519359,0.6361111111111111,0.7512301804264626,0.6925675675675675,455
U3,F1 A_AND_NOT_B J3,1080,744,685,59,395,341,0.9206989247311828,0.6342592592592593,0.7510964912280702,0.6932432432432433,454
U3,F3 B_AND_NOT_A U1,1080,1000,781,219,299,181,0.781,0.7231481481481481,0.7509615384615383,0.65,518
F1,H1 OR U1,800,1320,796,524,4,156,0.603030303030303,0.995,0.750943396226415,0.6432432432432432,528
U3,F3 XOR U1,1080,1001,781,220,299,180,0.7802197802197802,0.7231481481481481,0.7506006727534839,0.6493243243243243,519
F1,U3 OR U4,800,1232,762,470,38,210,0.6185064935064936,0.9525,0.7500000000000001,0.6567567567567567,508
J4,J3 A_AND_NOT_B U4,68,52,45,7,23,1405,0.8653846153846154,0.6617647058823529,0.75,0.9797297297297297,30
J3,F2 AND J1,78,106,69,37,9,1365,0.6509433962264151,0.8846153846153846,0.7499999999999999,0.9689189189189189,46
U3,F1 A_AND_NOT_B J2,1080,728,675,53,405,347,0.9271978021978022,0.625,0.7466814159292036,0.6905405405405406,458
F1,J2 B_AND_NOT_A U3,800,1009,675,334,125,346,0.6689791873141725,0.84375,0.7462686567164181,0.6898648648648649,459
J5,F3 B_AND_NOT_A J3,70,56,47,9,23,1401,0.8392857142857143,0.6714285714285714,0.746031746031746,0.9783783783783784,32
U1,J1 XOR U4,1317,796,788,8,529,155,0.9899497487437185,0.59832953682612,0.7458589682915286,0.6371621621621621,537
U1,F1 A_AND_NOT_B S1,1317,789,785,4,532,159,0.9949302915082383,0.5960516324981018,0.7454890788224122,0.6378378378378379,536
J1,J3 OR J5,132,83,80,3,52,1345,0.963855421686747,0.6060606060606061,0.744186046511628,0.9628378378378378,55
F1,J1 B_AND_NOT_A U3,800,991,666,325,134,355,0.6720484359233098,0.8325,0.7437185929648241,0.6898648648648649,459
U1,F1 AND F2,1317,786,782,4,535,159,0.9949109414758269,0.5937737281700836,0.7436994769377081,0.6358108108108108,539
U1,J2 XOR U4,1317,789,783,6,534,157,0.9923954372623575,0.5945330296127562,0.7435897435897436,0.6351351351351351,540
U3,F3 OR H1,1080,784,693,91,387,309,0.8839285714285714,0.6416666666666667,0.7435622317596566,0.677027027027027,478
U1,F3 B_AND_NOT_A U3,1317,785,781,4,536,159,0.9949044585987261,0.5930144267274108,0.7431018078020932,0.6351351351351351,540
U3,F3 OR U4,1080,905,737,168,343,232,0.8143646408839779,0.6824074074074075,0.7425692695214107,0.6547297297297298,511
U1,F3 OR H1,1317,784,780,4,537,159,0.9948979591836735,0.592255125284738,0.7425035697287006,0.6344594594594595,541
U4,F2 A_AND_NOT_B H1,762,486,463,23,299,695,0.9526748971193416,0.6076115485564304,0.7419871794871795,0.7824324324324324,322
J3,F3 B_AND_NOT_A J4,78,46,46,0,32,1402,1.0,0.5897435897435898,0.7419354838709677,0.9783783783783784,32
J4,F3 B_AND_NOT_A J3,68,56,46,10,22,1402,0.8214285714285714,0.6764705882352942,0.7419354838709677,0.9783783783783784,32
U1,J5 XOR U4,1317,786,780,6,537,157,0.9923664122137404,0.592255125284738,0.7417974322396576,0.6331081081081081,543
U4,H1 XOR U3,762,608,508,100,254,618,0.8355263157894737,0.6666666666666666,0.7416058394160583,0.7608108108108108,354
J5,F3 B_AND_NOT_A J4,70,46,43,3,27,1407,0.9347826086956522,0.6142857142857143,0.7413793103448276,0.9797297297297297,30
U3,F1 A_AND_NOT_B J1,1080,717,666,51,414,349,0.9288702928870293,0.6166666666666667,0.7412353923205344,0.6858108108108109,465
U1,J3 XOR U4,1317,788,780,8,537,155,0.9898477157360406,0.592255125284738,0.7410926365795724,0.6317567567567568,545
J2,F2 AND J4,99,63,60,3,39,1378,0.9523809523809523,0.6060606060606061,0.7407407407407407,0.9716216216216216,42
U1,J4 XOR U4,1317,784,778,6,539,157,0.9923469387755102,0.5907365223993926,0.740599714421704,0.6317567567567568,545
J5,J3 AND U3,70,57,47,10,23,1400,0.8245614035087719,0.6714285714285714,0.7401574803149606,0.9777027027027027,33
J3,F1 AND J5,78,52,48,4,30,1398,0.9230769230769231,0.6153846153846154,0.7384615384615384,0.977027027027027,34
J5,J4 AND U3,70,52,45,7,25,1403,0.8653846153846154,0.6428571428571429,0.7377049180327869,0.9783783783783784,32
J2,F2 AND J3,99,72,63,9,36,1372,0.875,0.6363636363636364,0.7368421052631579,0.9695945945945946,45
F2,S1 B_AND_NOT_A U4,964,571,565,6,399,510,0.989492119089317,0.5860995850622407,0.736156351791531,0.7263513513513513,405
J3,F3 B_AND_NOT_A J5,78,50,47,3,31,1399,0.94,0.6025641025641025,0.7343749999999999,0.977027027027027,34
J4,F1 AND J5,68,52,44,8,24,1404,0.8461538461538461,0.6470588235294118,0.7333333333333334,0.9783783783783784,32
J5,J1 A_AND_NOT_B S1,70,110,66,44,4,1366,0.6,0.9428571428571428,0.7333333333333334,0.9675675675675676,48
F1,F3 OR U4,800,905,624,281,176,399,0.6895027624309392,0.78,0.7319648093841643,0.6912162162162162,457
J3,J4 A_AND_NOT_B U4,78,45,45,0,33,1402,1.0,0.5769230769230769,0.7317073170731707,0.9777027027027027,33
U1,F1 XOR J4,1317,766,762,4,555,159,0.9947780678851175,0.5785876993166287,0.7316370619299088,0.6222972972972973,559
U1,F1 XOR J5,1317,766,762,4,555,159,0.9947780678851175,0.5785876993166287,0.7316370619299088,0.6222972972972973,559
J2,H1 AND J1,99,87,68,19,31,1362,0.7816091954022989,0.6868686868686869,0.7311827956989247,0.9662162162162162,50
J4,J1 A_AND_NOT_B S1,68,110,65,45,3,1367,0.5909090909090909,0.9558823529411765,0.7303370786516855,0.9675675675675676,48
U1,F1 XOR J1,1317,766,760,6,557,157,0.9921671018276762,0.5770690964312832,0.7297167546807488,0.6195945945945946,563
U1,F1 XOR J3,1317,766,760,6,557,157,0.9921671018276762,0.5770690964312832,0.7297167546807488,0.6195945945945946,563
U4,J5 B_AND_NOT_A U1,762,1247,733,514,29,204,0.5878107457898958,0.9619422572178478,0.7297162767546043,0.6331081081081081,543
U4,J5 XOR U1,762,1247,733,514,29,204,0.5878107457898958,0.9619422572178478,0.7297162767546043,0.6331081081081081,543
U4,J4 B_AND_NOT_A U1,762,1249,733,516,29,202,0.5868694955964772,0.9619422572178478,0.7289905519641969,0.6317567567567568,545
U4,J4 XOR U1,762,1249,733,516,29,202,0.5868694955964772,0.9619422572178478,0.7289905519641969,0.6317567567567568,545
U4,J3 B_AND_NOT_A U1,762,1241,730,511,32,207,0.5882352941176471,0.958005249343832,0.7289066400399402,0.6331081081081081,543
J4,F3 B_AND_NOT_A J5,68,50,43,7,25,1405,0.86,0.6323529411764706,0.728813559322034,0.9783783783783784,32
J3,J5 AND U3,78,51,47,4,31,1398,0.9215686274509803,0.6025641025641025,0.7286821705426356,0.9763513513513513,35
U4,J3 XOR U1,762,1243,730,513,32,205,0.587288817377313,0.958005249343832,0.7281795511221946,0.6317567567567568,545
U4,F1 OR U1,762,1321,758,563,4,155,0.5738077214231643,0.994750656167979,0.727796447431589,0.6168918918918919,567
U4,U1 OR U3,762,1321,758,563,4,155,0.5738077214231643,0.994750656167979,0.727796447431589,0.6168918918918919,567
U1,U2 B_AND_NOT_A U4,1317,761,756,5,561,158,0.9934296977660972,0.5740318906605922,0.7276227141482194,0.6175675675675676,566
U4,U1 OR U2,762,1319,757,562,5,156,0.5739196360879454,0.9934383202099738,0.7275348390197022,0.6168918918918919,567
U4,U1 XOR U2,762,1319,757,562,5,156,0.5739196360879454,0.9934383202099738,0.7275348390197022,0.6168918918918919,567
J5,F1 AND J4,70,51,44,7,26,1403,0.8627450980392157,0.6285714285714286,0.7272727272727274,0.9777027027027027,33
U4,J2 B_AND_NOT_A U1,762,1218,720,498,42,220,0.5911330049261084,0.9448818897637795,0.7272727272727273,0.6351351351351351,540
U4,J2 XOR U1,762,1218,720,498,42,220,0.5911330049261084,0.9448818897637795,0.7272727272727273,0.6351351351351351,540
U1,U2 XOR U4,1317,762,756,6,561,157,0.9921259842519685,0.5740318906605922,0.7272727272727273,0.6168918918918919,567
U4,J2 OR U1,762,1317,756,561,6,157,0.5740318906605922,0.9921259842519685,0.7272727272727273,0.6168918918918919,567
U4,J4 OR U1,762,1317,756,561,6,157,0.5740318906605922,0.9921259842519685,0.7272727272727273,0.6168918918918919,567
U4,J5 OR U1,762,1317,756,561,6,157,0.5740318906605922,0.9921259842519685,0.7272727272727273,0.6168918918918919,567
U4,U1 A_AND_NOT_B U2,762,1317,756,561,6,157,0.5740318906605922,0.9921259842519685,0.7272727272727273,0.6168918918918919,567
U4,H1 OR U1,762,1320,757,563,5,155,0.5734848484848485,0.9934383202099738,0.7271853986551394,0.6162162162162163,568
F1,J4 B_AND_NOT_A U1,800,1249,745,504,55,176,0.5964771817453963,0.93125,0.7271839921913128,0.6222972972972973,559
F1,J4 XOR U1,800,1249,745,504,55,176,0.5964771817453963,0.93125,0.7271839921913128,0.6222972972972973,559
U4,F2 OR U1,762,1323,758,565,4,153,0.5729402872260015,0.994750656167979,0.7270983213429256,0.6155405405405405,569
U4,F3 OR U1,762,1318,756,562,6,156,0.5735963581183612,0.9921259842519685,0.726923076923077,0.6162162162162163,568
U1,U2 OR U4,1317,763,756,7,561,156,0.9908256880733946,0.5740318906605922,0.7269230769230769,0.6162162162162163,568
F1,J5 B_AND_NOT_A U1,800,1247,744,503,56,177,0.5966319165998396,0.93,0.7269174401563264,0.6222972972972973,559
F1,J5 XOR U1,800,1247,744,503,56,177,0.5966319165998396,0.93,0.7269174401563264,0.6222972972972973,559
U4,J1 OR U1,762,1319,756,563,6,155,0.5731614859742229,0.9921259842519685,0.7265737626141279,0.6155405405405405,569
U4,J3 OR U1,762,1319,756,563,6,155,0.5731614859742229,0.9921259842519685,0.7265737626141279,0.6155405405405405,569
J3,J1 OR J5,78,134,77,57,1,1345,0.5746268656716418,0.9871794871794872,0.7264150943396226,0.9608108108108108,58
U4,J1 B_AND_NOT_A U1,762,1187,707,480,55,238,0.5956192080876158,0.9278215223097113,0.7255002565418164,0.6385135135135135,535
F1,J3 B_AND_NOT_A U1,800,1241,740,501,60,179,0.5962933118452861,0.925,0.7251347378735915,0.620945945945946,561
U1,F1 XOR J2,1317,755,751,4,566,159,0.9947019867549669,0.5702353834472286,0.724903474903475,0.6148648648648649,570
U4,J1 XOR U1,762,1189,707,482,55,236,0.5946173254835997,0.9278215223097113,0.7247565351102,0.6371621621621621,537
F1,J3 XOR U1,800,1243,740,503,60,177,0.5953338696701529,0.925,0.7244248653940285,0.6195945945945946,563
U1,H1 OR S1,1317,996,837,159,480,4,0.8403614457831325,0.6355353075170843,0.7237354085603112,0.5682432432432433,639
H1,F2 A_AND_NOT_B U4,630,393,370,23,260,827,0.9414758269720102,0.5873015873015873,0.7233626588465298,0.8087837837837838,283
F2,F3 OR H1,964,784,632,152,332,364,0.8061224489795918,0.6556016597510373,0.7231121281464531,0.672972972972973,484
U1,F1 A_AND_NOT_B J4,1317,749,745,4,572,159,0.9946595460614153,0.5656795747911921,0.7212003872216844,0.6108108108108108,576
J4,H1 AND J2,68,68,49,19,19,1393,0.7205882352941176,0.7205882352941176,0.7205882352941176,0.9743243243243244,38
U1,F1 A_AND_NOT_B J5,1317,748,744,4,573,159,0.9946524064171123,0.5649202733485194,0.7205811138014527,0.6101351351351352,577
J3,J1 OR J4,78,133,76,57,2,1345,0.5714285714285714,0.9743589743589743,0.7203791469194313,0.9601351351351352,59
F1,S1 XOR U3,800,1200,720,480,80,200,0.6,0.9,0.7200000000000001,0.6216216216216216,560
U1,F1 A_AND_NOT_B J3,1317,744,740,4,577,159,0.9946236559139785,0.5618830675778284,0.7180980106744298,0.6074324324324324,581
F1,J1 B_AND_NOT_A U1,800,1187,713,474,87,206,0.6006739679865206,0.89125,0.7176648213387016,0.620945945945946,561
F1,J2 B_AND_NOT_A U1,800,1218,724,494,76,186,0.5944170771756979,0.905,0.7175421209117938,0.6148648648648649,570
F1,J2 XOR U1,800,1218,724,494,76,186,0.5944170771756979,0.905,0.7175421209117938,0.6148648648648649,570
H1,U3 XOR U4,630,622,449,173,181,677,0.7218649517684887,0.7126984126984127,0.7172523961661342,0.7608108108108108,354
F1,J1 XOR U1,800,1189,713,476,87,204,0.599663582842725,0.89125,0.7169431875314228,0.6195945945945946,563
J5,F2 AND J1,70,106,63,43,7,1367,0.5943396226415094,0.9,0.7159090909090909,0.9662162162162162,50
J1,J3 OR J4,132,78,75,3,57,1345,0.9615384615384616,0.5681818181818182,0.7142857142857143,0.9594594594594594,60
J1,J3 A_AND_NOT_B U2,132,78,75,3,57,1345,0.9615384615384616,0.5681818181818182,0.7142857142857143,0.9594594594594594,60
J3,J1 OR J2,78,132,75,57,3,1345,0.5681818181818182,0.9615384615384616,0.7142857142857143,0.9594594594594594,60
J3,J1 A_AND_NOT_B U2,78,132,75,57,3,1345,0.5681818181818182,0.9615384615384616,0.7142857142857143,0.9594594594594594,60
U1,J4 B_AND_NOT_A U4,1317,739,733,6,584,157,0.9918809201623816,0.5565679574791192,0.7130350194552529,0.6013513513513513,590
U1,J5 B_AND_NOT_A U4,1317,739,733,6,584,157,0.9918809201623816,0.5565679574791192,0.7130350194552529,0.6013513513513513,590
J4,F2 AND J1,68,106,62,44,6,1368,0.5849056603773585,0.9117647058823529,0.7126436781609194,0.9662162162162162,50
J3,H1 AND J2,78,68,52,16,26,1386,0.7647058823529411,0.6666666666666666,0.7123287671232877,0.9716216216216216,42
U1,J3 B_AND_NOT_A U4,1317,736,730,6,587,157,0.9918478260869565,0.554290053151101,0.7111544081831467,0.5993243243243244,593
J5,J2 AND U3,70,71,50,21,20,1389,0.704225352112676,0.7142857142857143,0.7092198581560283,0.9722972972972973,41
U1,F1 AND U3,1317,725,724,1,593,162,0.9986206896551724,0.5497342444950646,0.7091087169441724,0.5986486486486486,594
J1,J4 OR J5,132,77,74,3,58,1345,0.961038961038961,0.5606060606060606,0.708133971291866,0.9587837837837838,61
U1,F1 A_AND_NOT_B J2,1317,728,724,4,593,159,0.9945054945054945,0.5497342444950646,0.7080684596577017,0.5966216216216216,597
F1,H1 XOR U4,800,1156,692,464,108,216,0.5986159169550173,0.865,0.7075664621676893,0.6135135135135135,572
J1,J3 OR U2,132,80,75,5,57,1343,0.9375,0.5681818181818182,0.7075471698113207,0.9581081081081081,62
J1,J3 XOR U2,132,80,75,5,57,1343,0.9375,0.5681818181818182,0.7075471698113207,0.9581081081081081,62
J3,J1 OR U2,78,134,75,59,3,1343,0.5597014925373134,0.9615384615384616,0.7075471698113207,0.9581081081081081,62
J3,J1 XOR U2,78,134,75,59,3,1343,0.5597014925373134,0.9615384615384616,0.7075471698113207,0.9581081081081081,62
U1,F3 XOR U4,1317,730,723,7,594,156,0.9904109589041096,0.5489749430523918,0.706399609184172,0.5939189189189189,601
J1,F1 AND J2,132,72,72,0,60,1348,1.0,0.5454545454545454,0.7058823529411764,0.9594594594594594,60
J4,J2 AND U3,68,71,49,22,19,1390,0.6901408450704225,0.7205882352941176,0.7050359712230215,0.9722972972972973,41
J5,J3 A_AND_NOT_B U4,70,52,43,9,27,1401,0.8269230769230769,0.6142857142857143,0.7049180327868853,0.9756756756756757,36
U1,J2 B_AND_NOT_A U4,1317,726,720,6,597,157,0.9917355371900827,0.5466970387243736,0.7048458149779735,0.5925675675675676,603
J5,F1 AND J2,70,72,50,22,20,1388,0.6944444444444444,0.7142857142857143,0.7042253521126761,0.9716216216216216,42
J2,F3 B_AND_NOT_A J1,99,97,69,28,30,1353,0.711340206185567,0.696969696969697,0.7040816326530613,0.9608108108108108,58
J3,H1 AND J1,78,87,58,29,20,1373,0.6666666666666666,0.7435897435897436,0.7030303030303031,0.9668918918918918,49
J1,J3 AND U1,132,76,73,3,59,1345,0.9605263157894737,0.553030303030303,0.701923076923077,0.9581081081081081,62
J3,J1 AND U1,78,130,73,57,5,1345,0.5615384615384615,0.9358974358974359,0.7019230769230769,0.9581081081081081,62
U1,F1 A_AND_NOT_B J1,1317,717,713,4,604,159,0.9944211994421199,0.5413819286256644,0.7010816125860373,0.5891891891891892,608
F1,S1 OR U1,800,1474,796,678,4,2,0.5400271370420624,0.995,0.7000879507475812,0.5391891891891892,682
F2,J1 OR U4,964,845,633,212,331,304,0.749112426035503,0.6566390041493776,0.6998341625207297,0.6331081081081081,543
J1,J2 AND U3,132,71,71,0,61,1348,1.0,0.5378787878787878,0.6995073891625615,0.9587837837837838,61
F2,F1 OR S1,964,1303,790,513,174,3,0.6062931696085956,0.8195020746887967,0.6969563299514777,0.5358108108108108,687
U1,J1 B_AND_NOT_A U4,1317,713,707,6,610,157,0.9915848527349228,0.5368261199696279,0.696551724137931,0.5837837837837838,616
F1,F2 AND U4,800,571,477,94,323,586,0.8353765323992994,0.59625,0.6958424507658643,0.7182432432432433,417
F1,S1 B_AND_NOT_A U4,800,571,477,94,323,586,0.8353765323992994,0.59625,0.6958424507658643,0.7182432432432433,417
J4,J5 A_AND_NOT_B U4,68,47,40,7,28,1405,0.851063829787234,0.5882352941176471,0.6956521739130435,0.9763513513513513,35
J5,J4 A_AND_NOT_B U4,70,45,40,5,30,1405,0.8888888888888888,0.5714285714285714,0.6956521739130435,0.9763513513513513,35
J1,J3 A_AND_NOT_B S1,132,75,72,3,60,1345,0.96,0.5454545454545454,0.6956521739130435,0.9574324324324325,63
F2,J2 OR U4,964,825,622,203,342,313,0.7539393939393939,0.6452282157676349,0.6953605366126328,0.6317567567567568,545
F1,F2 OR S1,800,1464,787,677,13,3,0.537568306010929,0.98375,0.6952296819787985,0.5337837837837838,690
F2,J3 OR U4,964,814,618,196,346,320,0.7592137592137592,0.6410788381742739,0.6951631046119235,0.6337837837837837,542
J2,J1 A_AND_NOT_B U4,99,83,63,20,36,1361,0.7590361445783133,0.6363636363636364,0.6923076923076923,0.9621621621621622,56
F2,F3 XOR U3,964,808,613,195,351,321,0.7586633663366337,0.6358921161825726,0.6918735891647855,0.6310810810810811,546
F2,F1 XOR S1,964,1292,780,512,184,4,0.6037151702786377,0.8091286307053942,0.6914893617021276,0.5297297297297298,696
F2,J5 OR U4,964,809,613,196,351,320,0.757725587144623,0.6358921161825726,0.691483361534123,0.6304054054054054,547
F1,F2 XOR S1,800,1450,777,673,23,7,0.5358620689655172,0.97125,0.6906666666666667,0.5297297297297298,696
J5,F3 B_AND_NOT_A J2,70,69,48,21,22,1389,0.6956521739130435,0.6857142857142857,0.6906474820143885,0.970945945945946,43
F2,J4 OR U4,964,807,611,196,353,320,0.7571251548946716,0.6338174273858921,0.6900056465273856,0.629054054054054,549
F1,F3 OR H1,800,784,546,238,254,442,0.6964285714285714,0.6825,0.6893939393939394,0.6675675675675675,492
J2,H1 AND J5,99,55,53,2,46,1379,0.9636363636363636,0.5353535353535354,0.6883116883116883,0.9675675675675676,48
J3,J5 A_AND_NOT_B U4,78,47,43,4,35,1398,0.9148936170212766,0.5512820512820513,0.688,0.9736486486486486,39
J1,F3 B_AND_NOT_A J2,132,69,69,0,63,1348,1.0,0.5227272727272727,0.6865671641791045,0.9574324324324325,63
J4,F1 AND J2,68,72,48,24,20,1388,0.6666666666666666,0.7058823529411765,0.6857142857142857,0.9702702702702702,44
U3,F2 A_AND_NOT_B F3,1080,646,590,56,490,344,0.913312693498452,0.5462962962962963,0.6836616454229433,0.6310810810810811,546
U3,F2 XOR F3,1080,646,590,56,490,344,0.913312693498452,0.5462962962962963,0.6836616454229433,0.6310810810810811,546
U3,J1 OR U4,1080,845,658,187,422,213,0.778698224852071,0.6092592592592593,0.6836363636363637,0.5885135135135136,609
J5,J1 OR J3,70,135,70,65,0,1345,0.5185185185185185,1.0,0.6829268292682926,0.956081081081081,65
U3,J2 OR U4,1080,825,648,177,432,223,0.7854545454545454,0.6,0.6803149606299213,0.5885135135135136,609
J3,F1 AND J2,78,72,51,21,27,1381,0.7083333333333334,0.6538461538461539,0.68,0.9675675675675676,48
J5,J1 AND U1,70,130,68,62,2,1348,0.5230769230769231,0.9714285714285714,0.68,0.9567567567567568,64
J1,H1 AND J2,132,68,68,0,64,1348,1.0,0.5151515151515151,0.6799999999999999,0.9567567567567568,64
J1,J2 AND J3,132,68,68,0,64,1348,1.0,0.5151515151515151,0.6799999999999999,0.9567567567567568,64
J1,J2 AND J5,132,68,68,0,64,1348,1.0,0.5151515151515151,0.6799999999999999,0.9567567567567568,64
U4,S1 OR U1,762,1474,760,714,2,4,0.5156037991858887,0.9973753280839895,0.6797853309481217,0.5162162162162162,716
U4,F2 OR S1,762,1464,756,708,6,10,0.5163934426229508,0.9921259842519685,0.679245283018868,0.5175675675675676,714
U3,J3 OR U4,1080,814,643,171,437,229,0.7899262899262899,0.5953703703703703,0.6789862724392819,0.5891891891891892,608
U3,J4 OR U4,1080,807,640,167,440,233,0.7930607187112764,0.5925925925925926,0.6783253842077371,0.5898648648648649,607
U4,F2 XOR S1,762,1450,750,700,12,18,0.5172413793103449,0.984251968503937,0.678119349005425,0.518918918918919,712
F2,J3 XOR U4,964,788,593,195,371,321,0.7525380710659898,0.6151452282157677,0.6769406392694064,0.6175675675675676,566
J4,J1 AND U1,68,130,67,63,1,1349,0.5153846153846153,0.9852941176470589,0.6767676767676767,0.9567567567567568,64
J5,J2 A_AND_NOT_B U4,70,63,45,18,25,1392,0.7142857142857143,0.6428571428571429,0.6766917293233083,0.970945945945946,43
U3,J5 OR U4,1080,809,639,170,441,230,0.7898640296662547,0.5916666666666667,0.6765484383271573,0.5871621621621622,611
J1,F2 AND J3,132,72,69,3,63,1345,0.9583333333333334,0.5227272727272727,0.6764705882352942,0.9554054054054054,66
F2,U3 AND U4,964,610,532,78,432,438,0.8721311475409836,0.5518672199170125,0.6759847522236341,0.6554054054054054,510
U4,F2 XOR H1,762,638,473,165,289,553,0.7413793103448276,0.6207349081364829,0.6757142857142857,0.6932432432432433,454
U4,F2 OR U3,762,1159,649,510,113,208,0.5599654874892148,0.8517060367454068,0.6756897449245185,0.5790540540540541,623
J5,H1 AND J1,70,87,53,34,17,1376,0.6091954022988506,0.7571428571428571,0.6751592356687899,0.9655405405405405,51
U4,F1 OR U3,762,1155,647,508,115,210,0.5601731601731602,0.8490813648293963,0.6750130412102243,0.5790540540540541,623
U1,H1 OR J1,1317,675,672,3,645,160,0.9955555555555555,0.510250569476082,0.6746987951807228,0.5621621621621622,648
F2,F3 B_AND_NOT_A U3,964,785,590,195,374,321,0.7515923566878981,0.6120331950207469,0.6746712407089765,0.6155405405405405,569
F2,J5 XOR U4,964,786,590,196,374,320,0.7506361323155216,0.6120331950207469,0.6742857142857143,0.6148648648648649,570
J1,J5 AND U1,132,70,68,2,64,1346,0.9714285714285714,0.5151515151515151,0.6732673267326732,0.9554054054054054,66
J1,J5 A_AND_NOT_B U2,132,70,68,2,64,1346,0.9714285714285714,0.5151515151515151,0.6732673267326732,0.9554054054054054,66
J5,J1 OR J2,70,132,68,64,2,1346,0.5151515151515151,0.9714285714285714,0.6732673267326732,0.9554054054054054,66
J5,J1 A_AND_NOT_B U2,70,132,68,64,2,1346,0.5151515151515151,0.9714285714285714,0.6732673267326732,0.9554054054054054,66
F2,J4 XOR U4,964,784,588,196,376,320,0.75,0.6099585062240664,0.6727688787185355,0.6135135135135135,572
U3,S1 OR U4,1080,1085,728,357,352,43,0.6709677419354839,0.674074074074074,0.6725173210161663,0.5209459459459459,709
J3,J2 AND U3,78,71,50,21,28,1381,0.704225352112676,0.6410256410256411,0.6711409395973156,0.9668918918918918,49
J1,J3 AND J4,132,68,67,1,65,1347,0.9852941176470589,0.5075757575757576,0.67,0.9554054054054054,66
J1,J4 AND U1,132,68,67,1,65,1347,0.9852941176470589,0.5075757575757576,0.67,0.9554054054054054,66
J1,J4 A_AND_NOT_B U2,132,68,67,1,65,1347,0.9852941176470589,0.5075757575757576,0.67,0.9554054054054054,66
J4,J1 OR J2,68,132,67,65,1,1347,0.5075757575757576,0.9852941176470589,0.67,0.9554054054054054,66
J4,J1 A_AND_NOT_B U2,68,132,67,65,1,1347,0.5075757575757576,0.9852941176470589,0.67,0.9554054054054054,66
J4,J1 OR J3,68,135,68,67,0,1345,0.5037037037037037,1.0,0.6699507389162561,0.9547297297297297,67
J5,J1 OR J4,70,133,68,65,2,1345,0.5112781954887218,0.9714285714285714,0.6699507389162561,0.9547297297297297,67
F2,J2 XOR U4,964,789,587,202,377,314,0.743979721166033,0.6089211618257261,0.6697090701654307,0.6087837837837838,579
F2,J1 XOR U4,964,796,589,207,375,309,0.7399497487437185,0.6109958506224067,0.6693181818181818,0.6067567567567568,582
U4,F1 A_AND_NOT_B H1,762,407,391,16,371,702,0.9606879606879607,0.5131233595800525,0.6689478186484175,0.7385135135135135,387
U3,H1 OR J1,1080,675,587,88,493,312,0.8696296296296296,0.5435185185185185,0.6689458689458689,0.6074324324324324,581
U4,S1 OR U3,762,1397,722,675,40,43,0.5168217609162491,0.94750656167979,0.6688281611857341,0.5168918918918919,715
S1,F1 B_AND_NOT_A U1,514,521,346,175,168,791,0.6641074856046065,0.6731517509727627,0.6685990338164252,0.7682432432432432,343
U1,S1 XOR U4,1317,894,739,155,578,8,0.8266219239373602,0.5611237661351557,0.6684758028041611,0.5047297297297297,733
H1,J1 OR U3,630,1123,585,538,45,312,0.5209260908281389,0.9285714285714286,0.6674272675413577,0.606081081081081,583
J2,J5 AND U3,99,51,50,1,49,1380,0.9803921568627451,0.5050505050505051,0.6666666666666667,0.9662162162162162,50
J5,J1 OR U2,70,134,68,66,2,1344,0.5074626865671642,0.9714285714285714,0.6666666666666667,0.9540540540540541,68
J5,J1 XOR U2,70,134,68,66,2,1344,0.5074626865671642,0.9714285714285714,0.6666666666666667,0.9540540540540541,68
J1,J5 OR U2,132,72,68,4,64,1344,0.9444444444444444,0.5151515151515151,0.6666666666666666,0.9540540540540541,68
J1,J5 XOR U2,132,72,68,4,64,1344,0.9444444444444444,0.5151515151515151,0.6666666666666666,0.9540540540540541,68
S1,F1 XOR U1,514,525,346,179,168,787,0.659047619047619,0.6731517509727627,0.6660250240615978,0.7655405405405405,347
U1,H1 OR J2,1317,661,658,3,659,160,0.9954614220877458,0.4996203492786636,0.6653185035389283,0.5527027027027027,662
J1,J4 OR U2,132,70,67,3,65,1345,0.9571428571428572,0.5075757575757576,0.6633663366336634,0.9540540540540541,68
J1,J4 XOR U2,132,70,67,3,65,1345,0.9571428571428572,0.5075757575757576,0.6633663366336634,0.9540540540540541,68
J4,J1 OR J5,68,134,67,67,1,1345,0.5,0.9852941176470589,0.6633663366336634,0.9540540540540541,68
J4,J1 OR U2,68,134,67,67,1,1345,0.5,0.9852941176470589,0.6633663366336634,0.9540540540540541,68
J4,J1 XOR U2,68,134,67,67,1,1345,0.5,0.9852941176470589,0.6633663366336634,0.9540540540540541,68
U4,F1 OR F2,762,978,577,401,185,317,0.5899795501022495,0.7572178477690289,0.6632183908045978,0.6040540540540541,586
U3,J4 XOR U4,1080,784,618,166,462,234,0.7882653061224489,0.5722222222222222,0.6630901287553648,0.5756756756756757,628
U3,H1 OR J2,1080,661,577,84,503,316,0.8729198184568835,0.5342592592592592,0.6628374497415278,0.6033783783783784,587
U3,J3 XOR U4,1080,788,619,169,461,231,0.7855329949238579,0.5731481481481482,0.6627408993576017,0.5743243243243243,630
F1,S1 OR U3,800,1397,728,669,72,11,0.5211166785969935,0.91,0.6627218934911242,0.49932432432432433,741
U4,U2 OR U3,762,1082,611,471,151,247,0.5646950092421442,0.8018372703412073,0.6626898047722344,0.5797297297297297,622
U4,U2 XOR U3,762,1082,611,471,151,247,0.5646950092421442,0.8018372703412073,0.6626898047722344,0.5797297297297297,622
U3,U2 B_AND_NOT_A U4,1080,761,610,151,470,249,0.8015768725361366,0.5648148148148148,0.6626833242802824,0.5804054054054054,621
U3,U2 XOR U4,1080,762,610,152,470,248,0.800524934383202,0.5648148148148148,0.6623235613463626,0.5797297297297297,622
U4,U2 B_AND_NOT_A U3,762,1080,610,470,152,248,0.5648148148148148,0.800524934383202,0.6623235613463626,0.5797297297297297,622
U3,U1 AND U4,1080,756,608,148,472,252,0.8042328042328042,0.562962962962963,0.6623093681917211,0.581081081081081,620
J4,F1 AND J1,68,83,50,33,18,1379,0.6024096385542169,0.7352941176470589,0.6622516556291392,0.9655405405405405,51
J2,F1 AND J5,99,52,50,2,49,1379,0.9615384615384616,0.5050505050505051,0.6622516556291391,0.9655405405405405,51
U4,F2 OR U2,762,966,572,394,190,324,0.5921325051759835,0.7506561679790026,0.6620370370370371,0.6054054054054054,584
U4,F2 XOR U2,762,966,572,394,190,324,0.5921325051759835,0.7506561679790026,0.6620370370370371,0.6054054054054054,584
F2,U2 B_AND_NOT_A U4,964,761,571,190,393,326,0.7503285151116952,0.5923236514522822,0.6620289855072463,0.606081081081081,583
U3,U2 OR U4,1080,763,610,153,470,247,0.799475753604194,0.5648148148148148,0.6619641888225719,0.5790540540540541,623
U4,F3 OR U3,762,1103,617,486,145,232,0.5593834995466909,0.8097112860892388,0.6616621983914209,0.5736486486486486,631
F2,U2 XOR U4,964,762,571,191,393,325,0.7493438320209974,0.5923236514522822,0.6616454229432214,0.6054054054054054,584
U4,F2 OR F3,762,964,571,393,191,325,0.5923236514522822,0.7493438320209974,0.6616454229432214,0.6054054054054054,584
U4,F2 A_AND_NOT_B U2,762,964,571,393,191,325,0.5923236514522822,0.7493438320209974,0.6616454229432214,0.6054054054054054,584
F2,U1 AND U4,964,756,569,187,395,329,0.7526455026455027,0.5902489626556017,0.6616279069767442,0.6067567567567568,582
U4,F2 AND U1,762,958,569,389,193,329,0.593945720250522,0.7467191601049868,0.6616279069767442,0.6067567567567568,582
U4,U1 AND U3,762,1076,608,468,154,250,0.5650557620817844,0.7979002624671916,0.661588683351469,0.5797297297297297,622
U3,J5 XOR U4,1080,786,617,169,463,231,0.7849872773536896,0.5712962962962963,0.6613076098606645,0.572972972972973,632
F2,U2 OR U4,964,763,571,192,393,324,0.7483617300131061,0.5923236514522822,0.6612623045744065,0.6047297297297297,585
U4,S1 B_AND_NOT_A U1,762,960,569,391,193,327,0.5927083333333333,0.7467191601049868,0.6608594657375144,0.6054054054054054,584
H1,J2 OR U3,630,1108,574,534,56,316,0.5180505415162455,0.9111111111111111,0.6605293440736478,0.6013513513513513,590
U4,F2 OR J3,762,970,572,398,190,320,0.5896907216494846,0.7506561679790026,0.6605080831408776,0.6027027027027027,588
U4,F2 A_AND_NOT_B J3,762,892,546,346,216,372,0.6121076233183856,0.7165354330708661,0.660217654171705,0.6202702702702703,562
U4,F2 A_AND_NOT_B S1,762,950,565,385,197,333,0.5947368421052631,0.7414698162729659,0.6600467289719626,0.6067567567567568,582
J1,J5 A_AND_NOT_B S1,132,68,66,2,66,1346,0.9705882352941176,0.5,0.6599999999999999,0.9540540540540541,68
J1,J2 AND J4,132,65,65,0,67,1348,1.0,0.49242424242424243,0.6598984771573604,0.9547297297297297,67
U4,F2 A_AND_NOT_B J5,762,899,548,351,214,367,0.6095661846496107,0.7191601049868767,0.6598434677904876,0.6182432432432432,565
U4,F2 OR J4,762,969,571,398,191,320,0.5892672858617131,0.7493438320209974,0.6597342576545349,0.602027027027027,589
U4,F2 OR J5,762,969,571,398,191,320,0.5892672858617131,0.7493438320209974,0.6597342576545349,0.602027027027027,589
U4,F3 B_AND_NOT_A U1,762,1000,581,419,181,299,0.581,0.7624671916010499,0.659477866061294,0.5945945945945946,600
F2,F1 AND U4,964,483,477,6,487,510,0.9875776397515528,0.4948132780082988,0.6592950932964755,0.6668918918918919,493
U4,F3 XOR U1,762,1001,581,420,181,298,0.5804195804195804,0.7624671916010499,0.659103800340329,0.5939189189189189,601
U4,F2 A_AND_NOT_B J4,762,901,548,353,214,365,0.6082130965593785,0.7191601049868767,0.6590499098015635,0.6168918918918919,567
U4,F2 XOR J3,762,898,547,351,215,367,0.60913140311804,0.7178477690288714,0.6590361445783132,0.6175675675675676,566
J3,J1 AND U3,78,89,55,34,23,1368,0.6179775280898876,0.7051282051282052,0.6586826347305389,0.9614864864864865,57
H1,J3 OR U3,630,1101,570,531,60,319,0.5177111716621253,0.9047619047619048,0.658578856152513,0.6006756756756757,591
J3,F1 AND J1,78,83,53,30,25,1372,0.6385542168674698,0.6794871794871795,0.6583850931677019,0.9628378378378378,55
H1,J5 OR U3,630,1099,569,530,61,320,0.5177434030937216,0.9031746031746032,0.658183921341816,0.6006756756756757,591
U3,J2 XOR U4,1080,789,615,174,465,226,0.779467680608365,0.5694444444444444,0.6581059390048154,0.5682432432432433,639
J2,F1 AND J3,99,56,51,5,48,1376,0.9107142857142857,0.5151515151515151,0.6580645161290323,0.9641891891891892,53
J4,H1 AND J1,68,87,51,36,17,1376,0.5862068965517241,0.75,0.6580645161290322,0.9641891891891892,53
U4,F2 XOR J5,762,904,548,356,214,362,0.6061946902654868,0.7191601049868767,0.6578631452581033,0.6148648648648649,570
U4,F2 OR J2,762,977,572,405,190,313,0.5854657113613101,0.7506561679790026,0.6578493387004025,0.597972972972973,595
U3,J1 XOR U4,1080,796,617,179,463,221,0.7751256281407035,0.5712962962962963,0.6577825159914713,0.5662162162162162,642
U4,J4 OR U3,762,1096,611,485,151,233,0.5574817518248175,0.8018372703412073,0.6576964477933263,0.5702702702702702,636
U3,S1 XOR U4,1080,894,649,245,431,155,0.7259507829977628,0.600925925925926,0.6575481256332321,0.5432432432432432,676
U4,F2 OR J1,762,990,576,414,186,304,0.5818181818181818,0.7559055118110236,0.6575342465753424,0.5945945945945946,600
U4,F2 XOR J4,762,906,548,358,214,360,0.6048565121412803,0.7191601049868767,0.657074340527578,0.6135135135135135,572
U4,J3 OR U3,762,1101,612,489,150,229,0.555858310626703,0.8031496062992126,0.6570048309178743,0.5682432432432433,639
U4,J4 B_AND_NOT_A U3,762,1028,588,440,174,278,0.5719844357976653,0.7716535433070866,0.6569832402234637,0.5851351351351352,614
U4,J5 OR U3,762,1099,611,488,151,230,0.5559599636032757,0.8018372703412073,0.6566362170875873,0.5682432432432433,639
U4,J5 B_AND_NOT_A U3,762,1029,588,441,174,277,0.5714285714285714,0.7716535433070866,0.6566164154103852,0.5844594594594594,615
U4,J3 B_AND_NOT_A U3,762,1023,586,437,176,281,0.5728250244379277,0.7690288713910761,0.6565826330532214,0.5858108108108108,613
J1,J4 A_AND_NOT_B S1,132,66,65,1,67,1347,0.9848484848484849,0.49242424242424243,0.6565656565656566,0.9540540540540541,68
H1,J4 OR U3,630,1096,566,530,64,320,0.5164233576642335,0.8984126984126984,0.6558516801853997,0.5986486486486486,594
U3,H1 OR J4,1080,646,566,80,514,320,0.8761609907120743,0.524074074074074,0.6558516801853997,0.5986486486486486,594
U1,H1 OR J3,1317,647,644,3,673,160,0.9953632148377125,0.48899012908124523,0.6558044806517311,0.5432432432432432,676
U4,J1 OR U3,762,1123,618,505,144,213,0.5503116651825467,0.8110236220472441,0.6557029177718833,0.5614864864864865,649
U4,J2 OR U3,762,1108,613,495,149,223,0.5532490974729242,0.8044619422572179,0.6556149732620322,0.5648648648648649,644
U3,H1 OR J3,1080,647,566,81,514,319,0.874806800618238,0.524074074074074,0.6554719166184134,0.597972972972973,595
U4,S1 XOR U3,762,1200,643,557,119,161,0.5358333333333334,0.8438320209973753,0.6554536187563711,0.5432432432432432,676
U1,H1 OR J4,1317,646,643,3,674,160,0.9953560371517027,0.4882308276385725,0.6551197147223637,0.5425675675675675,677
H1,F2 OR U3,630,1159,586,573,44,277,0.5056082830025884,0.9301587301587302,0.6551145891559531,0.5831081081081081,617
U3,H1 OR J5,1080,645,565,80,515,320,0.875968992248062,0.5231481481481481,0.6550724637681159,0.597972972972973,595
U1,H1 OR J5,1317,645,642,3,675,160,0.9953488372093023,0.4874715261958998,0.654434250764526,0.5418918918918919,678
H1,F1 OR U3,630,1155,584,571,46,279,0.5056277056277056,0.926984126984127,0.6543417366946779,0.5831081081081081,617
U4,F2 A_AND_NOT_B J2,762,878,536,342,226,376,0.6104783599088838,0.7034120734908137,0.6536585365853659,0.6162162162162163,568
J5,F1 AND J1,70,83,50,33,20,1377,0.6024096385542169,0.7142857142857143,0.6535947712418301,0.9641891891891892,53
F2,F3 XOR U1,964,1001,642,359,322,157,0.6413586413586414,0.6659751037344398,0.6534351145038167,0.5398648648648648,681
U1,F2 A_AND_NOT_B F3,1317,646,641,5,676,158,0.9922600619195047,0.486712224753227,0.6530820173204278,0.5398648648648648,681
U1,F2 XOR F3,1317,646,641,5,676,158,0.9922600619195047,0.486712224753227,0.6530820173204278,0.5398648648648648,681
F2,F1 XOR F3,964,488,474,14,490,502,0.9713114754098361,0.491701244813278,0.6528925619834711,0.6594594594594595,504
F2,F3 B_AND_NOT_A U1,964,1000,641,359,323,157,0.641,0.6649377593360996,0.6527494908350306,0.5391891891891892,682
U4,J4 XOR U3,762,1044,589,455,173,263,0.564176245210728,0.7729658792650919,0.6522702104097452,0.5756756756756757,628
U1,H1 B_AND_NOT_A U4,1317,644,639,5,678,158,0.9922360248447205,0.48519362186788156,0.6517083120856706,0.5385135135135135,683
U4,J2 B_AND_NOT_A U3,762,1009,577,432,185,286,0.5718533201189296,0.7572178477690289,0.6516092603049125,0.5831081081081081,617
F1,F2 A_AND_NOT_B F3,800,646,471,175,329,505,0.7291021671826625,0.58875,0.6514522821576763,0.6594594594594595,504
F1,F2 XOR F3,800,646,471,175,329,505,0.7291021671826625,0.58875,0.6514522821576763,0.6594594594594595,504
U4,J3 XOR U3,762,1044,588,456,174,262,0.5632183908045977,0.7716535433070866,0.6511627906976745,0.5743243243243243,630
U4,J5 XOR U3,762,1048,589,459,173,259,0.5620229007633588,0.7729658792650919,0.6508287292817679,0.572972972972973,632
U4,F2 A_AND_NOT_B J1,762,858,527,331,235,387,0.6142191142191142,0.6916010498687664,0.6506172839506172,0.6175675675675676,566
F2,F1 A_AND_NOT_B F3,964,485,471,14,493,502,0.9711340206185567,0.48858921161825725,0.650103519668737,0.6574324324324324,507
F2,H1 A_AND_NOT_B S1,964,482,470,12,494,504,0.975103734439834,0.487551867219917,0.6500691562932227,0.6581081081081082,506
J2,H1 AND J3,99,61,52,9,47,1372,0.8524590163934426,0.5252525252525253,0.6500000000000001,0.9621621621621622,56
U4,F2 XOR J2,762,891,537,354,225,364,0.6026936026936027,0.7047244094488189,0.6497277676950999,0.6087837837837838,579
J4,J1 AND U3,68,89,51,38,17,1374,0.5730337078651685,0.75,0.6496815286624205,0.9628378378378378,55
U1,F1 XOR H1,1317,644,637,7,680,156,0.9891304347826086,0.48367501898253606,0.6496685364609892,0.5358108108108108,687
U4,J1 B_AND_NOT_A U3,762,991,569,422,193,296,0.574167507568113,0.7467191601049868,0.6491728465487735,0.5844594594594594,615
J2,H1 AND J4,99,52,49,3,50,1378,0.9423076923076923,0.494949494949495,0.6490066225165563,0.9641891891891892,53
J2,J4 AND U3,99,52,49,3,50,1378,0.9423076923076923,0.494949494949495,0.6490066225165563,0.9641891891891892,53
H1,F3 OR U3,630,1103,562,541,68,309,0.5095194922937444,0.8920634920634921,0.6485862665897288,0.5885135135135136,609
U1,F2 XOR H1,1317,638,633,5,684,158,0.9921630094043887,0.4806378132118451,0.6475703324808184,0.5344594594594595,689
U4,F1 OR S1,762,1303,668,635,94,83,0.5126630851880276,0.8766404199475065,0.6469733656174333,0.5074324324324324,729
U3,J4 B_AND_NOT_A U4,1080,739,588,151,492,249,0.7956698240866035,0.5444444444444444,0.6465090709180868,0.5655405405405406,643
U3,J5 B_AND_NOT_A U4,1080,739,588,151,492,249,0.7956698240866035,0.5444444444444444,0.6465090709180868,0.5655405405405406,643
U4,F2 XOR J1,762,884,532,352,230,366,0.6018099547511312,0.6981627296587927,0.6464155528554071,0.6067567567567568,582
J1,J2 A_AND_NOT_B U4,132,63,63,0,69,1348,1.0,0.4772727272727273,0.6461538461538462,0.9533783783783784,69
U4,F2 AND U3,762,885,532,353,230,365,0.6011299435028249,0.6981627296587927,0.6460230722525806,0.606081081081081,583
H1,U1 OR U3,630,1321,630,691,0,159,0.4769114307342922,1.0,0.6458226550486931,0.5331081081081082,691
U4,S1 B_AND_NOT_A U3,762,883,531,352,231,366,0.6013590033975085,0.6968503937007874,0.6455927051671733,0.606081081081081,583
H1,J1 OR U1,630,1319,629,690,1,160,0.47687642153146326,0.9984126984126984,0.6454592098512058,0.5331081081081082,691
H1,J3 OR U1,630,1319,629,690,1,160,0.47687642153146326,0.9984126984126984,0.6454592098512058,0.5331081081081082,691
U3,J3 B_AND_NOT_A U4,1080,736,586,150,494,250,0.7961956521739131,0.5425925925925926,0.645374449339207,0.5648648648648649,644
U3,F1 XOR H1,1080,644,556,88,524,312,0.8633540372670807,0.5148148148148148,0.6450116009280742,0.5864864864864865,612
F1,J2 OR U4,800,825,524,301,276,379,0.6351515151515151,0.655,0.6449230769230769,0.6101351351351352,577
U4,J2 XOR U3,762,1037,580,457,182,261,0.5593056894889104,0.7611548556430446,0.6448026681489717,0.5682432432432433,639
U4,F1 XOR S1,762,1292,662,630,100,88,0.5123839009287926,0.868766404199475,0.6445959104186952,0.5067567567567568,730
U3,F2 AND U4,1080,571,532,39,548,361,0.9316987740805605,0.4925925925925926,0.644457904300424,0.6033783783783784,587
H1,U2 B_AND_NOT_A U3,630,1080,551,529,79,321,0.5101851851851852,0.8746031746031746,0.6444444444444444,0.5891891891891892,608
U3,H1 A_AND_NOT_B U2,1080,630,551,79,529,321,0.8746031746031746,0.5101851851851852,0.6444444444444444,0.5891891891891892,608
F1,J1 OR U4,800,845,530,315,270,365,0.6272189349112426,0.6625,0.6443768996960486,0.6047297297297297,585
J2,F3 B_AND_NOT_A J5,99,50,48,2,51,1379,0.96,0.48484848484848486,0.6442953020134228,0.9641891891891892,53
H1,F2 OR U1,630,1323,629,694,1,156,0.47543461829176115,0.9984126984126984,0.6441372247823861,0.5304054054054054,695
H1,J2 OR U1,630,1317,627,690,3,160,0.4760820045558087,0.9952380952380953,0.6440677966101696,0.5317567567567567,693
H1,J4 OR U1,630,1317,627,690,3,160,0.4760820045558087,0.9952380952380953,0.6440677966101696,0.5317567567567567,693
H1,J5 OR U1,630,1317,627,690,3,160,0.4760820045558087,0.9952380952380953,0.6440677966101696,0.5317567567567567,693
H1,U1 A_AND_NOT_B U2,630,1317,627,690,3,160,0.4760820045558087,0.9952380952380953,0.6440677966101696,0.5317567567567567,693
U1,H1 A_AND_NOT_B U2,1317,630,627,3,690,160,0.9952380952380953,0.4760820045558087,0.6440677966101696,0.5317567567567567,693
H1,F3 OR U1,630,1318,627,691,3,159,0.4757207890743551,0.9952380952380953,0.6437371663244353,0.5310810810810811,694
H1,U2 OR U3,630,1082,551,531,79,319,0.5092421441774492,0.8746031746031746,0.6436915887850468,0.5878378378378378,610
H1,U2 XOR U3,630,1082,551,531,79,319,0.5092421441774492,0.8746031746031746,0.6436915887850468,0.5878378378378378,610
U3,H1 OR U2,1080,632,551,81,529,319,0.8718354430379747,0.5101851851851852,0.6436915887850467,0.5878378378378378,610
U3,H1 XOR U2,1080,632,551,81,529,319,0.8718354430379747,0.5101851851851852,0.6436915887850467,0.5878378378378378,610
F2,J4 B_AND_NOT_A U4,964,739,548,191,416,325,0.7415426251691475,0.5684647302904564,0.6435701702877276,0.5898648648648649,607
F2,J5 B_AND_NOT_A U4,964,739,548,191,416,325,0.7415426251691475,0.5684647302904564,0.6435701702877276,0.5898648648648649,607
U4,H1 OR U3,762,1159,618,541,144,177,0.5332182916307161,0.8110236220472441,0.6434148880791255,0.5371621621621622,685
U1,H1 OR U2,1317,632,627,5,690,158,0.9920886075949367,0.4760820045558087,0.6434068753206773,0.5304054054054054,695
U1,H1 XOR U2,1317,632,627,5,690,158,0.9920886075949367,0.4760820045558087,0.6434068753206773,0.5304054054054054,695
H1,U1 OR U2,630,1319,627,692,3,158,0.47536012130401817,0.9952380952380953,0.6434068753206772,0.5304054054054054,695
H1,U1 XOR U2,630,1319,627,692,3,158,0.47536012130401817,0.9952380952380953,0.6434068753206772,0.5304054054054054,695
U3,S1 B_AND_NOT_A U4,1080,571,531,40,549,360,0.9299474605954466,0.49166666666666664,0.6432465172622653,0.602027027027027,589
F1,J3 OR U4,800,814,519,295,281,385,0.6375921375921376,0.64875,0.6431226765799257,0.6108108108108108,576
H1,U1 OR U4,630,1323,628,695,2,155,0.47467876039304613,0.9968253968253968,0.6431131592421915,0.529054054054054,697
H1,F1 OR U1,630,1321,627,694,3,156,0.47464042392127176,0.9952380952380953,0.6427473090722706,0.529054054054054,697
U4,J1 XOR U3,762,1034,577,457,185,261,0.558027079303675,0.7572178477690289,0.6425389755011136,0.5662162162162162,642
H1,U1 AND U3,630,1076,548,528,82,322,0.5092936802973977,0.8698412698412699,0.6424384525205158,0.5878378378378378,610
F2,J3 B_AND_NOT_A U4,964,736,546,190,418,326,0.7418478260869565,0.5663900414937759,0.6423529411764706,0.5891891891891892,608
J4,F3 B_AND_NOT_A J2,68,69,44,25,24,1387,0.6376811594202898,0.6470588235294118,0.6423357664233575,0.9668918918918918,49
U3,H1 AND U1,1080,627,548,79,532,321,0.8740031897926634,0.5074074074074074,0.6420620972466314,0.5871621621621622,611
F1,J5 OR U4,800,809,516,293,284,387,0.6378244746600742,0.645,0.6413921690490989,0.6101351351351352,577
J4,J2 A_AND_NOT_B U4,68,63,42,21,26,1391,0.6666666666666666,0.6176470588235294,0.6412213740458016,0.9682432432432433,47
J2,J3 AND U3,99,57,50,7,49,1374,0.8771929824561403,0.5050505050505051,0.641025641025641,0.9621621621621622,56
F1,J4 OR U4,800,807,515,292,285,388,0.6381660470879802,0.64375,0.6409458618543871,0.6101351351351352,577
U3,H1 XOR J1,1080,588,534,54,546,346,0.9081632653061225,0.49444444444444446,0.6402877697841727,0.5945945945945946,600
U3,F2 XOR H1,1080,638,550,88,530,312,0.8620689655172413,0.5092592592592593,0.640279394644936,0.5824324324324325,618
J2,F1 AND J4,99,51,48,3,51,1378,0.9411764705882353,0.48484848484848486,0.64,0.9635135135135136,54
J1,F2 AND J5,132,65,63,2,69,1346,0.9692307692307692,0.4772727272727273,0.6395939086294417,0.952027027027027,71
J1,J3 AND J5,132,65,63,2,69,1346,0.9692307692307692,0.4772727272727273,0.6395939086294417,0.952027027027027,71
J3,F3 B_AND_NOT_A J2,78,69,47,22,31,1380,0.6811594202898551,0.6025641025641025,0.6394557823129252,0.9641891891891892,53
H1,J1 XOR U3,630,1034,532,502,98,348,0.5145067698259188,0.8444444444444444,0.639423076923077,0.5945945945945946,600
U3,J2 B_AND_NOT_A U4,1080,726,577,149,503,251,0.7947658402203857,0.5342592592592592,0.6389811738648947,0.5594594594594594,652
U1,H1 XOR S1,1317,848,690,158,627,5,0.8136792452830188,0.5239179954441914,0.6374133949191686,0.46959459459459457,785
F2,F3 XOR U4,964,730,539,191,425,325,0.7383561643835617,0.5591286307053942,0.6363636363636365,0.5837837837837838,616
U1,F3 XOR H1,1317,620,616,4,701,159,0.9935483870967742,0.4677296886864085,0.6360351058337635,0.5236486486486487,705
U3,H1 XOR J2,1080,593,532,61,548,339,0.897133220910624,0.4925925925925926,0.6359832635983262,0.5885135135135136,609
J1,F2 AND J4,132,63,62,1,70,1347,0.9841269841269841,0.4696969696969697,0.6358974358974359,0.952027027027027,71
H1,F1 A_AND_NOT_B U4,630,317,301,16,329,834,0.9495268138801262,0.4777777777777778,0.6356916578669484,0.7668918918918919,345
U1,U3 XOR U4,1317,622,616,6,701,157,0.9903536977491961,0.4677296886864085,0.6353790613718412,0.5222972972972973,707
U3,F3 XOR H1,1080,620,540,80,540,320,0.8709677419354839,0.5,0.6352941176470588,0.581081081081081,620
U3,J1 B_AND_NOT_A U4,1080,713,569,144,511,256,0.7980364656381487,0.5268518518518519,0.6346904629113219,0.5574324324324325,655
H1,J2 XOR U3,630,1037,529,508,101,342,0.5101253616200578,0.8396825396825397,0.6346730653869225,0.5885135135135136,609
F2,J2 B_AND_NOT_A U4,964,726,536,190,428,326,0.7382920110192838,0.5560165975103735,0.6343195266272189,0.5824324324324325,618
H1,J5 XOR U3,630,1048,532,516,98,334,0.5076335877862596,0.8444444444444444,0.634088200238379,0.5851351351351352,614
F1,U3 AND U4,800,610,446,164,354,516,0.7311475409836066,0.5575,0.6326241134751774,0.65,518
U3,H1 XOR J5,1080,590,528,62,552,338,0.8949152542372881,0.4888888888888889,0.6323353293413173,0.5851351351351352,614
J1,J4 AND J5,132,61,61,0,71,1348,1.0,0.4621212121212121,0.6321243523316061,0.952027027027027,71
H1,J4 XOR U3,630,1044,529,515,101,335,0.5067049808429118,0.8396825396825397,0.6320191158900836,0.5837837837837838,616
U3,H1 XOR J4,1080,594,529,65,551,335,0.8905723905723906,0.4898148148148148,0.6320191158900836,0.5837837837837838,616
U1,U3 AND U4,1317,610,608,2,709,161,0.9967213114754099,0.4616552771450266,0.6310326933056565,0.5195945945945946,711
F2,H1 OR J1,964,675,517,158,447,358,0.7659259259259259,0.5363070539419087,0.6308724832214766,0.5912162162162162,605
H1,J3 XOR U3,630,1044,528,516,102,334,0.5057471264367817,0.8380952380952381,0.6308243727598567,0.5824324324324325,618
U1,H1 XOR U3,1317,608,607,1,710,162,0.9983552631578947,0.46089597570235386,0.6306493506493507,0.5195945945945946,711
U3,H1 XOR J3,1080,586,524,62,556,338,0.89419795221843,0.48518518518518516,0.6290516206482593,0.5824324324324325,618
J5,J1 AND U3,70,89,50,39,20,1371,0.5617977528089888,0.7142857142857143,0.6289308176100629,0.9601351351351352,59
U3,F3 XOR U4,1080,730,569,161,511,239,0.7794520547945205,0.5268518518518519,0.6287292817679558,0.5459459459459459,672
F2,J1 B_AND_NOT_A U4,964,713,527,186,437,330,0.7391304347826086,0.5466804979253111,0.6285032796660702,0.5790540540540541,623
F1,J3 XOR U4,800,788,499,289,301,391,0.633248730964467,0.62375,0.628463476070529,0.6013513513513513,590
F1,J5 XOR U4,800,786,497,289,303,391,0.6323155216284987,0.62125,0.6267339218158889,0.6,592
F1,J4 XOR U4,800,784,496,288,304,392,0.6326530612244898,0.62,0.6262626262626263,0.6,592
H1,F2 XOR U4,630,584,380,204,250,646,0.6506849315068494,0.6031746031746031,0.6260296540362439,0.6932432432432433,454
U1,F3 OR S1,1317,830,672,158,645,5,0.8096385542168675,0.510250569476082,0.6259897531439218,0.4574324324324324,803
F1,F2 A_AND_NOT_B H1,800,486,402,84,398,596,0.8271604938271605,0.5025,0.6251944012441678,0.6743243243243243,482
U1,F3 XOR S1,1317,828,670,158,647,5,0.8091787439613527,0.5087319665907365,0.6247086247086248,0.4560810810810811,805
J3,J2 A_AND_NOT_B U4,78,63,44,19,34,1383,0.6984126984126984,0.5641025641025641,0.624113475177305,0.9641891891891892,53
F2,H1 OR J2,964,661,505,156,459,360,0.7639939485627837,0.5238589211618258,0.6215384615384616,0.5844594594594594,615
U3,H1 A_AND_NOT_B J5,1080,575,514,61,566,339,0.8939130434782608,0.4759259259259259,0.6211480362537763,0.5763513513513514,627
F1,J2 XOR U4,800,789,493,296,307,384,0.6248415716096325,0.61625,0.6205160478288232,0.5925675675675676,603
H1,J4 B_AND_NOT_A U3,630,1028,514,514,116,336,0.5,0.8158730158730159,0.6200241254523522,0.5743243243243243,630
U3,H1 A_AND_NOT_B J4,1080,578,514,64,566,336,0.889273356401384,0.4759259259259259,0.6200241254523522,0.5743243243243243,630
H1,J5 B_AND_NOT_A U3,630,1029,514,515,116,335,0.49951409135082603,0.8158730158730159,0.6196503918022905,0.5736486486486486,631
F1,J1 XOR U4,800,796,494,302,306,378,0.6206030150753769,0.6175,0.6190476190476191,0.5891891891891892,608
U4,F1 OR U2,762,802,484,318,278,400,0.6034912718204489,0.6351706036745407,0.618925831202046,0.5972972972972973,596
U4,F1 XOR U2,762,802,484,318,278,400,0.6034912718204489,0.6351706036745407,0.618925831202046,0.5972972972972973,596
F1,U2 B_AND_NOT_A U4,800,761,483,278,317,402,0.6346911957950065,0.60375,0.6188340807174888,0.597972972972973,595
U4,F2 OR H1,762,1116,581,535,181,183,0.5206093189964157,0.7624671916010499,0.6187433439829606,0.5162162162162162,716
U4,F1 OR F3,762,803,484,319,278,399,0.6027397260273972,0.6351706036745407,0.6185303514376996,0.5966216216216216,597
U1,H1 XOR J4,1317,594,591,3,726,160,0.9949494949494949,0.44874715261959,0.618524332810047,0.5074324324324324,729
F1,U2 XOR U4,800,762,483,279,317,401,0.6338582677165354,0.60375,0.6184379001280409,0.5972972972972973,596
U4,F1 A_AND_NOT_B U2,762,800,483,317,279,401,0.60375,0.6338582677165354,0.6184379001280409,0.5972972972972973,596
F1,U1 AND U4,800,756,481,275,319,405,0.6362433862433863,0.60125,0.6182519280205655,0.5986486486486486,594
F1,U2 OR U4,800,763,483,280,317,400,0.6330275229357798,0.60375,0.6180422264875239,0.5966216216216216,597
U1,H1 XOR J2,1317,593,590,3,727,160,0.9949409780775716,0.44798785117691725,0.617801047120419,0.5067567567567568,730
U4,F1 AND U1,762,796,481,315,281,403,0.6042713567839196,0.631233595800525,0.6174582798459565,0.5972972972972973,596
H1,J2 B_AND_NOT_A U3,630,1009,506,503,124,347,0.5014866204162537,0.8031746031746032,0.6174496644295303,0.5763513513513514,627
U4,F1 OR J3,762,822,489,333,273,385,0.5948905109489051,0.6417322834645669,0.6174242424242424,0.5905405405405405,606
U3,H1 A_AND_NOT_B J3,1080,569,509,60,571,340,0.8945518453427065,0.47129629629629627,0.6173438447543966,0.5736486486486486,631
F2,F1 XOR H1,964,644,496,148,468,368,0.7701863354037267,0.5145228215767634,0.616915422885572,0.5837837837837838,616
U4,F1 OR J4,762,817,487,330,275,388,0.5960832313341493,0.6391076115485564,0.6168461051298291,0.5912162162162162,605
U1,F1 XOR U4,1317,596,590,6,727,157,0.9899328859060402,0.44798785117691725,0.6168322007318349,0.5047297297297297,733
F2,S1 XOR U4,964,894,573,321,391,195,0.6409395973154363,0.5943983402489627,0.6167922497308935,0.518918918918919,712
U4,F1 OR J5,762,818,487,331,275,387,0.5953545232273839,0.6391076115485564,0.6164556962025317,0.5905405405405405,606
J2,J5 A_AND_NOT_B U4,99,47,45,2,54,1379,0.9574468085106383,0.45454545454545453,0.6164383561643836,0.9621621621621622,56
U3,H1 A_AND_NOT_B J2,1080,562,506,56,574,344,0.900355871886121,0.4685185185185185,0.6163215590742996,0.5743243243243243,630
U4,F1 AND F2,762,786,477,309,285,409,0.6068702290076335,0.6259842519685039,0.6162790697674418,0.5986486486486486,594
U1,H1 XOR J1,1317,588,587,1,730,162,0.9982993197278912,0.44570994684889903,0.6162729658792651,0.5060810810810811,731
H1,J3 B_AND_NOT_A U3,630,1023,509,514,121,336,0.4975562072336266,0.807936507936508,0.6158499697519662,0.5709459459459459,635
U4,F1 OR J1,762,849,496,353,266,365,0.5842167255594818,0.6509186351706037,0.6157666045934203,0.5817567567567568,619
U1,H1 XOR J5,1317,590,587,3,730,160,0.9949152542372881,0.44570994684889903,0.615626638699528,0.5047297297297297,733
U3,H1 OR S1,1080,996,639,357,441,43,0.641566265060241,0.5916666666666667,0.6156069364161849,0.4608108108108108,798
U4,F1 A_AND_NOT_B S1,762,789,477,312,285,406,0.6045627376425855,0.6259842519685039,0.6150870406189555,0.5966216216216216,597
U4,F1 A_AND_NOT_B J3,762,744,463,281,299,437,0.6223118279569892,0.6076115485564304,0.6148738379814077,0.6081081081081081,580
U1,H1 XOR J3,1317,586,585,1,732,162,0.9982935153583617,0.44419134396355353,0.6148187073042564,0.5047297297297297,733
H1,F2 OR J1,630,990,498,492,132,358,0.503030303030303,0.7904761904761904,0.6148148148148148,0.5783783783783784,624
U4,F1 A_AND_NOT_B J5,762,748,464,284,298,434,0.6203208556149733,0.6089238845144357,0.6145695364238412,0.6067567567567568,582
H1,J1 B_AND_NOT_A U3,630,991,498,493,132,357,0.5025227043390514,0.7904761904761904,0.6144355336212215,0.5777027027027027,625
U4,F1 OR J2,762,827,488,339,274,379,0.5900846432889963,0.6404199475065617,0.6142227816236626,0.5858108108108108,613
U4,F1 A_AND_NOT_B J4,762,749,464,285,298,433,0.6194926568758344,0.6089238845144357,0.614162806088683,0.606081081081081,583
U4,F1 XOR J3,762,766,469,297,293,421,0.6122715404699739,0.615485564304462,0.6138743455497383,0.6013513513513513,590
U3,H1 A_AND_NOT_B J1,1080,543,498,45,582,355,0.9171270718232044,0.46111111111111114,0.6136783733826249,0.5763513513513514,627
U4,F1 XOR J4,762,766,468,298,294,420,0.6109660574412533,0.6141732283464567,0.6125654450261782,0.6,592
U4,F1 XOR J5,762,766,468,298,294,420,0.6109660574412533,0.6141732283464567,0.6125654450261782,0.6,592
F2,H1 OR J3,964,647,493,154,471,362,0.7619783616692427,0.5114107883817427,0.612042209807573,0.5777027027027027,625
H1,J4 B_AND_NOT_A U1,630,1249,575,674,55,176,0.46036829463570855,0.9126984126984127,0.6120276742948376,0.5074324324324324,729
H1,J4 XOR U1,630,1249,575,674,55,176,0.46036829463570855,0.9126984126984127,0.6120276742948376,0.5074324324324324,729
F2,H1 OR J4,964,646,492,154,472,362,0.7616099071207431,0.5103734439834025,0.6111801242236025,0.577027027027027,626
F2,H1 OR J5,964,645,491,154,473,362,0.7612403100775194,0.5093360995850622,0.6103169670602858,0.5763513513513514,627
U1,F3 B_AND_NOT_A U4,1317,587,581,6,736,157,0.989778534923339,0.4411541381928626,0.6102941176470589,0.49864864864864866,742
U4,S1 XOR U1,762,1117,573,544,189,174,0.5129811996418979,0.7519685039370079,0.6098988823842468,0.5047297297297297,733
H1,J5 B_AND_NOT_A U1,630,1247,572,675,58,175,0.458700882117081,0.9079365079365079,0.6094832179009056,0.5047297297297297,733
H1,J5 XOR U1,630,1247,572,675,58,175,0.458700882117081,0.9079365079365079,0.6094832179009056,0.5047297297297297,733
J3,J1 A_AND_NOT_B U4,78,83,49,34,29,1368,0.5903614457831325,0.6282051282051282,0.6086956521739131,0.9574324324324325,63
H1,J3 XOR U1,630,1243,570,673,60,177,0.4585679806918745,0.9047619047619048,0.608649225840897,0.5047297297297297,733
H1,J3 B_AND_NOT_A U1,630,1241,568,673,62,177,0.45769540692989524,0.9015873015873016,0.6071619454836986,0.5033783783783784,735
J2,F3 B_AND_NOT_A J4,99,46,44,2,55,1379,0.9565217391304348,0.4444444444444444,0.6068965517241379,0.9614864864864865,57
F2,H1 XOR U3,964,608,477,131,487,385,0.7845394736842105,0.4948132780082988,0.6068702290076335,0.5824324324324325,618
U1,H1 A_AND_NOT_B J4,1317,578,575,3,742,160,0.9948096885813149,0.43659832953682615,0.6068601583113458,0.4966216216216216,745
U4,F1 A_AND_NOT_B J2,762,728,452,276,310,442,0.6208791208791209,0.5931758530183727,0.6067114093959731,0.6040540540540541,586
J2,F3 B_AND_NOT_A J3,99,56,47,9,52,1372,0.8392857142857143,0.47474747474747475,0.6064516129032258,0.9587837837837838,61
H1,F2 OR J2,630,977,487,490,143,360,0.4984646878198567,0.773015873015873,0.6060983198506534,0.5722972972972973,633
U1,F2 XOR U4,1317,584,576,8,741,155,0.9863013698630136,0.43735763097949887,0.6059968437664387,0.4939189189189189,749
H1,F1 OR F2,630,978,487,491,143,359,0.49795501022494887,0.773015873015873,0.6057213930348259,0.5716216216216217,634
J3,F3 B_AND_NOT_A J1,78,97,53,44,25,1358,0.5463917525773195,0.6794871794871795,0.6057142857142856,0.9533783783783784,69
F1,H1 A_AND_NOT_B S1,800,482,388,94,412,586,0.8049792531120332,0.485,0.6053042121684867,0.6581081081081082,506
H1,J2 B_AND_NOT_A U1,630,1218,559,659,71,191,0.45894909688013136,0.8873015873015873,0.604978354978355,0.5067567567567568,730
H1,J2 XOR U1,630,1218,559,659,71,191,0.45894909688013136,0.8873015873015873,0.604978354978355,0.5067567567567568,730
U1,H1 A_AND_NOT_B J5,1317,575,572,3,745,160,0.9947826086956522,0.43432042520880787,0.6046511627906976,0.4945945945945946,748
U4,F1 A_AND_NOT_B J1,762,717,447,270,315,448,0.6234309623430963,0.5866141732283464,0.6044624746450304,0.6047297297297297,585
H1,S1 B_AND_NOT_A U1,630,960,480,480,150,370,0.5,0.7619047619047619,0.6037735849056604,0.5743243243243243,630
F1,F3 OR J2,800,387,358,29,442,651,0.9250645994832042,0.4475,0.6032013479359731,0.6817567567567567,471
F1,J4 B_AND_NOT_A U4,800,739,464,275,336,405,0.6278755074424899,0.58,0.6029889538661468,0.5871621621621622,611
F1,J5 B_AND_NOT_A U4,800,739,464,275,336,405,0.6278755074424899,0.58,0.6029889538661468,0.5871621621621622,611
F1,J3 B_AND_NOT_A U4,800,736,463,273,337,407,0.6290760869565217,0.57875,0.6028645833333333,0.5878378378378378,610
U1,F2 AND U4,1317,571,569,2,748,161,0.9964973730297724,0.43204252088078965,0.6027542372881356,0.49324324324324326,750
U1,S1 B_AND_NOT_A U4,1317,571,569,2,748,161,0.9964973730297724,0.43204252088078965,0.6027542372881356,0.49324324324324326,750
U4,F1 XOR J2,762,755,457,298,305,420,0.6052980132450331,0.5997375328083989,0.6025049439683586,0.5925675675675676,603
H1,F2 OR J3,630,970,482,488,148,362,0.49690721649484537,0.765079365079365,0.6025,0.5702702702702702,636
U1,H1 A_AND_NOT_B J3,1317,569,568,1,749,162,0.9982425307557118,0.4312832194381169,0.6023329798515377,0.49324324324324326,750
U4,F1 XOR J1,762,766,460,306,302,412,0.6005221932114883,0.6036745406824147,0.6020942408376962,0.5891891891891892,608
H1,F2 OR J4,630,969,481,488,149,362,0.49638802889576883,0.7634920634920634,0.6016260162601625,0.5695945945945946,637
H1,F2 OR J5,630,969,481,488,149,362,0.49638802889576883,0.7634920634920634,0.6016260162601625,0.5695945945945946,637
J1,H1 AND J3,132,61,58,3,74,1345,0.9508196721311475,0.4393939393939394,0.6010362694300517,0.947972972972973,77
F1,F2 AND H1,800,478,384,94,416,586,0.803347280334728,0.48,0.6009389671361502,0.6554054054054054,510
H1,U3 OR U4,630,1232,559,673,71,177,0.4537337662337662,0.8873015873015873,0.6004296455424275,0.4972972972972973,744
U4,F1 AND U3,762,725,446,279,316,439,0.6151724137931035,0.5853018372703412,0.5998655010087425,0.597972972972973,595
F2,H1 A_AND_NOT_B U2,964,630,478,152,486,364,0.7587301587301587,0.495850622406639,0.5997490589711418,0.5689189189189189,638
H1,F2 OR F3,630,964,478,486,152,364,0.495850622406639,0.7587301587301587,0.5997490589711418,0.5689189189189189,638
H1,F2 A_AND_NOT_B U2,630,964,478,486,152,364,0.495850622406639,0.7587301587301587,0.5997490589711418,0.5689189189189189,638
H1,F2 AND U1,630,958,476,482,154,368,0.4968684759916493,0.7555555555555555,0.5994962216624685,0.5702702702702702,636
F1,F3 OR J1,800,415,364,51,436,629,0.8771084337349397,0.455,0.5991769547325102,0.6709459459459459,487
F2,H1 OR U2,964,632,478,154,486,362,0.7563291139240507,0.495850622406639,0.5989974937343359,0.5675675675675675,640
F2,H1 XOR U2,964,632,478,154,486,362,0.7563291139240507,0.495850622406639,0.5989974937343359,0.5675675675675675,640
H1,F2 OR U2,630,966,478,488,152,362,0.494824016563147,0.7587301587301587,0.5989974937343358,0.5675675675675675,640
H1,F2 XOR U2,630,966,478,488,152,362,0.494824016563147,0.7587301587301587,0.5989974937343358,0.5675675675675675,640
U3,H1 XOR U1,1080,693,531,162,549,238,0.7662337662337663,0.49166666666666664,0.5989847715736041,0.5195945945945946,711
F2,H1 AND U1,964,627,476,151,488,365,0.759170653907496,0.49377593360995853,0.5983658076681332,0.5682432432432433,639
H1,J1 XOR U1,630,1189,544,645,86,205,0.4575273338940286,0.8634920634920635,0.5981308411214953,0.5060810810810811,731
H1,S1 OR U1,630,1474,628,846,2,4,0.4260515603799186,0.9968253968253968,0.596958174904943,0.42702702702702705,848
U3,H1 B_AND_NOT_A U1,1080,690,528,162,552,238,0.7652173913043478,0.4888888888888889,0.5966101694915253,0.5175675675675676,714
H1,J1 B_AND_NOT_A U1,630,1187,542,645,88,205,0.45661331086773377,0.8603174603174604,0.596587782058338,0.5047297297297297,733
F1,F3 OR J3,800,374,350,24,450,656,0.9358288770053476,0.4375,0.596252129471891,0.6797297297297298,474
F1,F3 OR J5,800,368,348,20,452,660,0.9456521739130435,0.435,0.5958904109589042,0.6810810810810811,472
U1,H1 A_AND_NOT_B J2,1317,562,559,3,758,160,0.994661921708185,0.42444950645406226,0.5949973390101118,0.4858108108108108,761
H1,F2 A_AND_NOT_B S1,630,950,470,480,160,370,0.49473684210526314,0.746031746031746,0.5949367088607594,0.5675675675675675,640
U4,F1 XOR H1,762,644,417,227,345,491,0.6475155279503105,0.547244094488189,0.593172119487909,0.6135135135135135,572
F1,F3 OR J4,800,364,345,19,455,661,0.9478021978021978,0.43125,0.5927835051546392,0.6797297297297298,474
F1,J2 B_AND_NOT_A U4,800,726,452,274,348,406,0.6225895316804407,0.565,0.5923984272608126,0.5797297297297297,622
F2,H1 B_AND_NOT_A U3,964,529,442,87,522,429,0.8355387523629489,0.45850622406639,0.5920964501004689,0.5885135135135136,609
F2,F3 XOR H1,964,620,468,152,496,364,0.7548387096774194,0.4854771784232365,0.5909090909090909,0.5621621621621622,648
F1,J1 B_AND_NOT_A U4,800,713,447,266,353,414,0.6269284712482468,0.55875,0.5908790482485128,0.5817567567567568,619
H1,F2 OR S1,630,1464,618,846,12,4,0.42213114754098363,0.9809523809523809,0.5902578796561605,0.42027027027027025,858
J5,J1 A_AND_NOT_B U4,70,83,45,38,25,1372,0.5421686746987951,0.6428571428571429,0.5882352941176471,0.9574324324324325,63
F1,F3 XOR U4,800,730,450,280,350,400,0.6164383561643836,0.5625,0.5882352941176471,0.5743243243243243,630
U1,H1 AND U3,1317,551,548,3,769,160,0.9945553539019963,0.4160971905846621,0.5867237687366167,0.4783783783783784,772
H1,F2 XOR S1,630,1450,610,840,20,10,0.4206896551724138,0.9682539682539683,0.5865384615384616,0.4189189189189189,860
F2,F1 A_AND_NOT_B H1,964,407,402,5,562,511,0.9877149877149877,0.4170124481327801,0.5864332603938731,0.6168918918918919,567
F2,H1 AND U3,964,551,443,108,521,408,0.8039927404718693,0.45954356846473027,0.5848184818481847,0.575,629
H1,F2 AND U3,630,885,443,442,187,408,0.5005649717514125,0.7031746031746032,0.5848184818481847,0.575,629
H1,S1 B_AND_NOT_A U3,630,883,442,441,188,409,0.5005662514156285,0.7015873015873015,0.5842696629213482,0.575,629
F2,H1 XOR U1,964,693,484,209,480,307,0.6984126984126984,0.5020746887966805,0.584188292094146,0.5344594594594595,689
J2,J4 A_AND_NOT_B U4,99,45,42,3,57,1378,0.9333333333333333,0.42424242424242425,0.5833333333333333,0.9594594594594594,60
F2,H1 B_AND_NOT_A U1,964,690,482,208,482,308,0.6985507246376812,0.5,0.5828295042321645,0.5337837837837838,690
U1,H1 A_AND_NOT_B J1,1317,543,542,1,775,162,0.998158379373849,0.41154138192862566,0.5827956989247313,0.4756756756756757,776
J2,J3 A_AND_NOT_B U4,99,52,44,8,55,1373,0.8461538461538461,0.4444444444444444,0.5827814569536425,0.9574324324324325,63
J4,J1 A_AND_NOT_B U4,68,83,44,39,24,1373,0.5301204819277109,0.6470588235294118,0.5827814569536424,0.9574324324324325,63
H1,S1 OR U3,630,1397,590,807,40,43,0.42233357193987114,0.9365079365079365,0.5821410952146029,0.4277027027027027,847
J1,J3 AND U3,132,57,55,2,77,1346,0.9649122807017544,0.4166666666666667,0.582010582010582,0.9466216216216217,79
H1,F1 OR J1,630,849,429,420,201,430,0.5053003533568905,0.680952380952381,0.5801217038539553,0.5804054054054054,621
U3,H1 B_AND_NOT_A U4,1080,644,500,144,580,256,0.7763975155279503,0.46296296296296297,0.580046403712297,0.5108108108108108,724
F2,H1 XOR J1,964,588,450,138,514,378,0.7653061224489796,0.46680497925311204,0.5798969072164949,0.5594594594594594,652
F1,H1 OR J1,800,675,425,250,375,430,0.6296296296296297,0.53125,0.5762711864406779,0.5777027027027027,625
F2,H1 B_AND_NOT_A U4,964,644,463,181,501,335,0.718944099378882,0.4802904564315353,0.5758706467661692,0.5391891891891892,682
J5,F3 B_AND_NOT_A J1,70,97,48,49,22,1361,0.4948453608247423,0.6857142857142857,0.5748502994011976,0.952027027027027,71
F1,F3 XOR J5,800,348,329,19,471,661,0.9454022988505747,0.41125,0.573170731707317,0.668918918918919,490
F2,H1 XOR J2,964,593,446,147,518,369,0.7521079258010118,0.46265560165975106,0.5728965960179833,0.5506756756756757,665
U1,H1 B_AND_NOT_A U3,1317,529,528,1,789,162,0.998109640831758,0.4009111617312073,0.5720476706392199,0.46621621621621623,790
U4,F3 XOR U3,762,808,449,359,313,359,0.5556930693069307,0.589238845144357,0.5719745222929937,0.5459459459459459,672
F1,F2 XOR H1,800,638,411,227,389,453,0.6442006269592476,0.51375,0.5716272600834492,0.5837837837837838,616
U4,F3 B_AND_NOT_A U3,762,785,442,343,320,375,0.5630573248407643,0.5800524934383202,0.5714285714285715,0.552027027027027,663
F1,F3 XOR J3,800,352,329,23,471,657,0.9346590909090909,0.41125,0.5711805555555556,0.6662162162162162,494
F1,H1 OR J2,800,661,417,244,383,436,0.6308623298033282,0.52125,0.5708418891170431,0.5763513513513514,627
U3,U1 XOR U4,1080,567,470,97,610,303,0.8289241622574955,0.4351851851851852,0.5707346690953248,0.5222972972972973,707
U3,F1 AND U4,1080,483,446,37,634,363,0.9233954451345756,0.412962962962963,0.5706973768394114,0.5466216216216216,671
F3,F1 AND F2,318,786,315,471,3,691,0.40076335877862596,0.9905660377358491,0.5706521739130435,0.6797297297297298,474
U3,U1 A_AND_NOT_B U4,1080,561,468,93,612,307,0.8342245989304813,0.43333333333333335,0.5703839122486289,0.5236486486486487,705
H1,F2 XOR J1,630,884,431,453,199,397,0.48755656108597284,0.6841269841269841,0.5693527080581241,0.5594594594594594,652
F1,S1 XOR U4,800,894,482,412,318,268,0.5391498881431768,0.6025,0.5690672963400236,0.5067567567567568,730
H1,F3 XOR U3,630,808,409,399,221,451,0.5061881188118812,0.6492063492063492,0.56884561891516,0.581081081081081,620
F1,F3 XOR J2,800,357,329,28,471,652,0.9215686274509803,0.41125,0.5687121866897148,0.6628378378378378,499
U3,F2 AND H1,1080,478,443,35,637,365,0.9267782426778243,0.4101851851851852,0.5686777920410784,0.5459459459459459,672
F2,H1 XOR J4,964,594,443,151,521,365,0.7457912457912458,0.45954356846473027,0.5686777920410783,0.5459459459459459,672
H1,F3 B_AND_NOT_A U1,630,1000,463,537,167,313,0.463,0.734920634920635,0.5680981595092024,0.5243243243243243,704
H1,F3 XOR U1,630,1001,463,538,167,312,0.46253746253746253,0.734920634920635,0.5677498467198038,0.5236486486486487,705
F1,F3 XOR J4,800,342,324,18,476,662,0.9473684210526315,0.405,0.5674255691768826,0.6662162162162162,494
H1,F1 OR J2,630,827,413,414,217,436,0.49939540507859737,0.6555555555555556,0.5669183253260123,0.5736486486486486,631
J1,H1 AND J5,132,55,53,2,79,1346,0.9636363636363636,0.4015151515151515,0.5668449197860962,0.9452702702702702,81
F2,F1 AND H1,964,393,384,9,580,507,0.9770992366412213,0.3983402489626556,0.5659543109801032,0.602027027027027,589
U3,H1 A_AND_NOT_B S1,1080,482,442,40,638,360,0.91701244813278,0.40925925925925927,0.5659411011523687,0.5418918918918919,678
U4,F1 OR H1,762,1037,509,528,253,190,0.49083895853423337,0.6679790026246719,0.565869927737632,0.4722972972972973,781
F3,F1 A_AND_NOT_B S1,318,789,313,476,5,686,0.39670468948035487,0.9842767295597484,0.5654923215898826,0.675,481
F1,H1 XOR U3,800,608,398,210,402,470,0.6546052631578947,0.4975,0.5653409090909091,0.5864864864864865,612
F2,S1 OR U4,964,1085,579,506,385,10,0.5336405529953917,0.6006224066390041,0.5651537335285505,0.39797297297297296,891
F2,H1 XOR J5,964,590,439,151,525,365,0.7440677966101695,0.4553941908713693,0.564993564993565,0.5432432432432432,676
F1,F3 XOR U3,800,808,454,354,346,326,0.5618811881188119,0.5675,0.5646766169154229,0.527027027027027,700
U3,F2 A_AND_NOT_B H1,1080,486,442,44,638,356,0.9094650205761317,0.40925925925925927,0.5644955300127714,0.5391891891891892,682
F2,F3 OR J1,964,415,389,26,575,490,0.9373493975903614,0.40352697095435686,0.5641769398114576,0.5939189189189189,601
J1,F1 AND J3,132,56,53,3,79,1345,0.9464285714285714,0.4015151515151515,0.5638297872340424,0.9445945945945946,82
J1,F3 B_AND_NOT_A J3,132,56,53,3,79,1345,0.9464285714285714,0.4015151515151515,0.5638297872340424,0.9445945945945946,82
F3,F1 AND U1,318,796,314,482,4,680,0.3944723618090452,0.9874213836477987,0.5637342908438061,0.6716216216216216,486
F1,F2 AND F3,800,318,315,3,485,677,0.9905660377358491,0.39375,0.5635062611806798,0.6702702702702703,488
F1,F3 A_AND_NOT_B U2,800,318,315,3,485,677,0.9905660377358491,0.39375,0.5635062611806798,0.6702702702702703,488
F3,F1 A_AND_NOT_B U2,318,800,315,485,3,677,0.39375,0.9905660377358491,0.5635062611806798,0.6702702702702703,488
H1,F2 XOR J2,630,891,428,463,202,387,0.48035914702581367,0.6793650793650794,0.5627876397107167,0.5506756756756757,665
F2,H1 XOR J3,964,586,436,150,528,366,0.7440273037542662,0.45228215767634855,0.5625806451612904,0.5418918918918919,678
H1,F3 B_AND_NOT_A U3,630,785,398,387,232,463,0.5070063694267516,0.6317460317460317,0.5625441696113075,0.5817567567567568,619
F1,F3 OR U2,800,320,315,5,485,675,0.984375,0.39375,0.5625,0.668918918918919,490
F1,F3 XOR U2,800,320,315,5,485,675,0.984375,0.39375,0.5625,0.668918918918919,490
F3,F1 OR U2,318,802,315,487,3,675,0.39276807980049877,0.9905660377358491,0.5625,0.668918918918919,490
F3,F1 XOR U2,318,802,315,487,3,675,0.39276807980049877,0.9905660377358491,0.5625,0.668918918918919,490
U4,F2 A_AND_NOT_B F3,762,646,396,250,366,468,0.6130030959752322,0.5196850393700787,0.5625,0.5837837837837838,616
U4,F2 XOR F3,762,646,396,250,366,468,0.6130030959752322,0.5196850393700787,0.5625,0.5837837837837838,616
H1,F2 XOR J4,630,906,432,474,198,376,0.4768211920529801,0.6857142857142857,0.5625,0.5459459459459459,672
F1,F3 AND U1,800,317,314,3,486,677,0.9905362776025236,0.3925,0.5622202327663384,0.6695945945945946,489
H1,F1 OR J3,630,822,408,414,222,436,0.49635036496350365,0.6476190476190476,0.5619834710743802,0.5702702702702702,636
F3,F1 AND U3,318,725,293,432,25,730,0.40413793103448276,0.9213836477987422,0.5618408437200384,0.6912162162162162,457
F1,F3 A_AND_NOT_B S1,800,316,313,3,487,677,0.990506329113924,0.39125,0.5609318996415771,0.668918918918919,490
H1,F2 A_AND_NOT_B J4,630,901,429,472,201,378,0.47613762486126526,0.680952380952381,0.5604180274330504,0.5452702702702703,673
H1,F1 OR J5,630,818,405,413,225,437,0.49511002444987773,0.6428571428571429,0.5593922651933702,0.5689189189189189,638
F1,F3 XOR J1,800,380,330,50,470,630,0.868421052631579,0.4125,0.5593220338983051,0.6486486486486487,520
H1,F2 XOR J5,630,904,429,475,201,375,0.4745575221238938,0.680952380952381,0.559322033898305,0.5432432432432432,676
H1,F1 OR J4,630,817,404,413,226,437,0.4944920440636475,0.6412698412698413,0.5583966827919835,0.5682432432432433,639
U1,H1 A_AND_NOT_B U4,1317,512,510,2,807,161,0.99609375,0.38724373576309795,0.5576817933296884,0.45337837837837835,809
F1,H1 OR J4,800,646,403,243,397,437,0.6238390092879257,0.50375,0.5573997233748271,0.5675675675675675,640
H1,F2 A_AND_NOT_B J5,630,899,426,473,204,377,0.4738598442714127,0.6761904761904762,0.5572269457161545,0.5425675675675675,677
F1,H1 OR J3,800,647,403,244,397,436,0.6228748068006182,0.50375,0.5570145127850725,0.5668918918918919,641
F3,F1 OR J4,318,817,316,501,2,661,0.386780905752754,0.9937106918238994,0.5568281938325992,0.6601351351351351,503
F2,H1 A_AND_NOT_B J4,964,578,429,149,535,367,0.7422145328719724,0.4450207468879668,0.556420233463035,0.5378378378378378,684
F1,H1 OR J5,800,645,402,243,398,437,0.6232558139534884,0.5025,0.556401384083045,0.5668918918918919,641
F3,F1 OR J5,318,818,316,502,2,660,0.3863080684596577,0.9937106918238994,0.556338028169014,0.6594594594594595,504
H1,F2 XOR J3,630,898,425,473,205,377,0.4732739420935412,0.6746031746031746,0.556282722513089,0.5418918918918919,678
H1,F2 A_AND_NOT_B J2,630,878,419,459,211,391,0.4772209567198178,0.665079365079365,0.5557029177718832,0.5472972972972973,670
F3,F1 A_AND_NOT_B J5,318,748,296,452,22,710,0.39572192513368987,0.9308176100628931,0.5553470919324578,0.6797297297297298,474
H1,F1 OR S1,630,1303,536,767,94,83,0.4113584036838066,0.8507936507936508,0.554578375581997,0.41824324324324325,861
F3,F1 OR J3,318,822,316,506,2,656,0.3844282238442822,0.9937106918238994,0.5543859649122806,0.6567567567567567,508
J1,H1 AND J4,132,52,51,1,81,1347,0.9807692307692307,0.38636363636363635,0.5543478260869565,0.9445945945945946,82
J1,J4 AND U3,132,52,51,1,81,1347,0.9807692307692307,0.38636363636363635,0.5543478260869565,0.9445945945945946,82
U3,H1 A_AND_NOT_B U4,1080,512,441,71,639,329,0.861328125,0.4083333333333333,0.5540201005025126,0.5202702702702703,710
F3,F1 A_AND_NOT_B J3,318,744,294,450,24,712,0.3951612903225806,0.9245283018867925,0.5536723163841808,0.6797297297297298,474
F2,F3 OR J2,964,387,374,13,590,503,0.9664082687338501,0.3879668049792531,0.5536639526276832,0.5925675675675676,603
F2,H1 A_AND_NOT_B J5,964,575,426,149,538,367,0.7408695652173913,0.44190871369294604,0.5536062378167641,0.5358108108108108,687
U3,F1 XOR F3,1080,488,434,54,646,346,0.889344262295082,0.40185185185185185,0.5535714285714285,0.527027027027027,700
H1,F2 A_AND_NOT_B J3,630,892,421,471,209,379,0.47197309417040356,0.6682539682539682,0.5532194480946123,0.5405405405405406,680
H1,F1 XOR S1,630,1292,531,761,99,89,0.41099071207430343,0.8428571428571429,0.5525494276795005,0.4189189189189189,860
H1,F2 A_AND_NOT_B J1,630,858,411,447,219,403,0.479020979020979,0.6523809523809524,0.5524193548387096,0.55,666
U3,F1 A_AND_NOT_B F3,1080,485,432,53,648,347,0.8907216494845361,0.4,0.552076677316294,0.5263513513513514,701
F3,F1 OR J2,318,827,316,511,2,651,0.38210399032648124,0.9937106918238994,0.5519650655021834,0.6533783783783784,513
H1,F1 OR F3,630,803,395,408,235,442,0.4919053549190536,0.626984126984127,0.5512909979064899,0.5655405405405406,643
H1,F1 AND U1,630,796,393,403,237,447,0.4937185929648241,0.6238095238095238,0.5511921458625526,0.5675675675675675,640
F3,F1 A_AND_NOT_B J4,318,749,294,455,24,707,0.3925233644859813,0.9245283018867925,0.5510777881911902,0.6763513513513514,479
F1,H1 AND U1,800,627,393,234,407,446,0.6267942583732058,0.49125,0.5508058864751226,0.5668918918918919,641
H1,S1 XOR U1,630,1117,481,636,149,214,0.4306177260519248,0.7634920634920634,0.5506582713222666,0.46959459459459457,785
F2,F3 OR J3,964,374,368,6,596,510,0.983957219251337,0.3817427385892116,0.5500747384155455,0.5932432432432433,602
U3,H1 XOR S1,1080,848,530,318,550,82,0.625,0.49074074074074076,0.549792531120332,0.4135135135135135,868
F1,H1 A_AND_NOT_B U2,800,630,393,237,407,443,0.6238095238095238,0.49125,0.5496503496503496,0.5648648648648649,644
H1,F1 A_AND_NOT_B U2,630,800,393,407,237,443,0.49125,0.6238095238095238,0.5496503496503496,0.5648648648648649,644
F1,H1 B_AND_NOT_A U3,800,529,365,164,435,516,0.6899810964083176,0.45625,0.5492851768246803,0.5952702702702702,599
F2,H1 A_AND_NOT_B J3,964,569,421,148,543,368,0.7398945518453427,0.4367219917012448,0.5492498369210699,0.5331081081081082,691
F2,H1 A_AND_NOT_B J2,964,562,419,143,545,373,0.7455516014234875,0.4346473029045643,0.5491480996068152,0.5351351351351351,688
F1,H1 OR U2,800,632,393,239,407,441,0.6218354430379747,0.49125,0.5488826815642459,0.5635135135135135,646
F1,H1 XOR U2,800,632,393,239,407,441,0.6218354430379747,0.49125,0.5488826815642459,0.5635135135135135,646
H1,F1 OR U2,630,802,393,409,237,441,0.49002493765586036,0.6238095238095238,0.5488826815642459,0.5635135135135135,646
H1,F1 XOR U2,630,802,393,409,237,441,0.49002493765586036,0.6238095238095238,0.5488826815642459,0.5635135135135135,646
F3,F1 XOR J5,318,766,297,469,21,693,0.3877284595300261,0.9339622641509434,0.547970479704797,0.668918918918919,490
H1,F1 A_AND_NOT_B S1,630,789,388,401,242,449,0.4917617237008872,0.6158730158730159,0.546863988724454,0.5655405405405406,643
F3,F1 A_AND_NOT_B J2,318,728,286,442,32,720,0.39285714285714285,0.89937106918239,0.5468451242829828,0.6797297297297298,474
H1,F2 OR U4,630,1155,488,667,142,183,0.4225108225108225,0.7746031746031746,0.5467787114845939,0.45337837837837835,809
J1,F1 AND J4,132,51,50,1,82,1347,0.9803921568627451,0.3787878787878788,0.546448087431694,0.9439189189189189,83
J1,J5 AND U3,132,51,50,1,82,1347,0.9803921568627451,0.3787878787878788,0.546448087431694,0.9439189189189189,83
J4,F3 B_AND_NOT_A J1,68,97,45,52,23,1360,0.4639175257731959,0.6617647058823529,0.5454545454545455,0.9493243243243243,75
F2,H1 A_AND_NOT_B J1,964,543,411,132,553,384,0.7569060773480663,0.4263485477178423,0.5454545454545454,0.5371621621621622,685
F1,F3 B_AND_NOT_A U3,800,785,432,353,368,327,0.5503184713375796,0.54,0.5451104100946372,0.5128378378378379,721
F2,F3 OR J5,964,368,363,5,601,511,0.9864130434782609,0.37655601659751037,0.545045045045045,0.5905405405405405,606
F3,F1 XOR J3,318,766,295,471,23,691,0.38511749347258484,0.9276729559748428,0.544280442804428,0.6662162162162162,494
F3,F1 XOR J4,318,766,295,471,23,691,0.38511749347258484,0.9276729559748428,0.544280442804428,0.6662162162162162,494
J1,F1 AND J5,132,52,50,2,82,1346,0.9615384615384616,0.3787878787878788,0.5434782608695652,0.9432432432432433,84
F3,F1 A_AND_NOT_B J1,318,717,281,436,37,726,0.39191073919107394,0.8836477987421384,0.5429951690821255,0.6804054054054054,473
H1,F1 AND F2,630,786,384,402,246,448,0.48854961832061067,0.6095238095238096,0.5423728813559323,0.5621621621621622,648
F3,F1 OR J1,318,849,316,533,2,629,0.37220259128386335,0.9937106918238994,0.5415595544130248,0.6385135135135135,535
F1,H1 B_AND_NOT_A U4,800,644,391,253,409,427,0.6071428571428571,0.48875,0.5415512465373961,0.5527027027027027,662
H1,F1 XOR J1,630,766,378,388,252,462,0.4934725848563969,0.6,0.5415472779369628,0.5675675675675675,640
F1,H1 B_AND_NOT_A U1,800,690,403,287,397,393,0.5840579710144927,0.50375,0.5409395973154363,0.5378378378378378,684
F1,F3 XOR H1,800,620,384,236,416,444,0.6193548387096774,0.48,0.5408450704225352,0.5594594594594594,652
F2,F3 OR J4,964,364,359,5,605,511,0.9862637362637363,0.3724066390041494,0.5406626506024097,0.5878378378378378,610
F1,H1 XOR U1,800,693,403,290,397,390,0.5815295815295816,0.50375,0.5398526456798391,0.5358108108108108,687
F1,F3 A_AND_NOT_B J5,800,298,296,2,504,678,0.9932885906040269,0.37,0.5391621129326047,0.6581081081081082,506
F1,H1 XOR J1,800,588,374,214,426,466,0.6360544217687075,0.4675,0.5389048991354467,0.5675675675675675,640
U1,F1 XOR F3,1317,488,485,3,832,160,0.9938524590163934,0.3682611996962794,0.5373961218836565,0.4358108108108108,835
F1,F3 A_AND_NOT_B J3,800,296,294,2,506,678,0.9932432432432432,0.3675,0.5364963503649635,0.6567567567567567,508
F1,F3 A_AND_NOT_B J4,800,296,294,2,506,678,0.9932432432432432,0.3675,0.5364963503649635,0.6567567567567567,508
F1,F3 XOR U1,800,1001,483,518,317,162,0.4825174825174825,0.60375,0.5363686840644086,0.4358108108108108,835
F1,F3 B_AND_NOT_A U1,800,1000,482,518,318,162,0.482,0.6025,0.5355555555555556,0.43513513513513513,836
F1,F3 AND U3,800,295,293,2,507,678,0.9932203389830508,0.36625,0.5351598173515981,0.6560810810810811,509
U1,F1 A_AND_NOT_B F3,1317,485,482,3,835,160,0.9938144329896907,0.3659832953682612,0.5349611542730299,0.4337837837837838,838
F3,F1 XOR J2,318,755,287,468,31,694,0.3801324503311258,0.9025157232704403,0.5349487418452935,0.6628378378378378,499
U1,F2 A_AND_NOT_B H1,1317,486,482,4,835,159,0.9917695473251029,0.3659832953682612,0.5346644481419857,0.4331081081081081,839
U1,F1 AND U4,1317,483,481,2,836,161,0.9958592132505176,0.36522399392558846,0.5344444444444445,0.4337837837837838,838
U1,H1 A_AND_NOT_B S1,1317,482,480,2,837,161,0.995850622406639,0.36446469248291574,0.5336297943301834,0.4331081081081081,839
H1,F1 XOR U4,630,596,327,269,303,581,0.5486577181208053,0.5190476190476191,0.533442088091354,0.6135135135135135,572
F1,H1 AND U3,800,551,360,191,440,489,0.6533575317604355,0.45,0.5329385640266469,0.5736486486486486,631
J1,J3 A_AND_NOT_B U4,132,52,49,3,83,1345,0.9423076923076923,0.3712121212121212,0.532608695652174,0.9418918918918919,86
H1,F1 AND U3,630,725,360,365,270,485,0.496551724137931,0.5714285714285714,0.5313653136531366,0.5709459459459459,635
U1,F2 AND H1,1317,478,476,2,841,161,0.99581589958159,0.36142748671222474,0.5303621169916435,0.4304054054054054,843
U3,F3 B_AND_NOT_A U4,1080,587,442,145,638,255,0.7529812606473595,0.40925925925925927,0.5302939412117577,0.47094594594594597,783
F1,H1 XOR J2,800,593,369,224,431,456,0.6222596964586846,0.46125,0.529791816223977,0.5574324324324325,655
U3,F1 XOR U4,1080,596,443,153,637,247,0.7432885906040269,0.4101851851851852,0.5286396181384249,0.46621621621621623,790
J1,F3 B_AND_NOT_A J5,132,50,48,2,84,1346,0.96,0.36363636363636365,0.5274725274725274,0.9418918918918919,86
H1,F1 XOR J2,630,755,365,390,265,460,0.48344370860927155,0.5793650793650794,0.5270758122743682,0.5574324324324325,655
F2,F3 XOR J1,964,380,354,26,610,490,0.9315789473684211,0.36721991701244816,0.5267857142857143,0.5702702702702702,636
F2,F3 XOR J3,964,352,346,6,618,510,0.9829545454545454,0.35892116182572614,0.5258358662613981,0.5783783783783784,624
F1,F3 A_AND_NOT_B J2,800,288,286,2,514,678,0.9930555555555556,0.3575,0.5257352941176471,0.6513513513513514,516
H1,S1 XOR U3,630,1200,481,719,149,131,0.4008333333333333,0.7634920634920634,0.5256830601092896,0.4135135135135135,868
F2,H1 XOR S1,964,848,476,372,488,144,0.5613207547169812,0.49377593360995853,0.5253863134657837,0.4189189189189189,860
S1,F2 B_AND_NOT_A U4,514,191,185,6,329,960,0.9685863874345549,0.35992217898832685,0.524822695035461,0.7736486486486487,335
U1,U3 A_AND_NOT_B U4,1317,470,468,2,849,161,0.9957446808510638,0.3553530751708428,0.5237828763290431,0.425,851
F2,F3 XOR J5,964,348,343,5,621,511,0.985632183908046,0.3558091286307054,0.5228658536585366,0.577027027027027,626
S1,F2 B_AND_NOT_A U3,514,195,185,10,329,956,0.9487179487179487,0.35992217898832685,0.5218617771509168,0.7709459459459459,339
F2,F3 XOR J2,964,357,344,13,620,503,0.9635854341736695,0.35684647302904565,0.5208175624526874,0.5722972972972973,633
F3,F1 XOR J1,318,766,282,484,36,678,0.3681462140992167,0.8867924528301887,0.5202952029520296,0.6486486486486487,520
H1,F1 XOR J4,630,766,363,403,267,447,0.47389033942558745,0.5761904761904761,0.520057306590258,0.5472972972972973,670
F1,H1 XOR J4,800,594,362,232,438,448,0.6094276094276094,0.4525,0.5193687230989956,0.5472972972972973,670
U1,F3 B_AND_NOT_A H1,1317,466,463,3,854,160,0.9935622317596566,0.35155656795747914,0.5193494111048794,0.4209459459459459,857
F1,F3 A_AND_NOT_B J1,800,283,281,2,519,678,0.9929328621908127,0.35125,0.5189289012003693,0.647972972972973,521
H1,F1 XOR J3,630,766,362,404,268,446,0.4725848563968668,0.5746031746031746,0.5186246418338109,0.5459459459459459,672
H1,F1 XOR J5,630,766,362,404,268,446,0.4725848563968668,0.5746031746031746,0.5186246418338109,0.5459459459459459,672
U3,F2 XOR U4,1080,584,431,153,649,247,0.738013698630137,0.3990740740740741,0.5180288461538461,0.4581081081081081,802
F1,F2 A_AND_NOT_B U4,800,393,309,84,491,596,0.7862595419847328,0.38625,0.51802179379715,0.6114864864864865,575
F1,S1 OR U4,800,1085,488,597,312,83,0.4497695852534562,0.61,0.5177718832891247,0.3858108108108108,909
F2,F1 XOR U4,964,596,403,193,561,323,0.6761744966442953,0.41804979253112035,0.5166666666666666,0.4905405405405405,754
F1,H1 XOR J5,800,590,359,231,441,449,0.6084745762711864,0.44875,0.5165467625899279,0.5459459459459459,672
F2,F3 XOR J4,964,342,337,5,627,511,0.9853801169590644,0.3495850622406639,0.5160796324655436,0.572972972972973,632
F1,H1 XOR J3,800,586,357,229,443,451,0.6092150170648464,0.44625,0.5151515151515151,0.5459459459459459,672
U3,F3 B_AND_NOT_A H1,1080,466,398,68,682,332,0.8540772532188842,0.3685185185185185,0.5148771021992238,0.49324324324324326,750
U3,F3 OR S1,1080,830,491,339,589,61,0.591566265060241,0.4546296296296296,0.5141361256544503,0.372972972972973,928
U3,F3 XOR S1,1080,828,490,338,590,62,0.5917874396135265,0.4537037037037037,0.5136268343815514,0.372972972972973,928
F1,H1 A_AND_NOT_B J4,800,578,352,226,448,454,0.6089965397923875,0.44,0.5108853410740204,0.5445945945945946,674
F2,U1 XOR U4,964,567,391,176,573,340,0.689594356261023,0.40560165975103735,0.5107772697583279,0.4939189189189189,749
F2,F3 B_AND_NOT_A U4,964,587,396,191,568,325,0.6746166950596252,0.4107883817427386,0.5106382978723404,0.4871621621621622,759
H1,F1 A_AND_NOT_B J4,630,749,352,397,278,453,0.4699599465954606,0.5587301587301587,0.510514865844815,0.543918918918919,675
F2,U1 A_AND_NOT_B U4,964,561,389,172,575,344,0.6934046345811051,0.40352697095435686,0.5101639344262295,0.49527027027027026,747
F1,H1 A_AND_NOT_B J1,800,543,342,201,458,479,0.6298342541436464,0.4275,0.509307520476545,0.5547297297297298,659
F1,H1 A_AND_NOT_B J5,800,575,350,225,450,455,0.6086956521739131,0.4375,0.5090909090909091,0.543918918918919,675
H1,F1 A_AND_NOT_B J2,630,728,345,383,285,467,0.4739010989010989,0.5476190476190477,0.5081001472754051,0.5486486486486486,668
H1,F1 A_AND_NOT_B J5,630,748,350,398,280,452,0.4679144385026738,0.5555555555555556,0.5079825834542815,0.5418918918918919,678
H1,F1 A_AND_NOT_B J1,630,717,342,375,288,475,0.4769874476987448,0.5428571428571428,0.5077951002227171,0.552027027027027,663
F1,H1 A_AND_NOT_B J3,800,569,347,222,453,458,0.6098418277680141,0.43375,0.5069393718042368,0.543918918918919,675
F1,H1 A_AND_NOT_B J2,800,562,345,217,455,463,0.6138790035587188,0.43125,0.5066079295154184,0.5459459459459459,672
J1,F3 B_AND_NOT_A J4,132,46,45,1,87,1347,0.9782608695652174,0.3409090909090909,0.5056179775280898,0.9405405405405406,88
H1,F1 A_AND_NOT_B J3,630,744,347,397,283,453,0.46639784946236557,0.5507936507936508,0.50509461426492,0.5405405405405406,680
J1,J5 A_AND_NOT_B U4,132,47,45,2,87,1346,0.9574468085106383,0.3409090909090909,0.5027932960893854,0.9398648648648649,89
F2,H1 A_AND_NOT_B U4,964,512,370,142,594,374,0.72265625,0.38381742738589214,0.5013550135501356,0.5027027027027027,736
F3,F2 A_AND_NOT_B S1,318,950,316,634,2,528,0.33263157894736844,0.9937106918238994,0.49842271293375395,0.5702702702702702,636
J1,J4 A_AND_NOT_B U4,132,45,44,1,88,1347,0.9777777777777777,0.3333333333333333,0.4971751412429378,0.9398648648648649,89
F3,F2 AND U1,318,958,317,641,1,521,0.33089770354906056,0.9968553459119497,0.49686520376175547,0.5662162162162162,642
F2,F3 A_AND_NOT_B U2,964,318,318,0,646,516,1.0,0.32987551867219916,0.4960998439937598,0.5635135135135135,646
F3,F2 A_AND_NOT_B U2,318,964,318,646,0,516,0.32987551867219916,1.0,0.4960998439937598,0.5635135135135135,646
U4,F1 XOR F3,762,488,310,178,452,540,0.6352459016393442,0.4068241469816273,0.496,0.5743243243243243,630
U4,F1 A_AND_NOT_B F3,762,485,309,176,453,542,0.6371134020618556,0.40551181102362205,0.49558941459502814,0.575,629
F2,F3 OR U2,964,320,318,2,646,514,0.99375,0.32987551867219916,0.4953271028037383,0.5621621621621622,648
F2,F3 XOR U2,964,320,318,2,646,514,0.99375,0.32987551867219916,0.4953271028037383,0.5621621621621622,648
F3,F2 OR U2,318,966,318,648,0,514,0.32919254658385094,1.0,0.4953271028037383,0.5621621621621622,648
F3,F2 XOR U2,318,966,318,648,0,514,0.32919254658385094,1.0,0.4953271028037383,0.5621621621621622,648
F2,F3 AND U1,964,317,317,0,647,516,1.0,0.3288381742738589,0.49492583918813426,0.5628378378378378,647
F2,U3 XOR U4,964,622,392,230,572,286,0.6302250803858521,0.4066390041493776,0.49432534678436324,0.4581081081081081,802
F3,F2 OR J4,318,969,318,651,0,511,0.3281733746130031,1.0,0.4941724941724942,0.5601351351351351,651
F3,F2 OR J5,318,969,318,651,0,511,0.3281733746130031,1.0,0.4941724941724942,0.5601351351351351,651
F2,H1 OR S1,964,996,484,512,480,4,0.4859437751004016,0.5020746887966805,0.4938775510204081,0.32972972972972975,992
F3,F2 OR J3,318,970,318,652,0,510,0.32783505154639175,1.0,0.49378881987577644,0.5594594594594594,652
F2,F3 A_AND_NOT_B S1,964,316,316,0,648,516,1.0,0.3278008298755187,0.49375,0.5621621621621622,648
F3,S1 B_AND_NOT_A U1,318,960,315,645,3,517,0.328125,0.9905660377358491,0.4929577464788733,0.5621621621621622,648
F2,F1 AND F3,964,315,315,0,649,516,1.0,0.32676348547717843,0.49257232212666147,0.5614864864864865,649
F2,U3 A_AND_NOT_B U4,964,470,353,117,611,399,0.7510638297872341,0.36618257261410786,0.4923291492329149,0.5081081081081081,728
H1,F2 A_AND_NOT_B F3,630,646,314,332,316,518,0.48606811145510836,0.4984126984126984,0.4921630094043887,0.5621621621621622,648
H1,F2 XOR F3,630,646,314,332,316,518,0.48606811145510836,0.4984126984126984,0.4921630094043887,0.5621621621621622,648
F3,F2 OR J2,318,977,318,659,0,503,0.3254861821903787,1.0,0.4911196911196911,0.5547297297297298,659
U3,F1 A_AND_NOT_B H1,1080,407,365,42,715,358,0.8968058968058968,0.33796296296296297,0.49092131809011436,0.4885135135135135,757
F3,F1 OR F2,318,978,318,660,0,502,0.32515337423312884,1.0,0.4907407407407408,0.5540540540540541,660
F3,F2 AND U3,318,885,295,590,23,572,0.3333333333333333,0.9276729559748428,0.4904405652535328,0.5858108108108108,613
H1,F1 OR U4,630,1079,419,660,211,190,0.38832252085264135,0.665079365079365,0.49034523112931533,0.4114864864864865,871
F3,F2 A_AND_NOT_B J5,318,899,298,601,20,561,0.3314794215795328,0.9371069182389937,0.4897288414133114,0.5804054054054054,621
F3,S1 B_AND_NOT_A U3,318,883,294,589,24,573,0.332955832389581,0.9245283018867925,0.4895920066611158,0.5858108108108108,613
J4,J3 AND U4,68,26,23,3,45,1409,0.8846153846153846,0.3382352941176471,0.4893617021276595,0.9675675675675676,48
F3,F2 A_AND_NOT_B J3,318,892,296,596,22,566,0.33183856502242154,0.9308176100628931,0.4892561983471075,0.5824324324324325,618
J4,F3 AND J3,68,22,22,0,46,1412,1.0,0.3235294117647059,0.48888888888888893,0.9689189189189189,46
U3,F1 AND H1,1080,393,360,33,720,367,0.916030534351145,0.3333333333333333,0.48879837067209775,0.4912162162162162,753
F3,F2 XOR J5,318,904,298,606,20,556,0.32964601769911506,0.9371069182389937,0.48772504091653035,0.577027027027027,626
F3,F2 XOR J3,318,898,296,602,22,560,0.32962138084632514,0.9308176100628931,0.4868421052631579,0.5783783783783784,624
J2,J1 AND U4,99,49,36,13,63,1368,0.7346938775510204,0.36363636363636365,0.48648648648648646,0.9486486486486486,76
F3,F2 OR J1,318,990,318,672,0,490,0.3212121212121212,1.0,0.4862385321100917,0.5459459459459459,672
F3,F2 A_AND_NOT_B J4,318,901,296,605,22,557,0.32852386237513875,0.9308176100628931,0.48564397046759644,0.5763513513513514,627
U1,F1 XOR U3,1317,430,424,6,893,157,0.986046511627907,0.3219438116932422,0.48540354894104176,0.39256756756756755,899
F3,F2 XOR J4,318,906,296,610,22,552,0.32671081677704195,0.9308176100628931,0.4836601307189542,0.572972972972973,632
F2,F1 A_AND_NOT_B U4,964,317,309,8,655,508,0.9747634069400631,0.32053941908713696,0.4824355971896956,0.552027027027027,663
F3,F2 A_AND_NOT_B J2,318,878,288,590,30,572,0.32801822323462415,0.9056603773584906,0.4816053511705686,0.581081081081081,620
F3,F2 A_AND_NOT_B J1,318,858,283,575,35,587,0.3298368298368298,0.889937106918239,0.4812925170068027,0.5878378378378378,610
U3,F2 A_AND_NOT_B U4,1080,393,353,40,727,360,0.8982188295165394,0.32685185185185184,0.4792939579090292,0.4817567567567568,767
U1,J1 OR S1,1317,624,465,159,852,4,0.7451923076923077,0.3530751708428246,0.4791344667697064,0.3168918918918919,1011
U3,F3 OR J1,1080,415,358,57,722,343,0.8626506024096385,0.3314814814814815,0.4789297658862876,0.47364864864864864,779
F1,H1 XOR S1,800,848,394,454,406,226,0.46462264150943394,0.4925,0.47815533980582525,0.4189189189189189,860
F3,F2 XOR J2,318,891,288,603,30,559,0.32323232323232326,0.9056603773584906,0.4764267990074442,0.5722972972972973,633
U1,F3 OR J1,1317,415,412,3,905,160,0.9927710843373494,0.3128321943811693,0.4757505773672055,0.3864864864864865,908
S1,F2 XOR U3,514,274,187,87,327,879,0.6824817518248175,0.3638132295719844,0.47461928934010156,0.7202702702702702,414
F2,F3 A_AND_NOT_B J5,964,298,298,0,666,516,1.0,0.3091286307053942,0.4722662440570523,0.55,666
F3,F2 XOR J1,318,884,283,601,35,561,0.3201357466063348,0.889937106918239,0.47088186356073203,0.5702702702702702,636
F2,F3 A_AND_NOT_B J3,964,296,296,0,668,516,1.0,0.3070539419087137,0.46984126984126984,0.5486486486486486,668
F2,F3 A_AND_NOT_B J4,964,296,296,0,668,516,1.0,0.3070539419087137,0.46984126984126984,0.5486486486486486,668
U3,F3 OR J2,1080,387,344,43,736,357,0.8888888888888888,0.31851851851851853,0.46898432174505794,0.47364864864864864,779
S1,F3 B_AND_NOT_A U1,514,1000,355,645,159,321,0.355,0.6906614785992218,0.4689564068692206,0.45675675675675675,804
S1,F3 XOR U1,514,1001,355,646,159,320,0.3546453546453546,0.6906614785992218,0.46864686468646855,0.4560810810810811,805
F2,F3 AND U3,964,295,295,0,669,516,1.0,0.30601659751037347,0.4686258935663225,0.547972972972973,669
F3,F1 OR H1,318,1037,317,720,1,442,0.3056894889103182,0.9968553459119497,0.4678966789667896,0.5128378378378379,721
U1,F1 A_AND_NOT_B H1,1317,407,403,4,914,159,0.9901719901719902,0.30599848139711466,0.4675174013921114,0.37972972972972974,918
S1,F1 B_AND_NOT_A U4,514,279,185,94,329,872,0.6630824372759857,0.35992217898832685,0.4665825977301387,0.7141891891891892,423
U1,J2 OR S1,1317,603,446,157,871,6,0.7396351575456053,0.33864844343204253,0.46458333333333335,0.3054054054054054,1028
F1,U1 XOR U4,800,567,317,250,483,430,0.5590828924162258,0.39625,0.4637893196781273,0.5047297297297297,733
F1,U1 A_AND_NOT_B U4,800,561,315,246,485,434,0.5614973262032086,0.39375,0.4628949301983835,0.5060810810810811,731
U1,J1 XOR S1,1317,602,443,159,874,4,0.7358803986710963,0.3363705391040243,0.4616988014590933,0.30202702702702705,1033
J4,J5 AND U4,68,23,21,2,47,1410,0.9130434782608695,0.3088235294117647,0.46153846153846156,0.9668918918918918,49
F2,F3 A_AND_NOT_B J2,964,288,288,0,676,516,1.0,0.2987551867219917,0.46006389776357826,0.5432432432432432,676
U1,F1 AND H1,1317,393,393,0,924,163,1.0,0.2984054669703872,0.4596491228070175,0.37567567567567567,924
U3,F3 OR J3,1080,374,334,40,746,360,0.893048128342246,0.30925925925925923,0.45942228335625857,0.4689189189189189,786
F1,H1 A_AND_NOT_B U4,800,512,301,211,499,469,0.587890625,0.37625,0.45884146341463417,0.5202702702702703,710
U4,F3 OR S1,762,830,365,465,397,253,0.4397590361445783,0.479002624671916,0.45854271356783916,0.4175675675675676,862
J5,J3 AND U4,70,26,22,4,48,1406,0.8461538461538461,0.3142857142857143,0.45833333333333337,0.9648648648648649,52
U4,F3 XOR S1,762,828,364,464,398,254,0.4396135265700483,0.4776902887139108,0.4578616352201258,0.4175675675675676,862
U3,F3 OR J5,1080,368,331,37,749,363,0.8994565217391305,0.30648148148148147,0.4571823204419889,0.4689189189189189,786
U1,J2 XOR S1,1317,593,436,157,881,6,0.7352445193929174,0.3310554290053151,0.456544502617801,0.29864864864864865,1038
F3,F1 AND H1,318,393,162,231,156,931,0.4122137404580153,0.5094339622641509,0.4556962025316456,0.7385135135135135,387
U3,F3 OR J4,1080,364,329,35,751,365,0.9038461538461539,0.30462962962962964,0.4556786703601107,0.4689189189189189,786
J3,J4 AND U4,78,23,23,0,55,1402,1.0,0.2948717948717949,0.45544554455445546,0.9628378378378378,55
F1,F2 XOR U4,800,584,315,269,485,411,0.5393835616438356,0.39375,0.4552023121387283,0.4905405405405405,754
U1,F2 A_AND_NOT_B U4,1317,393,389,4,928,159,0.989821882951654,0.2953682611996963,0.4549707602339181,0.37027027027027026,932
U3,F3 XOR J1,1080,380,332,48,748,352,0.8736842105263158,0.3074074074074074,0.4547945205479453,0.46216216216216216,796
F2,F3 A_AND_NOT_B J1,964,283,283,0,681,516,1.0,0.29356846473029047,0.4538893344025662,0.5398648648648648,681
U1,F3 OR J2,1317,387,386,1,931,162,0.9974160206718347,0.29309035687167806,0.4530516431924883,0.37027027027027026,932
F3,F1 OR U4,318,1079,316,763,2,399,0.2928637627432808,0.9937106918238994,0.45239799570508227,0.4831081081081081,765
J5,J4 AND U4,70,23,21,2,49,1408,0.9130434782608695,0.3,0.45161290322580644,0.9655405405405405,51
U1,J3 OR S1,1317,589,430,159,887,4,0.7300509337860781,0.32649962034927865,0.45120671563483733,0.29324324324324325,1046
U1,J3 XOR S1,1317,586,427,159,890,4,0.7286689419795221,0.32422171602126043,0.4487651077246453,0.29121621621621624,1049
U3,F3 XOR J2,1080,357,322,35,758,365,0.9019607843137255,0.29814814814814816,0.4481558803061935,0.46418918918918917,793
H1,F3 OR J1,630,415,234,181,396,669,0.563855421686747,0.37142857142857144,0.4478468899521531,0.6101351351351352,577
J2,F3 AND J1,99,35,30,5,69,1376,0.8571428571428571,0.30303030303030304,0.4477611940298507,0.95,74
U1,J5 OR S1,1317,582,425,157,892,6,0.7302405498281787,0.32270311313591493,0.44760400210637175,0.29121621621621624,1049
U1,J4 OR S1,1317,580,423,157,894,6,0.7293103448275862,0.3211845102505695,0.4459673168160253,0.28986486486486485,1051
U1,J5 XOR S1,1317,580,423,157,894,6,0.7293103448275862,0.3211845102505695,0.4459673168160253,0.28986486486486485,1051
F1,F3 B_AND_NOT_A U4,800,587,309,278,491,402,0.5264054514480409,0.38625,0.44556596971881757,0.4804054054054054,769
F1,U3 XOR U4,800,622,316,306,484,374,0.5080385852090032,0.395,0.4444444444444444,0.46621621621621623,790
U1,J4 XOR S1,1317,578,421,157,896,6,0.7283737024221453,0.319665907365224,0.44432717678100264,0.2885135135135135,1053
F1,H1 OR S1,800,996,399,597,401,83,0.4006024096385542,0.49875,0.4443207126948775,0.3256756756756757,998
U1,F3 XOR J1,1317,380,377,3,940,160,0.9921052631578947,0.2862566438876234,0.4443134944018857,0.36283783783783785,943
F3,F1 A_AND_NOT_B U4,318,317,141,176,177,986,0.444794952681388,0.44339622641509435,0.4440944881889764,0.7614864864864865,353
F3,F2 OR H1,318,1116,318,798,0,364,0.2849462365591398,1.0,0.4435146443514645,0.4608108108108108,798
U3,F3 XOR J5,1080,348,316,32,764,368,0.9080459770114943,0.29259259259259257,0.44257703081232486,0.46216216216216216,796
J4,J2 AND U4,68,36,23,13,45,1399,0.6388888888888888,0.3382352941176471,0.44230769230769235,0.9608108108108108,58
U3,F3 XOR J3,1080,352,316,36,764,364,0.8977272727272727,0.29259259259259257,0.44134078212290506,0.4594594594594595,800
J3,F3 AND J4,78,22,22,0,56,1402,1.0,0.28205128205128205,0.44000000000000006,0.9621621621621622,56
U3,F1 XOR U1,1080,525,353,172,727,228,0.6723809523809524,0.32685185185185184,0.43987538940809967,0.39256756756756755,899
U3,F1 B_AND_NOT_A U1,1080,521,352,169,728,231,0.6756238003838771,0.32592592592592595,0.4397251717676452,0.3939189189189189,897
F1,U3 A_AND_NOT_B U4,800,470,279,191,521,489,0.5936170212765958,0.34875,0.4393700787401575,0.518918918918919,712
J1,J2 XOR J3,132,41,38,3,94,1345,0.926829268292683,0.2878787878787879,0.4393063583815029,0.9344594594594594,97
F2,F3 B_AND_NOT_A H1,964,466,314,152,650,364,0.6738197424892703,0.3257261410788382,0.43916083916083914,0.4581081081081081,802
F3,S1 XOR U1,318,1117,315,802,3,360,0.2820053715308863,0.9905660377358491,0.43902439024390244,0.4560810810810811,805
U1,F3 OR J3,1317,374,371,3,946,160,0.9919786096256684,0.28170083523158695,0.4387936132465996,0.3587837837837838,949
U3,F3 XOR J4,1080,342,311,31,769,369,0.9093567251461988,0.287962962962963,0.43741209563994377,0.4594594594594595,800
J3,J5 AND U4,78,23,22,1,56,1401,0.9565217391304348,0.28205128205128205,0.43564356435643564,0.9614864864864865,57
U1,F3 OR J5,1317,368,367,1,950,162,0.9972826086956522,0.27866362946089596,0.4356083086053413,0.35743243243243245,951
S1,F1 B_AND_NOT_A U3,514,355,189,166,325,800,0.532394366197183,0.36770428015564205,0.43498273878020716,0.6682432432432432,491
F3,F1 AND U4,318,483,174,309,144,853,0.36024844720496896,0.5471698113207547,0.4344569288389513,0.6939189189189189,453
J5,J2 AND U4,70,36,23,13,47,1397,0.6388888888888888,0.32857142857142857,0.4339622641509434,0.9594594594594594,60
U1,F3 OR J4,1317,364,363,1,954,162,0.9972527472527473,0.275626423690205,0.43188578227245683,0.3547297297297297,955
F3,F2 OR U4,318,1155,318,837,0,325,0.2753246753246753,1.0,0.4317718940936864,0.43445945945945946,837
F3,F2 OR U3,318,1159,318,841,0,321,0.274374460742019,1.0,0.43060257278266756,0.43175675675675673,841
J2,H1 B_AND_NOT_A J1,99,45,31,14,68,1367,0.6888888888888889,0.31313131313131315,0.4305555555555556,0.9445945945945946,82
U4,F1 XOR U1,762,525,277,248,485,470,0.5276190476190477,0.36351706036745407,0.4304584304584305,0.5047297297297297,733
F3,F1 OR U3,318,1155,317,838,1,324,0.27445887445887446,0.9968553459119497,0.43041412084181946,0.4331081081081081,839
H1,F3 XOR J1,630,380,217,163,413,687,0.5710526315789474,0.34444444444444444,0.4297029702970297,0.6108108108108108,576
U4,F1 B_AND_NOT_A U1,762,521,275,246,487,472,0.527831094049904,0.36089238845144356,0.4286827747466875,0.5047297297297297,733
J4,F3 AND J2,68,30,21,9,47,1403,0.7,0.3088235294117647,0.4285714285714286,0.9621621621621622,56
J1,J2 AND U4,132,36,36,0,96,1348,1.0,0.2727272727272727,0.42857142857142855,0.9351351351351351,96
H1,F3 XOR S1,630,828,312,516,318,334,0.37681159420289856,0.49523809523809526,0.4279835390946502,0.43648648648648647,834
H1,F3 OR S1,630,830,312,518,318,332,0.3759036144578313,0.49523809523809526,0.42739726027397257,0.43513513513513513,836
J4,F3 AND J1,68,35,22,13,46,1399,0.6285714285714286,0.3235294117647059,0.4271844660194175,0.9601351351351352,59
S1,U1 XOR U3,514,245,162,83,352,883,0.6612244897959184,0.3151750972762646,0.42687747035573126,0.706081081081081,435
S1,U1 A_AND_NOT_B U3,514,241,161,80,353,886,0.6680497925311203,0.3132295719844358,0.42649006622516555,0.7074324324324325,433
J1,J2 XOR J4,132,37,36,1,96,1347,0.972972972972973,0.2727272727272727,0.42603550295857984,0.9344594594594594,97
U1,F3 XOR J2,1317,357,356,1,961,162,0.9971988795518207,0.27031131359149585,0.42532855436081246,0.35,962
F3,J2 OR U3,318,1108,303,805,15,357,0.27346570397111913,0.9528301886792453,0.42496493688639553,0.44594594594594594,820
H1,F3 OR J2,630,387,216,171,414,679,0.5581395348837209,0.34285714285714286,0.4247787610619469,0.6047297297297297,585
F3,J5 OR U3,318,1099,300,799,18,363,0.272975432211101,0.9433962264150944,0.4234297812279463,0.44797297297297295,817
F3,U1 AND U3,318,1076,295,781,23,381,0.2741635687732342,0.9276729559748428,0.42324246771879487,0.45675675675675675,804
F3,J4 OR U3,318,1096,299,797,19,365,0.2728102189781022,0.940251572327044,0.4229137199434229,0.4486486486486487,816
H1,F1 XOR U3,630,430,224,206,406,644,0.5209302325581395,0.35555555555555557,0.4226415094339622,0.5864864864864865,612
U3,F3 AND U1,1080,317,295,22,785,378,0.9305993690851735,0.27314814814814814,0.42233357193987114,0.45472972972972975,807
F3,F1 A_AND_NOT_B H1,318,407,153,254,165,908,0.3759213759213759,0.4811320754716981,0.4220689655172413,0.7168918918918918,419
F3,U2 B_AND_NOT_A U3,318,1080,295,785,23,377,0.27314814814814814,0.9276729559748428,0.4220314735336195,0.4540540540540541,808
U3,F2 AND F3,1080,318,295,23,785,377,0.9276729559748428,0.27314814814814814,0.4220314735336195,0.4540540540540541,808
U3,F3 A_AND_NOT_B U2,1080,318,295,23,785,377,0.9276729559748428,0.27314814814814814,0.4220314735336195,0.4540540540540541,808
F3,J1 OR U3,318,1123,304,819,14,343,0.27070347284060553,0.9559748427672956,0.42192921582234566,0.43716216216216214,833
F3,U2 OR U3,318,1082,295,787,23,375,0.27264325323475047,0.9276729559748428,0.4214285714285715,0.4527027027027027,810
F3,U2 XOR U3,318,1082,295,787,23,375,0.27264325323475047,0.9276729559748428,0.4214285714285715,0.4527027027027027,810
U3,F3 OR U2,1080,320,295,25,785,375,0.921875,0.27314814814814814,0.42142857142857143,0.4527027027027027,810
U3,F3 XOR U2,1080,320,295,25,785,375,0.921875,0.27314814814814814,0.42142857142857143,0.4527027027027027,810
F3,J3 OR U3,318,1101,299,802,19,360,0.27157129881925524,0.940251572327044,0.4214235377026075,0.4452702702702703,821
U3,F3 A_AND_NOT_B S1,1080,316,294,22,786,378,0.930379746835443,0.2722222222222222,0.4212034383954154,0.4540540540540541,808
J3,J2 AND U4,78,36,24,12,54,1390,0.6666666666666666,0.3076923076923077,0.42105263157894735,0.9554054054054054,66
U1,F1 B_AND_NOT_A U3,1317,355,352,3,965,160,0.9915492957746479,0.26727410782080485,0.42105263157894735,0.34594594594594597,968
S1,F2 B_AND_NOT_A H1,514,152,140,12,374,954,0.9210526315789473,0.2723735408560311,0.42042042042042044,0.7391891891891892,386
H1,F3 OR J3,630,374,211,163,419,687,0.5641711229946524,0.3349206349206349,0.42031872509960155,0.6067567567567568,582
U3,F1 AND F3,1080,315,293,22,787,378,0.9301587301587302,0.2712962962962963,0.42007168458781363,0.45337837837837835,809
U1,F3 XOR J3,1317,352,349,3,968,160,0.9914772727272727,0.26499620349278663,0.4182144997004194,0.3439189189189189,971
F3,J5 XOR U3,318,1048,285,763,33,399,0.2719465648854962,0.8962264150943396,0.41727672035139096,0.46216216216216216,796
U1,F3 XOR J5,1317,348,347,1,970,162,0.9971264367816092,0.26347760060744113,0.4168168168168167,0.3439189189189189,971
H1,F1 XOR F3,630,488,233,255,397,595,0.4774590163934426,0.36984126984126986,0.41681574239713776,0.5594594594594594,652
F3,J5 B_AND_NOT_A U3,318,1029,280,749,38,413,0.272108843537415,0.8805031446540881,0.41573867854491464,0.46824324324324323,787
F3,J2 XOR U3,318,1037,281,756,37,406,0.2709739633558341,0.8836477987421384,0.414760147601476,0.46418918918918917,793
J2,J1 A_AND_NOT_B J4,99,65,34,31,65,1350,0.5230769230769231,0.3434343434343434,0.41463414634146345,0.9351351351351351,96
F3,H1 OR U3,318,1159,306,853,12,309,0.2640207075064711,0.9622641509433962,0.41435341909275564,0.4155405405405405,865
H1,F1 A_AND_NOT_B F3,630,485,231,254,399,596,0.4762886597938144,0.36666666666666664,0.41434977578475335,0.5587837837837838,653
F3,J3 B_AND_NOT_A U3,318,1023,277,746,41,416,0.270772238514174,0.8710691823899371,0.41312453392990306,0.46824324324324323,787
H1,F3 OR J5,630,368,206,162,424,688,0.5597826086956522,0.326984126984127,0.4128256513026052,0.6040540540540541,586
F3,J3 XOR U3,318,1044,281,763,37,399,0.26915708812260536,0.8836477987421384,0.41262848751835535,0.4594594594594595,800
F3,J4 XOR U3,318,1044,281,763,37,399,0.26915708812260536,0.8836477987421384,0.41262848751835535,0.4594594594594595,800
J2,J1 XOR J4,99,66,34,32,65,1349,0.5151515151515151,0.3434343434343434,0.4121212121212121,0.9344594594594594,97
F3,F2 AND H1,318,478,164,314,154,848,0.34309623430962344,0.5157232704402516,0.41206030150753764,0.6837837837837838,468
F3,J4 B_AND_NOT_A U3,318,1028,277,751,41,411,0.2694552529182879,0.8710691823899371,0.4115898959881129,0.4648648648648649,792
F3,J2 B_AND_NOT_A U3,318,1009,273,736,45,426,0.2705649157581764,0.8584905660377359,0.4114544084400905,0.4722972972972973,781
F3,J1 XOR U3,318,1034,278,756,40,406,0.2688588007736944,0.8742138364779874,0.4112426035502959,0.46216216216216216,796
U1,F3 XOR J4,1317,342,341,1,976,162,0.9970760233918129,0.2589217919514047,0.4110910186859554,0.3398648648648649,977
F3,J1 B_AND_NOT_A U3,318,991,269,722,49,440,0.2714429868819374,0.8459119496855346,0.4110007639419404,0.47905405405405405,771
F3,H1 A_AND_NOT_B S1,318,482,164,318,154,844,0.34024896265560167,0.5157232704402516,0.41000000000000003,0.6810810810810811,472
J1,J2 A_AND_NOT_B J4,132,34,34,0,98,1348,1.0,0.25757575757575757,0.40963855421686746,0.9337837837837838,98
J3,J1 AND U4,78,49,26,23,52,1379,0.5306122448979592,0.3333333333333333,0.4094488188976378,0.9493243243243243,75
J4,F3 AND J5,68,20,18,2,50,1410,0.9,0.2647058823529412,0.40909090909090906,0.9648648648648649,52
S1,F1 XOR U3,514,430,192,238,322,728,0.44651162790697674,0.3735408560311284,0.4067796610169492,0.6216216216216216,560
H1,F1 B_AND_NOT_A U1,630,521,234,287,396,563,0.4491362763915547,0.37142857142857144,0.4066029539530842,0.5385135135135135,683
H1,F3 OR J4,630,364,202,162,428,688,0.554945054945055,0.32063492063492066,0.4064386317907445,0.6013513513513513,590
U3,F3 A_AND_NOT_B J5,1080,298,280,18,800,382,0.9395973154362416,0.25925925925925924,0.4063860667634252,0.4472972972972973,818
H1,F3 XOR J2,630,357,200,157,430,693,0.5602240896358543,0.31746031746031744,0.4052684903748734,0.6033783783783784,587
H1,F1 XOR U1,630,525,234,291,396,559,0.44571428571428573,0.37142857142857144,0.4051948051948052,0.5358108108108108,687
S1,U3 XOR U4,514,622,230,392,284,574,0.36977491961414793,0.4474708171206226,0.40492957746478875,0.5432432432432432,676
S1,J3 B_AND_NOT_A U1,514,1241,354,887,160,79,0.2852538275584206,0.688715953307393,0.4034188034188034,0.2925675675675676,1047
S1,J5 B_AND_NOT_A U1,514,1247,355,892,159,74,0.2846832397754611,0.6906614785992218,0.40318001135718345,0.28986486486486485,1051
S1,J5 XOR U1,514,1247,355,892,159,74,0.2846832397754611,0.6906614785992218,0.40318001135718345,0.28986486486486485,1051
S1,J3 XOR U1,514,1243,354,889,160,77,0.2847948511665326,0.688715953307393,0.40295959021058625,0.29121621621621624,1049
S1,J4 B_AND_NOT_A U1,514,1249,355,894,159,72,0.28422738190552443,0.6906614785992218,0.4027226318774816,0.2885135135135135,1053
S1,J4 XOR U1,514,1249,355,894,159,72,0.28422738190552443,0.6906614785992218,0.4027226318774816,0.2885135135135135,1053
U3,F3 A_AND_NOT_B J3,1080,296,277,19,803,381,0.9358108108108109,0.2564814814814815,0.4026162790697675,0.4445945945945946,822
U3,F3 A_AND_NOT_B J4,1080,296,277,19,803,381,0.9358108108108109,0.2564814814814815,0.4026162790697675,0.4445945945945946,822
F3,F2 A_AND_NOT_B U4,318,393,143,250,175,912,0.3638676844783715,0.449685534591195,0.4022503516174402,0.7128378378378378,425
H1,F3 XOR J3,630,352,197,155,433,695,0.5596590909090909,0.3126984126984127,0.4012219959266803,0.6027027027027027,588
J1,F3 OR J2,132,387,104,283,28,1065,0.268733850129199,0.7878787878787878,0.4007707129094413,0.7898648648648648,311
S1,J2 B_AND_NOT_A U1,514,1218,347,871,167,95,0.2848932676518883,0.6750972762645915,0.4006928406466513,0.29864864864864865,1038
S1,J2 XOR U1,514,1218,347,871,167,95,0.2848932676518883,0.6750972762645915,0.4006928406466513,0.29864864864864865,1038
J5,F3 AND J2,70,30,20,10,50,1400,0.6666666666666666,0.2857142857142857,0.4,0.9594594594594594,60
U3,F1 A_AND_NOT_B U4,1080,317,279,38,801,362,0.8801261829652997,0.25833333333333336,0.3994273443092341,0.4331081081081081,839
U3,F3 A_AND_NOT_B J2,1080,288,273,15,807,385,0.9479166666666666,0.25277777777777777,0.3991228070175439,0.4445945945945946,822
F1,F3 OR S1,800,830,324,506,476,174,0.39036144578313253,0.405,0.39754601226993863,0.3364864864864865,982
J2,J1 A_AND_NOT_B J3,99,57,31,26,68,1355,0.543859649122807,0.31313131313131315,0.39743589743589747,0.9364864864864865,94
J5,J3 A_AND_NOT_B U3,70,21,18,3,52,1407,0.8571428571428571,0.2571428571428571,0.39560439560439553,0.9628378378378378,55
F1,F3 XOR S1,800,828,322,506,478,174,0.3888888888888889,0.4025,0.3955773955773956,0.33513513513513515,984
J4,F1 B_AND_NOT_A J5,68,18,17,1,51,1411,0.9444444444444444,0.25,0.3953488372093023,0.9648648648648649,52
U3,F3 A_AND_NOT_B J1,1080,283,269,14,811,386,0.950530035335689,0.2490740740740741,0.3947175348495965,0.44256756756756754,825
H1,F3 XOR J5,630,348,193,155,437,695,0.5545977011494253,0.30634920634920637,0.39468302658486715,0.6,592
J2,J1 A_AND_NOT_B U3,99,43,28,15,71,1366,0.6511627906976745,0.2828282828282828,0.39436619718309857,0.9418918918918919,86
S1,J1 B_AND_NOT_A U1,514,1187,335,852,179,114,0.2822240943555181,0.6517509727626459,0.393885949441505,0.3033783783783784,1031
F3,F2 AND U4,318,571,175,396,143,766,0.3064798598949212,0.550314465408805,0.3937007874015748,0.6358108108108108,539
S1,J1 XOR U1,514,1189,335,854,179,112,0.2817493692178301,0.6517509727626459,0.3934233705226072,0.30202702702702705,1033
J4,J1 AND U4,68,49,23,26,45,1386,0.46938775510204084,0.3382352941176471,0.3931623931623932,0.952027027027027,71
S1,U1 OR U4,514,1323,361,962,153,4,0.27286470143613,0.7023346303501945,0.39303211758301576,0.24662162162162163,1115
S1,U1 OR U2,514,1319,359,960,155,6,0.2721758908263836,0.6984435797665369,0.3917075831969449,0.24662162162162163,1115
S1,U1 XOR U2,514,1319,359,960,155,6,0.2721758908263836,0.6984435797665369,0.3917075831969449,0.24662162162162163,1115
F3,S1 B_AND_NOT_A U4,318,571,174,397,144,765,0.30472854640980734,0.5471698113207547,0.39145106861642287,0.6344594594594595,541
J5,F3 AND J3,70,22,18,4,52,1406,0.8181818181818182,0.2571428571428571,0.39130434782608686,0.9621621621621622,56
J5,F3 AND J4,70,22,18,4,52,1406,0.8181818181818182,0.2571428571428571,0.39130434782608686,0.9621621621621622,56
J5,F1 B_AND_NOT_A J4,70,17,17,0,53,1410,1.0,0.24285714285714285,0.3908045977011494,0.9641891891891892,53
S1,H1 OR U1,514,1320,358,962,156,4,0.27121212121212124,0.6964980544747081,0.3904034896401309,0.2445945945945946,1118
U1,S1 A_AND_NOT_B U2,1317,512,357,155,960,8,0.697265625,0.27107061503416857,0.3903772553307818,0.24662162162162163,1115
U1,S1 XOR U2,1317,512,357,155,960,8,0.697265625,0.27107061503416857,0.3903772553307818,0.24662162162162163,1115
S1,U1 OR U3,514,1321,358,963,156,3,0.27100681302043905,0.6964980544747081,0.3901907356948229,0.24391891891891893,1119
S1,J2 OR U1,514,1317,357,960,157,6,0.27107061503416857,0.6945525291828794,0.3899508465319498,0.24527027027027026,1117
S1,J4 OR U1,514,1317,357,960,157,6,0.27107061503416857,0.6945525291828794,0.3899508465319498,0.24527027027027026,1117
S1,J5 OR U1,514,1317,357,960,157,6,0.27107061503416857,0.6945525291828794,0.3899508465319498,0.24527027027027026,1117
S1,U1 A_AND_NOT_B U2,514,1317,357,960,157,6,0.27107061503416857,0.6945525291828794,0.3899508465319498,0.24527027027027026,1117
U1,S1 OR U2,1317,514,357,157,960,6,0.6945525291828794,0.27107061503416857,0.3899508465319498,0.24527027027027026,1117
J2,J1 XOR J3,99,60,31,29,68,1352,0.5166666666666667,0.31313131313131315,0.389937106918239,0.9344594594594594,97
S1,F3 OR U1,514,1318,357,961,157,5,0.2708649468892261,0.6945525291828794,0.3897379912663755,0.2445945945945946,1118
F3,U3 OR U4,318,1232,302,930,16,232,0.24512987012987014,0.949685534591195,0.38967741935483874,0.3608108108108108,946
S1,J1 OR U1,514,1319,357,962,157,4,0.27065959059893857,0.6945525291828794,0.38952536824877243,0.24391891891891893,1119
S1,J3 OR U1,514,1319,357,962,157,4,0.27065959059893857,0.6945525291828794,0.38952536824877243,0.24391891891891893,1119
J3,F3 AND J1,78,35,22,13,56,1389,0.6285714285714286,0.28205128205128205,0.38938053097345127,0.9533783783783784,69
S1,F1 OR U1,514,1321,357,964,157,2,0.2702498107494323,0.6945525291828794,0.3891008174386921,0.24256756756756756,1121
J3,F3 AND J2,78,30,21,9,57,1393,0.7,0.2692307692307692,0.3888888888888889,0.9554054054054054,66
F3,F1 XOR S1,318,1292,313,979,5,183,0.24226006191950464,0.9842767295597484,0.3888198757763975,0.33513513513513515,984
S1,F2 OR U1,514,1323,357,966,157,0,0.2698412698412698,0.6945525291828794,0.3886771910724006,0.24121621621621622,1123
F3,S1 XOR U3,318,1200,295,905,23,257,0.24583333333333332,0.9276729559748428,0.38866930171278,0.372972972972973,928
F3,F1 OR S1,318,1303,315,988,3,174,0.2417498081350729,0.9905660377358491,0.3886489821098087,0.3304054054054054,991
F3,H1 OR U4,318,1274,309,965,9,197,0.2425431711145997,0.9716981132075472,0.3881909547738694,0.3418918918918919,974
U1,F3 B_AND_NOT_A S1,1317,512,355,157,962,6,0.693359375,0.2695520121488231,0.38819026790595956,0.24391891891891893,1119
U1,J4 B_AND_NOT_A S1,1317,512,355,157,962,6,0.693359375,0.2695520121488231,0.38819026790595956,0.24391891891891893,1119
U1,J5 B_AND_NOT_A S1,1317,512,355,157,962,6,0.693359375,0.2695520121488231,0.38819026790595956,0.24391891891891893,1119
F3,F1 OR U1,318,1321,318,1003,0,159,0.24072672218016655,1.0,0.38804148871262967,0.3222972972972973,1003
H1,F1 B_AND_NOT_A U3,630,355,191,164,439,686,0.5380281690140845,0.30317460317460315,0.3878172588832487,0.5925675675675676,603
F3,J2 OR U1,318,1317,317,1000,1,162,0.24069855732725892,0.9968553459119497,0.38776758409785933,0.3236486486486487,1001
F3,J4 OR U1,318,1317,317,1000,1,162,0.24069855732725892,0.9968553459119497,0.38776758409785933,0.3236486486486487,1001
F3,J5 OR U1,318,1317,317,1000,1,162,0.24069855732725892,0.9968553459119497,0.38776758409785933,0.3236486486486487,1001
F3,U1 A_AND_NOT_B U2,318,1317,317,1000,1,162,0.24069855732725892,0.9968553459119497,0.38776758409785933,0.3236486486486487,1001
U1,F2 AND F3,1317,318,317,1,1000,162,0.9968553459119497,0.24069855732725892,0.38776758409785933,0.3236486486486487,1001
U1,F3 A_AND_NOT_B U2,1317,318,317,1,1000,162,0.9968553459119497,0.24069855732725892,0.38776758409785933,0.3236486486486487,1001
F3,F2 OR U1,318,1323,318,1005,0,157,0.24036281179138322,1.0,0.38756855575868376,0.32094594594594594,1005
U1,J3 B_AND_NOT_A S1,1317,511,354,157,963,6,0.6927592954990215,0.26879271070615035,0.38730853391684894,0.24324324324324326,1120
F3,J1 OR U1,318,1319,317,1002,1,160,0.2403335860500379,0.9968553459119497,0.38729383017715335,0.3222972972972973,1003
F3,J3 OR U1,318,1319,317,1002,1,160,0.2403335860500379,0.9968553459119497,0.38729383017715335,0.3222972972972973,1003
F3,U1 OR U2,318,1319,317,1002,1,160,0.2403335860500379,0.9968553459119497,0.38729383017715335,0.3222972972972973,1003
F3,U1 XOR U2,318,1319,317,1002,1,160,0.2403335860500379,0.9968553459119497,0.38729383017715335,0.3222972972972973,1003
U1,F3 OR U2,1317,320,317,3,1000,160,0.990625,0.24069855732725892,0.3872938301771533,0.3222972972972973,1003
U1,F3 XOR U2,1317,320,317,3,1000,160,0.990625,0.24069855732725892,0.3872938301771533,0.3222972972972973,1003
F3,H1 OR U1,318,1320,317,1003,1,159,0.24015151515151514,0.9968553459119497,0.38705738705738707,0.3216216216216216,1004
H1,F3 XOR J4,630,342,188,154,442,696,0.5497076023391813,0.2984126984126984,0.3868312757201646,0.5972972972972973,596
F3,U1 OR U3,318,1321,317,1004,1,158,0.23996971990915972,0.9968553459119497,0.3868212324588163,0.32094594594594594,1005
J5,J1 AND U4,70,49,23,26,47,1384,0.46938775510204084,0.32857142857142857,0.3865546218487395,0.9506756756756757,73
F3,U1 OR U4,318,1323,317,1006,1,156,0.23960695389266817,0.9968553459119497,0.38634978671541736,0.3195945945945946,1007
U1,F3 A_AND_NOT_B S1,1317,316,315,1,1002,162,0.9968354430379747,0.23917995444191345,0.385793018983466,0.3222972972972973,1003
U1,F1 A_AND_NOT_B U4,1317,317,315,2,1002,161,0.9936908517350158,0.23917995444191345,0.38555691554467564,0.3216216216216216,1004
J2,F3 OR J1,99,415,99,316,0,1065,0.2385542168674699,1.0,0.3852140077821012,0.7864864864864864,316
U1,F1 AND F3,1317,315,314,1,1003,162,0.9968253968253968,0.2384206529992407,0.3848039215686274,0.3216216216216216,1004
J2,J3 AND U4,99,26,24,2,75,1379,0.9230769230769231,0.24242424242424243,0.384,0.947972972972973,77
F3,F2 A_AND_NOT_B H1,318,486,154,332,164,830,0.3168724279835391,0.48427672955974843,0.38308457711442784,0.6648648648648648,496
S1,H1 XOR U4,514,1156,319,837,195,129,0.2759515570934256,0.6206225680933852,0.38203592814371257,0.3027027027027027,1032
U1,J2 B_AND_NOT_A S1,1317,504,347,157,970,6,0.6884920634920635,0.26347760060744113,0.3811092806150467,0.23851351351351352,1127
J5,F3 AND J1,70,35,20,15,50,1395,0.5714285714285714,0.2857142857142857,0.38095238095238093,0.956081081081081,65
S1,F1 B_AND_NOT_A H1,514,237,143,94,371,872,0.6033755274261603,0.2782101167315175,0.3808255659121172,0.6858108108108109,465
J1,H1 B_AND_NOT_A J2,132,31,31,0,101,1348,1.0,0.23484848484848486,0.3803680981595092,0.9317567567567567,101
J1,J2 A_AND_NOT_B J3,132,31,31,0,101,1348,1.0,0.23484848484848486,0.3803680981595092,0.9317567567567567,101
J1,J2 A_AND_NOT_B J5,132,31,31,0,101,1348,1.0,0.23484848484848486,0.3803680981595092,0.9317567567567567,101
J2,J1 A_AND_NOT_B J5,99,64,31,33,68,1348,0.484375,0.31313131313131315,0.3803680981595092,0.9317567567567567,101
U1,F1 B_AND_NOT_A S1,1317,503,346,157,971,6,0.6878727634194831,0.2627182991647684,0.3802197802197802,0.23783783783783785,1128
F3,J5 B_AND_NOT_A U1,318,1247,297,950,21,212,0.23817161186848437,0.9339622641509434,0.37955271565495213,0.3439189189189189,971
F3,J5 XOR U1,318,1247,297,950,21,212,0.23817161186848437,0.9339622641509434,0.37955271565495213,0.3439189189189189,971
F3,H1 XOR U4,318,1156,279,877,39,285,0.24134948096885814,0.8773584905660378,0.378561736770692,0.3810810810810811,916
F3,J3 B_AND_NOT_A U1,318,1241,295,946,23,216,0.23771152296535053,0.9276729559748428,0.37844772289929446,0.3452702702702703,969
F3,J3 XOR U1,318,1243,295,948,23,214,0.23732904263877716,0.9276729559748428,0.3779628443305573,0.3439189189189189,971
J4,F1 B_AND_NOT_A J3,68,22,17,5,51,1407,0.7727272727272727,0.25,0.37777777777777777,0.9621621621621622,56
U1,F2 B_AND_NOT_A S1,1317,500,343,157,974,6,0.686,0.2604403948367502,0.37754540451293345,0.23581081081081082,1131
J2,J4 AND U4,99,23,23,0,76,1381,1.0,0.23232323232323232,0.3770491803278689,0.9486486486486486,76
J2,J5 AND U4,99,23,23,0,76,1381,1.0,0.23232323232323232,0.3770491803278689,0.9486486486486486,76
F3,J4 B_AND_NOT_A U1,318,1249,295,954,23,208,0.23618895116092875,0.9276729559748428,0.3765156349712827,0.3398648648648649,977
F3,J4 XOR U1,318,1249,295,954,23,208,0.23618895116092875,0.9276729559748428,0.3765156349712827,0.3398648648648649,977
J4,H1 B_AND_NOT_A J3,68,17,16,1,52,1411,0.9411764705882353,0.23529411764705882,0.3764705882352941,0.9641891891891892,53
J1,J2 XOR J5,132,33,31,2,101,1346,0.9393939393939394,0.23484848484848486,0.3757575757575758,0.9304054054054054,103
J2,J1 XOR J5,99,66,31,35,68,1346,0.4696969696969697,0.31313131313131315,0.3757575757575758,0.9304054054054054,103
F3,J1 B_AND_NOT_A U1,318,1187,282,905,36,257,0.2375737152485257,0.8867924528301887,0.37475083056478403,0.3641891891891892,941
F3,J1 XOR U1,318,1189,282,907,36,255,0.23717409587888982,0.8867924528301887,0.37425348374253486,0.36283783783783785,943
F3,J2 B_AND_NOT_A U1,318,1218,287,931,31,231,0.23563218390804597,0.9025157232704403,0.3736979166666667,0.35,962
F3,J2 XOR U1,318,1218,287,931,31,231,0.23563218390804597,0.9025157232704403,0.3736979166666667,0.35,962
J5,J4 A_AND_NOT_B U3,70,16,16,0,54,1410,1.0,0.22857142857142856,0.3720930232558139,0.9635135135135136,54
J3,J5 A_AND_NOT_B U3,78,19,18,1,60,1401,0.9473684210526315,0.23076923076923078,0.37113402061855677,0.9587837837837838,61
J5,F1 B_AND_NOT_A J2,70,27,18,9,52,1401,0.6666666666666666,0.2571428571428571,0.37113402061855666,0.9587837837837838,61
J1,F3 AND J2,132,30,30,0,102,1348,1.0,0.22727272727272727,0.37037037037037035,0.9310810810810811,102
U1,J1 B_AND_NOT_A S1,1317,492,335,157,982,6,0.6808943089430894,0.25436598329536825,0.37037037037037035,0.2304054054054054,1139
J5,F1 B_AND_NOT_A J3,70,22,17,5,53,1405,0.7727272727272727,0.24285714285714285,0.3695652173913044,0.9608108108108108,58
S1,H1 OR U4,514,1274,329,945,185,21,0.25824175824175827,0.6400778210116731,0.3680089485458613,0.23648648648648649,1130
F2,F3 OR S1,964,830,330,500,634,16,0.39759036144578314,0.34232365145228216,0.3678929765886288,0.23378378378378378,1134
J4,J5 A_AND_NOT_B U3,68,19,16,3,52,1409,0.8421052631578947,0.23529411764705882,0.367816091954023,0.9628378378378378,55
U1,F3 A_AND_NOT_B J5,1317,298,297,1,1020,162,0.9966442953020134,0.2255125284738041,0.36780185758513934,0.31013513513513513,1021
J3,F3 AND J5,78,20,18,2,60,1400,0.9,0.23076923076923078,0.3673469387755102,0.9581081081081081,62
J5,J2 A_AND_NOT_B U3,70,28,18,10,52,1400,0.6428571428571429,0.2571428571428571,0.36734693877551017,0.9581081081081081,62
F3,H1 OR J1,318,675,182,493,136,669,0.2696296296296296,0.5723270440251572,0.3665659617321249,0.575,629
F2,F3 XOR S1,964,828,328,500,636,16,0.3961352657004831,0.34024896265560167,0.36607142857142855,0.23243243243243245,1136
U1,F3 AND U3,1317,295,295,0,1022,163,1.0,0.22399392558845863,0.36600496277915634,0.30945945945945946,1022
U1,F3 A_AND_NOT_B J3,1317,296,295,1,1022,162,0.9966216216216216,0.22399392558845863,0.365778053316801,0.3087837837837838,1023
U1,F3 A_AND_NOT_B J4,1317,296,295,1,1022,162,0.9966216216216216,0.22399392558845863,0.365778053316801,0.3087837837837838,1023
F1,F3 B_AND_NOT_A H1,800,466,231,235,569,445,0.4957081545064378,0.28875,0.3649289099526067,0.45675675675675675,804
J2,F1 B_AND_NOT_A J1,99,49,27,22,72,1359,0.5510204081632653,0.2727272727272727,0.36486486486486486,0.9364864864864865,94
F3,H1 XOR J1,318,588,165,423,153,739,0.28061224489795916,0.5188679245283019,0.3642384105960265,0.6108108108108108,576
F3,H1 OR J2,318,661,178,483,140,679,0.2692889561270802,0.559748427672956,0.36363636363636365,0.5790540540540541,623
F3,U3 AND U4,318,610,168,442,150,720,0.2754098360655738,0.5283018867924528,0.3620689655172414,0.6,592
J4,J3 A_AND_NOT_B U3,68,21,16,5,52,1407,0.7619047619047619,0.23529411764705882,0.35955056179775274,0.9614864864864865,57
U4,H1 XOR S1,762,848,289,559,473,159,0.3408018867924528,0.37926509186351703,0.3590062111801242,0.3027027027027027,1032
J4,F1 B_AND_NOT_A J2,68,27,17,10,51,1402,0.6296296296296297,0.25,0.35789473684210527,0.9587837837837838,61
J3,F1 B_AND_NOT_A J4,78,17,17,0,61,1402,1.0,0.21794871794871795,0.3578947368421052,0.9587837837837838,61
U1,F3 A_AND_NOT_B J2,1317,288,287,1,1030,162,0.9965277777777778,0.21791951404707668,0.357632398753894,0.3033783783783784,1031
F3,F2 XOR S1,318,1450,316,1134,2,28,0.21793103448275863,0.9937106918238994,0.3574660633484163,0.23243243243243245,1136
F1,F3 AND U4,800,175,174,1,626,679,0.9942857142857143,0.2175,0.35692307692307695,0.5763513513513514,627
F3,F2 OR S1,318,1464,318,1146,0,16,0.21721311475409835,1.0,0.3569023569023569,0.22567567567567567,1146
F3,H1 OR J4,318,646,172,474,146,688,0.26625386996904027,0.5408805031446541,0.35684647302904565,0.581081081081081,620
F3,H1 OR J3,318,647,172,475,146,687,0.26584234930448225,0.5408805031446541,0.3564766839378239,0.5804054054054054,621
F3,H1 XOR J2,318,593,162,431,156,731,0.27318718381112983,0.5094339622641509,0.35565312843029634,0.6033783783783784,587
F3,H1 OR J5,318,645,171,474,147,688,0.2651162790697674,0.5377358490566038,0.35514018691588783,0.5804054054054054,621
J3,F1 B_AND_NOT_A J5,78,18,17,1,61,1401,0.9444444444444444,0.21794871794871795,0.35416666666666674,0.9581081081081081,62
S1,U3 OR U4,514,1232,309,923,205,43,0.2508116883116883,0.6011673151750972,0.3539518900343643,0.23783783783783785,1128
F3,S1 OR U1,318,1474,317,1157,1,5,0.21506105834464043,0.9968553459119497,0.35379464285714285,0.21756756756756757,1158
U4,F3 OR J1,762,415,208,207,554,511,0.5012048192771085,0.27296587926509186,0.35344095157179267,0.4858108108108108,761
U1,F3 A_AND_NOT_B J1,1317,283,282,1,1035,162,0.9964664310954063,0.214123006833713,0.35250000000000004,0.3,1036
F3,H1 AND U3,318,551,153,398,165,764,0.2776769509981851,0.4811320754716981,0.3521288837744534,0.6195945945945946,563
S1,F2 XOR U4,514,584,193,391,321,575,0.3304794520547945,0.3754863813229572,0.3515482695810565,0.518918918918919,712
J1,J2 A_AND_NOT_B U3,132,28,28,0,104,1348,1.0,0.21212121212121213,0.35,0.9297297297297298,104
S1,H1 XOR U1,514,693,211,482,303,484,0.30447330447330445,0.41050583657587547,0.3496271748135874,0.46959459459459457,785
F3,H1 XOR J3,318,586,158,428,160,734,0.2696245733788396,0.4968553459119497,0.34955752212389385,0.6027027027027027,588
H1,J1 OR S1,630,624,219,405,411,445,0.35096153846153844,0.3476190476190476,0.3492822966507177,0.4486486486486487,816
S1,H1 B_AND_NOT_A U1,514,690,210,480,304,486,0.30434782608695654,0.4085603112840467,0.3488372093023256,0.4702702702702703,784
F3,H1 XOR J5,318,590,158,432,160,730,0.2677966101694915,0.4968553459119497,0.3480176211453745,0.6,592
J1,F3 OR J3,132,374,88,286,44,1062,0.23529411764705882,0.6666666666666666,0.3478260869565218,0.777027027027027,330
J2,F3 AND J3,99,22,21,1,78,1380,0.9545454545454546,0.21212121212121213,0.34710743801652894,0.9466216216216217,79
J2,F3 AND J4,99,22,21,1,78,1380,0.9545454545454546,0.21212121212121213,0.34710743801652894,0.9466216216216217,79
F3,H1 AND U1,318,627,164,463,154,699,0.26156299840510366,0.5157232704402516,0.3470899470899471,0.5831081081081081,617
H1,F3 A_AND_NOT_B S1,630,316,164,152,466,698,0.5189873417721519,0.26031746031746034,0.346723044397463,0.5824324324324325,618
H1,F3 A_AND_NOT_B U4,630,143,134,9,496,841,0.9370629370629371,0.2126984126984127,0.34670116429495473,0.6587837837837838,505
F3,H1 XOR J4,318,594,158,436,160,726,0.265993265993266,0.4968553459119497,0.34649122807017546,0.5972972972972973,596
J3,F1 B_AND_NOT_A J1,78,49,22,27,56,1375,0.4489795918367347,0.28205128205128205,0.3464566929133859,0.9439189189189189,83
H1,F3 AND U1,630,317,164,153,466,697,0.5173501577287066,0.26031746031746034,0.34635691657866946,0.5817567567567568,619
F3,H1 A_AND_NOT_B U2,318,630,164,466,154,696,0.26031746031746034,0.5157232704402516,0.3459915611814346,0.581081081081081,620
H1,F2 AND F3,630,318,164,154,466,696,0.5157232704402516,0.26031746031746034,0.3459915611814346,0.581081081081081,620
H1,F3 A_AND_NOT_B U2,630,318,164,154,466,696,0.5157232704402516,0.26031746031746034,0.3459915611814346,0.581081081081081,620
F3,H1 OR U2,318,632,164,468,154,694,0.25949367088607594,0.5157232704402516,0.3452631578947368,0.5797297297297297,622
F3,H1 XOR U2,318,632,164,468,154,694,0.25949367088607594,0.5157232704402516,0.3452631578947368,0.5797297297297297,622
H1,F3 OR U2,630,320,164,156,466,694,0.5125,0.26031746031746034,0.3452631578947368,0.5797297297297297,622
H1,F3 XOR U2,630,320,164,156,466,694,0.5125,0.26031746031746034,0.3452631578947368,0.5797297297297297,622
F3,S1 OR U3,318,1397,296,1101,22,61,0.21188260558339297,0.9308176100628931,0.34518950437317786,0.24121621621621622,1123
S1,F3 B_AND_NOT_A U4,514,587,190,397,324,569,0.32367972742759793,0.36964980544747084,0.34514078110808355,0.5128378378378379,721
U1,F1 B_AND_NOT_A U4,1317,279,275,4,1042,159,0.985663082437276,0.2088078967350038,0.34461152882205515,0.29324324324324325,1046
U4,J1 XOR S1,762,602,234,368,528,350,0.38870431893687707,0.30708661417322836,0.343108504398827,0.3945945945945946,896
U4,F3 OR J2,762,387,197,190,565,528,0.5090439276485789,0.2585301837270341,0.34290687554395133,0.48986486486486486,755
F2,F1 XOR U3,964,430,239,191,725,325,0.5558139534883721,0.2479253112033195,0.34289813486370163,0.3810810810810811,916
H1,F1 AND F3,630,315,162,153,468,697,0.5142857142857142,0.2571428571428571,0.3428571428571428,0.5804054054054054,621
S1,F1 XOR U4,514,596,190,406,324,560,0.3187919463087248,0.36964980544747084,0.34234234234234234,0.5067567567567568,730
U4,J1 OR S1,762,624,237,387,525,331,0.3798076923076923,0.3110236220472441,0.34199134199134196,0.3837837837837838,912
F3,H1 A_AND_NOT_B J1,318,543,147,396,171,766,0.27071823204419887,0.46226415094339623,0.3414634146341463,0.6168918918918919,567
H1,J3 OR S1,630,589,208,381,422,469,0.3531409168081494,0.33015873015873015,0.34126333059885156,0.4574324324324324,803
H1,J2 OR S1,630,603,210,393,420,457,0.3482587064676617,0.3333333333333333,0.340632603406326,0.4506756756756757,813
H1,J3 XOR S1,630,586,207,379,423,471,0.3532423208191126,0.32857142857142857,0.34046052631578944,0.4581081081081081,802
J3,H1 B_AND_NOT_A J4,78,16,16,0,62,1402,1.0,0.20512820512820512,0.3404255319148936,0.9581081081081081,62
J3,J4 A_AND_NOT_B U3,78,16,16,0,62,1402,1.0,0.20512820512820512,0.3404255319148936,0.9581081081081081,62
U4,F3 OR H1,762,784,263,521,499,197,0.3354591836734694,0.3451443569553806,0.34023285899094435,0.3108108108108108,1020
U4,H1 OR S1,762,996,299,697,463,21,0.3002008032128514,0.39238845144356954,0.34015927189988626,0.21621621621621623,1160
J3,J2 A_AND_NOT_B U3,78,28,18,10,60,1392,0.6428571428571429,0.23076923076923078,0.339622641509434,0.9527027027027027,70
J1,F1 B_AND_NOT_A J2,132,27,27,0,105,1348,1.0,0.20454545454545456,0.339622641509434,0.9290540540540541,105
U1,F2 XOR U3,1317,274,270,4,1047,159,0.9854014598540146,0.20501138952164008,0.33940917661847897,0.28986486486486485,1051
F3,H1 A_AND_NOT_B J3,318,569,150,419,168,743,0.26362038664323373,0.4716981132075472,0.3382187147688839,0.6033783783783784,587
F3,H1 A_AND_NOT_B J5,318,575,151,424,167,738,0.26260869565217393,0.4748427672955975,0.3381858902575588,0.6006756756756757,591
U4,F3 OR J3,762,374,192,182,570,536,0.5133689839572193,0.25196850393700787,0.3380281690140845,0.4918918918918919,752
J4,H1 B_AND_NOT_A J5,68,15,14,1,54,1411,0.9333333333333333,0.20588235294117646,0.3373493975903614,0.9628378378378378,55
U4,F1 XOR U3,762,430,201,229,561,489,0.46744186046511627,0.2637795275590551,0.337248322147651,0.46621621621621623,790
U4,F3 XOR H1,762,620,233,387,529,331,0.3758064516129032,0.30577427821522307,0.33719247467438496,0.3810810810810811,916
F3,H1 A_AND_NOT_B J2,318,562,148,414,170,748,0.26334519572953735,0.46540880503144655,0.33636363636363636,0.6054054054054054,584
S1,U3 B_AND_NOT_A U4,514,152,112,40,402,926,0.7368421052631579,0.2178988326848249,0.33633633633633636,0.7013513513513514,442
U4,F3 XOR J1,762,380,192,188,570,530,0.5052631578947369,0.25196850393700787,0.3362521891418564,0.48783783783783785,758
J2,F3 AND J5,99,20,20,0,79,1381,1.0,0.20202020202020202,0.33613445378151263,0.9466216216216217,79
F1,F3 AND H1,800,164,162,2,638,678,0.9878048780487805,0.2025,0.33609958506224064,0.5675675675675675,640
U4,F3 OR J4,762,364,189,175,573,543,0.5192307692307693,0.24803149606299213,0.33570159857904086,0.4945945945945946,748
H1,J5 XOR S1,630,580,203,377,427,473,0.35,0.32222222222222224,0.3355371900826446,0.45675675675675675,804
U4,F2 XOR U1,762,365,189,176,573,542,0.5178082191780822,0.24803149606299213,0.33540372670807456,0.4939189189189189,749
F3,H1 B_AND_NOT_A U3,318,529,142,387,176,775,0.2684310018903592,0.44654088050314467,0.3353010625737899,0.6195945945945946,563
U4,J2 XOR S1,762,593,227,366,535,352,0.3827993254637437,0.2979002624671916,0.33505535055350555,0.3912162162162162,901
H1,J5 OR S1,630,582,203,379,427,471,0.3487972508591065,0.32222222222222224,0.33498349834983493,0.4554054054054054,806
F3,H1 A_AND_NOT_B J4,318,578,150,428,168,734,0.25951557093425603,0.4716981132075472,0.33482142857142855,0.5972972972972973,596
U4,F3 OR J5,762,368,189,179,573,539,0.5135869565217391,0.24803149606299213,0.33451327433628325,0.4918918918918919,752
U4,S1 AND U1,762,357,187,170,575,548,0.5238095238095238,0.24540682414698162,0.3342269883824843,0.4966216216216216,745
F3,J4 OR U4,318,807,188,619,130,543,0.23296158612143741,0.5911949685534591,0.3342222222222222,0.4939189189189189,749
F3,J2 OR U4,318,825,191,634,127,528,0.2315151515151515,0.60062893081761,0.3342082239720035,0.4858108108108108,761
J2,F3 OR J5,99,368,78,290,21,1091,0.21195652173913043,0.7878787878787878,0.33404710920770875,0.7898648648648648,311
U4,F2 B_AND_NOT_A U1,762,359,187,172,575,546,0.520891364902507,0.24540682414698162,0.33363068688670827,0.49527027027027026,747
F3,J1 OR U4,318,845,194,651,124,511,0.22958579881656804,0.610062893081761,0.3336199484092863,0.47635135135135137,775
H1,J2 XOR S1,630,593,204,389,426,461,0.3440134907251265,0.3238095238095238,0.3336058871627146,0.44932432432432434,815
J4,J2 A_AND_NOT_B U3,68,28,16,12,52,1400,0.5714285714285714,0.23529411764705882,0.3333333333333333,0.9567567567567568,64
U4,J2 OR S1,762,603,227,376,535,342,0.37645107794361526,0.2979002624671916,0.33260073260073264,0.3844594594594595,911
F3,J3 OR U4,318,814,188,626,130,536,0.23095823095823095,0.5911949685534591,0.3321554770318021,0.4891891891891892,756
J1,F3 OR J5,132,368,83,285,49,1063,0.22554347826086957,0.6287878787878788,0.332,0.7743243243243243,334
H1,J4 XOR S1,630,578,200,378,430,472,0.3460207612456747,0.31746031746031744,0.3311258278145695,0.4540540540540541,808
H1,F3 AND U3,630,295,153,142,477,708,0.5186440677966102,0.24285714285714285,0.3308108108108108,0.5817567567567568,619
J3,J1 A_AND_NOT_B U3,78,43,20,23,58,1379,0.46511627906976744,0.2564102564102564,0.3305785123966942,0.9452702702702702,81
H1,J4 OR S1,630,580,200,380,430,470,0.3448275862068966,0.31746031746031744,0.3305785123966942,0.4527027027027027,810
F3,H1 XOR U3,318,608,153,455,165,707,0.25164473684210525,0.4811320754716981,0.33045356371490275,0.581081081081081,620
F3,J5 OR U4,318,809,186,623,132,539,0.22991347342398022,0.5849056603773585,0.3300798580301686,0.48986486486486486,755
H1,J1 XOR S1,630,602,203,399,427,451,0.3372093023255814,0.32222222222222224,0.32954545454545453,0.4418918918918919,826
J1,J3 AND U4,132,26,26,0,106,1348,1.0,0.19696969696969696,0.3291139240506329,0.9283783783783783,106
U4,F3 XOR J3,762,352,183,169,579,549,0.5198863636363636,0.24015748031496062,0.32854578096947934,0.4945945945945946,748
H1,F3 OR U4,630,905,252,653,378,197,0.27845303867403315,0.4,0.32833876221498376,0.3033783783783784,1031
U4,F3 XOR J2,762,357,183,174,579,544,0.5126050420168067,0.24015748031496062,0.32707774798927614,0.4912162162162162,753
H1,F3 XOR U4,630,730,222,508,408,342,0.3041095890410959,0.3523809523809524,0.3264705882352942,0.3810810810810811,916
U4,F3 XOR J4,762,342,180,162,582,556,0.5263157894736842,0.23622047244094488,0.32608695652173914,0.4972972972972973,744
F3,U1 AND U4,318,756,175,581,143,581,0.23148148148148148,0.550314465408805,0.3258845437616387,0.5108108108108108,724
J5,H1 B_AND_NOT_A J4,70,16,14,2,56,1408,0.875,0.2,0.32558139534883723,0.9608108108108108,58
J2,F3 OR J3,99,374,77,297,22,1084,0.20588235294117646,0.7777777777777778,0.3255813953488372,0.7844594594594595,319
H1,F3 A_AND_NOT_B J5,630,298,151,147,479,703,0.5067114093959731,0.2396825396825397,0.3254310344827586,0.577027027027027,626
U4,F3 OR U2,762,320,176,144,586,574,0.55,0.23097112860892388,0.3253234750462107,0.5067567567567568,730
U4,F3 XOR U2,762,320,176,144,586,574,0.55,0.23097112860892388,0.3253234750462107,0.5067567567567568,730
U3,J1 OR S1,1080,624,277,347,803,53,0.4439102564102564,0.2564814814814815,0.3251173708920187,0.22297297297297297,1150
F3,J4 XOR U4,318,784,179,605,139,557,0.22831632653061223,0.5628930817610063,0.32486388384754983,0.4972972972972973,744
F3,U2 B_AND_NOT_A U4,318,761,175,586,143,576,0.22996057818659657,0.550314465408805,0.3243744207599629,0.5074324324324324,729
U4,F3 AND U1,762,317,175,142,587,576,0.5520504731861199,0.22965879265091863,0.3243744207599629,0.5074324324324324,729
U4,F3 XOR J5,762,348,180,168,582,550,0.5172413793103449,0.23622047244094488,0.32432432432432434,0.49324324324324326,750
F3,U2 XOR U4,318,762,175,587,143,575,0.22965879265091863,0.550314465408805,0.32407407407407407,0.5067567567567568,730
U4,F2 AND F3,762,318,175,143,587,575,0.550314465408805,0.22965879265091863,0.32407407407407407,0.5067567567567568,730
U4,F3 A_AND_NOT_B U2,762,318,175,143,587,575,0.550314465408805,0.22965879265091863,0.32407407407407407,0.5067567567567568,730
H1,F3 A_AND_NOT_B J3,630,296,150,146,480,704,0.5067567567567568,0.23809523809523808,0.3239740820734341,0.577027027027027,626
H1,F3 A_AND_NOT_B J4,630,296,150,146,480,704,0.5067567567567568,0.23809523809523808,0.3239740820734341,0.577027027027027,626
J3,F1 B_AND_NOT_A J2,78,27,17,10,61,1392,0.6296296296296297,0.21794871794871795,0.32380952380952377,0.952027027027027,71
F3,U2 OR U4,318,763,175,588,143,574,0.22935779816513763,0.550314465408805,0.3237742830712304,0.5060810810810811,731
F3,J3 XOR U4,318,788,179,609,139,553,0.22715736040609136,0.5628930817610063,0.3236889692585895,0.4945945945945946,748
J4,H1 B_AND_NOT_A J2,68,31,16,15,52,1397,0.5161290322580645,0.23529411764705882,0.3232323232323232,0.9547297297297297,67
U4,F1 AND F3,762,315,174,141,588,577,0.5523809523809524,0.2283464566929134,0.3231197771587744,0.5074324324324324,729
F3,U1 A_AND_NOT_B U4,318,561,142,419,176,743,0.2531194295900178,0.44654088050314467,0.323094425483504,0.597972972972973,595
F3,H1 A_AND_NOT_B U4,318,512,134,378,184,784,0.26171875,0.42138364779874216,0.32289156626506027,0.6202702702702703,562
H1,S1 XOR U4,630,894,246,648,384,202,0.2751677852348993,0.3904761904761905,0.3228346456692913,0.3027027027027027,1032
U4,F3 A_AND_NOT_B S1,762,316,174,142,588,576,0.5506329113924051,0.2283464566929134,0.32282003710575136,0.5067567567567568,730
J1,F3 OR J4,132,364,80,284,52,1064,0.21978021978021978,0.6060606060606061,0.32258064516129037,0.772972972972973,336
H1,F3 A_AND_NOT_B J2,630,288,148,140,482,710,0.5138888888888888,0.23492063492063492,0.32244008714596945,0.5797297297297297,622
F3,U3 A_AND_NOT_B U4,318,470,127,343,191,819,0.2702127659574468,0.39937106918238996,0.3223350253807106,0.6391891891891892,534
J1,H1 A_AND_NOT_B U3,132,79,34,45,98,1303,0.43037974683544306,0.25757575757575757,0.3222748815165877,0.9033783783783784,143
F3,F1 XOR H1,318,644,155,489,163,673,0.2406832298136646,0.48742138364779874,0.3222453222453222,0.5594594594594594,652
F3,F2 XOR H1,318,638,154,484,164,678,0.2413793103448276,0.48427672955974843,0.32217573221757323,0.5621621621621622,648
H1,F3 A_AND_NOT_B J1,630,283,147,136,483,714,0.519434628975265,0.23333333333333334,0.32201533406352684,0.5817567567567568,619
S1,U1 XOR U4,514,567,174,393,340,573,0.30687830687830686,0.33852140077821014,0.32192414431082333,0.5047297297297297,733
J5,H1 B_AND_NOT_A J3,70,17,14,3,56,1407,0.8235294117647058,0.2,0.3218390804597701,0.9601351351351352,59
U4,H1 B_AND_NOT_A S1,762,366,181,185,581,533,0.49453551912568305,0.23753280839895013,0.32092198581560283,0.48243243243243245,766
F3,U1 XOR U4,318,567,142,425,176,737,0.25044091710758376,0.44654088050314467,0.32090395480225986,0.5939189189189189,601
F1,F3 A_AND_NOT_B H1,800,154,153,1,647,679,0.9935064935064936,0.19125,0.32075471698113206,0.5621621621621622,648
F3,J5 XOR U4,318,786,177,609,141,553,0.22519083969465647,0.5566037735849056,0.32065217391304346,0.49324324324324326,750
F3,J2 XOR U4,318,789,177,612,141,550,0.22433460076045628,0.5566037735849056,0.31978319783197834,0.4912162162162162,753
U4,J3 OR S1,762,589,216,373,546,345,0.366723259762309,0.28346456692913385,0.31976313841598814,0.37905405405405407,919
J2,F3 OR J4,99,364,74,290,25,1091,0.2032967032967033,0.7474747474747475,0.31965442764578833,0.7871621621621622,315
F3,J1 XOR U4,318,796,178,618,140,544,0.2236180904522613,0.559748427672956,0.3195691202872531,0.48783783783783785,758
U4,J4 XOR S1,762,578,214,364,548,354,0.370242214532872,0.28083989501312334,0.3194029850746269,0.3837837837837838,912
U4,J3 XOR S1,762,586,215,371,547,347,0.36689419795221845,0.2821522309711286,0.3189910979228487,0.37972972972972974,918
U4,J4 OR S1,762,580,214,366,548,352,0.3689655172413793,0.28083989501312334,0.3189269746646795,0.3824324324324324,914
U4,J5 XOR S1,762,580,214,366,548,352,0.3689655172413793,0.28083989501312334,0.3189269746646795,0.3824324324324324,914
U3,J1 XOR S1,1080,602,268,334,812,66,0.44518272425249167,0.24814814814814815,0.3186682520808561,0.22567567567567567,1146
J5,J1 A_AND_NOT_B U3,70,43,18,25,52,1385,0.4186046511627907,0.2571428571428571,0.3185840707964601,0.947972972972973,77
U4,J5 OR S1,762,582,214,368,548,350,0.36769759450171824,0.28083989501312334,0.318452380952381,0.3810810810810811,916
U4,F3 AND U3,762,295,168,127,594,591,0.5694915254237288,0.2204724409448819,0.31788079470198677,0.5128378378378379,721
F3,F2 XOR U4,318,584,143,441,175,721,0.24486301369863014,0.449685534591195,0.3170731707317073,0.5837837837837838,616
U4,F3 A_AND_NOT_B H1,762,154,145,9,617,709,0.9415584415584416,0.19028871391076116,0.3165938864628821,0.577027027027027,626
H1,F2 XOR U3,630,274,143,131,487,719,0.5218978102189781,0.22698412698412698,0.3163716814159292,0.5824324324324325,618
S1,U1 A_AND_NOT_B U4,514,561,170,391,344,575,0.30303030303030304,0.33073929961089493,0.31627906976744186,0.5033783783783784,735
S1,J1 XOR U4,514,796,207,589,307,377,0.2600502512562814,0.4027237354085603,0.3160305343511451,0.3945945945945946,896
F3,J3 B_AND_NOT_A U4,318,736,166,570,152,592,0.22554347826086957,0.5220125786163522,0.31499051233396586,0.5121621621621621,722
F3,J4 B_AND_NOT_A U4,318,739,166,573,152,589,0.22462787550744248,0.5220125786163522,0.3140964995269631,0.5101351351351351,725
F3,J5 B_AND_NOT_A U4,318,739,166,573,152,589,0.22462787550744248,0.5220125786163522,0.3140964995269631,0.5101351351351351,725
U4,F3 A_AND_NOT_B J3,762,296,166,130,596,588,0.5608108108108109,0.2178477690288714,0.3137996219281664,0.5094594594594595,726
U4,F3 A_AND_NOT_B J4,762,296,166,130,596,588,0.5608108108108109,0.2178477690288714,0.3137996219281664,0.5094594594594595,726
U4,F3 A_AND_NOT_B J5,762,298,166,132,596,586,0.5570469798657718,0.2178477690288714,0.31320754716981136,0.5081081081081081,728
S1,H1 B_AND_NOT_A U4,514,644,181,463,333,503,0.281055900621118,0.3521400778210117,0.3126079447322971,0.46216216216216216,796
U3,J2 OR S1,1080,603,262,341,818,59,0.43449419568822556,0.24259259259259258,0.3113487819370172,0.2168918918918919,1159
F3,F1 XOR U4,318,596,142,454,176,708,0.23825503355704697,0.44654088050314467,0.31072210065645517,0.5743243243243243,630
J3,F3 OR J5,78,368,69,299,9,1103,0.1875,0.8846153846153846,0.3094170403587444,0.7918918918918919,308
S1,J1 OR U4,514,845,210,635,304,331,0.2485207100591716,0.4085603112840467,0.30905077262693154,0.3655405405405405,939
S1,J2 XOR U4,514,789,201,588,313,378,0.25475285171102663,0.39105058365758755,0.308518802762855,0.3912162162162162,901
F3,J1 B_AND_NOT_A U4,318,713,159,554,159,608,0.22300140252454417,0.5,0.3084384093113482,0.5182432432432432,713
F3,J2 B_AND_NOT_A U4,318,726,161,565,157,597,0.22176308539944903,0.5062893081761006,0.30842911877394635,0.5121621621621621,722
S1,J2 B_AND_NOT_A U4,514,726,191,535,323,431,0.2630853994490358,0.3715953307392996,0.30806451612903224,0.42027027027027025,858
J2,F1 B_AND_NOT_A J5,99,18,18,0,81,1381,1.0,0.18181818181818182,0.3076923076923077,0.9452702702702702,81
J3,F3 OR J4,78,364,68,296,10,1106,0.18681318681318682,0.8717948717948718,0.3076923076923077,0.7932432432432432,306
J4,F3 OR J3,68,374,68,306,0,1106,0.18181818181818182,1.0,0.3076923076923077,0.7932432432432432,306
H1,F2 XOR U1,630,365,153,212,477,638,0.4191780821917808,0.24285714285714285,0.3075376884422111,0.5344594594594595,689
F2,F3 AND U4,964,175,175,0,789,516,1.0,0.18153526970954356,0.3072870939420544,0.4668918918918919,789
S1,F3 XOR U4,514,730,191,539,323,427,0.26164383561643834,0.3715953307392996,0.3070739549839228,0.4175675675675676,862
U4,F3 A_AND_NOT_B J2,762,288,161,127,601,591,0.5590277777777778,0.21128608923884515,0.30666666666666664,0.5081081081081081,728
S1,J1 B_AND_NOT_A U4,514,713,188,525,326,441,0.26367461430575034,0.3657587548638132,0.306438467807661,0.425,851
U3,J2 XOR S1,1080,593,256,337,824,63,0.4317032040472175,0.23703703703703705,0.3060370591751345,0.21554054054054053,1161
H1,F2 B_AND_NOT_A U1,630,359,151,208,479,642,0.4206128133704735,0.2396825396825397,0.30535894843276035,0.5358108108108108,687
J2,J5 A_AND_NOT_B U3,99,19,18,1,81,1380,0.9473684210526315,0.18181818181818182,0.3050847457627119,0.9445945945945946,82
S1,J4 B_AND_NOT_A U4,514,739,191,548,323,418,0.2584573748308525,0.3715953307392996,0.3048683160415004,0.4114864864864865,871
S1,J5 B_AND_NOT_A U4,514,739,191,548,323,418,0.2584573748308525,0.3715953307392996,0.3048683160415004,0.4114864864864865,871
U4,F3 A_AND_NOT_B J1,762,283,159,124,603,594,0.5618374558303887,0.20866141732283464,0.3043062200956938,0.5087837837837837,727
J3,F3 OR J1,78,415,75,340,3,1062,0.18072289156626506,0.9615384615384616,0.30425963488843816,0.7682432432432432,343
S1,J3 B_AND_NOT_A U4,514,736,190,546,324,420,0.25815217391304346,0.36964980544747084,0.304,0.41216216216216217,870
F3,H1 B_AND_NOT_A U1,318,690,153,537,165,625,0.2217391304347826,0.4811320754716981,0.30357142857142855,0.5256756756756756,702
U3,J3 OR S1,1080,589,253,336,827,64,0.4295415959252971,0.23425925925925925,0.30317555422408626,0.2141891891891892,1163
F3,H1 XOR U1,318,693,153,540,165,622,0.22077922077922077,0.4811320754716981,0.3026706231454006,0.5236486486486487,705
J1,F3 XOR J2,132,357,74,283,58,1065,0.20728291316526612,0.5606060606060606,0.30265848670756645,0.7695945945945946,341
J5,F1 B_AND_NOT_A J1,70,49,18,31,52,1379,0.3673469387755102,0.2571428571428571,0.3025210084033613,0.9439189189189189,83
U3,J3 XOR S1,1080,586,252,334,828,66,0.4300341296928328,0.23333333333333334,0.3025210084033613,0.21486486486486486,1162
S1,F3 B_AND_NOT_A H1,514,466,148,318,366,648,0.31759656652360513,0.28793774319066145,0.3020408163265306,0.5378378378378378,684
J1,J2 OR S1,132,603,111,492,21,856,0.18407960199004975,0.8409090909090909,0.30204081632653057,0.6533783783783784,513
J5,F3 OR J3,70,374,67,307,3,1103,0.17914438502673796,0.9571428571428572,0.30180180180180183,0.7905405405405406,310
S1,F3 B_AND_NOT_A U3,514,785,196,589,318,377,0.24968152866242038,0.38132295719844356,0.30177059276366436,0.38716216216216215,907
U4,J2 B_AND_NOT_A S1,762,504,191,313,571,405,0.37896825396825395,0.25065616797900264,0.30173775671406,0.4027027027027027,884
F3,H1 B_AND_NOT_A U4,318,644,145,499,173,663,0.2251552795031056,0.4559748427672956,0.30145530145530147,0.5459459459459459,672
U1,F1 B_AND_NOT_A H1,1317,237,234,3,1083,160,0.9873417721518988,0.1776765375854214,0.30115830115830117,0.2662162162162162,1086
J3,H1 B_AND_NOT_A J5,78,15,14,1,64,1401,0.9333333333333333,0.1794871794871795,0.3010752688172043,0.956081081081081,65
S1,U2 OR U4,514,763,192,571,322,395,0.2516382699868938,0.3735408560311284,0.3007047768206735,0.3966216216216216,893
S1,J2 OR U4,514,825,201,624,313,342,0.24363636363636362,0.39105058365758755,0.3002240477968633,0.3668918918918919,937
J2,J3 A_AND_NOT_B U3,99,21,18,3,81,1378,0.8571428571428571,0.18181818181818182,0.30000000000000004,0.9432432432432433,84
U4,J4 B_AND_NOT_A S1,762,512,191,321,571,397,0.373046875,0.25065616797900264,0.2998430141287284,0.3972972972972973,892
U4,J5 B_AND_NOT_A S1,762,512,191,321,571,397,0.373046875,0.25065616797900264,0.2998430141287284,0.3972972972972973,892
U4,J1 B_AND_NOT_A S1,762,492,188,304,574,414,0.3821138211382114,0.24671916010498687,0.2998405103668262,0.40675675675675677,878
S1,U2 XOR U4,514,762,191,571,323,395,0.25065616797900264,0.3715953307392996,0.29937304075235105,0.39594594594594595,894
U4,S1 OR U2,762,514,191,323,571,395,0.3715953307392996,0.25065616797900264,0.29937304075235105,0.39594594594594595,894
F1,F3 A_AND_NOT_B U4,800,143,141,2,659,678,0.986013986013986,0.17625,0.29904559915164364,0.5533783783783783,661
U3,J4 OR S1,1080,580,248,332,832,68,0.42758620689655175,0.22962962962962963,0.2987951807228916,0.21351351351351353,1164
H1,S1 OR U4,630,1085,256,829,374,21,0.2359447004608295,0.40634920634920635,0.29854227405247813,0.18716216216216217,1203
U4,J3 B_AND_NOT_A S1,762,511,190,321,572,397,0.37181996086105673,0.24934383202099739,0.2985074626865672,0.3966216216216216,893
U4,F3 B_AND_NOT_A S1,762,512,190,322,572,396,0.37109375,0.24934383202099739,0.2982731554160125,0.39594594594594595,894
U4,S1 A_AND_NOT_B U2,762,512,190,322,572,396,0.37109375,0.24934383202099739,0.2982731554160125,0.39594594594594595,894
U4,S1 XOR U2,762,512,190,322,572,396,0.37109375,0.24934383202099739,0.2982731554160125,0.39594594594594595,894
J4,F3 OR J5,68,368,65,303,3,1109,0.1766304347826087,0.9558823529411765,0.2981651376146789,0.7932432432432432,306
S1,U2 B_AND_NOT_A U4,514,761,190,571,324,395,0.24967148488830487,0.36964980544747084,0.29803921568627456,0.3952702702702703,895
S1,F3 XOR U3,514,808,197,611,317,355,0.2438118811881188,0.3832684824902724,0.29803328290468983,0.372972972972973,928
U3,J4 XOR S1,1080,578,247,331,833,69,0.4273356401384083,0.22870370370370371,0.2979493365500603,0.21351351351351353,1164
U4,U1 XOR U3,762,245,150,95,612,623,0.6122448979591837,0.1968503937007874,0.29791459781529295,0.5222972972972973,707
H1,S1 AND U1,630,357,147,210,483,640,0.4117647058823529,0.23333333333333334,0.2978723404255319,0.5317567567567567,693
J1,H1 OR J2,132,661,118,543,14,805,0.17851739788199697,0.8939393939393939,0.2976040353089533,0.6236486486486487,557
J5,F3 OR J2,70,387,68,319,2,1091,0.17571059431524547,0.9714285714285714,0.2975929978118162,0.7831081081081082,321
S1,J4 XOR U4,514,784,193,591,321,375,0.2461734693877551,0.3754863813229572,0.2973805855161788,0.3837837837837838,912
U3,J5 OR S1,1080,582,247,335,833,65,0.42439862542955326,0.22870370370370371,0.2972322503008424,0.21081081081081082,1168
J5,H1 B_AND_NOT_A J2,70,31,15,16,55,1394,0.4838709677419355,0.21428571428571427,0.297029702970297,0.952027027027027,71
S1,J5 XOR U4,514,786,193,593,321,373,0.2455470737913486,0.3754863813229572,0.29692307692307696,0.3824324324324324,914
J3,F3 OR J2,78,387,69,318,9,1084,0.17829457364341086,0.8846153846153846,0.29677419354838713,0.779054054054054,327
J1,J4 AND U4,132,23,23,0,109,1348,1.0,0.17424242424242425,0.2967741935483871,0.9263513513513514,109
J1,J5 AND U4,132,23,23,0,109,1348,1.0,0.17424242424242425,0.2967741935483871,0.9263513513513514,109
U3,J5 XOR S1,1080,580,246,334,834,66,0.4241379310344828,0.22777777777777777,0.2963855421686747,0.21081081081081082,1168
U4,U1 A_AND_NOT_B U3,762,241,148,93,614,625,0.6141078838174274,0.1942257217847769,0.2951146560319043,0.5222972972972973,707
S1,J3 XOR U4,514,788,192,596,322,370,0.2436548223350254,0.3735408560311284,0.2949308755760368,0.37972972972972974,918
S1,U1 AND U4,514,756,187,569,327,397,0.24735449735449735,0.3638132295719844,0.2944881889763779,0.3945945945945946,896
U4,F1 B_AND_NOT_A U3,762,355,164,191,598,527,0.4619718309859155,0.2152230971128609,0.2936436884512086,0.4668918918918919,789
J3,H1 B_AND_NOT_A J2,78,31,16,15,62,1387,0.5161290322580645,0.20512820512820512,0.29357798165137616,0.947972972972973,77
U4,F2 B_AND_NOT_A S1,762,500,185,315,577,403,0.37,0.24278215223097113,0.2931854199683043,0.3972972972972973,892
J2,F1 B_AND_NOT_A J4,99,17,17,0,82,1381,1.0,0.1717171717171717,0.29310344827586204,0.9445945945945946,82
U4,F1 B_AND_NOT_A S1,762,503,185,318,577,400,0.36779324055666,0.24278215223097113,0.2924901185770751,0.3952702702702703,895
S1,J4 OR U4,514,807,193,614,321,352,0.23915737298636927,0.3754863813229572,0.2922028766086298,0.36824324324324326,935
S1,J5 OR U4,514,809,193,616,321,350,0.23856613102595797,0.3754863813229572,0.29176114890400606,0.3668918918918919,937
F2,F3 AND H1,964,164,164,0,800,516,1.0,0.17012448132780084,0.2907801418439716,0.4594594594594595,800
S1,J3 OR U4,514,814,193,621,321,345,0.2371007371007371,0.3754863813229572,0.29066265060240964,0.3635135135135135,942
J4,F1 B_AND_NOT_A J1,68,49,17,32,51,1380,0.3469387755102041,0.25,0.2905982905982906,0.9439189189189189,83
J5,F3 OR J4,70,364,63,301,7,1109,0.17307692307692307,0.9,0.2903225806451613,0.7918918918918919,308
J4,F3 OR J2,68,387,66,321,2,1091,0.17054263565891473,0.9705882352941176,0.2901098901098901,0.7817567567567567,323
U3,F1 B_AND_NOT_A H1,1080,237,191,46,889,354,0.8059071729957806,0.17685185185185184,0.2900531511009871,0.36824324324324326,935
H1,S1 A_AND_NOT_B U4,630,323,138,185,492,665,0.42724458204334365,0.21904761904761905,0.28961175236096537,0.5425675675675675,677
F3,S1 XOR U4,318,894,175,719,143,443,0.19574944071588368,0.550314465408805,0.2887788778877888,0.4175675675675676,862
J4,J1 A_AND_NOT_B U3,68,43,16,27,52,1385,0.37209302325581395,0.23529411764705882,0.2882882882882883,0.9466216216216217,79
J2,F3 XOR J1,99,380,69,311,30,1070,0.18157894736842106,0.696969696969697,0.28810020876826725,0.7695945945945946,341
J1,F1 B_AND_NOT_A J3,132,22,22,0,110,1348,1.0,0.16666666666666666,0.2857142857142857,0.9256756756756757,110
J1,F3 AND J3,132,22,22,0,110,1348,1.0,0.16666666666666666,0.2857142857142857,0.9256756756756757,110
J1,F3 AND J4,132,22,22,0,110,1348,1.0,0.16666666666666666,0.2857142857142857,0.9256756756756757,110
F3,U3 XOR U4,318,622,134,488,184,674,0.21543408360128619,0.42138364779874216,0.2851063829787234,0.5459459459459459,672
F3,H1 XOR S1,318,848,166,682,152,480,0.1957547169811321,0.5220125786163522,0.2847341337907376,0.43648648648648647,834
J4,H1 B_AND_NOT_A J1,68,45,16,29,52,1383,0.35555555555555557,0.23529411764705882,0.2831858407079646,0.9452702702702702,81
S1,H1 OR U3,514,1159,236,923,278,43,0.20362381363244175,0.4591439688715953,0.2821279139270771,0.1885135135135135,1201
J2,F1 B_AND_NOT_A J3,99,22,17,5,82,1376,0.7727272727272727,0.1717171717171717,0.2809917355371901,0.9412162162162162,87
J5,F3 OR J1,70,415,68,347,2,1063,0.163855421686747,0.9714285714285714,0.2804123711340206,0.7641891891891892,349
U3,F1 XOR F2,1080,192,178,14,902,386,0.9270833333333334,0.1648148148148148,0.279874213836478,0.3810810810810811,916
J1,J2 XOR S1,132,593,101,492,31,856,0.1703204047217538,0.7651515151515151,0.27862068965517245,0.6466216216216216,523
J2,H1 B_AND_NOT_A J4,99,16,16,0,83,1381,1.0,0.16161616161616163,0.27826086956521745,0.9439189189189189,83
J2,J4 A_AND_NOT_B U3,99,16,16,0,83,1381,1.0,0.16161616161616163,0.27826086956521745,0.9439189189189189,83
J4,F3 OR J1,68,415,67,348,1,1064,0.1614457831325301,0.9852941176470589,0.2774327122153209,0.7641891891891892,349
J3,H1 B_AND_NOT_A J1,78,45,17,28,61,1374,0.37777777777777777,0.21794871794871795,0.2764227642276423,0.9398648648648649,89
J2,H1 B_AND_NOT_A J3,99,17,16,1,83,1380,0.9411764705882353,0.16161616161616163,0.2758620689655173,0.9432432432432433,84
F2,F3 A_AND_NOT_B H1,964,154,154,0,810,516,1.0,0.15975103734439833,0.2754919499105546,0.4527027027027027,810
J2,J1 OR S1,99,624,99,525,0,856,0.15865384615384615,1.0,0.2738589211618257,0.6452702702702703,525
U3,S1 AND U1,1080,357,196,161,884,239,0.5490196078431373,0.1814814814814815,0.27279053583855256,0.2939189189189189,1045
J1,F3 XOR J3,132,352,66,286,66,1062,0.1875,0.5,0.2727272727272727,0.7621621621621621,352
U3,F2 XOR U1,1080,365,197,168,883,232,0.5397260273972603,0.1824074074074074,0.2726643598615917,0.28986486486486485,1051
S1,H1 A_AND_NOT_B J5,514,575,148,427,366,539,0.2573913043478261,0.28793774319066145,0.27180899908172634,0.46418918918918917,793
S1,H1 XOR J5,514,590,150,440,364,526,0.2542372881355932,0.2918287937743191,0.2717391304347826,0.45675675675675675,804
S1,H1 A_AND_NOT_B J3,514,569,147,422,367,544,0.2583479789103691,0.28599221789883267,0.27146814404432135,0.4668918918918919,789
S1,H1 A_AND_NOT_B J4,514,578,148,430,366,536,0.2560553633217993,0.28793774319066145,0.271062271062271,0.46216216216216216,796
S1,H1 XOR J3,514,586,149,437,365,529,0.25426621160409557,0.2898832684824903,0.27090909090909093,0.4581081081081081,802
S1,H1 XOR J4,514,594,150,444,364,522,0.25252525252525254,0.2918287937743191,0.27075812274368233,0.4540540540540541,808
S1,F3 OR U4,514,905,192,713,322,253,0.2121546961325967,0.3735408560311284,0.27061310782241016,0.30067567567567566,1035
U3,F2 B_AND_NOT_A U1,1080,359,194,165,886,235,0.5403899721448467,0.17962962962962964,0.2696316886726894,0.28986486486486485,1051
S1,H1 A_AND_NOT_B U4,514,512,138,374,376,592,0.26953125,0.26848249027237353,0.26900584795321636,0.49324324324324326,750
U3,F1 B_AND_NOT_A F2,1080,178,169,9,911,391,0.949438202247191,0.15648148148148147,0.2686804451510334,0.3783783783783784,920
U3,F3 AND U4,1080,175,168,7,912,393,0.96,0.15555555555555556,0.26772908366533865,0.37905405405405407,919
J1,H1 OR J3,132,647,104,543,28,805,0.160741885625966,0.7878787878787878,0.2670089858793325,0.6141891891891892,571
J1,H1 OR J4,132,646,103,543,29,805,0.15944272445820434,0.7803030303030303,0.2647814910025707,0.6135135135135135,572
S1,F3 XOR H1,514,620,150,470,364,496,0.24193548387096775,0.2918287937743191,0.26455026455026454,0.43648648648648647,834
S1,H1 A_AND_NOT_B J2,514,562,142,420,372,546,0.2526690391459075,0.27626459143968873,0.26394052044609667,0.4648648648648649,792
S1,H1 XOR J2,514,593,146,447,368,519,0.24620573355817876,0.2840466926070039,0.26377597109304424,0.44932432432432434,815
H1,S1 AND U3,630,197,109,88,521,762,0.5532994923857868,0.173015873015873,0.26360338573155984,0.5885135135135136,609
J2,H1 B_AND_NOT_A J5,99,15,15,0,84,1381,1.0,0.15151515151515152,0.2631578947368421,0.9432432432432433,84
J1,F3 AND J5,132,20,20,0,112,1348,1.0,0.15151515151515152,0.2631578947368421,0.9243243243243243,112
J1,H1 OR J5,132,645,102,543,30,805,0.15813953488372093,0.7727272727272727,0.2625482625482625,0.6128378378378379,573
J1,F3 XOR J5,132,348,63,285,69,1063,0.1810344827586207,0.4772727272727273,0.2625,0.7608108108108108,354
H1,F2 B_AND_NOT_A U3,630,195,108,87,522,763,0.5538461538461539,0.17142857142857143,0.2618181818181818,0.5885135135135136,609
S1,H1 OR U2,514,632,150,482,364,484,0.23734177215189872,0.2918287937743191,0.2617801047120419,0.4283783783783784,846
S1,H1 XOR U2,514,632,150,482,364,484,0.23734177215189872,0.2918287937743191,0.2617801047120419,0.4283783783783784,846
J1,J3 A_AND_NOT_B U3,132,21,20,1,112,1347,0.9523809523809523,0.15151515151515152,0.261437908496732,0.9236486486486486,113
J5,H1 B_AND_NOT_A J1,70,45,15,30,55,1380,0.3333333333333333,0.21428571428571427,0.2608695652173913,0.9425675675675675,85
J1,J3 OR S1,132,589,94,495,38,853,0.15959252971137522,0.7121212121212122,0.260748959778086,0.6398648648648648,533
S1,J1 XOR U3,514,1034,201,833,313,133,0.19439071566731142,0.39105058365758755,0.2596899224806202,0.22567567567567567,1146
J2,F3 XOR J5,99,348,58,290,41,1091,0.16666666666666666,0.5858585858585859,0.25950782997762867,0.7763513513513514,331
H1,F3 B_AND_NOT_A S1,630,512,148,364,482,486,0.2890625,0.23492063492063492,0.2591943957968476,0.4283783783783784,846
H1,J4 B_AND_NOT_A S1,630,512,148,364,482,486,0.2890625,0.23492063492063492,0.2591943957968476,0.4283783783783784,846
H1,J5 B_AND_NOT_A S1,630,512,148,364,482,486,0.2890625,0.23492063492063492,0.2591943957968476,0.4283783783783784,846
H1,S1 A_AND_NOT_B U2,630,512,148,364,482,486,0.2890625,0.23492063492063492,0.2591943957968476,0.4283783783783784,846
H1,S1 XOR U2,630,512,148,364,482,486,0.2890625,0.23492063492063492,0.2591943957968476,0.4283783783783784,846
S1,H1 OR J1,514,675,154,521,360,445,0.22814814814814816,0.29961089494163423,0.2590412111017662,0.4047297297297297,881
U1,S1 AND U3,1317,197,196,1,1121,162,0.9949238578680203,0.14882308276385725,0.25891677675033026,0.2418918918918919,1122
S1,H1 OR J5,514,645,150,495,364,471,0.23255813953488372,0.2918287937743191,0.2588438308886971,0.4195945945945946,859
H1,S1 OR U2,630,514,148,366,482,484,0.28793774319066145,0.23492063492063492,0.25874125874125875,0.42702702702702705,848
S1,H1 A_AND_NOT_B U2,514,630,148,482,366,484,0.23492063492063492,0.28793774319066145,0.25874125874125875,0.42702702702702705,848
S1,H1 OR J2,514,661,152,509,362,457,0.22995461422087746,0.29571984435797666,0.25872340425531914,0.4114864864864865,871
S1,H1 OR J4,514,646,150,496,364,470,0.23219814241486067,0.2918287937743191,0.25862068965517243,0.4189189189189189,860
J2,H1 A_AND_NOT_B U3,99,79,23,56,76,1325,0.2911392405063291,0.23232323232323232,0.25842696629213485,0.9108108108108108,132
S1,H1 OR J3,514,647,150,497,364,469,0.23183925811437403,0.2918287937743191,0.25839793281653745,0.41824324324324325,861
F2,F3 A_AND_NOT_B U4,964,143,143,0,821,516,1.0,0.1483402489626556,0.25835591689250226,0.4452702702702703,821
H1,J3 B_AND_NOT_A S1,630,511,147,364,483,486,0.2876712328767123,0.23333333333333334,0.25766871165644173,0.4277027027027027,847
S1,H1 AND U1,514,627,147,480,367,486,0.23444976076555024,0.28599221789883267,0.25766871165644173,0.4277027027027027,847
S1,F1 XOR H1,514,644,149,495,365,471,0.23136645962732919,0.2898832684824903,0.2573402417962003,0.4189189189189189,860
U1,F2 B_AND_NOT_A U3,1317,195,194,1,1123,162,0.9948717948717949,0.14730447987851178,0.2566137566137566,0.24054054054054055,1124
S1,J1 OR U3,514,1123,210,913,304,53,0.18699910952804988,0.4085603112840467,0.2565668906536347,0.1777027027027027,1217
F2,F1 B_AND_NOT_A U3,964,355,169,186,795,330,0.476056338028169,0.17531120331950206,0.2562547384382107,0.33716216216216216,981
J2,H1 OR J1,99,675,99,576,0,805,0.14666666666666667,1.0,0.2558139534883721,0.6108108108108108,576
S1,J3 B_AND_NOT_A U3,514,1023,196,827,318,139,0.19159335288367546,0.38132295719844356,0.2550422901756669,0.22635135135135134,1145
S1,J4 B_AND_NOT_A U3,514,1028,196,832,318,134,0.19066147859922178,0.38132295719844356,0.25421530479896237,0.22297297297297297,1150
S1,J3 XOR U3,514,1044,198,846,316,120,0.1896551724137931,0.3852140077821012,0.25417201540436457,0.21486486486486486,1162
S1,J5 B_AND_NOT_A U3,514,1029,196,833,318,133,0.19047619047619047,0.38132295719844356,0.25405055087491896,0.2222972972972973,1151
J2,J1 XOR S1,99,602,89,513,10,868,0.1478405315614618,0.898989898989899,0.25392296718972895,0.6466216216216216,523
J1,J3 XOR S1,132,586,91,495,41,853,0.1552901023890785,0.6893939393939394,0.25348189415041783,0.6378378378378379,536
S1,F2 XOR H1,514,638,146,492,368,474,0.22884012539184953,0.2840466926070039,0.25347222222222227,0.4189189189189189,860
S1,J4 XOR U3,514,1044,197,847,317,119,0.18869731800766285,0.3832684824902724,0.2528883183568678,0.21351351351351353,1164
J2,F1 A_AND_NOT_B U3,99,75,22,53,77,1328,0.29333333333333333,0.2222222222222222,0.2528735632183908,0.9121621621621622,130
F3,H1 OR S1,318,996,166,830,152,332,0.16666666666666666,0.5220125786163522,0.2526636225266362,0.3364864864864865,982
H1,F1 B_AND_NOT_A S1,630,503,143,360,487,490,0.28429423459244535,0.22698412698412698,0.2524271844660194,0.4277027027027027,847
S1,J5 XOR U3,514,1048,197,851,317,115,0.18797709923664122,0.3832684824902724,0.25224071702944945,0.21081081081081082,1168
H1,J1 OR U4,630,845,186,659,444,191,0.22011834319526627,0.29523809523809524,0.2522033898305085,0.25472972972972974,1103
U1,F1 XOR F2,1317,192,190,2,1127,161,0.9895833333333334,0.1442672741078208,0.2518223989396952,0.23716216216216215,1129
S1,J2 XOR U3,514,1037,195,842,319,124,0.1880424300867888,0.37937743190661477,0.2514506769825919,0.21554054054054053,1161
F3,S1 OR U4,318,1085,176,909,142,253,0.1622119815668203,0.5534591194968553,0.25089094796863864,0.28986486486486485,1051
S1,J2 B_AND_NOT_A U3,514,1009,191,818,323,148,0.18929633300297324,0.3715953307392996,0.2508207485226527,0.22905405405405405,1141
H1,F1 XOR F2,630,192,103,89,527,761,0.5364583333333334,0.1634920634920635,0.25060827250608275,0.5837837837837838,616
S1,H1 XOR J1,514,588,138,450,376,516,0.23469387755102042,0.26848249027237353,0.250453720508167,0.4418918918918919,826
H1,J2 B_AND_NOT_A S1,630,504,142,362,488,488,0.28174603174603174,0.2253968253968254,0.25044091710758376,0.42567567567567566,850
S1,J1 B_AND_NOT_A U3,514,991,188,803,326,163,0.18970736629667004,0.3657587548638132,0.24983388704318937,0.23716216216216215,1129
S1,H1 A_AND_NOT_B J1,514,543,132,411,382,555,0.2430939226519337,0.25680933852140075,0.249763481551561,0.46418918918918917,793
U1,H1 B_AND_NOT_A S1,1317,366,210,156,1107,7,0.5737704918032787,0.15945330296127563,0.24955436720142601,0.14662162162162162,1263
S1,U2 OR U3,514,1082,199,883,315,83,0.18391866913123844,0.38715953307393,0.24937343358395994,0.19054054054054054,1198
S1,U2 XOR U3,514,1082,199,883,315,83,0.18391866913123844,0.38715953307393,0.24937343358395994,0.19054054054054054,1198
J2,F3 XOR J3,99,352,56,296,43,1085,0.1590909090909091,0.5656565656565656,0.24833702882483372,0.7709459459459459,339
U1,F2 B_AND_NOT_A U4,1317,191,187,4,1130,159,0.9790575916230366,0.1419893697798026,0.24801061007957562,0.23378378378378378,1134
U1,S1 AND U4,1317,191,187,4,1130,159,0.9790575916230366,0.1419893697798026,0.24801061007957562,0.23378378378378378,1134
S1,J2 OR U3,514,1108,201,907,313,59,0.18140794223826714,0.39105058365758755,0.24784217016029594,0.17567567567567569,1220
H1,F2 B_AND_NOT_A S1,630,500,140,360,490,490,0.28,0.2222222222222222,0.24778761061946905,0.42567567567567566,850
U3,S1 A_AND_NOT_B U2,1080,512,197,315,883,85,0.384765625,0.1824074074074074,0.24748743718592967,0.19054054054054054,1198
U3,S1 XOR U2,1080,512,197,315,883,85,0.384765625,0.1824074074074074,0.24748743718592967,0.19054054054054054,1198
S1,U2 B_AND_NOT_A U3,514,1080,197,883,317,83,0.1824074074074074,0.3832684824902724,0.24717691342534506,0.1891891891891892,1200
U3,S1 OR U2,1080,514,197,317,883,83,0.3832684824902724,0.1824074074074074,0.24717691342534506,0.1891891891891892,1200
S1,U1 AND U3,514,1076,196,880,318,86,0.1821561338289963,0.38132295719844356,0.24654088050314465,0.19054054054054054,1198
J1,J5 OR S1,132,582,88,494,44,854,0.15120274914089346,0.6666666666666666,0.2464985994397759,0.6364864864864865,538
S1,J3 OR U3,514,1101,199,902,315,64,0.1807447774750227,0.38715953307393,0.24643962848297213,0.1777027027027027,1217
U3,J3 B_AND_NOT_A S1,1080,511,196,315,884,85,0.3835616438356164,0.1814814814814815,0.24638592080452548,0.18986486486486487,1199
U3,F3 B_AND_NOT_A S1,1080,512,196,316,884,84,0.3828125,0.1814814814814815,0.24623115577889448,0.1891891891891892,1200
U3,J4 B_AND_NOT_A S1,1080,512,196,316,884,84,0.3828125,0.1814814814814815,0.24623115577889448,0.1891891891891892,1200
U3,J5 B_AND_NOT_A S1,1080,512,196,316,884,84,0.3828125,0.1814814814814815,0.24623115577889448,0.1891891891891892,1200
S1,F1 OR U4,514,1079,196,883,318,83,0.18164967562557924,0.38132295719844356,0.2460765850596359,0.1885135135135135,1201
U3,F3 AND H1,1080,164,153,11,927,389,0.9329268292682927,0.14166666666666666,0.24598070739549838,0.3662162162162162,938
S1,J4 OR U3,514,1096,198,898,316,68,0.18065693430656934,0.3852140077821012,0.2459627329192547,0.17972972972972973,1214
S1,J5 OR U3,514,1099,198,901,316,65,0.18016378525932666,0.3852140077821012,0.24550526968381897,0.1777027027027027,1217
S1,F3 OR U3,514,1103,198,905,316,61,0.17951042611060744,0.3852140077821012,0.2448979591836735,0.175,1221
J1,F3 XOR J4,132,342,58,284,74,1064,0.1695906432748538,0.4393939393939394,0.24472573839662445,0.7581081081081081,358
J1,J4 OR S1,132,580,87,493,45,855,0.15,0.6590909090909091,0.2443820224719101,0.6364864864864865,538
J3,H1 A_AND_NOT_B U3,78,79,19,60,59,1342,0.24050632911392406,0.24358974358974358,0.24203821656050956,0.9195945945945946,119
F2,F1 XOR U1,964,525,180,345,784,171,0.34285714285714286,0.18672199170124482,0.241773002014775,0.23716216216216215,1129
J5,H1 A_AND_NOT_B U3,70,79,18,61,52,1349,0.22784810126582278,0.2571428571428571,0.24161073825503354,0.9236486486486486,113
J1,J5 XOR S1,132,580,86,494,46,854,0.1482758620689655,0.6515151515151515,0.24157303370786518,0.6351351351351351,540
U3,F1 B_AND_NOT_A U4,1080,279,164,115,916,285,0.5878136200716846,0.15185185185185185,0.24135393671817512,0.3033783783783784,1031
U3,J2 B_AND_NOT_A S1,1080,504,191,313,889,87,0.37896825396825395,0.17685185185185184,0.2411616161616162,0.18783783783783783,1202
J2,F3 XOR J4,99,342,53,289,46,1092,0.15497076023391812,0.5353535353535354,0.24036281179138322,0.7736486486486487,335
J1,F1 B_AND_NOT_A J5,132,18,18,0,114,1348,1.0,0.13636363636363635,0.24000000000000002,0.922972972972973,114
S1,U3 A_AND_NOT_B U4,514,470,118,352,396,614,0.251063829787234,0.22957198443579765,0.23983739837398368,0.4945945945945946,748
S1,F1 OR U3,514,1155,200,955,314,11,0.17316017316017315,0.38910505836575876,0.23966446974236072,0.14256756756756755,1269
J3,F3 XOR J5,78,348,51,297,27,1105,0.14655172413793102,0.6538461538461539,0.23943661971830985,0.7810810810810811,324
J1,J4 XOR S1,132,578,85,493,47,855,0.14705882352941177,0.6439393939393939,0.23943661971830985,0.6351351351351351,540
U3,J1 B_AND_NOT_A S1,1080,492,188,304,892,96,0.3821138211382114,0.17407407407407408,0.23918575063613234,0.1918918918918919,1196
U3,F1 B_AND_NOT_A S1,1080,503,189,314,891,86,0.3757455268389662,0.175,0.23878711307643713,0.1858108108108108,1205
J1,U1 XOR U3,132,245,45,200,87,1148,0.1836734693877551,0.3409090909090909,0.23872679045092834,0.8060810810810811,287
S1,F2 OR U4,514,1155,199,956,315,10,0.1722943722943723,0.38715953307393,0.23846614739364888,0.14121621621621622,1271
J1,J5 A_AND_NOT_B U3,132,19,18,1,114,1347,0.9473684210526315,0.13636363636363635,0.23841059602649003,0.9222972972972973,115
S1,F2 OR U3,514,1159,199,960,315,6,0.17169974115616912,0.38715953307393,0.23789599521817098,0.13851351351351351,1275
F2,F1 B_AND_NOT_A U1,964,521,176,345,788,171,0.3378119001919386,0.1825726141078838,0.23703703703703705,0.23445945945945945,1133
J1,F2 A_AND_NOT_B U3,132,79,25,54,107,1294,0.31645569620253167,0.1893939393939394,0.2369668246445498,0.8912162162162162,161
H1,J2 OR U4,630,825,172,653,458,197,0.2084848484848485,0.273015873015873,0.23642611683848797,0.24932432432432433,1111
J1,F2 A_AND_NOT_B U4,132,393,62,331,70,1017,0.15776081424936386,0.4696969696969697,0.2361904761904762,0.7290540540540541,401
U1,F1 B_AND_NOT_A F2,1317,178,176,2,1141,161,0.9887640449438202,0.13363705391040243,0.2354515050167224,0.2277027027027027,1143
H1,J1 OR J3,630,135,90,45,540,805,0.6666666666666666,0.14285714285714285,0.23529411764705882,0.6047297297297297,585
H1,J1 B_AND_NOT_A S1,630,492,132,360,498,490,0.2682926829268293,0.20952380952380953,0.23529411764705882,0.42027027027027025,858
U1,F3 AND U4,1317,175,175,0,1142,163,1.0,0.13287775246772968,0.23458445040214476,0.22837837837837838,1142
H1,J1 XOR U4,630,796,167,629,463,221,0.20979899497487436,0.2650793650793651,0.23422159887798039,0.26216216216216215,1092
U3,F2 B_AND_NOT_A S1,1080,500,185,315,895,85,0.37,0.1712962962962963,0.23417721518987344,0.18243243243243243,1210
J1,F3 B_AND_NOT_A H1,132,466,70,396,62,952,0.15021459227467812,0.5303030303030303,0.23411371237458192,0.6905405405405406,458
J1,J2 OR U4,132,825,112,713,20,635,0.13575757575757577,0.8484848484848485,0.23406478578892376,0.5047297297297297,733
J3,J4 XOR J5,78,16,11,5,67,1397,0.6875,0.14102564102564102,0.2340425531914894,0.9513513513513514,72
J1,F3 XOR H1,132,620,88,532,44,816,0.14193548387096774,0.6666666666666666,0.23404255319148937,0.6108108108108108,576
J1,U1 A_AND_NOT_B U4,132,561,81,480,51,868,0.1443850267379679,0.6136363636363636,0.23376623376623376,0.6412162162162162,531
H1,J1 OR J5,630,134,89,45,541,805,0.664179104477612,0.14126984126984127,0.2329842931937173,0.6040540540540541,586
H1,F1 B_AND_NOT_A F2,630,178,94,84,536,766,0.5280898876404494,0.1492063492063492,0.23267326732673266,0.581081081081081,620
J5,F3 XOR J3,70,352,49,303,21,1107,0.13920454545454544,0.7,0.23222748815165875,0.7810810810810811,324
J1,F1 A_AND_NOT_B U3,132,75,24,51,108,1297,0.32,0.18181818181818182,0.2318840579710145,0.8925675675675676,159
J1,U1 XOR U4,132,567,81,486,51,862,0.14285714285714285,0.6136363636363636,0.2317596566523605,0.6371621621621621,537
J3,F3 XOR J1,78,380,53,327,25,1075,0.1394736842105263,0.6794871794871795,0.23144104803493448,0.7621621621621621,352
J1,H1 A_AND_NOT_B S1,132,482,71,411,61,937,0.14730290456431536,0.5378787878787878,0.23127035830618892,0.6810810810810811,472
S1,F3 OR H1,514,784,150,634,364,332,0.1913265306122449,0.2918287937743191,0.23112480739599384,0.3256756756756757,998
H1,J1 OR J4,630,133,88,45,542,805,0.6616541353383458,0.13968253968253969,0.23066841415465272,0.6033783783783784,587
J1,U1 A_AND_NOT_B U3,132,241,43,198,89,1150,0.17842323651452283,0.32575757575757575,0.23056300268096516,0.8060810810810811,287
U3,F3 A_AND_NOT_B H1,1080,154,142,12,938,388,0.922077922077922,0.13148148148148148,0.23014586709886545,0.3581081081081081,950
J1,F1 OR J2,132,827,110,717,22,631,0.13301088270858524,0.8333333333333334,0.22940563086548485,0.5006756756756757,739
J1,F3 OR H1,132,784,105,679,27,669,0.13392857142857142,0.7954545454545454,0.2292576419213974,0.522972972972973,706
H1,J3 OR U4,630,814,165,649,465,201,0.20270270270270271,0.2619047619047619,0.22853185595567868,0.2472972972972973,1114
H1,J1 OR J2,630,132,87,45,543,805,0.6590909090909091,0.1380952380952381,0.2283464566929134,0.6027027027027027,588
H1,J1 A_AND_NOT_B U2,630,132,87,45,543,805,0.6590909090909091,0.1380952380952381,0.2283464566929134,0.6027027027027027,588
J1,H1 A_AND_NOT_B U2,132,630,87,543,45,805,0.1380952380952381,0.6590909090909091,0.2283464566929134,0.6027027027027027,588
J1,F1 B_AND_NOT_A J4,132,17,17,0,115,1348,1.0,0.12878787878787878,0.22818791946308722,0.9222972972972973,115
J1,H1 B_AND_NOT_A J3,132,17,17,0,115,1348,1.0,0.12878787878787878,0.22818791946308722,0.9222972972972973,115
H1,J1 OR U2,630,134,87,47,543,803,0.6492537313432836,0.1380952380952381,0.22774869109947649,0.6013513513513513,590
H1,J1 XOR U2,630,134,87,47,543,803,0.6492537313432836,0.1380952380952381,0.22774869109947649,0.6013513513513513,590
J1,H1 OR U2,132,632,87,545,45,803,0.13765822784810128,0.6590909090909091,0.22774869109947646,0.6013513513513513,590
J1,H1 XOR U2,132,632,87,545,45,803,0.13765822784810128,0.6590909090909091,0.22774869109947646,0.6013513513513513,590
J1,J3 XOR J5,132,18,17,1,115,1347,0.9444444444444444,0.12878787878787878,0.22666666666666668,0.9216216216216216,116
S1,H1 XOR U3,514,608,127,481,387,485,0.20888157894736842,0.24708171206225682,0.22638146167557932,0.4135135135135135,868
J4,F3 XOR J5,68,348,47,301,21,1111,0.13505747126436782,0.6911764705882353,0.22596153846153846,0.7824324324324324,322
U4,F2 XOR U3,762,274,117,157,645,561,0.42700729927007297,0.15354330708661418,0.22586872586872586,0.4581081081081081,802
J2,H1 OR J4,99,646,84,562,15,819,0.13003095975232198,0.8484848484848485,0.22550335570469798,0.6101351351351352,577
J2,H1 OR J3,99,647,84,563,15,818,0.12982998454404945,0.8484848484848485,0.22520107238605896,0.6094594594594595,578
J5,F3 XOR J2,70,357,48,309,22,1101,0.13445378151260504,0.6857142857142857,0.22482435597189696,0.7763513513513514,331
J2,F2 A_AND_NOT_B U3,99,79,20,59,79,1322,0.25316455696202533,0.20202020202020202,0.2247191011235955,0.9067567567567567,138
J1,H1 AND U1,132,627,85,542,47,806,0.13556618819776714,0.6439393939393939,0.22397891963109354,0.602027027027027,589
H1,J1 AND U1,630,130,85,45,545,805,0.6538461538461539,0.1349206349206349,0.22368421052631576,0.6013513513513513,590
J2,J5 OR S1,99,582,76,506,23,875,0.13058419243986255,0.7676767676767676,0.223201174743025,0.6425675675675676,529
J2,H1 OR J5,99,645,83,562,16,819,0.12868217054263567,0.8383838383838383,0.2231182795698925,0.6094594594594595,578
H1,J2 XOR U4,630,789,158,631,472,219,0.2002534854245881,0.2507936507936508,0.22269203664552503,0.25472972972972974,1103
H1,J5 OR U4,630,809,160,649,470,201,0.19777503090234858,0.25396825396825395,0.22237665045170255,0.24391891891891893,1119
U1,F3 AND H1,1317,164,164,0,1153,163,1.0,0.12452543659832954,0.22147197839297775,0.22094594594594594,1153
H1,J4 OR U4,630,807,159,648,471,202,0.1970260223048327,0.2523809523809524,0.22129436325678498,0.24391891891891893,1119
J2,J3 OR S1,99,589,76,513,23,868,0.12903225806451613,0.7676767676767676,0.2209302325581395,0.6378378378378379,536
J5,F1 A_AND_NOT_B U3,70,75,16,59,54,1351,0.21333333333333335,0.22857142857142856,0.2206896551724138,0.9236486486486486,113
J3,F3 XOR J2,78,357,48,309,30,1093,0.13445378151260504,0.6153846153846154,0.2206896551724138,0.7709459459459459,339
J1,F1 OR J3,132,822,105,717,27,631,0.12773722627737227,0.7954545454545454,0.22012578616352202,0.4972972972972973,744
J1,F2 AND H1,132,478,67,411,65,937,0.1401673640167364,0.5075757575757576,0.21967213114754094,0.6783783783783783,476
J4,F3 XOR J3,68,352,46,306,22,1106,0.13068181818181818,0.6764705882352942,0.21904761904761907,0.7783783783783784,328
J3,F3 XOR J4,78,342,46,296,32,1106,0.13450292397660818,0.5897435897435898,0.21904761904761905,0.7783783783783784,328
J5,F3 XOR J4,70,342,45,297,25,1113,0.13157894736842105,0.6428571428571429,0.21844660194174756,0.7824324324324324,322
J2,J5 XOR S1,99,580,74,506,25,875,0.12758620689655173,0.7474747474747475,0.21796759941089835,0.6412162162162162,531
J1,H1 B_AND_NOT_A J4,132,16,16,0,116,1348,1.0,0.12121212121212122,0.21621621621621626,0.9216216216216216,116
J1,J4 A_AND_NOT_B U3,132,16,16,0,116,1348,1.0,0.12121212121212122,0.21621621621621626,0.9216216216216216,116
J2,J3 XOR S1,99,586,74,512,25,869,0.12627986348122866,0.7474747474747475,0.21605839416058392,0.6371621621621621,537
J2,J4 OR S1,99,580,73,507,26,874,0.12586206896551724,0.7373737373737373,0.21502209131075112,0.6398648648648648,533
J1,F2 OR J2,132,977,119,858,13,490,0.1218014329580348,0.9015151515151515,0.21460775473399463,0.4114864864864865,871
J3,H1 A_AND_NOT_B S1,78,482,60,422,18,980,0.12448132780082988,0.7692307692307693,0.2142857142857143,0.7027027027027027,440
J3,J1 OR S1,78,624,75,549,3,853,0.1201923076923077,0.9615384615384616,0.2136752136752137,0.6270270270270271,552
J2,H1 A_AND_NOT_B S1,99,482,62,420,37,961,0.12863070539419086,0.6262626262626263,0.2134251290877797,0.6912162162162162,457
J5,F3 XOR J1,70,380,48,332,22,1078,0.12631578947368421,0.6857142857142857,0.21333333333333337,0.7608108108108108,354
H1,J3 XOR U4,630,788,151,637,479,213,0.1916243654822335,0.2396825396825397,0.21297602256699577,0.24594594594594596,1116
J3,H1 OR J4,78,646,77,569,1,833,0.11919504643962849,0.9871794871794872,0.212707182320442,0.6148648648648649,570
J1,F1 OR J5,132,818,101,717,31,631,0.1234718826405868,0.7651515151515151,0.21263157894736842,0.4945945945945946,748
J3,J1 XOR S1,78,602,72,530,6,872,0.11960132890365449,0.9230769230769231,0.21176470588235294,0.6378378378378379,536
J4,F3 XOR J2,68,357,45,312,23,1100,0.12605042016806722,0.6617647058823529,0.2117647058823529,0.7736486486486487,335
J1,H1 A_AND_NOT_B U4,132,512,68,444,64,904,0.1328125,0.5151515151515151,0.2111801242236025,0.6567567567567567,508
J1,F1 OR J4,132,817,100,717,32,631,0.12239902080783353,0.7575757575757576,0.2107481559536354,0.4939189189189189,749
J2,J4 XOR S1,99,578,71,507,28,874,0.12283737024221453,0.7171717171717171,0.20974889217134415,0.6385135135135135,535
J2,J1 OR U4,99,845,99,746,0,635,0.11715976331360947,1.0,0.20974576271186443,0.49594594594594593,746
J3,J4 OR S1,78,580,69,511,9,891,0.11896551724137931,0.8846153846153846,0.209726443768997,0.6486486486486487,520
U4,F1 XOR F2,762,192,100,92,662,626,0.5208333333333334,0.13123359580052493,0.20964360587002095,0.4905405405405405,754
J1,F1 A_AND_NOT_B U4,132,317,47,270,85,1078,0.14826498422712933,0.3560606060606061,0.2093541202672606,0.7601351351351351,355
H1,J4 XOR U4,630,784,148,636,482,214,0.18877551020408162,0.23492063492063492,0.20933521923620932,0.2445945945945946,1118
J3,F1 A_AND_NOT_B U3,78,75,16,59,62,1343,0.21333333333333335,0.20512820512820512,0.20915032679738563,0.9182432432432432,121
J2,F1 OR J1,99,849,99,750,0,631,0.1166077738515901,1.0,0.2088607594936709,0.49324324324324326,750
H1,J2 OR J3,630,109,77,32,553,818,0.7064220183486238,0.12222222222222222,0.20838971583220567,0.6047297297297297,585
J3,H1 OR J2,78,661,77,584,1,818,0.11649016641452345,0.9871794871794872,0.20838971583220567,0.6047297297297297,585
U1,F3 A_AND_NOT_B H1,1317,154,153,1,1164,162,0.9935064935064936,0.11617312072892938,0.2080217539089055,0.21283783783783783,1165
J2,F2 B_AND_NOT_A J1,99,26,13,13,86,1368,0.5,0.13131313131313133,0.20800000000000005,0.9331081081081081,99
U3,F3 A_AND_NOT_B U4,1080,143,127,16,953,384,0.8881118881118881,0.1175925925925926,0.2076860179885527,0.3452702702702703,969
H1,J5 XOR U4,630,786,147,639,483,211,0.18702290076335878,0.23333333333333334,0.2076271186440678,0.2418918918918919,1122
U4,S1 A_AND_NOT_B U3,762,317,112,205,650,513,0.35331230283911674,0.14698162729658792,0.2075996292863763,0.4222972972972973,855
J3,H1 OR J5,78,645,75,570,3,832,0.11627906976744186,0.9615384615384616,0.20746887966804978,0.6128378378378379,573
J2,F2 A_AND_NOT_B U4,99,393,51,342,48,1039,0.1297709923664122,0.5151515151515151,0.2073170731707317,0.7364864864864865,390
U1,S1 A_AND_NOT_B U4,1317,323,170,153,1147,10,0.5263157894736842,0.12908124525436598,0.2073170731707317,0.12162162162162163,1300
J1,J3 OR U4,132,814,98,716,34,632,0.12039312039312039,0.7424242424242424,0.20718816067653278,0.49324324324324326,750
J3,H1 OR J1,78,675,78,597,0,805,0.11555555555555555,1.0,0.20717131474103584,0.5966216216216216,597
J4,J3 OR S1,68,589,68,521,0,891,0.11544991511035653,1.0,0.2070015220700152,0.647972972972973,521
U4,H1 OR J1,762,675,148,527,614,191,0.21925925925925926,0.1942257217847769,0.20598469032707029,0.22905405405405405,1141
U1,F2 B_AND_NOT_A H1,1317,152,151,1,1166,162,0.993421052631579,0.11465451784358391,0.20558202859087815,0.2114864864864865,1167
J3,F2 AND H1,78,478,57,421,21,981,0.1192468619246862,0.7307692307692307,0.2050359712230216,0.7013513513513514,442
S1,H1 AND U3,514,551,109,442,405,524,0.19782214156079855,0.21206225680933852,0.20469483568075117,0.4277027027027027,847
J2,F2 AND H1,99,478,59,419,40,962,0.12343096234309624,0.5959595959595959,0.2045060658578856,0.6898648648648649,459
J3,J4 XOR S1,78,578,67,511,11,891,0.11591695501730104,0.8589743589743589,0.20426829268292684,0.6472972972972973,522
J1,H1 B_AND_NOT_A J5,132,15,15,0,117,1348,1.0,0.11363636363636363,0.20408163265306123,0.9209459459459459,117
J4,H1 A_AND_NOT_B U3,68,79,15,64,53,1348,0.189873417721519,0.22058823529411764,0.20408163265306123,0.9209459459459459,117
J3,F2 A_AND_NOT_B U3,78,79,16,63,62,1339,0.20253164556962025,0.20512820512820512,0.2038216560509554,0.9155405405405406,125
J1,F1 OR H1,132,1037,119,918,13,430,0.11475409836065574,0.9015151515151515,0.20359281437125748,0.37094594594594593,931
J1,F2 OR J3,132,970,112,858,20,490,0.1154639175257732,0.8484848484848485,0.20326678765880218,0.40675675675675677,878
J3,J2 OR S1,78,603,69,534,9,868,0.11442786069651742,0.8846153846153846,0.2026431718061674,0.6331081081081081,543
J5,J2 OR S1,70,603,68,535,2,875,0.11276948590381426,0.9714285714285714,0.20208023774145614,0.6371621621621621,537
J1,F2 OR H1,132,1116,126,990,6,358,0.11290322580645161,0.9545454545454546,0.20192307692307693,0.327027027027027,996
J4,J3 XOR S1,68,586,66,520,2,892,0.11262798634812286,0.9705882352941176,0.20183486238532108,0.6472972972972973,522
J1,F2 OR J4,132,969,111,858,21,490,0.11455108359133127,0.8409090909090909,0.2016348773841962,0.4060810810810811,879
J1,F2 OR J5,132,969,111,858,21,490,0.11455108359133127,0.8409090909090909,0.2016348773841962,0.4060810810810811,879
U1,U3 B_AND_NOT_A U4,1317,152,148,4,1169,159,0.9736842105263158,0.11237661351556567,0.20149761742682099,0.20743243243243242,1173
J5,F2 A_AND_NOT_B U3,70,79,15,64,55,1346,0.189873417721519,0.21428571428571427,0.20134228187919462,0.9195945945945946,119
J4,F3 XOR J1,68,380,45,335,23,1077,0.11842105263157894,0.6617647058823529,0.20089285714285712,0.7581081081081081,358
U1,H1 AND S1,1317,148,147,1,1170,162,0.9932432432432432,0.11161731207289294,0.2006825938566553,0.2087837837837838,1171
F1,H1 AND U4,800,118,92,26,708,654,0.7796610169491526,0.115,0.20043572984749455,0.504054054054054,734
J3,J5 OR S1,78,582,66,516,12,886,0.1134020618556701,0.8461538461538461,0.19999999999999998,0.6432432432432432,528
U4,F1 B_AND_NOT_A F2,762,178,94,84,668,634,0.5280898876404494,0.12335958005249344,0.19999999999999996,0.4918918918918919,752
J1,J5 OR U4,132,809,94,715,38,633,0.1161928306551298,0.7121212121212122,0.19978746014877793,0.4912162162162162,753
J3,J2 XOR S1,78,593,67,526,11,876,0.11298482293423272,0.8589743589743589,0.19970193740685543,0.6371621621621621,537
F2,H1 AND U4,964,118,108,10,856,506,0.9152542372881356,0.11203319502074689,0.19963031423290203,0.41486486486486485,866
J3,F2 A_AND_NOT_B U4,78,393,47,346,31,1056,0.11959287531806616,0.6025641025641025,0.19957537154989383,0.7452702702702703,377
J5,H1 A_AND_NOT_B S1,70,482,55,427,15,983,0.11410788381742738,0.7857142857142857,0.19927536231884058,0.7013513513513514,442
J5,J2 XOR S1,70,593,66,527,4,883,0.11129848229342328,0.9428571428571428,0.19909502262443438,0.6412162162162162,531
S1,F1 OR H1,514,1037,154,883,360,83,0.1485053037608486,0.29961089494163423,0.19858156028368792,0.16013513513513514,1243
F2,J1 OR J3,964,135,109,26,855,490,0.8074074074074075,0.11307053941908714,0.19836214740673339,0.4047297297297297,881
J1,F1 OR F2,132,978,110,868,22,480,0.11247443762781185,0.8333333333333334,0.19819819819819817,0.39864864864864863,890
J1,J4 OR U4,132,807,93,714,39,634,0.11524163568773234,0.7045454545454546,0.19808306709265172,0.4912162162162162,753
J1,S1 B_AND_NOT_A U1,132,960,108,852,24,496,0.1125,0.8181818181818182,0.1978021978021978,0.4081081081081081,876
J5,J3 OR S1,70,589,65,524,5,886,0.11035653650254669,0.9285714285714286,0.19726858877086495,0.6425675675675676,529
J2,F1 A_AND_NOT_B U4,99,317,41,276,58,1105,0.12933753943217666,0.41414141414141414,0.1971153846153846,0.7743243243243243,334
U1,S1 A_AND_NOT_B U3,1317,317,161,156,1156,7,0.5078864353312302,0.12224753227031131,0.197062423500612,0.11351351351351352,1312
U4,H1 OR J2,762,661,140,521,622,197,0.2118003025718608,0.1837270341207349,0.19676739283204495,0.2277027027027027,1143
F2,J1 OR J5,964,134,108,26,856,490,0.8059701492537313,0.11203319502074689,0.19672131147540983,0.40405405405405403,882
J5,J1 XOR S1,70,602,66,536,4,874,0.10963455149501661,0.9428571428571428,0.19642857142857142,0.6351351351351351,540
J2,F1 OR J5,99,818,90,728,9,653,0.1100244498777506,0.9090909090909091,0.19629225736095962,0.5020270270270271,737
J5,J1 OR S1,70,624,68,556,2,854,0.10897435897435898,0.9714285714285714,0.19596541786743515,0.6229729729729729,558
F2,J1 A_AND_NOT_B S1,964,110,105,5,859,511,0.9545454545454546,0.10892116182572614,0.19553072625698323,0.41621621621621624,864
J3,F1 AND H1,78,393,46,347,32,1055,0.11704834605597965,0.5897435897435898,0.19532908704883226,0.7439189189189189,379
J2,F1 AND H1,99,393,48,345,51,1036,0.12213740458015267,0.48484848484848486,0.1951219512195122,0.7324324324324324,396
J1,F1 B_AND_NOT_A H1,132,237,36,201,96,1147,0.1518987341772152,0.2727272727272727,0.19512195121951217,0.7993243243243243,297
F2,J1 OR J4,964,133,107,26,857,490,0.8045112781954887,0.11099585062240663,0.19507748404740202,0.40337837837837837,883
J3,J5 XOR S1,78,580,64,516,14,886,0.1103448275862069,0.8205128205128205,0.1945288753799392,0.6418918918918919,530
U1,F3 A_AND_NOT_B U4,1317,143,142,1,1175,162,0.993006993006993,0.10782080485952923,0.19452054794520549,0.20540540540540542,1176
J3,J1 XOR J5,78,66,14,52,64,1350,0.21212121212121213,0.1794871794871795,0.19444444444444445,0.9216216216216216,116
J2,F1 OR J4,99,817,89,728,10,653,0.10893512851897184,0.898989898989899,0.19432314410480347,0.5013513513513513,738
J1,F1 AND H1,132,393,51,342,81,1006,0.1297709923664122,0.38636363636363635,0.19428571428571426,0.7141891891891892,423
J1,F2 A_AND_NOT_B S1,132,950,105,845,27,503,0.11052631578947368,0.7954545454545454,0.19408502772643252,0.41081081081081083,872
J4,J1 XOR S1,68,602,65,537,3,875,0.1079734219269103,0.9558823529411765,0.19402985074626866,0.6351351351351351,540
H1,J2 OR J4,630,102,71,31,559,819,0.696078431372549,0.1126984126984127,0.19398907103825136,0.6013513513513513,590
J4,J2 OR S1,68,603,65,538,3,874,0.1077943615257048,0.9558823529411765,0.19374068554396423,0.6344594594594595,541
J4,J1 OR S1,68,624,67,557,1,855,0.10737179487179487,0.9852941176470589,0.1936416184971098,0.6229729729729729,558
F2,J1 OR J2,964,132,106,26,858,490,0.803030303030303,0.10995850622406639,0.19343065693430656,0.4027027027027027,884
F2,J1 A_AND_NOT_B U2,964,132,106,26,858,490,0.803030303030303,0.10995850622406639,0.19343065693430656,0.4027027027027027,884
J1,F2 OR F3,132,964,106,858,26,490,0.10995850622406639,0.803030303030303,0.19343065693430656,0.4027027027027027,884
J1,F2 A_AND_NOT_B U2,132,964,106,858,26,490,0.10995850622406639,0.803030303030303,0.19343065693430656,0.4027027027027027,884
J2,F1 OR J3,99,822,89,733,10,648,0.10827250608272507,0.898989898989899,0.1932681867535288,0.497972972972973,743
J1,F2 OR U2,132,966,106,860,26,488,0.10973084886128365,0.803030303030303,0.19307832422586524,0.40135135135135136,886
J1,F2 XOR U2,132,966,106,860,26,488,0.10973084886128365,0.803030303030303,0.19307832422586524,0.40135135135135136,886
F2,J1 OR U2,964,134,106,28,858,488,0.7910447761194029,0.10995850622406639,0.1930783242258652,0.40135135135135136,886
F2,J1 XOR U2,964,134,106,28,858,488,0.7910447761194029,0.10995850622406639,0.1930783242258652,0.40135135135135136,886
J5,H1 OR J4,70,646,69,577,1,833,0.10681114551083591,0.9857142857142858,0.19273743016759778,0.6094594594594595,578
H1,F3 B_AND_NOT_A J1,630,97,70,27,560,823,0.7216494845360825,0.1111111111111111,0.19257221458046767,0.6033783783783784,587
J5,H1 OR J3,70,647,69,578,1,832,0.10664605873261206,0.9857142857142858,0.1924686192468619,0.6087837837837838,579
J1,F1 XOR U3,132,430,54,376,78,972,0.12558139534883722,0.4090909090909091,0.1921708185053381,0.6932432432432433,454
J5,J3 XOR S1,70,586,63,523,7,887,0.1075085324232082,0.9,0.19207317073170732,0.6418918918918919,530
H1,J1 A_AND_NOT_B S1,630,110,71,39,559,811,0.6454545454545455,0.1126984126984127,0.19189189189189187,0.595945945945946,598
J5,H1 OR J2,70,661,70,591,0,819,0.1059001512859304,1.0,0.19151846785225718,0.6006756756756757,591
H1,J2 OR J5,630,101,70,31,560,819,0.693069306930693,0.1111111111111111,0.19151846785225715,0.6006756756756757,591
J1,F1 XOR F2,132,192,31,161,101,1187,0.16145833333333334,0.23484848484848486,0.19135802469135801,0.822972972972973,262
J2,J4 XOR J5,99,16,11,5,88,1376,0.6875,0.1111111111111111,0.19130434782608693,0.9371621621621622,93
U4,H1 XOR J1,762,588,129,459,633,259,0.2193877551020408,0.16929133858267717,0.19111111111111112,0.26216216216216215,1092
J2,U1 A_AND_NOT_B U4,99,561,63,498,36,883,0.11229946524064172,0.6363636363636364,0.1909090909090909,0.6391891891891892,534
J1,F2 AND U1,132,958,104,854,28,494,0.10855949895615867,0.7878787878787878,0.19082568807339448,0.40405405405405403,882
H1,J1 A_AND_NOT_B U4,630,83,68,15,562,835,0.8192771084337349,0.10793650793650794,0.19074333800841514,0.6101351351351352,577
J4,J2 XOR S1,68,593,63,530,5,882,0.10623946037099494,0.9264705882352942,0.19062027231467477,0.6385135135135135,535
J1,H1 OR U3,132,1159,123,1036,9,312,0.10612597066436583,0.9318181818181818,0.19054996127033305,0.2939189189189189,1045
J4,H1 OR J3,68,647,68,579,0,833,0.10510046367851623,1.0,0.19020979020979023,0.6087837837837838,579
F2,J1 AND U1,964,130,104,26,860,490,0.8,0.1078838174273859,0.19012797074954296,0.40135135135135136,886
J5,F2 AND H1,70,478,52,426,18,984,0.1087866108786611,0.7428571428571429,0.18978102189781024,0.7,444
J2,U1 XOR U4,99,567,63,504,36,877,0.1111111111111111,0.6363636363636364,0.1891891891891892,0.6351351351351351,540
J1,H1 XOR U3,132,608,70,538,62,810,0.11513157894736842,0.5303030303030303,0.1891891891891892,0.5945945945945946,600
J4,H1 A_AND_NOT_B S1,68,482,52,430,16,982,0.1078838174273859,0.7647058823529411,0.1890909090909091,0.6986486486486486,446
S1,F2 OR H1,514,1116,154,962,360,4,0.13799283154121864,0.29961089494163423,0.18895705521472395,0.10675675675675676,1322
J1,J2 OR U3,132,1108,117,991,15,357,0.1055956678700361,0.8863636363636364,0.18870967741935482,0.3202702702702703,1006
J5,H1 OR J1,70,675,70,605,0,805,0.1037037037037037,1.0,0.18791946308724833,0.5912162162162162,605
J4,J5 OR S1,68,582,61,521,7,891,0.10481099656357389,0.8970588235294118,0.18769230769230769,0.6432432432432432,528
J5,J4 OR S1,70,580,61,519,9,891,0.10517241379310345,0.8714285714285714,0.18769230769230769,0.6432432432432432,528
H1,U1 XOR U3,630,245,82,163,548,687,0.3346938775510204,0.13015873015873017,0.18742857142857144,0.5195945945945946,711
J2,H1 AND U1,99,627,68,559,31,822,0.10845295055821372,0.6868686868686869,0.18732782369146006,0.6013513513513513,590
J1,F2 XOR U4,132,584,67,517,65,831,0.11472602739726027,0.5075757575757576,0.18715083798882684,0.6067567567567568,582
J4,H1 OR J2,68,661,68,593,0,819,0.10287443267776097,1.0,0.18655692729766804,0.5993243243243244,593
H1,J1 AND J2,630,99,68,31,562,819,0.6868686868686869,0.10793650793650794,0.186556927297668,0.5993243243243244,593
H1,J2 AND U1,630,99,68,31,562,819,0.6868686868686869,0.10793650793650794,0.186556927297668,0.5993243243243244,593
H1,J2 A_AND_NOT_B U2,630,99,68,31,562,819,0.6868686868686869,0.10793650793650794,0.186556927297668,0.5993243243243244,593
J2,H1 A_AND_NOT_B U2,99,630,68,562,31,819,0.10793650793650794,0.6868686868686869,0.186556927297668,0.5993243243243244,593
H1,J2 OR U2,630,101,68,33,562,817,0.6732673267326733,0.10793650793650794,0.18604651162790697,0.597972972972973,595
H1,J2 XOR U2,630,101,68,33,562,817,0.6732673267326733,0.10793650793650794,0.18604651162790697,0.597972972972973,595
J2,H1 OR U2,99,632,68,564,31,817,0.10759493670886076,0.6868686868686869,0.18604651162790697,0.597972972972973,595
J2,H1 XOR U2,99,632,68,564,31,817,0.10759493670886076,0.6868686868686869,0.18604651162790697,0.597972972972973,595
U4,H1 XOR J2,762,593,126,467,636,251,0.21247892074198987,0.16535433070866143,0.1859778597785978,0.25472972972972974,1103
J5,F1 AND H1,70,393,43,350,27,1060,0.10941475826972011,0.6142857142857143,0.1857451403887689,0.7452702702702703,377
J2,F3 OR H1,99,784,82,702,17,679,0.10459183673469388,0.8282828282828283,0.18573046432616083,0.5141891891891892,719
J4,H1 OR J5,68,645,66,579,2,833,0.10232558139534884,0.9705882352941176,0.18513323983169705,0.6074324324324324,581
U4,H1 OR J4,762,646,130,516,632,202,0.20123839009287925,0.17060367454068243,0.1846590909090909,0.22432432432432434,1148
U4,H1 OR J3,762,647,130,517,632,201,0.2009273570324575,0.17060367454068243,0.184528034066714,0.22364864864864864,1149
J2,F3 B_AND_NOT_A H1,99,466,52,414,47,967,0.11158798283261803,0.5252525252525253,0.184070796460177,0.6885135135135135,461
F1,J1 OR J3,800,135,86,49,714,631,0.6370370370370371,0.1075,0.1839572192513369,0.48445945945945945,763
U3,H1 AND U4,1080,118,110,8,970,392,0.9322033898305084,0.10185185185185185,0.18363939899833054,0.33918918918918917,978
J2,F3 XOR H1,99,620,66,554,33,827,0.1064516129032258,0.6666666666666666,0.18358831710709317,0.6033783783783784,587
U1,J1 OR J3,1317,135,133,2,1184,161,0.9851851851851852,0.10098709187547457,0.1831955922865014,0.19864864864864865,1186
J4,H1 OR J1,68,675,68,607,0,805,0.10074074074074074,1.0,0.18304172274562583,0.5898648648648649,607
J1,F2 A_AND_NOT_B F3,132,646,71,575,61,773,0.10990712074303406,0.5378787878787878,0.18251928020565553,0.5702702702702702,636
J1,F2 XOR F3,132,646,71,575,61,773,0.10990712074303406,0.5378787878787878,0.18251928020565553,0.5702702702702702,636
H1,J3 OR J5,630,83,65,18,565,832,0.7831325301204819,0.10317460317460317,0.182328190743338,0.606081081081081,583
J3,F1 A_AND_NOT_B U4,78,317,36,281,42,1121,0.11356466876971609,0.46153846153846156,0.18227848101265826,0.7817567567567567,323
J4,J5 XOR S1,68,580,59,521,9,891,0.10172413793103448,0.8676470588235294,0.18209876543209874,0.6418918918918919,530
J5,J4 XOR S1,70,578,59,519,11,891,0.10207612456747404,0.8428571428571429,0.18209876543209874,0.6418918918918919,530
H1,F2 AND J1,630,106,67,39,563,811,0.6320754716981132,0.10634920634920635,0.18206521739130435,0.5932432432432433,602
F1,J1 OR J5,800,134,85,49,715,631,0.6343283582089553,0.10625,0.18201284796573877,0.4837837837837838,764
U4,H1 OR J5,762,645,128,517,634,201,0.19844961240310077,0.1679790026246719,0.18194740582800287,0.2222972972972973,1151
U1,J1 OR J5,1317,134,132,2,1185,161,0.9850746268656716,0.10022779043280182,0.18194348725017231,0.19797297297297298,1187
J1,J3 OR U1,132,1319,132,1187,0,161,0.10007581501137225,1.0,0.1819434872501723,0.19797297297297298,1187
J2,F2 OR J1,99,990,99,891,0,490,0.1,1.0,0.18181818181818182,0.39797297297297296,891
J1,H1 OR U1,132,1320,132,1188,0,160,0.1,1.0,0.18181818181818182,0.1972972972972973,1188
J4,F1 A_AND_NOT_B U3,68,75,13,62,55,1350,0.17333333333333334,0.19117647058823528,0.1818181818181818,0.9209459459459459,117
J1,U1 OR U3,132,1321,132,1189,0,159,0.09992429977289932,1.0,0.18169304886441845,0.1966216216216216,1189
J1,F2 OR U1,132,1323,132,1191,0,157,0.09977324263038549,1.0,0.1814432989690722,0.19527027027027027,1191
J5,F2 A_AND_NOT_B U4,70,393,42,351,28,1059,0.10687022900763359,0.6,0.1814254859611231,0.7439189189189189,379
H1,U1 A_AND_NOT_B U3,630,241,79,162,551,688,0.3278008298755187,0.1253968253968254,0.18140068886337543,0.5182432432432432,713
U1,J1 OR J4,1317,133,131,2,1186,161,0.9849624060150376,0.09946848899012908,0.18068965517241378,0.1972972972972973,1188
F1,J1 A_AND_NOT_B S1,800,110,82,28,718,652,0.7454545454545455,0.1025,0.18021978021978022,0.49594594594594593,746
F1,J1 OR J4,800,133,84,49,716,631,0.631578947368421,0.105,0.18006430868167203,0.4831081081081081,765
H1,F2 AND U4,630,571,108,463,522,387,0.18914185639229422,0.17142857142857143,0.17985012489592003,0.3344594594594595,985
H1,S1 B_AND_NOT_A U4,630,571,108,463,522,387,0.18914185639229422,0.17142857142857143,0.17985012489592003,0.3344594594594595,985
J1,F1 OR F3,132,803,84,719,48,629,0.10460772104607721,0.6363636363636364,0.17967914438502675,0.4817567567567568,767
J4,F2 AND H1,68,478,49,429,19,983,0.10251046025104603,0.7205882352941176,0.1794871794871795,0.6972972972972973,448
J1,J2 OR U1,132,1317,130,1187,2,161,0.09870918754745633,0.9848484848484849,0.17943409247757072,0.1966216216216216,1189
J1,J4 OR U1,132,1317,130,1187,2,161,0.09870918754745633,0.9848484848484849,0.17943409247757072,0.1966216216216216,1189
J1,J5 OR U1,132,1317,130,1187,2,161,0.09870918754745633,0.9848484848484849,0.17943409247757072,0.1966216216216216,1189
J1,U1 A_AND_NOT_B U2,132,1317,130,1187,2,161,0.09870918754745633,0.9848484848484849,0.17943409247757072,0.1966216216216216,1189
U1,J1 OR J2,1317,132,130,2,1187,161,0.9848484848484849,0.09870918754745633,0.17943409247757072,0.1966216216216216,1189
U1,J1 A_AND_NOT_B U2,1317,132,130,2,1187,161,0.9848484848484849,0.09870918754745633,0.17943409247757072,0.1966216216216216,1189
J1,F2 B_AND_NOT_A J2,132,13,13,0,119,1348,1.0,0.09848484848484848,0.1793103448275862,0.9195945945945946,119
J1,F3 OR U1,132,1318,130,1188,2,160,0.09863429438543247,0.9848484848484849,0.17931034482758618,0.19594594594594594,1190
J1,U1 OR U2,132,1319,130,1189,2,159,0.09855951478392722,0.9848484848484849,0.1791867677463818,0.19527027027027027,1191
J1,U1 XOR U2,132,1319,130,1189,2,159,0.09855951478392722,0.9848484848484849,0.1791867677463818,0.19527027027027027,1191
U1,J1 OR U2,1317,134,130,4,1187,159,0.9701492537313433,0.09870918754745633,0.1791867677463818,0.19527027027027027,1191
U1,J1 XOR U2,1317,134,130,4,1187,159,0.9701492537313433,0.09870918754745633,0.1791867677463818,0.19527027027027027,1191
J1,F1 OR U1,132,1321,130,1191,2,157,0.0984102952308857,0.9848484848484849,0.17894012388162425,0.1939189189189189,1193
J1,F1 AND U1,132,796,83,713,49,635,0.10427135678391959,0.6287878787878788,0.17887931034482757,0.4851351351351351,762
J1,U1 OR U4,132,1323,130,1193,2,155,0.0982615268329554,0.9848484848484849,0.17869415807560138,0.19256756756756757,1195
F1,J1 AND U1,800,130,83,47,717,633,0.6384615384615384,0.10375,0.17849462365591395,0.4837837837837838,764
J2,J5 OR U4,99,809,81,728,18,653,0.10012360939431397,0.8181818181818182,0.17841409691629956,0.49594594594594593,746
F1,J1 OR J2,800,132,83,49,717,631,0.6287878787878788,0.10375,0.1781115879828326,0.48243243243243245,766
F1,J1 A_AND_NOT_B U2,800,132,83,49,717,631,0.6287878787878788,0.10375,0.1781115879828326,0.48243243243243245,766
J1,F1 A_AND_NOT_B U2,132,800,83,717,49,631,0.10375,0.6287878787878788,0.1781115879828326,0.48243243243243245,766
J1,F1 A_AND_NOT_B S1,132,789,82,707,50,641,0.10392902408111533,0.6212121212121212,0.1780673181324647,0.4885135135135135,757
J4,F1 AND H1,68,393,41,352,27,1060,0.10432569974554708,0.6029411764705882,0.17787418655097614,0.7439189189189189,379
F1,J1 OR U2,800,134,83,51,717,629,0.6194029850746269,0.10375,0.1777301927194861,0.4810810810810811,768
F1,J1 XOR U2,800,134,83,51,717,629,0.6194029850746269,0.10375,0.1777301927194861,0.4810810810810811,768
J1,F1 OR U2,132,802,83,719,49,629,0.10349127182044887,0.6287878787878788,0.17773019271948606,0.4810810810810811,768
J1,F1 XOR U2,132,802,83,719,49,629,0.10349127182044887,0.6287878787878788,0.17773019271948606,0.4810810810810811,768
U3,H1 AND S1,1080,148,109,39,971,361,0.7364864864864865,0.10092592592592593,0.1775244299674267,0.31756756756756754,1010
H1,U3 AND U4,630,610,110,500,520,350,0.18032786885245902,0.1746031746031746,0.1774193548387097,0.3108108108108108,1020
F2,J2 OR J3,964,109,95,14,869,502,0.8715596330275229,0.09854771784232365,0.17707362534948742,0.40337837837837837,883
J1,J3 OR U3,132,1101,109,992,23,356,0.09900090826521345,0.8257575757575758,0.17680454176804541,0.3141891891891892,1015
J2,H1 A_AND_NOT_B U4,99,512,54,458,45,923,0.10546875,0.5454545454545454,0.176759410801964,0.6601351351351351,503
J1,F2 OR U3,132,1159,114,1045,18,303,0.09836065573770492,0.8636363636363636,0.1766072811773819,0.28175675675675677,1063
J1,J4 XOR J5,132,16,13,3,119,1345,0.8125,0.09848484848484848,0.17567567567567566,0.9175675675675675,122
J1,F1 OR U3,132,1155,113,1042,19,306,0.09783549783549783,0.8560606060606061,0.1756021756021756,0.2831081081081081,1061
U4,H1 XOR J4,762,594,119,475,643,243,0.20033670033670034,0.15616797900262466,0.17551622418879054,0.2445945945945946,1118
U3,F2 B_AND_NOT_A H1,1080,152,108,44,972,356,0.7105263157894737,0.1,0.17532467532467533,0.31351351351351353,1016
J1,F1 XOR H1,132,644,68,576,64,772,0.10559006211180125,0.5151515151515151,0.1752577319587629,0.5675675675675675,640
J2,J3 OR U4,99,814,80,734,19,647,0.09828009828009827,0.8080808080808081,0.17524644030668127,0.4912162162162162,753
F1,F2 AND J1,800,106,79,27,721,653,0.7452830188679245,0.09875,0.17439293598233996,0.4945945945945946,748
J1,F1 B_AND_NOT_A F2,132,178,27,151,105,1197,0.15168539325842698,0.20454545454545456,0.17419354838709677,0.827027027027027,256
U4,F2 AND H1,762,478,108,370,654,348,0.22594142259414227,0.14173228346456693,0.17419354838709677,0.3081081081081081,1024
J1,J5 OR U3,132,1099,107,992,25,356,0.09736123748862602,0.8106060606060606,0.17384240454914704,0.31283783783783786,1017
U4,H1 A_AND_NOT_B S1,762,482,108,374,654,344,0.22406639004149378,0.14173228346456693,0.17363344051446944,0.3054054054054054,1028
J4,F2 A_AND_NOT_B U4,68,393,40,353,28,1059,0.10178117048346055,0.5882352941176471,0.17353579175704986,0.7425675675675676,381
J1,S1 XOR U1,132,1117,108,1009,24,339,0.09668755595344673,0.8181818181818182,0.17293835068054444,0.30202702702702705,1033
J4,J3 A_AND_NOT_B J5,68,13,7,6,61,1406,0.5384615384615384,0.10294117647058823,0.17283950617283952,0.9547297297297297,67
J3,F3 B_AND_NOT_A H1,78,466,47,419,31,983,0.10085836909871244,0.6025641025641025,0.17279411764705882,0.6959459459459459,450
J1,F2 OR U4,132,1155,111,1044,21,304,0.09610389610389611,0.8409090909090909,0.1724941724941725,0.28040540540540543,1065
H1,J2 A_AND_NOT_B S1,630,89,62,27,568,823,0.6966292134831461,0.09841269841269841,0.17246175243393602,0.597972972972973,595
H1,J3 OR J4,630,78,61,17,569,833,0.782051282051282,0.09682539682539683,0.17231638418079098,0.6040540540540541,586
H1,J3 A_AND_NOT_B U2,630,78,61,17,569,833,0.782051282051282,0.09682539682539683,0.17231638418079098,0.6040540540540541,586
J3,H1 A_AND_NOT_B U2,78,630,61,569,17,833,0.09682539682539683,0.782051282051282,0.17231638418079098,0.6040540540540541,586
J2,J4 OR U4,99,807,78,729,21,652,0.09665427509293681,0.7878787878787878,0.17218543046357618,0.49324324324324326,750
J1,F1 AND F2,132,786,79,707,53,641,0.1005089058524173,0.5984848484848485,0.17211328976034856,0.4864864864864865,760
U4,H1 XOR J3,762,586,116,470,646,248,0.19795221843003413,0.15223097112860892,0.17210682492581605,0.24594594594594596,1116
H1,J3 OR U2,630,80,61,19,569,831,0.7625,0.09682539682539683,0.17183098591549298,0.6027027027027027,588
H1,J3 XOR U2,630,80,61,19,569,831,0.7625,0.09682539682539683,0.17183098591549298,0.6027027027027027,588
J3,H1 OR U2,78,632,61,571,17,831,0.09651898734177215,0.782051282051282,0.17183098591549295,0.6027027027027027,588
J3,H1 XOR U2,78,632,61,571,17,831,0.09651898734177215,0.782051282051282,0.17183098591549295,0.6027027027027027,588
J1,J4 OR U3,132,1096,105,991,27,357,0.09580291970802919,0.7954545454545454,0.17100977198697068,0.31216216216216214,1018
J2,J3 XOR J5,99,18,10,8,89,1373,0.5555555555555556,0.10101010101010101,0.17094017094017094,0.9344594594594594,97
U4,H1 OR U2,762,632,119,513,643,205,0.18829113924050633,0.15616797900262466,0.17073170731707316,0.21891891891891893,1156
U4,H1 XOR U2,762,632,119,513,643,205,0.18829113924050633,0.15616797900262466,0.17073170731707316,0.21891891891891893,1156
J5,F1 A_AND_NOT_B U4,70,317,33,284,37,1126,0.10410094637223975,0.4714285714285714,0.17054263565891473,0.7831081081081082,321
J2,F2 OR J4,99,969,91,878,8,503,0.09391124871001032,0.9191919191919192,0.1704119850187266,0.40135135135135136,886
J2,F2 OR J5,99,969,91,878,8,503,0.09391124871001032,0.9191919191919192,0.1704119850187266,0.40135135135135136,886
J2,F2 OR J3,99,970,91,879,8,502,0.09381443298969072,0.9191919191919192,0.17025257249766138,0.4006756756756757,887
H1,J3 A_AND_NOT_B S1,630,75,60,15,570,835,0.8,0.09523809523809523,0.1702127659574468,0.6047297297297297,585
U4,H1 XOR J5,762,590,115,475,647,243,0.19491525423728814,0.15091863517060367,0.17011834319526625,0.2418918918918919,1122
H1,J4 OR J5,630,77,60,17,570,833,0.7792207792207793,0.09523809523809523,0.16973125884016974,0.6033783783783784,587
H1,U2 B_AND_NOT_A U4,630,761,118,643,512,207,0.15505913272010513,0.1873015873015873,0.16966211358734723,0.2195945945945946,1155
F3,F1 AND J1,318,83,34,49,284,1113,0.40963855421686746,0.1069182389937107,0.16957605985037408,0.775,333
H1,U2 XOR U4,630,762,118,644,512,206,0.15485564304461943,0.1873015873015873,0.1695402298850575,0.21891891891891893,1156
U4,H1 A_AND_NOT_B U2,762,630,118,512,644,206,0.1873015873015873,0.15485564304461943,0.1695402298850575,0.21891891891891893,1156
H1,U2 OR U4,630,763,118,645,512,205,0.15465268676277852,0.1873015873015873,0.16941852117731515,0.21824324324324323,1157
F1,J2 OR J3,800,109,77,32,723,648,0.7064220183486238,0.09625,0.16941694169416943,0.48986486486486486,755
J3,J1 A_AND_NOT_B J5,78,64,12,52,66,1350,0.1875,0.15384615384615385,0.16901408450704225,0.9202702702702703,118
H1,U1 AND U4,630,756,117,639,513,211,0.15476190476190477,0.18571428571428572,0.16883116883116883,0.22162162162162163,1152
S1,H1 B_AND_NOT_A U3,514,529,88,441,426,525,0.166351606805293,0.17120622568093385,0.1687440076701822,0.4141891891891892,867
U4,H1 AND U1,762,627,117,510,645,208,0.18660287081339713,0.15354330708661418,0.16846652267818574,0.2195945945945946,1155
J3,F1 OR J1,78,849,78,771,0,631,0.09187279151943463,1.0,0.16828478964401294,0.47905405405405405,771
U3,S1 A_AND_NOT_B U4,1080,323,118,205,962,195,0.3653250773993808,0.10925925925925926,0.16821097647897365,0.2114864864864865,1167
J2,S1 B_AND_NOT_A U1,99,960,89,871,10,510,0.09270833333333334,0.898989898989899,0.1680830972615675,0.4047297297297297,881
J1,F3 B_AND_NOT_A U1,132,1000,95,905,37,443,0.095,0.7196969696969697,0.16784452296819788,0.3635135135135135,942
J1,F3 XOR U1,132,1001,95,906,37,442,0.09490509490509491,0.7196969696969697,0.16769638128861433,0.36283783783783785,943
U4,H1 AND U3,762,551,110,441,652,277,0.1996370235934664,0.14435695538057744,0.16755521706016757,0.2614864864864865,1093
J3,H1 AND U1,78,627,59,568,19,834,0.09409888357256778,0.7564102564102564,0.1673758865248227,0.6033783783783784,587
H1,J3 AND U1,630,76,59,17,571,833,0.7763157894736842,0.09365079365079365,0.1671388101983003,0.6027027027027027,588
J2,F1 OR F2,99,978,90,888,9,493,0.09202453987730061,0.9090909090909091,0.16713091922005568,0.3939189189189189,897
F2,J2 OR J4,964,102,89,13,875,503,0.8725490196078431,0.09232365145228216,0.16697936210131334,0.4,888
J1,H1 OR U4,132,1274,117,1157,15,191,0.09183673469387756,0.8863636363636364,0.16642958748221906,0.20810810810810812,1172
F1,J2 OR J4,800,102,75,27,725,653,0.7352941176470589,0.09375,0.1662971175166297,0.4918918918918919,752
J4,F1 A_AND_NOT_B U4,68,317,32,285,36,1127,0.10094637223974763,0.47058823529411764,0.1662337662337662,0.7831081081081082,321
J1,J3 A_AND_NOT_B J5,132,13,12,1,120,1347,0.9230769230769231,0.09090909090909091,0.16551724137931034,0.9182432432432432,121
H1,F1 AND U4,630,483,92,391,538,459,0.19047619047619047,0.14603174603174604,0.16531895777178793,0.3722972972972973,929
J2,J1 AND S1,99,22,10,12,89,1369,0.45454545454545453,0.10101010101010101,0.16528925619834708,0.9317567567567567,101
F2,J2 OR J5,964,101,88,13,876,503,0.8712871287128713,0.0912863070539419,0.1652582159624413,0.3993243243243243,889
F3,F2 AND J1,318,106,35,71,283,1091,0.330188679245283,0.11006289308176101,0.1650943396226415,0.7608108108108108,354
J1,J2 XOR U4,132,789,76,713,56,635,0.09632446134347275,0.5757575757575758,0.16503800217155268,0.4804054054054054,769
J1,H1 OR S1,132,996,93,903,39,445,0.09337349397590361,0.7045454545454546,0.16489361702127658,0.3635135135135135,942
J1,F1 XOR U4,132,596,60,536,72,812,0.10067114093959731,0.45454545454545453,0.1648351648351648,0.5891891891891892,608
H1,F2 AND J2,630,86,59,27,571,823,0.686046511627907,0.09365079365079365,0.164804469273743,0.595945945945946,598
U4,S1 AND U3,762,197,79,118,683,600,0.4010152284263959,0.1036745406824147,0.16475495307612098,0.45878378378378376,801
J3,J4 A_AND_NOT_B J5,78,7,7,0,71,1402,1.0,0.08974358974358974,0.1647058823529412,0.952027027027027,71
J2,U1 A_AND_NOT_B U3,99,241,28,213,71,1168,0.11618257261410789,0.2828282828282828,0.16470588235294117,0.8081081081081081,284
H1,J1 AND J3,630,75,58,17,572,833,0.7733333333333333,0.09206349206349207,0.1645390070921986,0.602027027027027,589
F1,J2 OR J5,800,101,74,27,726,653,0.7326732673267327,0.0925,0.16426193118756938,0.4912162162162162,753
F3,J1 A_AND_NOT_B S1,318,110,35,75,283,1087,0.3181818181818182,0.11006289308176101,0.16355140186915887,0.7581081081081081,358
J4,F2 A_AND_NOT_B U3,68,79,12,67,56,1345,0.1518987341772152,0.17647058823529413,0.163265306122449,0.9168918918918919,123
J3,F1 OR J4,78,817,73,744,5,658,0.08935128518971848,0.9358974358974359,0.16312849162011173,0.4939189189189189,749
U1,H1 AND U4,1317,118,117,1,1200,162,0.9915254237288136,0.0888382687927107,0.16306620209059233,0.1885135135135135,1201
U4,F2 B_AND_NOT_A U3,762,195,78,117,684,601,0.4,0.10236220472440945,0.16300940438871472,0.45878378378378376,801
J3,F1 XOR F2,78,192,22,170,56,1232,0.11458333333333333,0.28205128205128205,0.16296296296296295,0.8472972972972973,226
J3,F1 OR J5,78,818,73,745,5,657,0.08924205378973105,0.9358974358974359,0.16294642857142852,0.49324324324324326,750
J2,U1 XOR U3,99,245,28,217,71,1164,0.11428571428571428,0.2828282828282828,0.16279069767441862,0.8054054054054054,288
J4,J3 XOR J5,68,18,7,11,61,1401,0.3888888888888889,0.10294117647058823,0.1627906976744186,0.9513513513513514,72
J2,F2 AND U1,99,958,86,872,13,509,0.08977035490605428,0.8686868686868687,0.16272469252601704,0.40202702702702703,885
J2,F1 XOR U3,99,430,43,387,56,994,0.1,0.43434343434343436,0.16257088846880907,0.7006756756756757,443
J1,F2 XOR U3,132,274,33,241,99,1107,0.12043795620437957,0.25,0.1625615763546798,0.7702702702702703,340
J3,J1 OR U4,78,845,75,770,3,632,0.08875739644970414,0.9615384615384616,0.16251354279523295,0.4777027027027027,773
H1,F2 AND J3,630,72,57,15,573,835,0.7916666666666666,0.09047619047619047,0.1623931623931624,0.6027027027027027,588
J2,F2 A_AND_NOT_B S1,99,950,85,865,14,516,0.08947368421052632,0.8585858585858586,0.16205910390848427,0.4060810810810811,879
J2,J1 OR U3,99,1123,99,1024,0,357,0.0881567230632235,1.0,0.16202945990180032,0.3081081081081081,1024
J2,F1 OR H1,99,1037,92,945,7,436,0.08871745419479267,0.9292929292929293,0.1619718309859155,0.3567567567567568,952
J1,S1 OR U1,132,1474,130,1344,2,4,0.08819538670284939,0.9848484848484849,0.16189290161892902,0.09054054054054055,1346
J2,F1 OR F3,99,803,73,730,26,651,0.09090909090909091,0.7373737373737373,0.16186252771618623,0.4891891891891892,756
F2,J1 AND J2,964,99,86,13,878,503,0.8686868686868687,0.08921161825726141,0.16180620884289748,0.39797297297297296,891
F2,J2 AND U1,964,99,86,13,878,503,0.8686868686868687,0.08921161825726141,0.16180620884289748,0.39797297297297296,891
F2,J2 A_AND_NOT_B U2,964,99,86,13,878,503,0.8686868686868687,0.08921161825726141,0.16180620884289748,0.39797297297297296,891
J2,F2 OR F3,99,964,86,878,13,503,0.08921161825726141,0.8686868686868687,0.16180620884289748,0.39797297297297296,891
J2,F2 A_AND_NOT_B U2,99,964,86,878,13,503,0.08921161825726141,0.8686868686868687,0.16180620884289748,0.39797297297297296,891
J2,F2 OR U2,99,966,86,880,13,501,0.08902691511387163,0.8686868686868687,0.1615023474178404,0.3966216216216216,893
J2,F2 XOR U2,99,966,86,880,13,501,0.08902691511387163,0.8686868686868687,0.1615023474178404,0.3966216216216216,893
F2,J2 OR U2,964,101,86,15,878,501,0.8514851485148515,0.08921161825726141,0.16150234741784036,0.3966216216216216,893
F2,J2 XOR U2,964,101,86,15,878,501,0.8514851485148515,0.08921161825726141,0.16150234741784036,0.3966216216216216,893
F2,J2 A_AND_NOT_B S1,964,89,85,4,879,512,0.9550561797752809,0.08817427385892117,0.16144349477682812,0.40337837837837837,883
J3,F1 OR J2,78,827,73,754,5,648,0.08827085852478839,0.9358974358974359,0.1613259668508287,0.4871621621621622,759
J1,F1 XOR F3,132,488,50,438,82,910,0.10245901639344263,0.3787878787878788,0.16129032258064518,0.6486486486486487,520
J2,F1 AND U1,99,796,72,724,27,657,0.09045226130653267,0.7272727272727273,0.16089385474860338,0.4925675675675676,751
J3,J4 OR U4,78,807,71,736,7,666,0.08798017348203221,0.9102564102564102,0.16045197740112996,0.497972972972973,743
F1,J1 AND J2,800,99,72,27,728,653,0.7272727272727273,0.09,0.16017797552836485,0.48986486486486486,755
F1,J2 AND U1,800,99,72,27,728,653,0.7272727272727273,0.09,0.16017797552836485,0.48986486486486486,755
F1,J2 A_AND_NOT_B U2,800,99,72,27,728,653,0.7272727272727273,0.09,0.16017797552836485,0.48986486486486486,755
J2,F1 A_AND_NOT_B U2,99,800,72,728,27,653,0.09,0.7272727272727273,0.16017797552836485,0.48986486486486486,755
J3,F3 OR H1,78,784,69,715,9,687,0.08801020408163265,0.8846153846153846,0.16009280742459397,0.5108108108108108,724
J2,F1 A_AND_NOT_B S1,99,789,71,718,28,663,0.08998732572877059,0.7171717171717171,0.15990990990990991,0.49594594594594593,746
F1,J2 OR U2,800,101,72,29,728,651,0.7128712871287128,0.09,0.1598224195338513,0.4885135135135135,757
F1,J2 XOR U2,800,101,72,29,728,651,0.7128712871287128,0.09,0.1598224195338513,0.4885135135135135,757
J2,F1 OR U2,99,802,72,730,27,651,0.08977556109725686,0.7272727272727273,0.1598224195338513,0.4885135135135135,757
J2,F1 XOR U2,99,802,72,730,27,651,0.08977556109725686,0.7272727272727273,0.1598224195338513,0.4885135135135135,757
F1,J2 A_AND_NOT_B S1,800,89,71,18,729,662,0.797752808988764,0.08875,0.1597300337457818,0.49527027027027026,747
U4,H1 A_AND_NOT_B J4,762,578,107,471,655,247,0.185121107266436,0.14041994750656167,0.15970149253731344,0.2391891891891892,1126
J1,U3 A_AND_NOT_B U4,132,470,48,422,84,926,0.10212765957446808,0.36363636363636365,0.15946843853820597,0.6581081081081082,506
J3,H1 A_AND_NOT_B U4,78,512,47,465,31,937,0.091796875,0.6025641025641025,0.15932203389830507,0.6648648648648648,496
U4,F1 AND H1,762,393,92,301,670,417,0.2340966921119593,0.12073490813648294,0.15930735930735931,0.3439189189189189,971
J1,F2 AND U3,132,885,81,804,51,544,0.09152542372881356,0.6136363636363636,0.1592920353982301,0.4222972972972973,855
J1,F2 XOR S1,132,1450,126,1324,6,24,0.08689655172413793,0.9545454545454546,0.15929203539823006,0.10135135135135136,1330
F1,F2 A_AND_NOT_B U3,800,79,70,9,730,671,0.8860759493670886,0.0875,0.15927189988623436,0.5006756756756757,739
J1,F2 OR S1,132,1464,127,1337,5,11,0.08674863387978142,0.9621212121212122,0.15914786967418548,0.09324324324324325,1342
J1,F1 A_AND_NOT_B F3,132,485,49,436,83,912,0.10103092783505155,0.3712121212121212,0.1588330632090762,0.6493243243243243,519
J1,F3 OR U3,132,1103,98,1005,34,343,0.08884859474161379,0.7424242424242424,0.15870445344129558,0.297972972972973,1039
J1,F1 OR U4,132,1079,96,983,36,365,0.08897126969416126,0.7272727272727273,0.15854665565648224,0.31148648648648647,1019
J5,H1 AND U1,70,627,55,572,15,838,0.08771929824561403,0.7857142857142857,0.15781922525107606,0.6033783783783784,587
J1,S1 B_AND_NOT_A U3,132,883,80,803,52,545,0.09060022650056625,0.6060606060606061,0.15763546798029557,0.4222972972972973,855
H1,J5 A_AND_NOT_B S1,630,68,55,13,575,837,0.8088235294117647,0.0873015873015873,0.15759312320916904,0.6027027027027027,588
J3,F3 XOR H1,78,620,55,565,23,837,0.08870967741935484,0.7051282051282052,0.15759312320916904,0.6027027027027027,588
J1,H1 XOR S1,132,848,77,771,55,577,0.09080188679245282,0.5833333333333334,0.15714285714285714,0.4418918918918919,826
H1,J5 AND U1,630,70,55,15,575,835,0.7857142857142857,0.0873015873015873,0.1571428571428571,0.6013513513513513,590
H1,J5 A_AND_NOT_B U2,630,70,55,15,575,835,0.7857142857142857,0.0873015873015873,0.1571428571428571,0.6013513513513513,590
J5,H1 A_AND_NOT_B U2,70,630,55,575,15,835,0.0873015873015873,0.7857142857142857,0.1571428571428571,0.6013513513513513,590
U4,H1 A_AND_NOT_B J2,762,562,104,458,658,260,0.18505338078291814,0.13648293963254593,0.15709969788519634,0.24594594594594596,1116
U4,H1 A_AND_NOT_B J5,762,575,105,470,657,248,0.1826086956521739,0.1377952755905512,0.15706806282722513,0.23851351351351352,1127
J5,F3 B_AND_NOT_A H1,70,466,42,424,28,986,0.09012875536480687,0.6,0.15671641791044774,0.6945945945945946,452
J5,H1 OR U2,70,632,55,577,15,833,0.08702531645569621,0.7857142857142857,0.1566951566951567,0.6,592
J5,H1 XOR U2,70,632,55,577,15,833,0.08702531645569621,0.7857142857142857,0.1566951566951567,0.6,592
H1,J5 OR U2,630,72,55,17,575,833,0.7638888888888888,0.0873015873015873,0.15669515669515668,0.6,592
H1,J5 XOR U2,630,72,55,17,575,833,0.7638888888888888,0.0873015873015873,0.15669515669515668,0.6,592
F2,F1 B_AND_NOT_A H1,964,237,94,143,870,373,0.39662447257383965,0.0975103734439834,0.15653621981681934,0.31554054054054054,1013
J1,J3 XOR U4,132,788,72,716,60,632,0.09137055837563451,0.5454545454545454,0.15652173913043474,0.4756756756756757,776
J3,U1 A_AND_NOT_B U4,78,561,50,511,28,891,0.08912655971479501,0.6410256410256411,0.1564945226917058,0.6358108108108108,539
J2,F2 OR H1,99,1116,95,1021,4,360,0.08512544802867383,0.9595959595959596,0.15637860082304528,0.30743243243243246,1025
H1,J4 B_AND_NOT_A U4,630,739,107,632,523,218,0.14479025710419485,0.16984126984126985,0.15631848064280496,0.2195945945945946,1155
U4,H1 A_AND_NOT_B J3,762,569,104,465,658,253,0.1827768014059754,0.13648293963254593,0.1562734785875282,0.24121621621621622,1123
J1,F3 A_AND_NOT_B S1,132,316,35,281,97,1067,0.11075949367088607,0.26515151515151514,0.15625,0.7445945945945946,378
F3,J1 AND U1,318,130,35,95,283,1067,0.2692307692307692,0.11006289308176101,0.15624999999999997,0.7445945945945946,378
J5,F1 OR J2,70,827,70,757,0,653,0.08464328899637243,1.0,0.15607580824972128,0.4885135135135135,757
J1,F3 AND U1,132,317,35,282,97,1066,0.11041009463722397,0.26515151515151514,0.155902004454343,0.7439189189189189,379
H1,J2 A_AND_NOT_B U4,630,63,54,9,576,841,0.8571428571428571,0.08571428571428572,0.15584415584415584,0.6047297297297297,585
J5,F1 OR J4,70,817,69,748,1,662,0.08445532435740515,0.9857142857142858,0.1555806087936866,0.4939189189189189,749
J3,J5 OR U4,78,809,69,740,9,662,0.08529048207663782,0.8846153846153846,0.15558060879368657,0.4939189189189189,749
F3,J1 OR J2,318,132,35,97,283,1065,0.26515151515151514,0.11006289308176101,0.15555555555555556,0.7432432432432432,380
F3,J1 A_AND_NOT_B U2,318,132,35,97,283,1065,0.26515151515151514,0.11006289308176101,0.15555555555555556,0.7432432432432432,380
J1,F2 AND F3,132,318,35,283,97,1065,0.11006289308176101,0.26515151515151514,0.15555555555555556,0.7432432432432432,380
J1,F3 A_AND_NOT_B U2,132,318,35,283,97,1065,0.11006289308176101,0.26515151515151514,0.15555555555555556,0.7432432432432432,380
F3,J1 OR J4,318,133,35,98,283,1064,0.2631578947368421,0.11006289308176101,0.15521064301552107,0.7425675675675676,381
J1,H1 AND U3,132,551,53,498,79,850,0.09618874773139746,0.4015151515151515,0.15519765739385066,0.6101351351351352,577
J3,J2 OR U4,78,825,70,755,8,647,0.08484848484848485,0.8974358974358975,0.1550387596899225,0.48445945945945945,763
J3,U1 XOR U4,78,567,50,517,28,885,0.08818342151675485,0.6410256410256411,0.15503875968992248,0.6317567567567568,545
F3,J1 OR J5,318,134,35,99,283,1063,0.26119402985074625,0.11006289308176101,0.15486725663716816,0.7418918918918919,382
F3,J1 OR U2,318,134,35,99,283,1063,0.26119402985074625,0.11006289308176101,0.15486725663716816,0.7418918918918919,382
F3,J1 XOR U2,318,134,35,99,283,1063,0.26119402985074625,0.11006289308176101,0.15486725663716816,0.7418918918918919,382
J1,F3 OR U2,132,320,35,285,97,1063,0.109375,0.26515151515151514,0.15486725663716813,0.7418918918918919,382
J1,F3 XOR U2,132,320,35,285,97,1063,0.109375,0.26515151515151514,0.15486725663716813,0.7418918918918919,382
J5,F1 OR J3,70,822,69,753,1,657,0.08394160583941605,0.9857142857142858,0.15470852017937217,0.4905405405405405,754
J1,J5 XOR U4,132,786,71,715,61,633,0.09033078880407125,0.5378787878787878,0.15468409586056647,0.4756756756756757,776
F3,J1 OR J3,318,135,35,100,283,1062,0.25925925925925924,0.11006289308176101,0.15452538631346577,0.7412162162162163,383
J4,J3 OR U4,68,814,68,746,0,666,0.08353808353808354,1.0,0.15419501133786848,0.49594594594594593,746
F2,J1 AND U3,964,89,81,8,883,508,0.9101123595505618,0.08402489626556017,0.15384615384615385,0.39797297297297296,891
J2,F1 AND F2,99,786,68,718,31,663,0.08651399491094147,0.6868686868686869,0.1536723163841808,0.4939189189189189,749
F1,F2 AND J2,800,86,68,18,732,662,0.7906976744186046,0.085,0.15349887133182846,0.49324324324324326,750
J4,F1 OR J5,68,818,68,750,0,662,0.08312958435207823,1.0,0.15349887133182843,0.49324324324324326,750
H1,J5 B_AND_NOT_A U4,630,739,105,634,525,216,0.14208389715832206,0.16666666666666666,0.15339663988312635,0.2168918918918919,1159
H1,J2 B_AND_NOT_A U4,630,726,104,622,526,228,0.14325068870523416,0.16507936507936508,0.15339233038348085,0.22432432432432434,1148
J1,F2 XOR H1,132,638,59,579,73,769,0.09247648902821316,0.44696969696969696,0.15324675324675324,0.5594594594594594,652
J1,F3 XOR U3,132,808,72,736,60,612,0.0891089108910891,0.5454545454545454,0.15319148936170213,0.46216216216216216,796
J1,J4 XOR U4,132,784,70,714,62,634,0.08928571428571429,0.5303030303030303,0.15283842794759825,0.4756756756756757,776
J4,F1 OR J3,68,822,68,754,0,658,0.0827250608272506,1.0,0.15280898876404495,0.4905405405405405,754
J5,F1 OR J1,70,849,70,779,0,631,0.08244994110718493,1.0,0.15233949945593037,0.47364864864864864,779
J2,F2 XOR U4,99,584,52,532,47,849,0.08904109589041095,0.5252525252525253,0.15226939970717424,0.6087837837837838,579
H1,J3 B_AND_NOT_A U4,630,736,104,632,526,218,0.14130434782608695,0.16507936507936508,0.1522693997071742,0.21756756756756757,1158
J1,H1 XOR U4,132,1156,98,1058,34,290,0.0847750865051903,0.7424242424242424,0.15217391304347824,0.26216216216216215,1092
J1,F1 AND F3,132,315,34,281,98,1067,0.10793650793650794,0.25757575757575757,0.1521252796420582,0.7439189189189189,379
J1,H1 AND U4,132,118,19,99,113,1249,0.16101694915254236,0.14393939393939395,0.152,0.8567567567567568,212
J5,J2 OR U4,70,825,68,757,2,653,0.08242424242424243,0.9714285714285714,0.15195530726256984,0.4871621621621622,759
J4,F1 OR J2,68,827,68,759,0,653,0.08222490931076179,1.0,0.1519553072625698,0.4871621621621622,759
H1,J1 AND J5,630,68,53,15,577,835,0.7794117647058824,0.08412698412698413,0.1518624641833811,0.6,592
H1,J2 AND J5,630,68,53,15,577,835,0.7794117647058824,0.08412698412698413,0.1518624641833811,0.6,592
U4,H1 A_AND_NOT_B J1,762,543,99,444,663,274,0.18232044198895028,0.12992125984251968,0.15172413793103448,0.252027027027027,1107
U1,J1 A_AND_NOT_B S1,1317,110,108,2,1209,161,0.9818181818181818,0.08200455580865604,0.1513665031534688,0.18175675675675676,1211
F2,F1 B_AND_NOT_A U4,964,279,94,185,870,331,0.33691756272401435,0.0975103734439834,0.1512469831053902,0.28716216216216217,1055
J2,F1 XOR F2,99,192,22,170,77,1211,0.11458333333333333,0.2222222222222222,0.1512027491408935,0.8331081081081081,247
F2,F1 AND J1,964,83,79,4,885,512,0.9518072289156626,0.08195020746887967,0.15090735434574976,0.3993243243243243,889
F2,J1 XOR S1,964,602,118,484,846,32,0.19601328903654486,0.12240663900414937,0.15070242656449553,0.10135135135135136,1330
J2,F2 A_AND_NOT_B F3,99,646,56,590,43,791,0.08668730650154799,0.5656565656565656,0.15033557046979865,0.5722972972972973,633
J2,F2 XOR F3,99,646,56,590,43,791,0.08668730650154799,0.5656565656565656,0.15033557046979865,0.5722972972972973,633
U1,J2 OR J3,1317,109,107,2,1210,161,0.981651376146789,0.0812452543659833,0.150070126227209,0.1810810810810811,1212
J2,F1 XOR F3,99,488,44,444,55,937,0.09016393442622951,0.4444444444444444,0.14991482112436116,0.6628378378378378,499
F2,J1 OR S1,964,624,119,505,845,11,0.1907051282051282,0.12344398340248963,0.14987405541561713,0.08783783783783784,1350
U3,J1 OR J3,1080,135,91,44,989,356,0.674074074074074,0.08425925925925926,0.14979423868312755,0.30202702702702705,1033
H1,F2 AND J5,630,65,52,13,578,837,0.8,0.08253968253968254,0.14964028776978416,0.6006756756756757,591
J4,H1 AND U1,68,627,52,575,16,837,0.08293460925039872,0.7647058823529411,0.14964028776978416,0.6006756756756757,591
J2,H1 OR U3,99,1159,94,1065,5,316,0.0811044003451251,0.9494949494949495,0.1494435612082671,0.27702702702702703,1070
H1,J4 A_AND_NOT_B S1,630,66,52,14,578,836,0.7878787878787878,0.08253968253968254,0.14942528735632182,0.6,592
J5,J3 OR U4,70,814,66,748,4,662,0.08108108108108109,0.9428571428571428,0.1493212669683258,0.4918918918918919,752
H1,J2 AND J3,630,68,52,16,578,834,0.7647058823529411,0.08253968253968254,0.1489971346704871,0.5986486486486486,594
H1,J3 AND J4,630,68,52,16,578,834,0.7647058823529411,0.08253968253968254,0.1489971346704871,0.5986486486486486,594
H1,J4 AND U1,630,68,52,16,578,834,0.7647058823529411,0.08253968253968254,0.1489971346704871,0.5986486486486486,594
H1,J4 A_AND_NOT_B U2,630,68,52,16,578,834,0.7647058823529411,0.08253968253968254,0.1489971346704871,0.5986486486486486,594
J4,H1 A_AND_NOT_B U2,68,630,52,578,16,834,0.08253968253968254,0.7647058823529411,0.1489971346704871,0.5986486486486486,594
J5,U1 A_AND_NOT_B U4,70,561,47,514,23,896,0.08377896613190731,0.6714285714285714,0.14896988906497624,0.6371621621621621,537
H1,F3 B_AND_NOT_A J2,630,69,52,17,578,833,0.7536231884057971,0.08253968253968254,0.14878397711015737,0.597972972972973,595
F3,F1 AND J2,318,72,29,43,289,1119,0.4027777777777778,0.09119496855345911,0.14871794871794872,0.7756756756756756,332
J5,J1 OR U4,70,845,68,777,2,633,0.08047337278106509,0.9714285714285714,0.14863387978142079,0.47364864864864864,779
J2,J5 OR U3,99,1099,89,1010,10,371,0.08098271155595996,0.898989898989899,0.14858096828046743,0.3108108108108108,1020
J4,H1 OR U2,68,632,52,580,16,832,0.08227848101265822,0.7647058823529411,0.14857142857142858,0.5972972972972973,596
J4,H1 XOR U2,68,632,52,580,16,832,0.08227848101265822,0.7647058823529411,0.14857142857142858,0.5972972972972973,596
H1,J4 OR U2,630,70,52,18,578,832,0.7428571428571429,0.08253968253968254,0.14857142857142855,0.5972972972972973,596
H1,J4 XOR U2,630,70,52,18,578,832,0.7428571428571429,0.08253968253968254,0.14857142857142855,0.5972972972972973,596
J1,U3 XOR U4,132,622,56,566,76,782,0.09003215434083602,0.42424242424242425,0.14854111405835543,0.5662162162162162,642
F3,F2 AND J2,318,86,30,56,288,1106,0.3488372093023256,0.09433962264150944,0.1485148514851485,0.7675675675675676,344
J3,F1 B_AND_NOT_A F2,78,178,19,159,59,1243,0.10674157303370786,0.24358974358974358,0.1484375,0.8527027027027027,218
U3,J1 OR J4,1080,133,90,43,990,357,0.6766917293233082,0.08333333333333333,0.1483924154987634,0.30202702702702705,1033
J2,J3 OR U3,99,1101,89,1012,10,369,0.08083560399636694,0.898989898989899,0.14833333333333334,0.30945945945945946,1022
J2,F1 OR U3,99,1155,93,1062,6,319,0.08051948051948052,0.9393939393939394,0.14832535885167467,0.27837837837837837,1068
J4,F1 OR J1,68,849,68,781,0,631,0.0800942285041225,1.0,0.14830970556161396,0.4722972972972973,781
U3,J1 OR J5,1080,134,90,44,990,356,0.6716417910447762,0.08333333333333333,0.14827018121911037,0.3013513513513513,1034
F3,J2 OR J4,318,102,31,71,287,1091,0.30392156862745096,0.09748427672955975,0.1476190476190476,0.7581081081081081,358
J5,U1 XOR U4,70,567,47,520,23,890,0.08289241622574955,0.6714285714285714,0.14756671899529045,0.6331081081081081,543
H1,J1 B_AND_NOT_A U4,630,713,99,614,531,236,0.1388499298737728,0.15714285714285714,0.14743112434847358,0.22635135135135134,1145
H1,J1 AND U3,630,89,53,36,577,814,0.5955056179775281,0.08412698412698413,0.1474269819193324,0.5858108108108108,613
F3,J2 A_AND_NOT_B S1,318,89,30,59,288,1103,0.33707865168539325,0.09433962264150944,0.14742014742014742,0.7655405405405405,347
J2,F1 A_AND_NOT_B F3,99,485,43,442,56,939,0.088659793814433,0.43434343434343436,0.14726027397260275,0.6635135135135135,498
F1,F2 XOR U3,800,274,79,195,721,485,0.28832116788321166,0.09875,0.14711359404096835,0.3810810810810811,916
F2,J3 OR J5,964,83,77,6,887,510,0.927710843373494,0.07987551867219916,0.14708691499522444,0.3966216216216216,893
J3,F2 OR J4,78,969,77,892,1,510,0.07946336429308566,0.9871794871794872,0.14708691499522444,0.3966216216216216,893
J3,F2 OR J5,78,969,77,892,1,510,0.07946336429308566,0.9871794871794872,0.14708691499522444,0.3966216216216216,893
J1,U2 B_AND_NOT_A U3,132,1080,89,991,43,357,0.0824074074074074,0.6742424242424242,0.14686468646864684,0.3013513513513513,1034
U3,J1 OR J2,1080,132,89,43,991,357,0.6742424242424242,0.0824074074074074,0.14686468646864684,0.3013513513513513,1034
U3,J1 A_AND_NOT_B U2,1080,132,89,43,991,357,0.6742424242424242,0.0824074074074074,0.14686468646864684,0.3013513513513513,1034
J4,J1 OR U4,68,845,67,778,1,634,0.07928994082840236,0.9852941176470589,0.14676889375684554,0.47364864864864864,779
H1,J3 AND J5,630,65,51,14,579,836,0.7846153846153846,0.08095238095238096,0.14676258992805755,0.5993243243243244,593
J1,U2 OR U3,132,1082,89,993,43,355,0.0822550831792976,0.6742424242424242,0.14662273476112025,0.3,1036
J1,U2 XOR U3,132,1082,89,993,43,355,0.0822550831792976,0.6742424242424242,0.14662273476112025,0.3,1036
U3,J1 OR U2,1080,134,89,45,991,355,0.664179104477612,0.0824074074074074,0.14662273476112025,0.3,1036
U3,J1 XOR U2,1080,134,89,45,991,355,0.664179104477612,0.0824074074074074,0.14662273476112025,0.3,1036
J2,S1 XOR U1,99,1117,89,1028,10,353,0.07967770814682185,0.898989898989899,0.14638157894736842,0.29864864864864865,1038
H1,J1 AND J4,630,67,51,16,579,834,0.7611940298507462,0.08095238095238096,0.14634146341463414,0.597972972972973,595
U1,F2 AND J1,1317,106,104,2,1213,161,0.9811320754716981,0.07896735003796507,0.14617006324666199,0.17905405405405406,1215
J3,F2 OR J1,78,990,78,912,0,490,0.07878787878787878,1.0,0.14606741573033705,0.3837837837837838,912
J3,F2 OR J2,78,977,77,900,1,502,0.07881269191402251,0.9871794871794872,0.14597156398104263,0.3912162162162162,901
J2,J4 OR U3,99,1096,87,1009,12,372,0.07937956204379562,0.8787878787878788,0.14560669456066946,0.31013513513513513,1021
J4,J2 OR U4,68,825,65,760,3,652,0.07878787878787878,0.9558823529411765,0.1455767077267637,0.48445945945945945,763
F3,J2 OR J3,318,109,31,78,287,1084,0.28440366972477066,0.09748427672955975,0.1451990632318501,0.7533783783783784,365
J5,F3 OR H1,70,784,62,722,8,688,0.07908163265306123,0.8857142857142857,0.1451990632318501,0.5067567567567568,730
J5,F1 XOR F2,70,192,19,173,51,1237,0.09895833333333333,0.2714285714285714,0.14503816793893132,0.8486486486486486,224
J3,F2 XOR U4,78,584,48,536,30,866,0.0821917808219178,0.6153846153846154,0.14501510574018125,0.6175675675675676,566
J1,F1 OR S1,132,1303,104,1199,28,149,0.07981580966999233,0.7878787878787878,0.14494773519163764,0.17094594594594595,1227
J2,F2 OR U3,99,1159,91,1068,8,313,0.07851596203623813,0.9191919191919192,0.14467408585055644,0.27297297297297296,1076
J1,F1 XOR S1,132,1292,103,1189,29,159,0.07972136222910217,0.7803030303030303,0.1446629213483146,0.17702702702702702,1218
H1,F3 B_AND_NOT_A U4,630,587,88,499,542,351,0.14991482112436116,0.13968253968253969,0.14461791290057519,0.29662162162162165,1041
J2,F3 A_AND_NOT_B S1,99,316,30,286,69,1095,0.0949367088607595,0.30303030303030304,0.14457831325301207,0.7601351351351351,355
J5,H1 A_AND_NOT_B U4,70,512,42,470,28,940,0.08203125,0.6,0.14432989690721648,0.6635135135135135,498
J2,F3 AND U1,99,317,30,287,69,1094,0.0946372239747634,0.30303030303030304,0.14423076923076922,0.7594594594594595,356
J1,U1 AND U3,132,1076,87,989,45,359,0.08085501858736059,0.6590909090909091,0.14403973509933776,0.3013513513513513,1034
J1,F1 B_AND_NOT_A U1,132,521,47,474,85,874,0.09021113243761997,0.3560606060606061,0.1439509954058193,0.6222972972972973,559
F3,J1 AND J2,318,99,30,69,288,1093,0.30303030303030304,0.09433962264150944,0.14388489208633093,0.7587837837837837,357
F3,J2 AND U1,318,99,30,69,288,1093,0.30303030303030304,0.09433962264150944,0.14388489208633093,0.7587837837837837,357
F3,J2 A_AND_NOT_B U2,318,99,30,69,288,1093,0.30303030303030304,0.09433962264150944,0.14388489208633093,0.7587837837837837,357
J2,F2 AND F3,99,318,30,288,69,1093,0.09433962264150944,0.30303030303030304,0.14388489208633093,0.7587837837837837,357
J2,F3 A_AND_NOT_B U2,99,318,30,288,69,1093,0.09433962264150944,0.30303030303030304,0.14388489208633093,0.7587837837837837,357
U3,J1 AND U1,1080,130,87,43,993,357,0.6692307692307692,0.08055555555555556,0.14380165289256197,0.3,1036
U1,J2 OR J4,1317,102,102,0,1215,163,1.0,0.0774487471526196,0.1437632135306554,0.17905405405405406,1215
J4,J5 OR U4,68,809,63,746,5,666,0.07787391841779975,0.9264705882352942,0.14367160775370583,0.4925675675675676,751
J5,J4 OR U4,70,807,63,744,7,666,0.07806691449814127,0.9,0.14367160775370583,0.4925675675675676,751
U4,F3 B_AND_NOT_A H1,762,466,88,378,674,340,0.1888412017167382,0.11548556430446194,0.14332247557003258,0.2891891891891892,1052
J1,H1 XOR J4,132,594,52,542,80,806,0.08754208754208755,0.3939393939393939,0.14325068870523416,0.5797297297297297,622
F3,J2 OR J5,318,101,30,71,288,1091,0.297029702970297,0.09433962264150944,0.1431980906921241,0.7574324324324324,359
F3,J2 OR U2,318,101,30,71,288,1091,0.297029702970297,0.09433962264150944,0.1431980906921241,0.7574324324324324,359
F3,J2 XOR U2,318,101,30,71,288,1091,0.297029702970297,0.09433962264150944,0.1431980906921241,0.7574324324324324,359
J2,F3 OR U2,99,320,30,290,69,1091,0.09375,0.30303030303030304,0.1431980906921241,0.7574324324324324,359
J2,F3 XOR U2,99,320,30,290,69,1091,0.09375,0.30303030303030304,0.1431980906921241,0.7574324324324324,359
J4,U1 A_AND_NOT_B U4,68,561,45,516,23,896,0.08021390374331551,0.6617647058823529,0.14308426073131955,0.6358108108108108,539
J1,F1 XOR U1,132,525,47,478,85,870,0.08952380952380952,0.3560606060606061,0.1430745814307458,0.6195945945945946,563
H1,F1 AND J1,630,83,51,32,579,818,0.6144578313253012,0.08095238095238096,0.14305750350631136,0.5871621621621622,611
J3,H1 AND U4,78,118,14,104,64,1298,0.11864406779661017,0.1794871794871795,0.14285714285714288,0.8864864864864865,168
U1,J2 OR J5,1317,101,101,0,1216,163,1.0,0.07668944570994685,0.14245416078984485,0.1783783783783784,1216
J3,U1 XOR U3,78,245,23,222,55,1180,0.09387755102040816,0.2948717948717949,0.14241486068111456,0.8128378378378378,277
J4,F3 B_AND_NOT_A H1,68,466,38,428,30,984,0.0815450643776824,0.5588235294117647,0.14232209737827714,0.6905405405405406,458
J1,U3 OR U4,132,1232,97,1135,35,213,0.07873376623376624,0.7348484848484849,0.14222873900293256,0.20945945945945946,1170
J3,F1 OR F2,78,978,75,903,3,499,0.07668711656441718,0.9615384615384616,0.14204545454545456,0.3878378378378378,906
J5,F3 XOR H1,70,620,49,571,21,839,0.07903225806451612,0.7,0.14202898550724638,0.6,592
J4,U1 XOR U4,68,567,45,522,23,890,0.07936507936507936,0.6617647058823529,0.1417322834645669,0.6317567567567568,545
H1,F2 AND J4,630,63,49,14,581,836,0.7777777777777778,0.07777777777777778,0.1414141414141414,0.597972972972973,595
J4,H1 A_AND_NOT_B U4,68,512,41,471,27,941,0.080078125,0.6029411764705882,0.1413793103448276,0.6635135135135135,498
H1,J2 AND J4,630,65,49,16,581,834,0.7538461538461538,0.07777777777777778,0.14100719424460434,0.5966216216216216,597
J1,J2 AND S1,132,10,10,0,122,1348,1.0,0.07575757575757576,0.14084507042253522,0.9175675675675675,122
J1,F2 B_AND_NOT_A H1,132,152,20,132,112,1216,0.13157894736842105,0.15151515151515152,0.14084507042253522,0.8351351351351352,244
J4,F3 OR H1,68,784,60,724,8,688,0.07653061224489796,0.8823529411764706,0.14084507042253522,0.5054054054054054,732
J2,J1 XOR U4,99,796,63,733,36,648,0.07914572864321608,0.6363636363636364,0.14078212290502792,0.4804054054054054,769
J3,S1 B_AND_NOT_A U1,78,960,73,887,5,515,0.07604166666666666,0.9358974358974359,0.14065510597302505,0.3972972972972973,892
S1,U3 AND U4,514,610,79,531,435,435,0.12950819672131147,0.15369649805447472,0.1405693950177936,0.3472972972972973,966
J2,F1 AND F3,99,315,29,286,70,1095,0.09206349206349207,0.29292929292929293,0.14009661835748793,0.7594594594594595,356
J3,F2 A_AND_NOT_B S1,78,950,72,878,6,524,0.07578947368421053,0.9230769230769231,0.14007782101167315,0.4027027027027027,884
J2,J4 OR U1,99,1317,99,1218,0,163,0.07517084282460136,1.0,0.13983050847457626,0.17702702702702702,1218
J2,J5 OR U1,99,1317,99,1218,0,163,0.07517084282460136,1.0,0.13983050847457626,0.17702702702702702,1218
J2,U1 A_AND_NOT_B U2,99,1317,99,1218,0,163,0.07517084282460136,1.0,0.13983050847457626,0.17702702702702702,1218
U1,J1 AND J2,1317,99,99,0,1218,163,1.0,0.07517084282460136,0.13983050847457626,0.17702702702702702,1218
U1,J2 A_AND_NOT_B U2,1317,99,99,0,1218,163,1.0,0.07517084282460136,0.13983050847457626,0.17702702702702702,1218
J2,F3 OR U1,99,1318,99,1219,0,162,0.07511380880121396,1.0,0.1397318278052223,0.17635135135135135,1219
F1,U1 XOR U3,800,245,73,172,727,508,0.2979591836734694,0.09125,0.13971291866028707,0.39256756756756755,899
J1,S1 XOR U3,132,1200,93,1107,39,241,0.0775,0.7045454545454546,0.13963963963963963,0.22567567567567567,1146
J2,J1 OR U1,99,1319,99,1220,0,161,0.07505686125852919,1.0,0.13963328631875882,0.17567567567567569,1220
J2,J3 OR U1,99,1319,99,1220,0,161,0.07505686125852919,1.0,0.13963328631875882,0.17567567567567569,1220
J2,U1 OR U2,99,1319,99,1220,0,161,0.07505686125852919,1.0,0.13963328631875882,0.17567567567567569,1220
J2,U1 XOR U2,99,1319,99,1220,0,161,0.07505686125852919,1.0,0.13963328631875882,0.17567567567567569,1220
U1,J2 OR U2,1317,101,99,2,1218,161,0.9801980198019802,0.07517084282460136,0.1396332863187588,0.17567567567567569,1220
U1,J2 XOR U2,1317,101,99,2,1218,161,0.9801980198019802,0.07517084282460136,0.1396332863187588,0.17567567567567569,1220
J2,H1 OR U1,99,1320,99,1221,0,160,0.075,1.0,0.13953488372093023,0.175,1221
J2,F1 OR U1,99,1321,99,1222,0,159,0.07494322482967448,1.0,0.13943661971830987,0.17432432432432432,1222
J2,U1 OR U3,99,1321,99,1222,0,159,0.07494322482967448,1.0,0.13943661971830987,0.17432432432432432,1222
J2,H1 XOR S1,99,848,66,782,33,599,0.07783018867924528,0.6666666666666666,0.13938753959873285,0.44932432432432434,815
J2,F2 OR U1,99,1323,99,1224,0,157,0.07482993197278912,1.0,0.13924050632911392,0.17297297297297298,1224
J2,U1 OR U4,99,1323,99,1224,0,157,0.07482993197278912,1.0,0.13924050632911392,0.17297297297297298,1224
J2,F2 OR U4,99,1155,87,1068,12,313,0.07532467532467532,0.8787878787878788,0.13875598086124402,0.2702702702702703,1080
J2,H1 XOR U3,99,608,49,559,50,822,0.0805921052631579,0.494949494949495,0.13861386138613863,0.5885135135135136,609
F2,J3 A_AND_NOT_B S1,964,75,72,3,892,513,0.96,0.07468879668049792,0.13859480269489893,0.3952702702702703,895
J4,F1 XOR F2,68,192,18,174,50,1238,0.09375,0.2647058823529412,0.13846153846153847,0.8486486486486486,224
J2,H1 AND U3,99,551,45,506,54,875,0.08166969147005444,0.45454545454545453,0.13846153846153844,0.6216216216216216,560
F1,U1 A_AND_NOT_B U3,800,241,72,169,728,511,0.2987551867219917,0.09,0.13832853025936598,0.3939189189189189,897
F2,J4 OR J5,964,77,72,5,892,511,0.935064935064935,0.07468879668049792,0.13832853025936598,0.3939189189189189,897
J5,H1 AND U4,70,118,13,105,57,1305,0.11016949152542373,0.18571428571428572,0.13829787234042554,0.8905405405405405,162
F2,J3 OR J4,964,78,72,6,892,510,0.9230769230769231,0.07468879668049792,0.1381957773512476,0.3932432432432432,898
F2,J3 A_AND_NOT_B U2,964,78,72,6,892,510,0.9230769230769231,0.07468879668049792,0.1381957773512476,0.3932432432432432,898
J3,F2 OR F3,78,964,72,892,6,510,0.07468879668049792,0.9230769230769231,0.1381957773512476,0.3932432432432432,898
J3,F2 A_AND_NOT_B U2,78,964,72,892,6,510,0.07468879668049792,0.9230769230769231,0.1381957773512476,0.3932432432432432,898
J1,F3 A_AND_NOT_B U4,132,143,19,124,113,1224,0.13286713286713286,0.14393939393939395,0.13818181818181818,0.8398648648648649,237
J3,F2 A_AND_NOT_B F3,78,646,50,596,28,806,0.07739938080495357,0.6410256410256411,0.13812154696132597,0.5783783783783784,624
J3,F2 XOR F3,78,646,50,596,28,806,0.07739938080495357,0.6410256410256411,0.13812154696132597,0.5783783783783784,624
J1,H1 XOR J2,132,593,50,543,82,805,0.08431703204047218,0.3787878787878788,0.13793103448275865,0.5777027027027027,625
F2,J3 OR U2,964,80,72,8,892,508,0.9,0.07468879668049792,0.13793103448275862,0.3918918918918919,900
F2,J3 XOR U2,964,80,72,8,892,508,0.9,0.07468879668049792,0.13793103448275862,0.3918918918918919,900
J3,F2 OR U2,78,966,72,894,6,508,0.07453416149068323,0.9230769230769231,0.13793103448275862,0.3918918918918919,900
J3,F2 XOR U2,78,966,72,894,6,508,0.07453416149068323,0.9230769230769231,0.13793103448275862,0.3918918918918919,900
H1,J3 A_AND_NOT_B U4,630,52,47,5,583,845,0.9038461538461539,0.0746031746031746,0.1378299120234604,0.6027027027027027,588
J1,F1 AND U3,132,725,59,666,73,682,0.08137931034482758,0.44696969696969696,0.13768961493582263,0.5006756756756757,739
F3,H1 AND U4,318,118,30,88,288,1074,0.2542372881355932,0.09433962264150944,0.1376146788990826,0.745945945945946,376
J1,F3 B_AND_NOT_A U3,132,785,63,722,69,626,0.08025477707006369,0.4772727272727273,0.13740458015267176,0.46554054054054056,791
H1,F3 B_AND_NOT_A J3,630,56,47,9,583,841,0.8392857142857143,0.0746031746031746,0.13702623906705538,0.6,592
J4,F2 B_AND_NOT_A J5,68,5,5,0,63,1412,1.0,0.07352941176470588,0.13698630136986303,0.9574324324324325,63
H1,F1 AND J2,630,72,48,24,582,826,0.6666666666666666,0.0761904761904762,0.13675213675213674,0.5905405405405405,606
U3,F2 AND J1,1080,106,81,25,999,375,0.7641509433962265,0.075,0.13659359190556492,0.3081081081081081,1024
H1,J4 AND J5,630,61,47,14,583,836,0.7704918032786885,0.0746031746031746,0.13603473227206947,0.5966216216216216,597
F1,J3 OR J5,800,83,60,23,740,657,0.7228915662650602,0.075,0.1359003397508494,0.48445945945945945,763
J1,H1 XOR J5,132,590,49,541,83,807,0.08305084745762711,0.3712121212121212,0.13573407202216065,0.5783783783783784,624
J4,F2 B_AND_NOT_A J3,68,6,5,1,63,1411,0.8333333333333334,0.07352941176470588,0.13513513513513514,0.9567567567567568,64
J3,F2 AND U1,78,958,70,888,8,514,0.07306889352818371,0.8974358974358975,0.13513513513513514,0.3945945945945946,896
F2,F1 A_AND_NOT_B U3,964,75,70,5,894,511,0.9333333333333333,0.07261410788381743,0.13474494706448512,0.39256756756756755,899
J5,F2 OR J4,70,969,70,899,0,511,0.07223942208462332,1.0,0.13474494706448506,0.39256756756756755,899
F2,J3 AND U1,964,76,70,6,894,510,0.9210526315789473,0.07261410788381743,0.13461538461538464,0.3918918918918919,900
J5,J2 A_AND_NOT_B J4,70,34,7,27,63,1383,0.20588235294117646,0.1,0.1346153846153846,0.9391891891891891,90
J5,F2 OR J3,70,970,70,900,0,510,0.07216494845360824,1.0,0.1346153846153846,0.3918918918918919,900
F1,J4 OR J5,800,77,59,18,741,662,0.7662337662337663,0.07375,0.1345496009122007,0.4871621621621622,759
U3,J1 A_AND_NOT_B S1,1080,110,80,30,1000,370,0.7272727272727273,0.07407407407407407,0.13445378151260504,0.30405405405405406,1030
U1,F3 B_AND_NOT_A J1,1317,97,95,2,1222,161,0.979381443298969,0.0721336370539104,0.13437057991513437,0.17297297297297298,1224
J2,F2 AND U3,99,885,66,819,33,562,0.07457627118644068,0.6666666666666666,0.13414634146341464,0.4243243243243243,852
H1,F1 AND J3,630,56,46,10,584,840,0.8214285714285714,0.07301587301587302,0.13411078717201166,0.5986486486486486,594
J2,F2 XOR U3,99,274,25,249,74,1132,0.09124087591240876,0.25252525252525254,0.13404825737265416,0.7817567567567567,323
J3,H1 XOR S1,78,848,62,786,16,616,0.07311320754716981,0.7948717948717948,0.13390928725701945,0.4581081081081081,802
F2,F3 B_AND_NOT_A J1,964,97,71,26,893,490,0.7319587628865979,0.07365145228215768,0.13383600377002827,0.37905405405405407,919
J4,F3 XOR H1,68,620,46,574,22,838,0.07419354838709677,0.6764705882352942,0.13372093023255813,0.5972972972972973,596
J5,F2 OR J2,70,977,70,907,0,503,0.07164790174002048,1.0,0.13371537726838587,0.38716216216216215,907
J2,U3 A_AND_NOT_B U4,99,470,38,432,61,949,0.08085106382978724,0.3838383838383838,0.1335676625659051,0.6668918918918919,493
J3,H1 AND U3,78,551,42,509,36,893,0.07622504537205081,0.5384615384615384,0.13354531001589826,0.6317567567567568,545
J1,S1 OR U3,132,1397,102,1295,30,53,0.07301360057265568,0.7727272727272727,0.1334205362982341,0.10472972972972973,1325
J5,F2 B_AND_NOT_A J4,70,5,5,0,65,1410,1.0,0.07142857142857142,0.13333333333333333,0.956081081081081,65
F2,J1 AND J3,964,75,69,6,895,510,0.92,0.07157676348547717,0.13282001924927814,0.3912162162162162,901
F1,J1 AND U3,800,89,59,30,741,650,0.6629213483146067,0.07375,0.1327334083239595,0.47905405405405405,771
J2,S1 B_AND_NOT_A U3,99,883,65,818,34,563,0.07361268403171008,0.6565656565656566,0.13238289205702647,0.4243243243243243,852
J2,F1 XOR U4,99,596,46,550,53,831,0.07718120805369127,0.46464646464646464,0.13237410071942446,0.5925675675675676,603
J2,F3 A_AND_NOT_B U4,99,143,16,127,83,1254,0.11188811188811189,0.16161616161616163,0.1322314049586777,0.8581081081081081,210
J5,F2 OR J1,70,990,70,920,0,490,0.0707070707070707,1.0,0.1320754716981132,0.3783783783783784,920
J5,S1 B_AND_NOT_A U1,70,960,68,892,2,518,0.07083333333333333,0.9714285714285714,0.1320388349514563,0.39594594594594595,894
J3,U1 A_AND_NOT_B U3,78,241,21,220,57,1182,0.08713692946058091,0.2692307692307692,0.13166144200626959,0.8128378378378378,277
J5,F2 B_AND_NOT_A J3,70,6,5,1,65,1409,0.8333333333333334,0.07142857142857142,0.13157894736842105,0.9554054054054054,66
S1,H1 A_AND_NOT_B U3,514,79,39,40,475,926,0.4936708860759494,0.07587548638132295,0.1315345699831366,0.652027027027027,515
J2,H1 OR S1,99,996,72,924,27,457,0.07228915662650602,0.7272727272727273,0.13150684931506848,0.35743243243243245,951
J2,F3 OR U3,99,1103,79,1024,20,357,0.07162284678150499,0.797979797979798,0.13144758735440934,0.2945945945945946,1044
F2,F1 AND J2,964,72,68,4,896,512,0.9444444444444444,0.07053941908713693,0.1312741312741313,0.3918918918918919,900
F1,J1 XOR S1,800,602,92,510,708,170,0.15282392026578073,0.115,0.1312410841654779,0.17702702702702702,1218
U3,J2 OR J3,1080,109,78,31,1002,369,0.7155963302752294,0.07222222222222222,0.1312026913372582,0.30202702702702705,1033
J2,F3 A_AND_NOT_B U3,99,23,8,15,91,1366,0.34782608695652173,0.08080808080808081,0.13114754098360656,0.9283783783783783,106
J1,F3 OR U4,132,905,68,837,64,511,0.07513812154696133,0.5151515151515151,0.13114754098360656,0.3912162162162162,901
J4,F2 OR J5,68,969,68,901,0,511,0.07017543859649122,1.0,0.13114754098360656,0.3912162162162162,901
J2,H1 OR U4,99,1274,90,1184,9,197,0.0706436420722135,0.9090909090909091,0.1310997815003642,0.1939189189189189,1193
J2,J5 XOR U4,99,786,58,728,41,653,0.0737913486005089,0.5858585858585859,0.1310734463276836,0.4804054054054054,769
J4,F2 OR J3,68,970,68,902,0,510,0.07010309278350516,1.0,0.13102119460500963,0.39054054054054055,902
J1,S1 B_AND_NOT_A U4,132,571,46,525,86,823,0.08056042031523643,0.3484848484848485,0.13086770981507825,0.5871621621621622,611
J5,J2 XOR J4,70,37,7,30,63,1380,0.1891891891891892,0.1,0.1308411214953271,0.9371621621621622,93
J2,F1 OR U4,99,1079,77,1002,22,379,0.07136237256719184,0.7777777777777778,0.1307300509337861,0.3081081081081081,1024
F2,U1 XOR U3,964,245,79,166,885,350,0.3224489795918367,0.08195020746887967,0.130686517783292,0.28986486486486485,1051
F1,J1 OR S1,800,624,93,531,707,149,0.14903846153846154,0.11625,0.1306179775280899,0.1635135135135135,1238
J4,F2 OR J2,68,977,68,909,0,503,0.06960081883316274,1.0,0.13014354066985645,0.3858108108108108,909
J2,F1 B_AND_NOT_A F2,99,178,18,160,81,1221,0.10112359550561797,0.18181818181818182,0.12996389891696752,0.8371621621621622,241
J3,F1 XOR U3,78,430,33,397,45,1005,0.07674418604651163,0.4230769230769231,0.12992125984251968,0.7013513513513514,442
J5,F1 OR F2,70,978,68,910,2,500,0.06952965235173825,0.9714285714285714,0.1297709923664122,0.3837837837837838,912
J2,J4 B_AND_NOT_A J5,99,9,7,2,92,1379,0.7777777777777778,0.0707070707070707,0.12962962962962962,0.9364864864864865,94
J3,F1 OR F3,78,803,57,746,21,656,0.07098381070983811,0.7307692307692307,0.1293984108967083,0.4817567567567568,767
J3,F1 A_AND_NOT_B S1,78,789,56,733,22,669,0.07097591888466413,0.717948717948718,0.12918108419838523,0.48986486486486486,755
J2,H1 AND U4,99,118,14,104,85,1277,0.11864406779661017,0.1414141414141414,0.12903225806451615,0.8722972972972973,189
J5,F1 B_AND_NOT_A F2,70,178,16,162,54,1248,0.0898876404494382,0.22857142857142856,0.12903225806451615,0.8540540540540541,216
J4,F2 OR J1,68,990,68,922,0,490,0.06868686868686869,1.0,0.1285444234404537,0.377027027027027,922
J5,F2 XOR U4,70,584,42,542,28,868,0.07191780821917808,0.6,0.12844036697247707,0.6148648648648649,570
J4,S1 B_AND_NOT_A U1,68,960,66,894,2,518,0.06875,0.9705882352941176,0.12840466926070038,0.3945945945945946,896
H1,J2 AND U3,630,71,45,26,585,824,0.6338028169014085,0.07142857142857142,0.12838801711840228,0.5871621621621622,611
J3,J1 OR U3,78,1123,77,1046,1,356,0.06856634016028496,0.9871794871794872,0.12822647793505412,0.2925675675675676,1047
J3,F1 AND U1,78,796,56,740,22,662,0.07035175879396985,0.717948717948718,0.12814645308924486,0.4851351351351351,762
J1,H1 XOR J3,132,586,46,540,86,808,0.07849829351535836,0.3484848484848485,0.12813370473537605,0.577027027027027,626
F1,J3 A_AND_NOT_B S1,800,75,56,19,744,661,0.7466666666666667,0.07,0.12800000000000003,0.48445945945945945,763
F1,J3 AND U1,800,76,56,20,744,660,0.7368421052631579,0.07,0.12785388127853883,0.4837837837837838,764
F3,J1 AND U3,318,89,26,63,292,1099,0.29213483146067415,0.08176100628930817,0.12776412776412777,0.7601351351351351,355
F1,J3 OR J4,800,78,56,22,744,658,0.717948717948718,0.07,0.1275626423690205,0.48243243243243245,766
F1,J3 A_AND_NOT_B U2,800,78,56,22,744,658,0.717948717948718,0.07,0.1275626423690205,0.48243243243243245,766
J3,F1 A_AND_NOT_B U2,78,800,56,744,22,658,0.07,0.717948717948718,0.1275626423690205,0.48243243243243245,766
F2,J2 AND U3,964,71,66,5,898,511,0.9295774647887324,0.06846473029045644,0.127536231884058,0.3898648648648649,903
F2,H1 AND J1,964,87,67,20,897,496,0.7701149425287356,0.06950207468879668,0.12749762131303521,0.3804054054054054,917
J5,F2 A_AND_NOT_B S1,70,950,65,885,5,525,0.06842105263157895,0.9285714285714286,0.12745098039215688,0.39864864864864863,890
J3,J5 OR U3,78,1099,75,1024,3,378,0.06824385805277525,0.9615384615384616,0.1274426508071368,0.30608108108108106,1027
J3,F1 OR H1,78,1037,71,966,7,436,0.06846673095467695,0.9102564102564102,0.12735426008968612,0.34256756756756757,973
J3,F2 OR H1,78,1116,76,1040,2,362,0.06810035842293907,0.9743589743589743,0.1273031825795645,0.2959459459459459,1042
F1,J3 OR U2,800,80,56,24,744,656,0.7,0.07,0.1272727272727273,0.4810810810810811,768
F1,J3 XOR U2,800,80,56,24,744,656,0.7,0.07,0.1272727272727273,0.4810810810810811,768
J3,F1 OR U2,78,802,56,746,22,656,0.06982543640897755,0.717948717948718,0.12727272727272726,0.4810810810810811,768
J3,F1 XOR U2,78,802,56,746,22,656,0.06982543640897755,0.717948717948718,0.12727272727272726,0.4810810810810811,768
J3,F1 XOR F3,78,488,36,452,42,950,0.07377049180327869,0.46153846153846156,0.12720848056537104,0.6662162162162162,494
J1,S1 XOR U4,132,894,65,829,67,519,0.07270693512304251,0.49242424242424243,0.1267056530214425,0.3945945945945946,896
U1,J2 A_AND_NOT_B S1,1317,89,89,0,1228,163,1.0,0.06757782839787396,0.12660028449502136,0.17027027027027028,1228
J3,J2 OR U3,78,1108,75,1033,3,369,0.06768953068592058,0.9615384615384616,0.12647554806070826,0.3,1036
J5,F2 AND U1,70,958,65,893,5,517,0.06784968684759916,0.9285714285714286,0.1264591439688716,0.3932432432432432,898
F2,J2 OR S1,964,603,99,504,865,12,0.16417910447761194,0.10269709543568464,0.1263560944479898,0.075,1369
J2,J3 XOR U4,99,788,56,732,43,649,0.07106598984771574,0.5656565656565656,0.12626832018038334,0.47635135135135137,775
J1,F2 A_AND_NOT_B H1,132,486,39,447,93,901,0.08024691358024691,0.29545454545454547,0.1262135922330097,0.6351351351351351,540
J4,F1 OR F2,68,978,66,912,2,500,0.06748466257668712,0.9705882352941176,0.12619502868068833,0.3824324324324324,914
F2,U1 A_AND_NOT_B U3,964,241,76,165,888,351,0.3153526970954357,0.07883817427385892,0.12614107883817427,0.2885135135135135,1053
J3,J1 A_AND_NOT_B J2,78,33,7,26,71,1376,0.21212121212121213,0.08974358974358974,0.12612612612612611,0.9344594594594594,97
J3,J1 XOR J2,78,33,7,26,71,1376,0.21212121212121213,0.08974358974358974,0.12612612612612611,0.9344594594594594,97
J3,J2 XOR J5,78,33,7,26,71,1376,0.21212121212121213,0.08974358974358974,0.12612612612612611,0.9344594594594594,97
J5,J2 XOR J3,70,41,7,34,63,1376,0.17073170731707318,0.1,0.12612612612612611,0.9344594594594594,97
H1,F1 AND J5,630,52,43,9,587,841,0.8269230769230769,0.06825396825396825,0.12609970674486803,0.5972972972972973,596
F2,J5 A_AND_NOT_B S1,964,68,65,3,899,513,0.9558823529411765,0.06742738589211618,0.125968992248062,0.39054054054054055,902
F2,J2 XOR S1,964,593,98,495,866,21,0.16526138279932545,0.1016597510373444,0.12588310854206808,0.0804054054054054,1361
J1,F3 A_AND_NOT_B H1,132,154,18,136,114,1212,0.11688311688311688,0.13636363636363635,0.1258741258741259,0.831081081081081,250
J2,S1 OR U1,99,1474,99,1375,0,6,0.06716417910447761,1.0,0.12587412587412586,0.07094594594594594,1375
F2,J5 AND U1,964,70,65,5,899,511,0.9285714285714286,0.06742738589211618,0.12572533849129594,0.3891891891891892,904
F2,J5 A_AND_NOT_B U2,964,70,65,5,899,511,0.9285714285714286,0.06742738589211618,0.12572533849129594,0.3891891891891892,904
J5,F2 OR F3,70,964,65,899,5,511,0.06742738589211618,0.9285714285714286,0.12572533849129594,0.3891891891891892,904
J5,F2 A_AND_NOT_B U2,70,964,65,899,5,511,0.06742738589211618,0.9285714285714286,0.12572533849129594,0.3891891891891892,904
J5,F2 A_AND_NOT_B F3,70,646,45,601,25,809,0.0696594427244582,0.6428571428571429,0.12569832402234635,0.577027027027027,626
J5,F2 XOR F3,70,646,45,601,25,809,0.0696594427244582,0.6428571428571429,0.12569832402234635,0.577027027027027,626
J2,F3 XOR U3,99,808,57,751,42,630,0.07054455445544554,0.5757575757575758,0.1256890848952591,0.46418918918918917,793
J2,F3 B_AND_NOT_A U1,99,1000,69,931,30,450,0.069,0.696969696969697,0.1255686988171065,0.3506756756756757,961
F2,J5 OR U2,964,72,65,7,899,509,0.9027777777777778,0.06742738589211618,0.12548262548262548,0.3878378378378378,906
F2,J5 XOR U2,964,72,65,7,899,509,0.9027777777777778,0.06742738589211618,0.12548262548262548,0.3878378378378378,906
J5,F2 OR U2,70,966,65,901,5,509,0.06728778467908902,0.9285714285714286,0.12548262548262548,0.3878378378378378,906
J5,F2 XOR U2,70,966,65,901,5,509,0.06728778467908902,0.9285714285714286,0.12548262548262548,0.3878378378378378,906
J2,F3 XOR U1,99,1001,69,932,30,449,0.06893106893106893,0.696969696969697,0.12545454545454546,0.35,962
U3,J2 OR J4,1080,102,74,28,1006,372,0.7254901960784313,0.06851851851851852,0.12521150592216582,0.3013513513513513,1034
J1,F2 AND U4,132,571,44,527,88,821,0.07705779334500876,0.3333333333333333,0.1251778093883357,0.5844594594594594,615
J3,J1 XOR J4,78,66,9,57,69,1345,0.13636363636363635,0.11538461538461539,0.12499999999999997,0.9148648648648648,126
J3,F1 XOR U4,78,596,42,554,36,848,0.07046979865771812,0.5384615384615384,0.12462908011869436,0.6013513513513513,590
J2,J4 XOR U4,99,784,55,729,44,652,0.07015306122448979,0.5555555555555556,0.12457531143827859,0.4777027027027027,773
J3,J4 OR U3,78,1096,73,1023,5,379,0.0666058394160584,0.9358974358974359,0.12436115843270867,0.3054054054054054,1028
J3,F1 A_AND_NOT_B F3,78,485,35,450,43,952,0.07216494845360824,0.44871794871794873,0.12433392539964473,0.6668918918918919,493
U3,S1 AND U4,1080,191,79,112,1001,288,0.41361256544502617,0.07314814814814814,0.12431156569630211,0.24797297297297297,1113
J5,H1 XOR S1,70,848,57,791,13,619,0.06721698113207547,0.8142857142857143,0.1241830065359477,0.45675675675675675,804
H1,J5 A_AND_NOT_B U4,630,47,42,5,588,845,0.8936170212765957,0.06666666666666667,0.1240768094534712,0.5993243243243244,593
J5,F1 XOR U3,70,430,31,399,39,1011,0.07209302325581396,0.44285714285714284,0.12400000000000003,0.7040540540540541,438
J4,F2 A_AND_NOT_B S1,68,950,63,887,5,525,0.06631578947368422,0.9264705882352942,0.12377210216110021,0.3972972972972973,892
U1,J1 AND U3,1317,89,87,2,1230,161,0.9775280898876404,0.06605922551252848,0.12375533428165006,0.16756756756756758,1232
H1,F3 B_AND_NOT_A J5,630,50,42,8,588,842,0.84,0.06666666666666667,0.12352941176470587,0.5972972972972973,596
J4,F2 B_AND_NOT_A J2,68,13,5,8,63,1404,0.38461538461538464,0.07352941176470588,0.1234567901234568,0.952027027027027,71
J4,F3 A_AND_NOT_B U4,68,143,13,130,55,1282,0.09090909090909091,0.19117647058823528,0.12322274881516587,0.875,185
J1,F1 B_AND_NOT_A U3,132,355,30,325,102,1023,0.08450704225352113,0.22727272727272727,0.12320328542094454,0.7114864864864865,427
J3,H1 OR U3,78,1159,76,1083,2,319,0.06557377049180328,0.9743589743589743,0.12287793047696041,0.2668918918918919,1085
J4,F2 AND U1,68,958,63,895,5,517,0.06576200417536535,0.9264705882352942,0.12280701754385966,0.3918918918918919,900
U3,F2 B_AND_NOT_A U4,1080,191,78,113,1002,287,0.4083769633507853,0.07222222222222222,0.12273800157356413,0.24662162162162163,1115
J4,F2 XOR U4,68,584,40,544,28,868,0.0684931506849315,0.5882352941176471,0.1226993865030675,0.6135135135135135,572
J3,F1 AND F2,78,786,53,733,25,669,0.06743002544529263,0.6794871794871795,0.1226851851851852,0.48783783783783785,758
U1,F2 AND J2,1317,86,86,0,1231,163,1.0,0.06529992406985573,0.12259444048467569,0.16824324324324325,1231
F2,J4 A_AND_NOT_B S1,964,66,63,3,901,513,0.9545454545454546,0.06535269709543569,0.12233009708737864,0.3891891891891892,904
H1,J3 AND U3,630,57,42,15,588,835,0.7368421052631579,0.06666666666666667,0.12227074235807861,0.5925675675675676,603
J5,U1 A_AND_NOT_B U3,70,241,19,222,51,1188,0.07883817427385892,0.2714285714285714,0.12218649517684886,0.8155405405405406,273
J3,S1 XOR U1,78,1117,73,1044,5,358,0.06535362578334826,0.9358974358974359,0.12217573221757323,0.29121621621621624,1049
F2,J1 AND J5,964,68,63,5,901,511,0.9264705882352942,0.06535269709543569,0.12209302325581396,0.3878378378378378,906
F2,J2 AND J3,964,68,63,5,901,511,0.9264705882352942,0.06535269709543569,0.12209302325581396,0.3878378378378378,906
F2,J2 AND J5,964,68,63,5,901,511,0.9264705882352942,0.06535269709543569,0.12209302325581396,0.3878378378378378,906
F2,J3 AND J4,964,68,63,5,901,511,0.9264705882352942,0.06535269709543569,0.12209302325581396,0.3878378378378378,906
F2,J4 AND U1,964,68,63,5,901,511,0.9264705882352942,0.06535269709543569,0.12209302325581396,0.3878378378378378,906
F2,J4 A_AND_NOT_B U2,964,68,63,5,901,511,0.9264705882352942,0.06535269709543569,0.12209302325581396,0.3878378378378378,906
J4,F2 OR F3,68,964,63,901,5,511,0.06535269709543569,0.9264705882352942,0.12209302325581396,0.3878378378378378,906
J4,F2 A_AND_NOT_B U2,68,964,63,901,5,511,0.06535269709543569,0.9264705882352942,0.12209302325581396,0.3878378378378378,906
J4,F1 B_AND_NOT_A F2,68,178,15,163,53,1249,0.08426966292134831,0.22058823529411764,0.12195121951219512,0.8540540540540541,216
U3,J2 OR J5,1080,101,72,29,1008,371,0.7128712871287128,0.06666666666666667,0.12193056731583404,0.2993243243243243,1037
J5,F1 XOR F3,70,488,34,454,36,956,0.06967213114754098,0.4857142857142857,0.1218637992831541,0.668918918918919,490
F2,J4 OR U2,964,70,63,7,901,509,0.9,0.06535269709543569,0.12185686653771761,0.3864864864864865,908
F2,J4 XOR U2,964,70,63,7,901,509,0.9,0.06535269709543569,0.12185686653771761,0.3864864864864865,908
J4,F2 OR U2,68,966,63,903,5,509,0.06521739130434782,0.9264705882352942,0.1218568665377176,0.3864864864864865,908
J4,F2 XOR U2,68,966,63,903,5,509,0.06521739130434782,0.9264705882352942,0.1218568665377176,0.3864864864864865,908
J1,F3 AND U3,132,295,26,269,106,1079,0.08813559322033898,0.19696969696969696,0.1217798594847775,0.7466216216216216,375
U3,H1 B_AND_NOT_A S1,1080,366,88,278,992,122,0.24043715846994534,0.08148148148148149,0.12171507607192254,0.14189189189189189,1270
J2,F3 AND H1,99,164,16,148,83,1233,0.0975609756097561,0.16161616161616163,0.12167300380228138,0.8439189189189189,231
J2,F2 OR S1,99,1464,95,1369,4,12,0.06489071038251366,0.9595959595959596,0.12156110044785669,0.0722972972972973,1373
F1,F2 AND J3,800,72,53,19,747,661,0.7361111111111112,0.06625,0.12155963302752293,0.48243243243243245,766
F3,J4 OR J5,318,77,24,53,294,1109,0.3116883116883117,0.07547169811320754,0.12151898734177215,0.7655405405405405,347
H1,J4 A_AND_NOT_B U4,630,45,41,4,589,846,0.9111111111111111,0.06507936507936508,0.1214814814814815,0.5993243243243244,593
J5,F1 OR F3,70,803,53,750,17,660,0.0660024906600249,0.7571428571428571,0.12142038946162657,0.4817567567567568,767
J2,F2 XOR S1,99,1450,94,1356,5,25,0.06482758620689655,0.9494949494949495,0.1213686249193028,0.0804054054054054,1361
J2,F1 AND U3,99,725,50,675,49,706,0.06896551724137931,0.5050505050505051,0.12135922330097086,0.5108108108108108,724
F1,J1 AND J3,800,75,53,22,747,658,0.7066666666666667,0.06625,0.12114285714285714,0.4804054054054054,769
J2,H1 XOR U4,99,1156,76,1080,23,301,0.0657439446366782,0.7676767676767676,0.12111553784860557,0.25472972972972974,1103
U1,H1 AND J1,1317,87,85,2,1232,161,0.9770114942528736,0.06454062262718299,0.12108262108262108,0.1662162162162162,1234
J5,F1 A_AND_NOT_B S1,70,789,52,737,18,673,0.06590621039290241,0.7428571428571429,0.12107101280558788,0.48986486486486486,755
J2,U1 AND U3,99,1076,71,1005,28,376,0.06598513011152417,0.7171717171717171,0.12085106382978725,0.30202702702702705,1033
J4,F3 AND H1,68,164,14,150,54,1262,0.08536585365853659,0.20588235294117646,0.12068965517241378,0.8621621621621621,204
J1,F3 XOR U4,132,730,52,678,80,670,0.07123287671232877,0.3939393939393939,0.12064965197215777,0.48783783783783785,758
J5,U1 XOR U3,70,245,19,226,51,1184,0.07755102040816327,0.2714285714285714,0.12063492063492065,0.8128378378378378,277
J3,F2 B_AND_NOT_A J4,78,5,5,0,73,1402,1.0,0.0641025641025641,0.12048192771084336,0.9506756756756757,73
J3,F2 B_AND_NOT_A J5,78,5,5,0,73,1402,1.0,0.0641025641025641,0.12048192771084336,0.9506756756756757,73
J5,F2 B_AND_NOT_A J2,70,13,5,8,65,1402,0.38461538461538464,0.07142857142857142,0.12048192771084336,0.9506756756756757,73
J2,U2 B_AND_NOT_A U3,99,1080,71,1009,28,372,0.06574074074074074,0.7171717171717171,0.12044105173876166,0.2993243243243243,1037
U3,J1 AND J2,1080,99,71,28,1009,372,0.7171717171717171,0.06574074074074074,0.12044105173876166,0.2993243243243243,1037
U3,J2 AND U1,1080,99,71,28,1009,372,0.7171717171717171,0.06574074074074074,0.12044105173876166,0.2993243243243243,1037
U3,J2 A_AND_NOT_B U2,1080,99,71,28,1009,372,0.7171717171717171,0.06574074074074074,0.12044105173876166,0.2993243243243243,1037
J3,U3 A_AND_NOT_B U4,78,470,33,437,45,965,0.07021276595744681,0.4230769230769231,0.12043795620437957,0.6743243243243243,482
H1,F1 AND J4,630,51,41,10,589,840,0.803921568627451,0.06507936507936508,0.12041116005873716,0.5952702702702702,599
F2,J1 AND J4,964,67,62,5,902,511,0.9253731343283582,0.06431535269709543,0.12027158098933075,0.38716216216216215,907
J2,U2 OR U3,99,1082,71,1011,28,370,0.06561922365988909,0.7171717171717171,0.12023708721422523,0.297972972972973,1039
J2,U2 XOR U3,99,1082,71,1011,28,370,0.06561922365988909,0.7171717171717171,0.12023708721422523,0.297972972972973,1039
U3,J2 OR U2,1080,101,71,30,1009,370,0.7029702970297029,0.06574074074074074,0.12023708721422523,0.297972972972973,1039
U3,J2 XOR U2,1080,101,71,30,1009,370,0.7029702970297029,0.06574074074074074,0.12023708721422523,0.297972972972973,1039
J5,F1 AND U1,70,796,52,744,18,666,0.06532663316582915,0.7428571428571429,0.12009237875288685,0.4851351351351351,762
F1,J5 A_AND_NOT_B S1,800,68,52,16,748,664,0.7647058823529411,0.065,0.11981566820276499,0.4837837837837838,764
F3,J3 OR J5,318,83,24,59,294,1103,0.2891566265060241,0.07547169811320754,0.11970074812967581,0.7614864864864865,353
J4,H1 AND U3,68,551,37,514,31,898,0.06715063520871144,0.5441176470588235,0.11954765751211632,0.6317567567567568,545
F1,J5 AND U1,800,70,52,18,748,662,0.7428571428571429,0.065,0.11954022988505747,0.48243243243243245,766
F1,J5 A_AND_NOT_B U2,800,70,52,18,748,662,0.7428571428571429,0.065,0.11954022988505747,0.48243243243243245,766
J5,F1 A_AND_NOT_B U2,70,800,52,748,18,662,0.065,0.7428571428571429,0.11954022988505747,0.48243243243243245,766
J4,F1 OR F3,68,803,52,751,16,661,0.0647571606475716,0.7647058823529411,0.11940298507462685,0.4817567567567568,767
F1,J5 OR U2,800,72,52,20,748,660,0.7222222222222222,0.065,0.11926605504587157,0.4810810810810811,768
F1,J5 XOR U2,800,72,52,20,748,660,0.7222222222222222,0.065,0.11926605504587157,0.4810810810810811,768
J5,F1 OR U2,70,802,52,750,18,660,0.06483790523690773,0.7428571428571429,0.11926605504587157,0.4810810810810811,768
J5,F1 XOR U2,70,802,52,750,18,660,0.06483790523690773,0.7428571428571429,0.11926605504587157,0.4810810810810811,768
J5,H1 AND U3,70,551,37,514,33,896,0.06715063520871144,0.5285714285714286,0.11916264090177134,0.6304054054054054,547
J2,F1 B_AND_NOT_A H1,99,237,20,217,79,1164,0.08438818565400844,0.20202020202020202,0.11904761904761903,0.8,296
J4,F1 A_AND_NOT_B S1,68,789,51,738,17,674,0.06463878326996197,0.75,0.11901983663943991,0.48986486486486486,755
J5,F1 A_AND_NOT_B F3,70,485,33,452,37,958,0.06804123711340206,0.4714285714285714,0.11891891891891891,0.6695945945945946,489
J1,F3 XOR S1,132,828,57,771,75,577,0.06884057971014493,0.4318181818181818,0.11875,0.4283783783783784,846
J1,F1 A_AND_NOT_B H1,132,407,32,375,100,973,0.07862407862407862,0.24242424242424243,0.11873840445269015,0.6790540540540541,475
U1,F1 AND J1,1317,83,83,0,1234,163,1.0,0.0630220197418375,0.11857142857142858,0.1662162162162162,1234
J1,F3 OR S1,132,830,57,773,75,575,0.06867469879518072,0.4318181818181818,0.11850311850311851,0.42702702702702705,848
J2,F1 XOR H1,99,644,44,600,55,781,0.06832298136645963,0.4444444444444444,0.11843876177658143,0.5574324324324325,655
F2,J1 A_AND_NOT_B U4,964,83,62,21,902,495,0.7469879518072289,0.06431535269709543,0.1184336198662846,0.37635135135135134,923
J3,F1 OR U3,78,1155,73,1082,5,320,0.0632034632034632,0.9358974358974359,0.11841038118410381,0.26554054054054055,1087
J3,F2 OR U4,78,1155,73,1082,5,320,0.0632034632034632,0.9358974358974359,0.11841038118410381,0.26554054054054055,1087
J4,H1 AND U4,68,118,11,107,57,1305,0.09322033898305085,0.16176470588235295,0.11827956989247312,0.8891891891891892,164
J4,F1 AND U1,68,796,51,745,17,667,0.06407035175879397,0.75,0.11805555555555555,0.4851351351351351,762
J3,F2 OR U3,78,1159,73,1086,5,316,0.06298533218291631,0.9358974358974359,0.11802748585286985,0.2628378378378378,1091
J4,H1 XOR S1,68,848,54,794,14,618,0.06367924528301887,0.7941176470588235,0.11790393013100436,0.4540540540540541,808
J5,J3 OR U3,70,1101,69,1032,1,378,0.06267029972752043,0.9857142857142858,0.11784799316823227,0.30202702702702705,1033
F1,J4 A_AND_NOT_B S1,800,66,51,15,749,665,0.7727272727272727,0.06375,0.11778290993071594,0.4837837837837838,764
J3,F3 A_AND_NOT_B U4,78,143,13,130,65,1272,0.09090909090909091,0.16666666666666666,0.11764705882352942,0.8682432432432432,195
F1,J2 AND J3,800,68,51,17,749,663,0.75,0.06375,0.1175115207373272,0.48243243243243245,766
F1,J3 AND J4,800,68,51,17,749,663,0.75,0.06375,0.1175115207373272,0.48243243243243245,766
F1,J4 AND U1,800,68,51,17,749,663,0.75,0.06375,0.1175115207373272,0.48243243243243245,766
F1,J4 A_AND_NOT_B U2,800,68,51,17,749,663,0.75,0.06375,0.1175115207373272,0.48243243243243245,766
J4,F1 A_AND_NOT_B U2,68,800,51,749,17,663,0.06375,0.75,0.1175115207373272,0.48243243243243245,766
J3,H1 OR S1,78,996,63,933,15,469,0.06325301204819277,0.8076923076923077,0.11731843575418993,0.35945945945945945,948
F1,J4 OR U2,800,70,51,19,749,661,0.7285714285714285,0.06375,0.11724137931034483,0.4810810810810811,768
F1,J4 XOR U2,800,70,51,19,749,661,0.7285714285714285,0.06375,0.11724137931034483,0.4810810810810811,768
J4,F1 OR U2,68,802,51,751,17,661,0.06359102244389027,0.75,0.11724137931034483,0.4810810810810811,768
J4,F1 XOR U2,68,802,51,751,17,661,0.06359102244389027,0.75,0.11724137931034483,0.4810810810810811,768
J5,J2 OR U3,70,1108,69,1039,1,371,0.06227436823104693,0.9857142857142858,0.11714770797962648,0.2972972972972973,1040
J1,F1 AND U4,132,483,36,447,96,901,0.07453416149068323,0.2727272727272727,0.11707317073170731,0.6331081081081081,543
F1,J2 OR S1,800,603,82,521,718,159,0.13598673300165837,0.1025,0.11689237348538845,0.16283783783783784,1239
F2,J2 AND J4,964,65,60,5,904,511,0.9230769230769231,0.06224066390041494,0.11661807580174928,0.3858108108108108,909
F2,J3 AND J5,964,65,60,5,904,511,0.9230769230769231,0.06224066390041494,0.11661807580174928,0.3858108108108108,909
J3,S1 B_AND_NOT_A U3,78,883,56,827,22,575,0.06342015855039637,0.717948717948718,0.1165452653485952,0.4263513513513513,849
J4,J5 OR U3,68,1099,68,1031,0,381,0.06187443130118289,1.0,0.11653813196229647,0.3033783783783784,1031
J4,J3 OR U3,68,1101,68,1033,0,379,0.061762034514078114,1.0,0.11633875106929,0.30202702702702705,1033
J3,F2 AND U3,78,885,56,829,22,573,0.06327683615819209,0.717948717948718,0.11630321910695741,0.425,851
F1,J2 XOR S1,800,593,81,512,719,168,0.13659359190556492,0.10125,0.11629576453697056,0.16824324324324325,1231
J1,F3 A_AND_NOT_B U3,132,23,9,14,123,1334,0.391304347826087,0.06818181818181818,0.11612903225806451,0.9074324324324324,137
F3,F2 A_AND_NOT_B U3,318,79,23,56,295,1106,0.2911392405063291,0.07232704402515723,0.11586901763224182,0.7628378378378379,351
J1,F1 XOR J3,132,766,52,714,80,634,0.06788511749347259,0.3939393939393939,0.1158129175946548,0.4635135135135135,794
U1,J1 A_AND_NOT_B U4,1317,83,81,2,1236,161,0.9759036144578314,0.06150341685649203,0.11571428571428573,0.1635135135135135,1238
U1,J3 OR J5,1317,83,81,2,1236,161,0.9759036144578314,0.06150341685649203,0.11571428571428573,0.1635135135135135,1238
J3,F3 AND H1,78,164,14,150,64,1252,0.08536585365853659,0.1794871794871795,0.11570247933884299,0.8554054054054054,214
J5,J1 OR U3,70,1123,69,1054,1,356,0.06144256455921639,0.9857142857142858,0.11567476948868398,0.28716216216216217,1055
J4,J2 OR U3,68,1108,68,1040,0,372,0.061371841155234655,1.0,0.11564625850340136,0.2972972972972973,1040
J5,F1 OR H1,70,1037,64,973,6,437,0.06171648987463838,0.9142857142857143,0.11562782294489612,0.3385135135135135,979
J2,F1 OR S1,99,1303,81,1222,18,159,0.06216423637759018,0.8181818181818182,0.11554921540656206,0.16216216216216217,1240
F3,F2 AND J4,318,63,22,41,296,1121,0.3492063492063492,0.06918238993710692,0.11548556430446194,0.7722972972972973,337
J3,F2 B_AND_NOT_A J1,78,26,6,20,72,1382,0.23076923076923078,0.07692307692307693,0.11538461538461538,0.9378378378378378,92
F1,J1 AND J4,800,67,50,17,750,663,0.746268656716418,0.0625,0.11534025374855825,0.4817567567567568,767
F1,J1 AND J5,800,68,50,18,750,662,0.7352941176470589,0.0625,0.1152073732718894,0.4810810810810811,768
F1,J2 AND J5,800,68,50,18,750,662,0.7352941176470589,0.0625,0.1152073732718894,0.4810810810810811,768
J2,F1 XOR S1,99,1292,80,1212,19,169,0.06191950464396285,0.8080808080808081,0.11502516175413371,0.16824324324324325,1231
F1,H1 AND J1,800,87,51,36,749,644,0.5862068965517241,0.06375,0.11499436302142052,0.46959459459459457,785
J5,J4 OR U3,70,1096,67,1029,3,381,0.06113138686131387,0.9571428571428572,0.11492281303602059,0.3027027027027027,1032
J1,F3 AND H1,132,164,17,147,115,1201,0.10365853658536585,0.12878787878787878,0.11486486486486487,0.822972972972973,262
J4,F2 A_AND_NOT_B F3,68,646,41,605,27,807,0.06346749226006192,0.6029411764705882,0.11484593837535015,0.572972972972973,632
J4,F2 XOR F3,68,646,41,605,27,807,0.06346749226006192,0.6029411764705882,0.11484593837535015,0.572972972972973,632
F1,J2 AND U3,800,71,50,21,750,659,0.704225352112676,0.0625,0.1148105625717566,0.47905405405405405,771
J5,F2 OR H1,70,1116,68,1048,2,362,0.06093189964157706,0.9714285714285714,0.11467116357504217,0.2905405405405405,1050
F3,J4 A_AND_NOT_B S1,318,66,22,44,296,1118,0.3333333333333333,0.06918238993710692,0.11458333333333334,0.7702702702702703,340
J4,F3 A_AND_NOT_B S1,68,316,22,294,46,1118,0.06962025316455696,0.3235294117647059,0.11458333333333334,0.7702702702702703,340
J5,S1 XOR U1,70,1117,68,1049,2,361,0.06087735004476276,0.9714285714285714,0.11457455770850886,0.28986486486486485,1051
J5,F1 AND F2,70,786,49,737,21,673,0.062340966921119595,0.7,0.11448598130841123,0.48783783783783785,758
F2,H1 AND J2,964,68,59,9,905,507,0.8676470588235294,0.061203319502074686,0.11434108527131782,0.3824324324324324,914
F3,J1 AND J4,318,67,22,45,296,1117,0.3283582089552239,0.06918238993710692,0.1142857142857143,0.7695945945945946,341
J4,F3 AND U1,68,317,22,295,46,1117,0.0694006309148265,0.3235294117647059,0.1142857142857143,0.7695945945945946,341
J1,H1 AND S1,132,148,16,132,116,1216,0.10810810810810811,0.12121212121212122,0.11428571428571428,0.8324324324324325,248
J4,J1 OR U3,68,1123,68,1055,0,357,0.060552092609082814,1.0,0.11418975650713686,0.28716216216216217,1055
F3,J3 AND J4,318,68,22,46,296,1116,0.3235294117647059,0.06918238993710692,0.11398963730569948,0.768918918918919,342
F3,J4 AND U1,318,68,22,46,296,1116,0.3235294117647059,0.06918238993710692,0.11398963730569948,0.768918918918919,342
F3,J4 A_AND_NOT_B U2,318,68,22,46,296,1116,0.3235294117647059,0.06918238993710692,0.11398963730569948,0.768918918918919,342
J4,F2 AND F3,68,318,22,296,46,1116,0.06918238993710692,0.3235294117647059,0.11398963730569948,0.768918918918919,342
J4,F3 A_AND_NOT_B U2,68,318,22,296,46,1116,0.06918238993710692,0.3235294117647059,0.11398963730569948,0.768918918918919,342
J1,H1 XOR U1,132,693,47,646,85,702,0.06782106782106782,0.3560606060606061,0.11393939393939395,0.5060810810810811,731
F3,F1 AND J4,318,51,21,30,297,1132,0.4117647058823529,0.0660377358490566,0.11382113821138211,0.779054054054054,327
J2,U3 XOR U4,99,622,41,581,58,800,0.06591639871382636,0.41414141414141414,0.11373092926490984,0.5682432432432433,639
J1,F1 XOR J5,132,766,51,715,81,633,0.06657963446475196,0.38636363636363635,0.11358574610244988,0.46216216216216216,796
F3,J4 OR U2,318,70,22,48,296,1114,0.3142857142857143,0.06918238993710692,0.11340206185567012,0.7675675675675676,344
F3,J4 XOR U2,318,70,22,48,296,1114,0.3142857142857143,0.06918238993710692,0.11340206185567012,0.7675675675675676,344
J4,F3 OR U2,68,320,22,298,46,1114,0.06875,0.3235294117647059,0.11340206185567012,0.7675675675675676,344
J4,F3 XOR U2,68,320,22,298,46,1114,0.06875,0.3235294117647059,0.11340206185567012,0.7675675675675676,344
F1,F2 AND J5,800,65,49,16,751,664,0.7538461538461538,0.06125,0.11329479768786127,0.4817567567567568,767
U3,F2 AND J2,1080,86,66,20,1014,380,0.7674418604651163,0.06111111111111111,0.11320754716981132,0.3013513513513513,1034
U1,H1 A_AND_NOT_B U3,1317,79,79,0,1238,163,1.0,0.05998481397114654,0.11318051575931232,0.1635135135135135,1238
F3,J2 AND U3,318,71,22,49,296,1113,0.30985915492957744,0.06918238993710692,0.11311053984575835,0.7668918918918919,345
F3,F2 AND J3,318,72,22,50,296,1112,0.3055555555555556,0.06918238993710692,0.11282051282051282,0.7662162162162162,346
J1,J3 A_AND_NOT_B J4,132,10,8,2,124,1346,0.8,0.06060606060606061,0.11267605633802819,0.9148648648648648,126
J1,J3 XOR J4,132,10,8,2,124,1346,0.8,0.06060606060606061,0.11267605633802819,0.9148648648648648,126
J1,F2 XOR U1,132,365,28,337,104,1011,0.07671232876712329,0.21212121212121213,0.11267605633802819,0.702027027027027,441
H1,F3 B_AND_NOT_A J4,630,46,38,8,592,842,0.8260869565217391,0.06031746031746032,0.11242603550295859,0.5945945945945946,600
J4,F1 AND F2,68,786,48,738,20,674,0.061068702290076333,0.7058823529411765,0.11241217798594848,0.48783783783783785,758
F3,F1 AND J3,318,56,21,35,297,1127,0.375,0.0660377358490566,0.11229946524064172,0.7756756756756756,332
J5,H1 OR U3,70,1159,69,1090,1,320,0.059534081104400345,0.9857142857142858,0.11228641171684296,0.2628378378378378,1091
J4,F1 OR H1,68,1037,62,975,6,437,0.05978784956605593,0.9117647058823529,0.11221719457013575,0.33716216216216216,981
J3,J1 XOR U4,78,796,49,747,29,655,0.06155778894472362,0.6282051282051282,0.11212814645308924,0.4756756756756757,776
F3,F1 A_AND_NOT_B U3,318,75,22,53,296,1109,0.29333333333333333,0.06918238993710692,0.11195928753180662,0.7641891891891892,349
F3,J1 AND J3,318,75,22,53,296,1109,0.29333333333333333,0.06918238993710692,0.11195928753180662,0.7641891891891892,349
F3,J3 A_AND_NOT_B S1,318,75,22,53,296,1109,0.29333333333333333,0.06918238993710692,0.11195928753180662,0.7641891891891892,349
J3,J1 A_AND_NOT_B J4,78,65,8,57,70,1345,0.12307692307692308,0.10256410256410256,0.11188811188811189,0.9141891891891892,127
J1,S1 OR U4,132,1085,68,1017,64,331,0.06267281105990784,0.5151515151515151,0.11175020542317174,0.2695945945945946,1081
J2,F3 AND U3,99,295,22,273,77,1108,0.07457627118644068,0.2222222222222222,0.11167512690355332,0.7635135135135135,350
F3,J3 AND U1,318,76,22,54,296,1108,0.2894736842105263,0.06918238993710692,0.1116751269035533,0.7635135135135135,350
J3,F3 A_AND_NOT_B S1,78,316,22,294,56,1108,0.06962025316455696,0.28205128205128205,0.1116751269035533,0.7635135135135135,350
J3,J1 OR U1,78,1319,78,1241,0,161,0.05913570887035633,1.0,0.11166785969935576,0.16148648648648647,1241
U4,J1 OR U2,762,134,50,84,712,634,0.373134328358209,0.06561679790026247,0.11160714285714286,0.46216216216216216,796
U4,J1 XOR U2,762,134,50,84,712,634,0.373134328358209,0.06561679790026247,0.11160714285714286,0.46216216216216216,796
J3,H1 OR U1,78,1320,78,1242,0,160,0.05909090909090909,1.0,0.11158798283261802,0.1608108108108108,1242
J4,U3 A_AND_NOT_B U4,68,470,30,440,38,972,0.06382978723404255,0.4411764705882353,0.11152416356877323,0.677027027027027,478
J4,F1 XOR F3,68,488,31,457,37,955,0.06352459016393443,0.45588235294117646,0.11151079136690648,0.6662162162162162,494
J3,U1 OR U3,78,1321,78,1243,0,159,0.059046177138531414,1.0,0.11150822015725519,0.16013513513513514,1243
J4,F2 OR H1,68,1116,66,1050,2,362,0.05913978494623656,0.9705882352941176,0.11148648648648649,0.2891891891891892,1052
J3,F3 AND U1,78,317,22,295,56,1107,0.0694006309148265,0.28205128205128205,0.11139240506329114,0.7628378378378379,351
J4,S1 XOR U1,68,1117,66,1051,2,361,0.05908683974932856,0.9705882352941176,0.11139240506329114,0.2885135135135135,1053
J3,J4 XOR U4,78,784,48,736,30,666,0.061224489795918366,0.6153846153846154,0.11136890951276103,0.48243243243243245,766
J1,F1 XOR J4,132,766,50,716,82,632,0.06527415143603134,0.3787878787878788,0.111358574610245,0.4608108108108108,798
J3,F2 OR U1,78,1323,78,1245,0,157,0.05895691609977324,1.0,0.1113490364025696,0.15878378378378377,1245
F1,F2 AND J4,800,63,48,15,752,665,0.7619047619047619,0.06,0.1112398609501738,0.4817567567567568,767
F2,H1 AND J3,964,61,57,4,907,512,0.9344262295081968,0.05912863070539419,0.11121951219512194,0.3844594594594595,911
U3,J2 A_AND_NOT_B S1,1080,89,65,24,1015,376,0.7303370786516854,0.06018518518518518,0.11120615911035071,0.297972972972973,1039
J2,U3 OR U4,99,1232,74,1158,25,223,0.060064935064935064,0.7474747474747475,0.11119459053343352,0.20067567567567568,1183
F3,J3 OR J4,318,78,22,56,296,1106,0.28205128205128205,0.06918238993710692,0.11111111111111112,0.7621621621621621,352
F3,J3 A_AND_NOT_B U2,318,78,22,56,296,1106,0.28205128205128205,0.06918238993710692,0.11111111111111112,0.7621621621621621,352
J3,F2 AND F3,78,318,22,296,56,1106,0.06918238993710692,0.28205128205128205,0.11111111111111112,0.7621621621621621,352
J3,F3 A_AND_NOT_B U2,78,318,22,296,56,1106,0.06918238993710692,0.28205128205128205,0.11111111111111112,0.7621621621621621,352
J5,F3 AND H1,70,164,13,151,57,1259,0.07926829268292683,0.18571428571428572,0.1111111111111111,0.8594594594594595,208
J5,F1 XOR U4,70,596,37,559,33,851,0.06208053691275168,0.5285714285714286,0.11111111111111109,0.6,592
F1,J2 AND J4,800,65,48,17,752,663,0.7384615384615385,0.06,0.11098265895953757,0.4804054054054054,769
F1,J3 AND J5,800,65,48,17,752,663,0.7384615384615385,0.06,0.11098265895953757,0.4804054054054054,769
F2,J3 XOR S1,964,586,86,500,878,16,0.14675767918088736,0.08921161825726141,0.11096774193548388,0.06891891891891892,1378
J2,F3 B_AND_NOT_A U3,99,785,49,736,50,645,0.062420382165605096,0.494949494949495,0.11085972850678733,0.4689189189189189,786
F2,J3 OR S1,964,589,86,503,878,13,0.1460101867572156,0.08921161825726141,0.11075338055376689,0.06689189189189189,1381
J2,F3 A_AND_NOT_B H1,99,154,14,140,85,1241,0.09090909090909091,0.1414141414141414,0.11067193675889328,0.847972972972973,225
F1,H1 AND J2,800,68,48,20,752,660,0.7058823529411765,0.06,0.11059907834101382,0.4783783783783784,772
F3,J3 OR U2,318,80,22,58,296,1104,0.275,0.06918238993710692,0.11055276381909548,0.7608108108108108,354
F3,J3 XOR U2,318,80,22,58,296,1104,0.275,0.06918238993710692,0.11055276381909548,0.7608108108108108,354
J3,F3 OR U2,78,320,22,298,56,1104,0.06875,0.28205128205128205,0.11055276381909548,0.7608108108108108,354
J3,F3 XOR U2,78,320,22,298,56,1104,0.06875,0.28205128205128205,0.11055276381909548,0.7608108108108108,354
J1,U3 AND U4,132,610,41,569,91,779,0.06721311475409836,0.3106060606060606,0.1105121293800539,0.5540540540540541,660
U1,J4 OR J5,1317,77,77,0,1240,163,1.0,0.058466211085801065,0.11047345767575324,0.16216216216216217,1240
J1,U1 AND U4,132,756,49,707,83,641,0.06481481481481481,0.3712121212121212,0.11036036036036034,0.46621621621621623,790
J3,F2 B_AND_NOT_A J2,78,13,5,8,73,1394,0.38461538461538464,0.0641025641025641,0.10989010989010987,0.9452702702702702,81
U4,J1 AND U1,762,130,49,81,713,637,0.3769230769230769,0.06430446194225722,0.10986547085201795,0.4635135135135135,794
J1,U2 B_AND_NOT_A U4,132,761,49,712,83,636,0.06438896189224705,0.3712121212121212,0.1097424412094065,0.46283783783783783,795
F2,J3 AND U3,964,57,56,1,908,515,0.9824561403508771,0.058091286307053944,0.10969637610186092,0.3858108108108108,909
F3,J2 AND J4,318,65,21,44,297,1118,0.3230769230769231,0.0660377358490566,0.10966057441253264,0.7695945945945946,341
J4,F1 AND F3,68,315,21,294,47,1118,0.06666666666666667,0.3088235294117647,0.10966057441253263,0.7695945945945946,341
J1,U2 XOR U4,132,762,49,713,83,635,0.06430446194225722,0.3712121212121212,0.10961968680089486,0.46216216216216216,796
U4,J1 OR J2,762,132,49,83,713,635,0.3712121212121212,0.06430446194225722,0.10961968680089486,0.46216216216216216,796
U4,J1 A_AND_NOT_B U2,762,132,49,83,713,635,0.3712121212121212,0.06430446194225722,0.10961968680089486,0.46216216216216216,796
U4,J1 OR J4,762,133,49,84,713,634,0.3684210526315789,0.06430446194225722,0.10949720670391064,0.4614864864864865,797
J1,U2 OR U4,132,763,49,714,83,634,0.06422018348623854,0.3712121212121212,0.10949720670391062,0.4614864864864865,797
J1,H1 B_AND_NOT_A U1,132,690,45,645,87,703,0.06521739130434782,0.3409090909090909,0.1094890510948905,0.5054054054054054,732
J5,F1 OR U3,70,1155,67,1088,3,322,0.05800865800865801,0.9571428571428572,0.10938775510204082,0.2628378378378378,1091
U4,J1 OR J5,762,134,49,85,713,633,0.3656716417910448,0.06430446194225722,0.10937500000000001,0.4608108108108108,798
F2,J4 AND J5,964,61,56,5,908,511,0.9180327868852459,0.058091286307053944,0.10926829268292683,0.3831081081081081,913
U4,J1 OR J3,762,135,49,86,713,632,0.362962962962963,0.06430446194225722,0.10925306577480492,0.46013513513513515,799
F1,F3 B_AND_NOT_A J1,800,97,49,48,751,632,0.5051546391752577,0.06125,0.1092530657748049,0.46013513513513515,799
J4,H1 OR U3,68,1159,67,1092,1,320,0.057808455565142365,0.9852941176470589,0.10920945395273024,0.2614864864864865,1093
J3,J2 OR U1,78,1317,76,1241,2,161,0.05770690964312832,0.9743589743589743,0.1089605734767025,0.16013513513513514,1243
J3,J4 OR U1,78,1317,76,1241,2,161,0.05770690964312832,0.9743589743589743,0.1089605734767025,0.16013513513513514,1243
J3,J5 OR U1,78,1317,76,1241,2,161,0.05770690964312832,0.9743589743589743,0.1089605734767025,0.16013513513513514,1243
J3,U1 A_AND_NOT_B U2,78,1317,76,1241,2,161,0.05770690964312832,0.9743589743589743,0.1089605734767025,0.16013513513513514,1243
U1,J3 OR J4,1317,78,76,2,1241,161,0.9743589743589743,0.05770690964312832,0.1089605734767025,0.16013513513513514,1243
U1,J3 A_AND_NOT_B U2,1317,78,76,2,1241,161,0.9743589743589743,0.05770690964312832,0.1089605734767025,0.16013513513513514,1243
J1,H1 B_AND_NOT_A U3,132,529,36,493,96,855,0.06805293005671077,0.2727272727272727,0.10892586989409984,0.602027027027027,589
J3,F3 OR U1,78,1318,76,1242,2,160,0.057663125948406675,0.9743589743589743,0.10888252148997134,0.15945945945945947,1244
U1,F2 A_AND_NOT_B U3,1317,79,76,3,1241,160,0.9620253164556962,0.05770690964312832,0.10888252148997134,0.15945945945945947,1244
F3,J2 AND J3,318,68,21,47,297,1115,0.3088235294117647,0.0660377358490566,0.10880829015544041,0.7675675675675676,344
J3,U1 OR U2,78,1319,76,1243,2,159,0.0576194086429113,0.9743589743589743,0.10880458124552612,0.15878378378378377,1245
J3,U1 XOR U2,78,1319,76,1243,2,159,0.0576194086429113,0.9743589743589743,0.10880458124552612,0.15878378378378377,1245
U1,J3 OR U2,1317,80,76,4,1241,159,0.95,0.05770690964312832,0.10880458124552612,0.15878378378378377,1245
U1,J3 XOR U2,1317,80,76,4,1241,159,0.95,0.05770690964312832,0.10880458124552612,0.15878378378378377,1245
J3,J5 XOR U4,78,786,47,739,31,663,0.05979643765903308,0.6025641025641025,0.10879629629629628,0.4797297297297297,770
H1,J5 AND U3,630,51,37,14,593,836,0.7254901960784313,0.05873015873015873,0.10866372980910426,0.5898648648648649,607
J3,F1 OR U1,78,1321,76,1245,2,157,0.05753217259651779,0.9743589743589743,0.10864903502501787,0.15743243243243243,1247
H1,J4 AND U3,630,52,37,15,593,835,0.7115384615384616,0.05873015873015873,0.10850439882697947,0.5891891891891892,608
J4,F1 A_AND_NOT_B F3,68,485,30,455,38,957,0.061855670103092786,0.4411764705882353,0.10849909584086799,0.6668918918918919,493
J3,U1 OR U4,78,1323,76,1247,2,155,0.05744520030234316,0.9743589743589743,0.1084939329050678,0.15608108108108107,1249
J4,F1 XOR U3,68,430,27,403,41,1009,0.06279069767441861,0.39705882352941174,0.10843373493975904,0.7,444
J4,F1 XOR U4,68,596,36,560,32,852,0.06040268456375839,0.5294117647058824,0.10843373493975904,0.6,592
F2,F3 B_AND_NOT_A J2,964,69,56,13,908,503,0.8115942028985508,0.058091286307053944,0.10842207163601163,0.3777027027027027,921
J3,H1 OR U4,78,1274,73,1201,5,201,0.05729984301412873,0.9358974358974359,0.10798816568047338,0.18513513513513513,1206
J5,J1 XOR J3,70,60,7,53,63,1357,0.11666666666666667,0.1,0.1076923076923077,0.9216216216216216,116
J5,F3 A_AND_NOT_B U3,70,23,5,18,65,1392,0.21739130434782608,0.07142857142857142,0.1075268817204301,0.9439189189189189,83
J2,S1 B_AND_NOT_A U4,99,571,36,535,63,846,0.06304728546409807,0.36363636363636365,0.10746268656716418,0.595945945945946,598
J5,U3 A_AND_NOT_B U4,70,470,29,441,41,969,0.06170212765957447,0.4142857142857143,0.10740740740740741,0.6743243243243243,482
J5,F2 OR U3,70,1159,66,1093,4,317,0.056945642795513375,0.9428571428571428,0.10740439381611067,0.2587837837837838,1097
J4,S1 B_AND_NOT_A U3,68,883,51,832,17,580,0.057757644394110984,0.75,0.10725552050473185,0.4263513513513513,849
J3,F1 OR U4,78,1079,62,1017,16,385,0.057460611677479144,0.7948717948717948,0.10717372515125323,0.30202702702702705,1033
U3,F3 B_AND_NOT_A J1,1080,97,63,34,1017,366,0.6494845360824743,0.058333333333333334,0.10705182667799491,0.28986486486486485,1051
J4,F2 AND U3,68,885,51,834,17,578,0.0576271186440678,0.75,0.10703043022035677,0.425,851
J5,H1 OR S1,70,996,57,939,13,471,0.0572289156626506,0.8142857142857143,0.10694183864915571,0.3567567567567568,952
J3,F1 AND F3,78,315,21,294,57,1108,0.06666666666666667,0.2692307692307692,0.10687022900763359,0.7628378378378379,351
F1,H1 AND J3,800,61,46,15,754,665,0.7540983606557377,0.0575,0.10685249709639953,0.4804054054054054,769
J2,F1 AND U4,99,483,31,452,68,929,0.06418219461697723,0.31313131313131315,0.10652920962199314,0.6486486486486487,520
F1,J1 A_AND_NOT_B U4,800,83,47,36,753,644,0.5662650602409639,0.05875,0.10645526613816533,0.4668918918918919,789
J4,F2 B_AND_NOT_A J1,68,26,5,21,63,1391,0.19230769230769232,0.07352941176470588,0.10638297872340427,0.9432432432432433,84
H1,J1 XOR J4,630,66,37,29,593,821,0.5606060606060606,0.05873015873015873,0.10632183908045977,0.5797297297297297,622
J4,F1 OR U3,68,1155,65,1090,3,322,0.05627705627705628,0.9558823529411765,0.10629599345870809,0.2614864864864865,1093
J2,S1 XOR U3,99,1200,69,1131,30,250,0.0575,0.696969696969697,0.10623556581986143,0.21554054054054053,1161
J5,F2 OR U4,70,1155,65,1090,5,320,0.05627705627705628,0.9285714285714286,0.10612244897959183,0.26013513513513514,1095
J3,J2 XOR U4,78,789,46,743,32,659,0.058301647655259824,0.5897435897435898,0.1061130334486736,0.47635135135135137,775
H1,F1 B_AND_NOT_A J1,630,49,36,13,594,837,0.7346938775510204,0.05714285714285714,0.10603829160530191,0.5898648648648649,607
J1,F2 B_AND_NOT_A U1,132,359,26,333,106,1015,0.07242339832869081,0.19696969696969696,0.10590631364562117,0.7033783783783784,439
U4,J1 A_AND_NOT_B S1,762,110,46,64,716,654,0.41818181818181815,0.06036745406824147,0.10550458715596331,0.47297297297297297,780
J4,J3 XOR U4,68,788,45,743,23,669,0.05710659898477157,0.6617647058823529,0.10514018691588786,0.48243243243243245,766
J5,S1 B_AND_NOT_A U3,70,883,50,833,20,577,0.056625141562853906,0.7142857142857143,0.1049317943336831,0.42364864864864865,853
U3,J3 OR J5,1080,83,61,22,1019,378,0.7349397590361446,0.05648148148148148,0.10490111779879623,0.29662162162162165,1041
U1,J1 AND J3,1317,75,73,2,1244,161,0.9733333333333334,0.0554290053151101,0.10488505747126438,0.1581081081081081,1246
U1,J3 A_AND_NOT_B S1,1317,75,73,2,1244,161,0.9733333333333334,0.0554290053151101,0.10488505747126438,0.1581081081081081,1246
J5,J2 XOR U4,70,789,45,744,25,666,0.057034220532319393,0.6428571428571429,0.10477299185098952,0.4804054054054054,769
J5,F2 AND U3,70,885,50,835,20,575,0.05649717514124294,0.7142857142857143,0.10471204188481674,0.4222972972972973,855
J2,F2 AND U4,99,571,35,536,64,845,0.06129597197898424,0.35353535353535354,0.10447761194029852,0.5945945945945946,600
F3,F2 AND J5,318,65,20,45,298,1117,0.3076923076923077,0.06289308176100629,0.10443864229765014,0.7682432432432432,343
J3,J2 XOR J4,78,37,6,31,72,1371,0.16216216216216217,0.07692307692307693,0.10434782608695652,0.9304054054054054,103
J4,F2 OR U3,68,1159,64,1095,4,317,0.055220017256255395,0.9411764705882353,0.104319478402608,0.2574324324324324,1099
J1,F3 AND U4,132,175,16,159,116,1189,0.09142857142857143,0.12121212121212122,0.10423452768729642,0.8141891891891891,275
J5,F2 B_AND_NOT_A J1,70,26,5,21,65,1389,0.19230769230769232,0.07142857142857142,0.10416666666666666,0.9418918918918919,86
J5,J1 XOR U4,70,796,45,751,25,659,0.056532663316582916,0.6428571428571429,0.10392609699769052,0.4756756756756757,776
F2,F1 AND J3,964,56,53,3,911,513,0.9464285714285714,0.054979253112033194,0.10392156862745097,0.3824324324324324,914
J5,J1 A_AND_NOT_B J4,70,65,7,58,63,1352,0.1076923076923077,0.1,0.10370370370370371,0.9182432432432432,121
U1,F1 AND J2,1317,72,72,0,1245,163,1.0,0.05466970387243736,0.10367170626349893,0.15878378378378377,1245
F3,J1 AND J5,318,68,20,48,298,1114,0.29411764705882354,0.06289308176100629,0.10362694300518135,0.7662162162162162,346
F3,J2 AND J5,318,68,20,48,298,1114,0.29411764705882354,0.06289308176100629,0.10362694300518135,0.7662162162162162,346
F3,J5 A_AND_NOT_B S1,318,68,20,48,298,1114,0.29411764705882354,0.06289308176100629,0.10362694300518135,0.7662162162162162,346
J5,F3 A_AND_NOT_B S1,70,316,20,296,50,1114,0.06329113924050633,0.2857142857142857,0.10362694300518135,0.7662162162162162,346
H1,J1 A_AND_NOT_B J4,630,65,36,29,594,821,0.5538461538461539,0.05714285714285714,0.10359712230215827,0.5790540540540541,623
J2,F3 OR U4,99,905,52,853,47,528,0.057458563535911604,0.5252525252525253,0.10358565737051792,0.3918918918918919,900
J4,U1 A_AND_NOT_B U3,68,241,16,225,52,1187,0.06639004149377593,0.23529411764705882,0.10355987055016182,0.8128378378378378,277
H1,J1 XOR J5,630,66,36,30,594,820,0.5454545454545454,0.05714285714285714,0.10344827586206896,0.5783783783783784,624
U1,F1 A_AND_NOT_B U3,1317,75,72,3,1245,160,0.96,0.05466970387243736,0.10344827586206896,0.15675675675675677,1248
J5,F3 AND U1,70,317,20,297,50,1113,0.06309148264984227,0.2857142857142857,0.10335917312661497,0.7655405405405405,347
J3,F3 OR U3,78,1103,61,1042,17,360,0.05530371713508613,0.782051282051282,0.1033022861981372,0.28445945945945944,1059
J5,F3 A_AND_NOT_B U4,70,143,11,132,59,1278,0.07692307692307693,0.15714285714285714,0.10328638497652583,0.870945945945946,191
F3,J5 AND U1,318,70,20,50,298,1112,0.2857142857142857,0.06289308176100629,0.10309278350515463,0.7648648648648648,348
F3,J5 A_AND_NOT_B U2,318,70,20,50,298,1112,0.2857142857142857,0.06289308176100629,0.10309278350515463,0.7648648648648648,348
J5,F2 AND F3,70,318,20,298,50,1112,0.06289308176100629,0.2857142857142857,0.10309278350515463,0.7648648648648648,348
J5,F3 A_AND_NOT_B U2,70,318,20,298,50,1112,0.06289308176100629,0.2857142857142857,0.10309278350515463,0.7648648648648648,348
J4,F2 OR U4,68,1155,63,1092,5,320,0.05454545454545454,0.9264705882352942,0.10302534750613246,0.2587837837837838,1097
J5,J1 XOR J4,70,66,7,59,63,1351,0.10606060606060606,0.1,0.10294117647058824,0.9175675675675675,122
F3,F1 AND J5,318,52,19,33,299,1129,0.36538461538461536,0.059748427672955975,0.10270270270270271,0.7756756756756756,332
F3,J5 OR U2,318,72,20,52,298,1110,0.2777777777777778,0.06289308176100629,0.10256410256410257,0.7635135135135135,350
F3,J5 XOR U2,318,72,20,52,298,1110,0.2777777777777778,0.06289308176100629,0.10256410256410257,0.7635135135135135,350
J5,F3 OR U2,70,320,20,300,50,1110,0.0625,0.2857142857142857,0.10256410256410256,0.7635135135135135,350
J5,F3 XOR U2,70,320,20,300,50,1110,0.0625,0.2857142857142857,0.10256410256410256,0.7635135135135135,350
J5,J3 XOR U4,70,788,44,744,26,666,0.05583756345177665,0.6285714285714286,0.10256410256410255,0.4797297297297297,770
F2,J5 XOR S1,964,580,79,501,885,15,0.13620689655172413,0.08195020746887967,0.10233160621761658,0.06351351351351352,1386
U1,J2 AND U3,1317,71,71,0,1246,163,1.0,0.053910402429764616,0.10230547550432277,0.1581081081081081,1246
J4,U1 XOR U3,68,245,16,229,52,1183,0.0653061224489796,0.23529411764705882,0.10223642172523963,0.8101351351351351,281
F1,J4 AND J5,800,61,44,17,756,663,0.7213114754098361,0.055,0.10220673635307781,0.4777027027027027,773
F2,J5 OR S1,964,582,79,503,885,13,0.13573883161512026,0.08195020746887967,0.1021992238033635,0.062162162162162166,1388
J2,F3 AND U4,99,175,14,161,85,1220,0.08,0.1414141414141414,0.10218978102189782,0.8337837837837838,246
F2,H1 AND J5,964,55,52,3,912,513,0.9454545454545454,0.05394190871369295,0.10206084396467124,0.38175675675675674,915
J4,J1 XOR U4,68,796,44,752,24,660,0.05527638190954774,0.6470588235294118,0.10185185185185186,0.4756756756756757,776
J4,H1 OR S1,68,996,54,942,14,470,0.05421686746987952,0.7941176470588235,0.10150375939849625,0.35405405405405405,956
U3,F1 AND J1,1080,83,59,24,1021,376,0.7108433734939759,0.05462962962962963,0.10146173688736028,0.2939189189189189,1045
J1,H1 A_AND_NOT_B J4,132,578,36,542,96,806,0.06228373702422145,0.2727272727272727,0.10140845070422533,0.5689189189189189,638
U4,F2 AND J1,762,106,44,62,718,656,0.41509433962264153,0.05774278215223097,0.10138248847926268,0.47297297297297297,780
H1,J1 A_AND_NOT_B U3,630,43,34,9,596,841,0.7906976744186046,0.05396825396825397,0.10104011887072809,0.5912162162162162,605
J2,H1 XOR J4,99,594,35,559,64,822,0.058922558922558925,0.35353535353535354,0.10101010101010102,0.5790540540540541,623
J5,J2 OR U1,70,1317,70,1247,0,163,0.05315110098709187,1.0,0.10093727469358325,0.15743243243243243,1247
J5,J4 OR U1,70,1317,70,1247,0,163,0.05315110098709187,1.0,0.10093727469358325,0.15743243243243243,1247
J5,U1 A_AND_NOT_B U2,70,1317,70,1247,0,163,0.05315110098709187,1.0,0.10093727469358325,0.15743243243243243,1247
U1,J5 A_AND_NOT_B U2,1317,70,70,0,1247,163,1.0,0.05315110098709187,0.10093727469358325,0.15743243243243243,1247
J5,F3 OR U1,70,1318,70,1248,0,162,0.05311077389984825,1.0,0.10086455331412103,0.15675675675675677,1248
J5,J1 OR U1,70,1319,70,1249,0,161,0.05307050796057619,1.0,0.10079193664506839,0.15608108108108107,1249
J5,J3 OR U1,70,1319,70,1249,0,161,0.05307050796057619,1.0,0.10079193664506839,0.15608108108108107,1249
J5,U1 OR U2,70,1319,70,1249,0,161,0.05307050796057619,1.0,0.10079193664506839,0.15608108108108107,1249
J5,U1 XOR U2,70,1319,70,1249,0,161,0.05307050796057619,1.0,0.10079193664506839,0.15608108108108107,1249
U1,F2 AND J3,1317,72,70,2,1247,161,0.9722222222222222,0.05315110098709187,0.10079193664506839,0.15608108108108107,1249
U1,J5 OR U2,1317,72,70,2,1247,161,0.9722222222222222,0.05315110098709187,0.10079193664506839,0.15608108108108107,1249
U1,J5 XOR U2,1317,72,70,2,1247,161,0.9722222222222222,0.05315110098709187,0.10079193664506839,0.15608108108108107,1249
J5,H1 OR U1,70,1320,70,1250,0,160,0.05303030303030303,1.0,0.10071942446043167,0.1554054054054054,1250
J5,F1 OR U1,70,1321,70,1251,0,159,0.05299015897047691,1.0,0.100647016534867,0.15472972972972973,1251
J5,U1 OR U3,70,1321,70,1251,0,159,0.05299015897047691,1.0,0.100647016534867,0.15472972972972973,1251
F1,H1 AND J5,800,55,43,12,757,668,0.7818181818181819,0.05375,0.10058479532163743,0.4804054054054054,769
J5,F2 OR U1,70,1323,70,1253,0,157,0.05291005291005291,1.0,0.10050251256281405,0.15337837837837837,1253
J5,U1 OR U4,70,1323,70,1253,0,157,0.05291005291005291,1.0,0.10050251256281405,0.15337837837837837,1253
F2,J4 AND U3,964,52,51,1,913,515,0.9807692307692307,0.052904564315352696,0.10039370078740158,0.3824324324324324,914
J2,S1 OR U3,99,1397,75,1322,24,59,0.05368647100930565,0.7575757575757576,0.10026737967914438,0.09054054054054055,1346
U3,J4 OR J5,1080,77,58,19,1022,381,0.7532467532467533,0.053703703703703705,0.10025929127052723,0.29662162162162165,1041
J3,F3 B_AND_NOT_A U1,78,1000,54,946,24,456,0.054,0.6923076923076923,0.10018552875695733,0.34459459459459457,970
J3,F3 XOR U1,78,1001,54,947,24,455,0.053946053946053944,0.6923076923076923,0.10009267840593142,0.3439189189189189,971
J5,J3 A_AND_NOT_B J4,70,10,4,6,66,1404,0.4,0.05714285714285714,0.09999999999999999,0.9513513513513514,72
J5,J3 XOR J4,70,10,4,6,66,1404,0.4,0.05714285714285714,0.09999999999999999,0.9513513513513514,72
J3,U3 XOR U4,78,622,35,587,43,815,0.05627009646302251,0.44871794871794873,0.09999999999999999,0.5743243243243243,630
F2,J4 XOR S1,964,578,77,501,887,15,0.13321799307958476,0.07987551867219916,0.09987029831387807,0.062162162162162166,1388
F2,J4 OR S1,964,580,77,503,887,13,0.13275862068965516,0.07987551867219916,0.09974093264248704,0.060810810810810814,1390
J3,F1 AND U3,78,725,40,685,38,717,0.05517241379310345,0.5128205128205128,0.09962640099626402,0.5114864864864865,723
U1,F3 B_AND_NOT_A J2,1317,69,69,0,1248,163,1.0,0.05239179954441914,0.09956709956709957,0.15675675675675677,1248
F2,J2 A_AND_NOT_B U4,964,63,51,12,913,504,0.8095238095238095,0.052904564315352696,0.09931840311587146,0.375,925
J1,J4 B_AND_NOT_A J5,132,9,7,2,125,1346,0.7777777777777778,0.05303030303030303,0.09929078014184398,0.9141891891891892,127
F3,H1 B_AND_NOT_A J1,318,45,18,27,300,1135,0.4,0.05660377358490566,0.09917355371900827,0.779054054054054,327
J4,F3 AND U3,68,295,18,277,50,1135,0.061016949152542375,0.2647058823529412,0.09917355371900827,0.779054054054054,327
J3,H1 XOR U3,78,608,34,574,44,828,0.05592105263157895,0.4358974358974359,0.09912536443148688,0.5824324324324325,618
J5,J2 A_AND_NOT_B J3,70,31,5,26,65,1384,0.16129032258064516,0.07142857142857142,0.099009900990099,0.9385135135135135,91
F1,F3 B_AND_NOT_A J2,800,69,43,26,757,654,0.6231884057971014,0.05375,0.09896432681242809,0.47094594594594597,783
H1,F2 A_AND_NOT_B U3,630,79,35,44,595,806,0.4430379746835443,0.05555555555555555,0.09873060648801128,0.5682432432432433,639
J5,F1 AND F3,70,315,19,296,51,1114,0.06031746031746032,0.2714285714285714,0.09870129870129869,0.7655405405405405,347
J1,J2 B_AND_NOT_A J3,132,10,7,3,125,1345,0.7,0.05303030303030303,0.09859154929577466,0.9135135135135135,128
F2,J5 AND U3,964,51,50,1,914,515,0.9803921568627451,0.05186721991701245,0.09852216748768473,0.38175675675675674,915
J3,U2 B_AND_NOT_A U3,78,1080,57,1023,21,379,0.05277777777777778,0.7307692307692307,0.09844559585492227,0.2945945945945946,1044
U3,J3 OR J4,1080,78,57,21,1023,379,0.7307692307692307,0.05277777777777778,0.09844559585492227,0.2945945945945946,1044
U3,J3 A_AND_NOT_B U2,1080,78,57,21,1023,379,0.7307692307692307,0.05277777777777778,0.09844559585492227,0.2945945945945946,1044
J4,J5 XOR U4,68,786,42,744,26,668,0.05343511450381679,0.6176470588235294,0.09836065573770492,0.4797297297297297,770
J5,J4 XOR U4,70,784,42,742,28,668,0.05357142857142857,0.6,0.0983606557377049,0.4797297297297297,770
J3,U2 OR U3,78,1082,57,1025,21,377,0.05268022181146026,0.7307692307692307,0.09827586206896552,0.29324324324324325,1046
J3,U2 XOR U3,78,1082,57,1025,21,377,0.05268022181146026,0.7307692307692307,0.09827586206896552,0.29324324324324325,1046
U3,J3 OR U2,1080,80,57,23,1023,377,0.7125,0.05277777777777778,0.09827586206896552,0.29324324324324325,1046
U3,J3 XOR U2,1080,80,57,23,1023,377,0.7125,0.05277777777777778,0.09827586206896552,0.29324324324324325,1046
J4,J2 OR U1,68,1317,68,1249,0,163,0.051632498101746395,1.0,0.09819494584837546,0.15608108108108107,1249
J4,J5 OR U1,68,1317,68,1249,0,163,0.051632498101746395,1.0,0.09819494584837546,0.15608108108108107,1249
J4,U1 A_AND_NOT_B U2,68,1317,68,1249,0,163,0.051632498101746395,1.0,0.09819494584837546,0.15608108108108107,1249
U1,H1 AND J2,1317,68,68,0,1249,163,1.0,0.051632498101746395,0.09819494584837546,0.15608108108108107,1249
U1,J1 AND J5,1317,68,68,0,1249,163,1.0,0.051632498101746395,0.09819494584837546,0.15608108108108107,1249
U1,J2 AND J3,1317,68,68,0,1249,163,1.0,0.051632498101746395,0.09819494584837546,0.15608108108108107,1249
U1,J2 AND J5,1317,68,68,0,1249,163,1.0,0.051632498101746395,0.09819494584837546,0.15608108108108107,1249
U1,J3 AND J4,1317,68,68,0,1249,163,1.0,0.051632498101746395,0.09819494584837546,0.15608108108108107,1249
U1,J4 A_AND_NOT_B U2,1317,68,68,0,1249,163,1.0,0.051632498101746395,0.09819494584837546,0.15608108108108107,1249
U1,J5 A_AND_NOT_B S1,1317,68,68,0,1249,163,1.0,0.051632498101746395,0.09819494584837546,0.15608108108108107,1249
J3,F2 XOR S1,78,1450,75,1375,3,27,0.05172413793103448,0.9615384615384616,0.09816753926701569,0.06891891891891892,1378
J4,F3 OR U1,68,1318,68,1250,0,162,0.051593323216995446,1.0,0.09812409812409813,0.1554054054054054,1250
U1,J4 OR U2,1317,70,68,2,1249,161,0.9714285714285714,0.051632498101746395,0.0980533525594809,0.15472972972972973,1251
U1,J4 XOR U2,1317,70,68,2,1249,161,0.9714285714285714,0.051632498101746395,0.0980533525594809,0.15472972972972973,1251
J4,J1 OR U1,68,1319,68,1251,0,161,0.05155420773313116,1.0,0.09805335255948089,0.15472972972972973,1251
J4,J3 OR U1,68,1319,68,1251,0,161,0.05155420773313116,1.0,0.09805335255948089,0.15472972972972973,1251
J4,U1 OR U2,68,1319,68,1251,0,161,0.05155420773313116,1.0,0.09805335255948089,0.15472972972972973,1251
J4,U1 XOR U2,68,1319,68,1251,0,161,0.05155420773313116,1.0,0.09805335255948089,0.15472972972972973,1251
F2,F3 B_AND_NOT_A J3,964,56,50,6,914,510,0.8928571428571429,0.05186721991701245,0.09803921568627451,0.3783783783783784,920
J4,J2 XOR U4,68,789,42,747,26,665,0.053231939163498096,0.6176470588235294,0.09801633605600932,0.4777027027027027,773
H1,J1 A_AND_NOT_B J5,630,64,34,30,596,820,0.53125,0.05396825396825397,0.09798270893371758,0.577027027027027,626
J4,H1 OR U1,68,1320,68,1252,0,160,0.051515151515151514,1.0,0.09798270893371758,0.15405405405405406,1252
J3,S1 OR U1,78,1474,76,1398,2,4,0.051560379918588875,0.9743589743589743,0.0979381443298969,0.05405405405405406,1400
J4,F1 OR U1,68,1321,68,1253,0,159,0.05147615442846329,1.0,0.09791216702663788,0.15337837837837837,1253
J4,U1 OR U3,68,1321,68,1253,0,159,0.05147615442846329,1.0,0.09791216702663788,0.15337837837837837,1253
J4,F2 OR U1,68,1323,68,1255,0,157,0.05139833711262283,1.0,0.09777138749101368,0.15202702702702703,1255
J4,U1 OR U4,68,1323,68,1255,0,157,0.05139833711262283,1.0,0.09777138749101368,0.15202702702702703,1255
J2,F2 XOR H1,99,638,36,602,63,779,0.05642633228840126,0.36363636363636365,0.09769335142469471,0.5506756756756757,665
J5,F1 OR U4,70,1079,56,1023,14,387,0.051899907321594066,0.8,0.09747606614447345,0.2993243243243243,1037
F3,J4 AND U3,318,52,18,34,300,1128,0.34615384615384615,0.05660377358490566,0.0972972972972973,0.7743243243243243,334
J3,F2 OR S1,78,1464,75,1389,3,13,0.05122950819672131,0.9615384615384616,0.09727626459143969,0.05945945945945946,1392
U3,F2 AND J3,1080,72,56,16,1024,384,0.7777777777777778,0.05185185185185185,0.09722222222222222,0.2972972972972973,1040
J3,F3 XOR U3,78,808,43,765,35,637,0.053217821782178217,0.5512820512820513,0.09706546275395034,0.4594594594594595,800
U3,J3 A_AND_NOT_B S1,1080,75,56,19,1024,381,0.7466666666666667,0.05185185185185185,0.09696969696969697,0.29527027027027025,1043
U1,J1 AND J4,1317,67,67,0,1250,163,1.0,0.05087319665907365,0.09682080924855492,0.1554054054054054,1250
J5,H1 OR U4,70,1274,65,1209,5,201,0.05102040816326531,0.9285714285714286,0.09672619047619048,0.17972972972972973,1214
F1,J3 XOR S1,800,586,67,519,733,161,0.11433447098976109,0.08375,0.09668109668109669,0.15405405405405406,1252
J1,J5 XOR U3,132,1048,57,991,75,357,0.05438931297709924,0.4318181818181818,0.09661016949152541,0.2797297297297297,1066
J3,F2 XOR U3,78,274,17,257,61,1145,0.06204379562043796,0.21794871794871795,0.09659090909090909,0.7851351351351351,318
J3,F3 AND U3,78,295,18,277,60,1125,0.061016949152542375,0.23076923076923078,0.09651474530831101,0.7722972972972973,337
F1,J3 OR S1,800,589,67,522,733,158,0.11375212224108659,0.08375,0.09647228221742261,0.15202702702702703,1255
F2,F1 AND J5,964,52,49,3,915,513,0.9423076923076923,0.0508298755186722,0.09645669291338582,0.37972972972972974,918
F2,H1 AND J4,964,52,49,3,915,513,0.9423076923076923,0.0508298755186722,0.09645669291338582,0.37972972972972974,918
U4,J1 AND U3,762,89,41,48,721,670,0.4606741573033708,0.05380577427821522,0.09635722679200939,0.4804054054054054,769
F1,H1 AND J4,800,52,41,11,759,669,0.7884615384615384,0.05125,0.09624413145539906,0.4797297297297297,770
J1,H1 A_AND_NOT_B J5,132,575,34,541,98,807,0.059130434782608696,0.25757575757575757,0.09618104667609617,0.5682432432432433,639
J2,F2 B_AND_NOT_A J4,99,5,5,0,94,1381,1.0,0.050505050505050504,0.09615384615384615,0.9364864864864865,94
J2,F2 B_AND_NOT_A J5,99,5,5,0,94,1381,1.0,0.050505050505050504,0.09615384615384615,0.9364864864864865,94
J2,J3 B_AND_NOT_A J5,99,5,5,0,94,1381,1.0,0.050505050505050504,0.09615384615384615,0.9364864864864865,94
F3,J3 AND U3,318,57,18,39,300,1123,0.3157894736842105,0.05660377358490566,0.096,0.7709459459459459,339
J4,F1 OR U4,68,1079,55,1024,13,388,0.05097312326227989,0.8088235294117647,0.0959023539668701,0.2993243243243243,1037
J4,F1 AND U3,68,725,38,687,30,725,0.05241379310344828,0.5588235294117647,0.09583858764186633,0.5155405405405405,717
J4,F3 OR U3,68,1103,56,1047,12,365,0.050770625566636446,0.8235294117647058,0.09564474807856532,0.28445945945945944,1059
J3,H1 XOR U4,78,1156,59,1097,19,305,0.05103806228373702,0.7564102564102564,0.09562398703403566,0.24594594594594596,1116
J5,F3 OR U3,70,1103,56,1047,14,363,0.050770625566636446,0.8,0.09548167092924126,0.2831081081081081,1061
U1,J4 A_AND_NOT_B S1,1317,66,66,0,1251,163,1.0,0.05011389521640091,0.09544468546637744,0.15472972972972973,1251
J4,H1 OR U4,68,1274,64,1210,4,202,0.05023547880690738,0.9411764705882353,0.09538002980625931,0.17972972972972973,1214
J3,U1 AND U3,78,1076,55,1021,23,381,0.05111524163568773,0.7051282051282052,0.09532062391681109,0.2945945945945946,1044
J3,F1 B_AND_NOT_A H1,78,237,15,222,63,1180,0.06329113924050633,0.19230769230769232,0.09523809523809526,0.8074324324324325,285
J2,F2 B_AND_NOT_A J3,99,6,5,1,94,1380,0.8333333333333334,0.050505050505050504,0.09523809523809525,0.9358108108108109,95
U3,J1 AND J3,1080,75,55,20,1025,380,0.7333333333333333,0.05092592592592592,0.09523809523809523,0.2939189189189189,1045
U3,J3 AND U1,1080,76,55,21,1025,379,0.7236842105263158,0.05092592592592592,0.09515570934256055,0.29324324324324325,1046
F1,J2 A_AND_NOT_B U4,800,63,41,22,759,658,0.6507936507936508,0.05125,0.09501738122827345,0.4722972972972973,781
F3,J4 AND J5,318,61,18,43,300,1119,0.29508196721311475,0.05660377358490566,0.0949868073878628,0.7682432432432432,343
J2,F1 A_AND_NOT_B H1,99,407,24,383,75,998,0.05896805896805897,0.24242424242424243,0.09486166007905139,0.6905405405405406,458
J2,F1 XOR J4,99,766,41,725,58,656,0.05352480417754569,0.41414141414141414,0.09479768786127167,0.47094594594594597,783
F3,J1 A_AND_NOT_B U4,318,83,19,64,299,1098,0.2289156626506024,0.059748427672955975,0.09476309226932668,0.7547297297297297,363
F2,F1 AND J4,964,51,48,3,916,513,0.9411764705882353,0.04979253112033195,0.09458128078817732,0.37905405405405407,919
J1,F2 XOR J4,132,906,49,857,83,491,0.05408388520971302,0.3712121212121212,0.09441233140655107,0.36486486486486486,940
J5,H1 XOR U3,70,608,32,576,38,834,0.05263157894736842,0.45714285714285713,0.0943952802359882,0.5851351351351352,614
U1,F2 AND J5,1317,65,65,0,1252,163,1.0,0.04935459377372817,0.09406657018813314,0.15405405405405406,1252
U1,J2 AND J4,1317,65,65,0,1252,163,1.0,0.04935459377372817,0.09406657018813314,0.15405405405405406,1252
U1,J3 AND J5,1317,65,65,0,1252,163,1.0,0.04935459377372817,0.09406657018813314,0.15405405405405406,1252
F3,J3 AND J5,318,65,18,47,300,1115,0.27692307692307694,0.05660377358490566,0.09399477806788513,0.7655405405405405,347
H1,F1 A_AND_NOT_B U3,630,75,33,42,597,808,0.44,0.05238095238095238,0.09361702127659575,0.5682432432432433,639
J5,F3 B_AND_NOT_A U1,70,1000,50,950,20,460,0.05,0.7142857142857143,0.09345794392523366,0.34459459459459457,970
J2,H1 XOR J3,99,586,32,554,67,827,0.05460750853242321,0.32323232323232326,0.09343065693430656,0.5804054054054054,621
J5,F3 XOR U3,70,808,41,767,29,643,0.050742574257425746,0.5857142857142857,0.09339407744874716,0.46216216216216216,796
J5,F3 XOR U1,70,1001,50,951,20,459,0.04995004995004995,0.7142857142857143,0.09337068160597572,0.3439189189189189,971
F1,J3 AND U3,800,57,40,17,760,663,0.7017543859649122,0.05,0.09334889148191365,0.475,777
J2,U3 AND U4,99,610,33,577,66,804,0.054098360655737705,0.3333333333333333,0.0930888575458392,0.5655405405405406,643
J5,F2 XOR U3,70,274,16,258,54,1152,0.058394160583941604,0.22857142857142856,0.09302325581395349,0.7891891891891892,312
H1,J1 XOR J3,630,60,32,28,598,822,0.5333333333333333,0.050793650793650794,0.0927536231884058,0.577027027027027,626
U4,F2 A_AND_NOT_B U3,762,79,39,40,723,678,0.4936708860759494,0.051181102362204724,0.09274673008323425,0.48445945945945945,763
J1,F2 XOR J5,132,904,48,856,84,492,0.05309734513274336,0.36363636363636365,0.09266409266409266,0.36486486486486486,940
J2,S1 XOR U4,99,894,46,848,53,533,0.05145413870246085,0.46464646464646464,0.09264853977844914,0.3912162162162162,901
U1,J1 XOR J4,1317,66,64,2,1253,161,0.9696969696969697,0.04859529233105543,0.09255242227042661,0.15202702702702703,1255
U1,J1 XOR J5,1317,66,64,2,1253,161,0.9696969696969697,0.04859529233105543,0.09255242227042661,0.15202702702702703,1255
F2,J3 A_AND_NOT_B U4,964,52,47,5,917,511,0.9038461538461539,0.0487551867219917,0.09251968503937008,0.377027027027027,922
J2,F1 B_AND_NOT_A U3,99,355,21,334,78,1047,0.059154929577464786,0.21212121212121213,0.09251101321585903,0.7216216216216216,412
J2,F1 XOR J5,99,766,40,726,59,655,0.05221932114882506,0.40404040404040403,0.09248554913294797,0.46959459459459457,785
J2,F2 A_AND_NOT_B H1,99,486,27,459,72,922,0.05555555555555555,0.2727272727272727,0.0923076923076923,0.6412162162162162,531
J3,J4 B_AND_NOT_A J5,78,9,4,5,74,1397,0.4444444444444444,0.05128205128205128,0.09195402298850575,0.9466216216216217,79
J1,J3 XOR U3,132,1044,54,990,78,358,0.05172413793103448,0.4090909090909091,0.09183673469387754,0.27837837837837837,1068
J1,J4 XOR U3,132,1044,54,990,78,358,0.05172413793103448,0.4090909090909091,0.09183673469387754,0.27837837837837837,1068
J1,F3 B_AND_NOT_A U4,132,587,33,554,99,794,0.056218057921635436,0.25,0.0917941585535466,0.5587837837837838,653
J3,J2 A_AND_NOT_B J5,78,31,5,26,73,1376,0.16129032258064516,0.0641025641025641,0.09174311926605504,0.9331081081081081,99
J2,F3 XOR U4,99,730,38,692,61,689,0.052054794520547946,0.3838383838383838,0.09167671893848009,0.4912162162162162,753
F1,J5 XOR S1,800,580,63,517,737,163,0.10862068965517241,0.07875,0.09130434782608696,0.1527027027027027,1254
U1,F2 AND J4,1317,63,63,0,1254,163,1.0,0.04783599088838269,0.09130434782608696,0.1527027027027027,1254
U1,J2 A_AND_NOT_B U4,1317,63,63,0,1254,163,1.0,0.04783599088838269,0.09130434782608696,0.1527027027027027,1254
J1,J4 B_AND_NOT_A U1,132,1249,63,1186,69,162,0.05044035228182546,0.4772727272727273,0.09123823316437366,0.15202702702702703,1255
J1,J4 XOR U1,132,1249,63,1186,69,162,0.05044035228182546,0.4772727272727273,0.09123823316437366,0.15202702702702703,1255
F1,J5 OR S1,800,582,63,519,737,161,0.10824742268041238,0.07875,0.09117221418234443,0.15135135135135136,1256
U1,J1 A_AND_NOT_B J4,1317,65,63,2,1254,161,0.9692307692307692,0.04783599088838269,0.09117221418234443,0.15135135135135136,1256
J4,J1 A_AND_NOT_B J5,68,64,6,58,62,1354,0.09375,0.08823529411764706,0.0909090909090909,0.918918918918919,120
J4,U1 AND U3,68,1076,52,1024,16,388,0.048327137546468404,0.7647058823529411,0.0909090909090909,0.2972972972972973,1040
U3,H1 AND J1,1080,87,53,34,1027,366,0.6091954022988506,0.049074074074074076,0.0908311910882605,0.2831081081081081,1061
J3,S1 XOR U3,78,1200,58,1142,20,260,0.04833333333333333,0.7435897435897436,0.09076682316118936,0.21486486486486486,1162
J5,S1 OR U1,70,1474,70,1404,0,6,0.04748982360922659,1.0,0.09067357512953368,0.051351351351351354,1404
J4,U2 B_AND_NOT_A U3,68,1080,52,1028,16,384,0.04814814814814815,0.7647058823529411,0.09059233449477351,0.2945945945945946,1044
U3,J3 AND J4,1080,68,52,16,1028,384,0.7647058823529411,0.04814814814814815,0.09059233449477351,0.2945945945945946,1044
U3,J4 AND U1,1080,68,52,16,1028,384,0.7647058823529411,0.04814814814814815,0.09059233449477351,0.2945945945945946,1044
U3,J4 A_AND_NOT_B U2,1080,68,52,16,1028,384,0.7647058823529411,0.04814814814814815,0.09059233449477351,0.2945945945945946,1044
J5,F1 AND U3,70,725,36,689,34,721,0.0496551724137931,0.5142857142857142,0.09056603773584905,0.5114864864864865,723
J4,U2 OR U3,68,1082,52,1030,16,382,0.04805914972273567,0.7647058823529411,0.09043478260869565,0.29324324324324325,1046
J4,U2 XOR U3,68,1082,52,1030,16,382,0.04805914972273567,0.7647058823529411,0.09043478260869565,0.29324324324324325,1046
U3,J4 OR U2,1080,70,52,18,1028,382,0.7428571428571429,0.04814814814814815,0.09043478260869564,0.29324324324324325,1046
U3,J4 XOR U2,1080,70,52,18,1028,382,0.7428571428571429,0.04814814814814815,0.09043478260869564,0.29324324324324325,1046
J3,F3 B_AND_NOT_A U3,78,785,39,746,39,656,0.049681528662420385,0.5,0.09038238702201623,0.46959459459459457,785
J2,H1 XOR J1,99,588,31,557,68,824,0.05272108843537415,0.31313131313131315,0.09024745269286755,0.5777027027027027,625
J3,U3 OR U4,78,1232,59,1173,19,229,0.04788961038961039,0.7564102564102564,0.0900763358778626,0.1945945945945946,1192
F1,J4 XOR S1,800,578,62,516,738,164,0.10726643598615918,0.0775,0.08998548621190132,0.1527027027027027,1254
J1,S1 AND U1,132,357,22,335,110,1013,0.06162464985994398,0.16666666666666666,0.08997955010224949,0.6993243243243243,445
J1,J5 B_AND_NOT_A U1,132,1247,62,1185,70,163,0.04971932638331997,0.4696969696969697,0.08992023205221174,0.15202702702702703,1255
J1,J5 XOR U1,132,1247,62,1185,70,163,0.04971932638331997,0.4696969696969697,0.08992023205221174,0.15202702702702703,1255
J4,U3 XOR U4,68,622,31,591,37,821,0.04983922829581994,0.45588235294117646,0.08985507246376812,0.5756756756756757,628
F1,J4 OR S1,800,580,62,518,738,162,0.10689655172413794,0.0775,0.08985507246376812,0.15135135135135136,1256
U1,J1 A_AND_NOT_B J5,1317,64,62,2,1255,161,0.96875,0.047076689445709946,0.08979000724112961,0.15067567567567566,1257
J4,J1 XOR J5,68,66,6,60,62,1352,0.09090909090909091,0.08823529411764706,0.08955223880597016,0.9175675675675675,122
J2,J3 A_AND_NOT_B J5,99,13,5,8,94,1373,0.38461538461538464,0.050505050505050504,0.08928571428571427,0.9310810810810811,102
U3,F2 AND J4,1080,63,51,12,1029,388,0.8095238095238095,0.04722222222222222,0.08923884514435695,0.29662162162162165,1041
F1,J4 AND U3,800,52,38,14,762,666,0.7307692307692307,0.0475,0.0892018779342723,0.4756756756756757,776
J5,U1 AND U3,70,1076,51,1025,19,385,0.047397769516728624,0.7285714285714285,0.08900523560209424,0.2945945945945946,1044
U3,J4 A_AND_NOT_B S1,1080,66,51,15,1029,385,0.7727272727272727,0.04722222222222222,0.08900523560209424,0.2945945945945946,1044
U3,J1 AND J4,1080,67,51,16,1029,384,0.7611940298507462,0.04722222222222222,0.08892763731473408,0.2939189189189189,1045
F2,F3 B_AND_NOT_A J5,964,50,45,5,919,511,0.9,0.046680497925311204,0.08875739644970415,0.37567567567567567,924
J4,H1 XOR U3,68,608,30,578,38,834,0.049342105263157895,0.4411764705882353,0.08875739644970414,0.5837837837837838,616
J5,U2 B_AND_NOT_A U3,70,1080,51,1029,19,381,0.04722222222222222,0.7285714285714285,0.08869565217391305,0.2918918918918919,1048
U3,J5 AND U1,1080,70,51,19,1029,381,0.7285714285714285,0.04722222222222222,0.08869565217391305,0.2918918918918919,1048
U3,J5 A_AND_NOT_B U2,1080,70,51,19,1029,381,0.7285714285714285,0.04722222222222222,0.08869565217391305,0.2918918918918919,1048
U3,J5 OR U2,1080,72,51,21,1029,379,0.7083333333333334,0.04722222222222222,0.08854166666666667,0.2905405405405405,1050
U3,J5 XOR U2,1080,72,51,21,1029,379,0.7083333333333334,0.04722222222222222,0.08854166666666667,0.2905405405405405,1050
J5,U2 OR U3,70,1082,51,1031,19,379,0.04713493530499076,0.7285714285714285,0.08854166666666666,0.2905405405405405,1050
J5,U2 XOR U3,70,1082,51,1031,19,379,0.04713493530499076,0.7285714285714285,0.08854166666666666,0.2905405405405405,1050
U1,J4 AND J5,1317,61,61,0,1256,163,1.0,0.0463173880030372,0.08853410740203192,0.15135135135135136,1256
U4,F1 A_AND_NOT_B U3,762,75,37,38,725,680,0.49333333333333335,0.048556430446194225,0.08841099163679808,0.48445945945945945,763
J4,S1 OR U1,68,1474,68,1406,0,6,0.04613297150610583,1.0,0.08819714656290531,0.05,1406
J5,F2 XOR S1,70,1450,67,1383,3,27,0.046206896551724136,0.9571428571428572,0.0881578947368421,0.06351351351351352,1386
J4,F3 A_AND_NOT_B U3,68,23,4,19,64,1393,0.17391304347826086,0.058823529411764705,0.0879120879120879,0.9439189189189189,83
J2,F1 XOR J3,99,766,38,728,61,653,0.04960835509138381,0.3838383838383838,0.08786127167630058,0.4668918918918919,789
F2,J1 XOR J4,964,66,45,21,919,495,0.6818181818181818,0.046680497925311204,0.08737864077669903,0.36486486486486486,940
F2,J1 XOR J5,964,66,45,21,919,495,0.6818181818181818,0.046680497925311204,0.08737864077669903,0.36486486486486486,940
J5,F2 OR S1,70,1464,67,1397,3,13,0.045765027322404374,0.9571428571428572,0.08735332464146024,0.05405405405405406,1400
U3,F2 AND J5,1080,65,50,15,1030,385,0.7692307692307693,0.046296296296296294,0.08733624454148471,0.2939189189189189,1045
U4,J2 OR J3,762,109,38,71,724,647,0.3486238532110092,0.049868766404199474,0.08725602755453502,0.46283783783783783,795
F3,J1 AND U4,318,49,16,33,302,1129,0.32653061224489793,0.050314465408805034,0.08719346049046321,0.7736486486486487,335
U1,J1 XOR J3,1317,60,60,0,1257,163,1.0,0.04555808656036447,0.08714596949891068,0.15067567567567566,1257
U3,J1 AND J5,1080,68,50,18,1030,382,0.7352941176470589,0.046296296296296294,0.08710801393728222,0.2918918918918919,1048
U3,J2 AND J3,1080,68,50,18,1030,382,0.7352941176470589,0.046296296296296294,0.08710801393728222,0.2918918918918919,1048
U3,J2 AND J5,1080,68,50,18,1030,382,0.7352941176470589,0.046296296296296294,0.08710801393728222,0.2918918918918919,1048
U3,J5 A_AND_NOT_B S1,1080,68,50,18,1030,382,0.7352941176470589,0.046296296296296294,0.08710801393728222,0.2918918918918919,1048
J2,F1 B_AND_NOT_A U1,99,521,27,494,72,887,0.05182341650671785,0.2727272727272727,0.08709677419354839,0.6175675675675676,566
J2,H1 XOR J5,99,590,30,560,69,821,0.05084745762711865,0.30303030303030304,0.08708272859216255,0.575,629
J1,F2 B_AND_NOT_A J3,132,6,6,0,126,1348,1.0,0.045454545454545456,0.08695652173913045,0.9148648648648648,126
F2,J1 AND U4,964,49,44,5,920,511,0.8979591836734694,0.04564315352697095,0.08687068114511352,0.375,925
U3,F1 AND J2,1080,72,50,22,1030,378,0.6944444444444444,0.046296296296296294,0.08680555555555555,0.2891891891891892,1052
J4,F3 XOR U3,68,808,38,770,30,642,0.04702970297029703,0.5588235294117647,0.0867579908675799,0.4594594594594595,800
J5,U3 XOR U4,70,622,30,592,40,818,0.04823151125401929,0.42857142857142855,0.08670520231213873,0.572972972972973,632
J4,H1 XOR U4,68,1156,53,1103,15,309,0.045847750865051905,0.7794117647058824,0.08660130718954248,0.2445945945945946,1118
J2,F1 XOR U1,99,525,27,498,72,883,0.05142857142857143,0.2727272727272727,0.08653846153846154,0.6148648648648649,570
J1,J4 A_AND_NOT_B J5,132,7,6,1,126,1347,0.8571428571428571,0.045454545454545456,0.08633093525179857,0.9141891891891892,127
J2,F3 XOR S1,99,828,40,788,59,593,0.04830917874396135,0.40404040404040403,0.08629989212513484,0.4277027027027027,847
J4,F3 B_AND_NOT_A U1,68,1000,46,954,22,458,0.046,0.6764705882352942,0.08614232209737827,0.34054054054054056,976
J3,F1 XOR S1,78,1292,59,1233,19,169,0.0456656346749226,0.7564102564102564,0.08613138686131387,0.15405405405405406,1252
J2,F3 OR S1,99,830,40,790,59,591,0.04819277108433735,0.40404040404040403,0.0861141011840689,0.4263513513513513,849
J4,F3 XOR U1,68,1001,46,955,22,457,0.04595404595404595,0.6764705882352942,0.08606173994387277,0.3398648648648649,977
J1,J3 XOR U1,132,1243,59,1184,73,164,0.04746580852775543,0.44696969696969696,0.08581818181818181,0.15067567567567566,1257
U4,J2 OR U2,762,101,37,64,725,654,0.36633663366336633,0.048556430446194225,0.08574739281575898,0.4668918918918919,789
U4,J2 XOR U2,762,101,37,64,725,654,0.36633663366336633,0.048556430446194225,0.08574739281575898,0.4668918918918919,789
J1,F1 XOR J2,132,755,38,717,94,631,0.05033112582781457,0.2878787878787879,0.08568207440811725,0.452027027027027,811
J4,F2 XOR S1,68,1450,65,1385,3,27,0.04482758620689655,0.9558823529411765,0.08563899868247693,0.062162162162162166,1388
U1,H1 AND J3,1317,61,59,2,1258,161,0.9672131147540983,0.044798785117691725,0.08563134978229318,0.14864864864864866,1260
U3,J2 AND J4,1080,65,49,16,1031,384,0.7538461538461538,0.04537037037037037,0.08558951965065502,0.2925675675675676,1047
F2,J1 A_AND_NOT_B J4,964,65,44,21,920,495,0.676923076923077,0.04564315352697095,0.08551992225461613,0.3641891891891892,941
J3,F1 OR S1,78,1303,59,1244,19,158,0.04528012279355334,0.7564102564102564,0.08544532947139755,0.14662162162162162,1263
U3,F3 B_AND_NOT_A J2,1080,69,49,20,1031,380,0.7101449275362319,0.04537037037037037,0.08529155787641428,0.28986486486486485,1051
U4,F1 AND J1,762,83,36,47,726,671,0.43373493975903615,0.047244094488188976,0.08520710059171599,0.4777027027027027,773
J1,F2 A_AND_NOT_B J4,132,901,44,857,88,491,0.048834628190899,0.3333333333333333,0.08518877057115198,0.3614864864864865,945
J4,F2 OR S1,68,1464,65,1399,3,13,0.04439890710382514,0.9558823529411765,0.08485639686684072,0.052702702702702706,1402
J5,H1 XOR U4,70,1156,52,1104,18,306,0.04498269896193772,0.7428571428571429,0.08482871125611745,0.2418918918918919,1122
F1,J1 AND U4,800,49,36,13,764,667,0.7346938775510204,0.045,0.08480565371024734,0.475,777
F1,J5 AND U3,800,51,36,15,764,665,0.7058823529411765,0.045,0.0846063454759107,0.47364864864864864,779
U4,J2 A_AND_NOT_B S1,762,89,36,53,726,665,0.4044943820224719,0.047244094488188976,0.08460634547591069,0.47364864864864864,779
F1,J3 A_AND_NOT_B U4,800,52,36,16,764,664,0.6923076923076923,0.045,0.08450704225352113,0.47297297297297297,780
H1,J1 A_AND_NOT_B J3,630,57,29,28,601,822,0.5087719298245614,0.046031746031746035,0.08442503639010189,0.575,629
J2,U1 AND U4,99,756,36,720,63,661,0.047619047619047616,0.36363636363636365,0.08421052631578947,0.47094594594594597,783
J5,F3 B_AND_NOT_A U3,70,785,36,749,34,661,0.045859872611464965,0.5142857142857142,0.08421052631578946,0.47094594594594597,783
F3,J2 A_AND_NOT_B U4,318,63,16,47,302,1115,0.25396825396825395,0.050314465408805034,0.08398950131233597,0.7641891891891892,349
F3,H1 AND J1,318,87,17,70,301,1092,0.19540229885057472,0.05345911949685535,0.08395061728395062,0.7493243243243243,371
J2,U2 B_AND_NOT_A U4,99,761,36,725,63,656,0.04730617608409987,0.36363636363636365,0.08372093023255814,0.46756756756756757,788
F2,J1 A_AND_NOT_B J5,964,64,43,21,921,495,0.671875,0.044605809128630707,0.08365758754863814,0.3635135135135135,942
J2,U2 XOR U4,99,762,36,726,63,655,0.047244094488188976,0.36363636363636365,0.08362369337979093,0.4668918918918919,789
U4,J1 AND J2,762,99,36,63,726,655,0.36363636363636365,0.047244094488188976,0.08362369337979093,0.4668918918918919,789
U4,J2 AND U1,762,99,36,63,726,655,0.36363636363636365,0.047244094488188976,0.08362369337979093,0.4668918918918919,789
U4,J2 A_AND_NOT_B U2,762,99,36,63,726,655,0.36363636363636365,0.047244094488188976,0.08362369337979093,0.4668918918918919,789
J2,U2 OR U4,99,763,36,727,63,654,0.047182175622542594,0.36363636363636365,0.08352668213457076,0.46621621621621623,790
J1,S1 A_AND_NOT_B U4,132,323,19,304,113,1044,0.058823529411764705,0.14393939393939395,0.08351648351648351,0.7182432432432433,417
J1,F2 XOR J3,132,898,43,855,89,493,0.04788418708240535,0.32575757575757575,0.08349514563106797,0.3621621621621622,944
U4,J2 OR J5,762,101,36,65,726,653,0.3564356435643564,0.047244094488188976,0.08342989571263035,0.46554054054054056,791
J1,F2 A_AND_NOT_B J5,132,899,43,856,89,492,0.047830923248053395,0.32575757575757575,0.08341416100872939,0.3614864864864865,945
U4,J2 OR J4,762,102,36,66,726,652,0.35294117647058826,0.047244094488188976,0.08333333333333333,0.4648648648648649,792
F2,J5 A_AND_NOT_B U4,964,47,42,5,922,511,0.8936170212765957,0.043568464730290454,0.0830860534124629,0.37364864864864866,927
J1,J3 B_AND_NOT_A U1,132,1241,57,1184,75,164,0.04593070104754231,0.4318181818181818,0.08302986161689731,0.14932432432432433,1259
U1,J1 A_AND_NOT_B J3,1317,57,57,0,1260,163,1.0,0.04328018223234624,0.08296943231441047,0.14864864864864866,1260
F3,H1 AND J2,318,68,16,52,302,1110,0.23529411764705882,0.050314465408805034,0.08290155440414508,0.7608108108108108,354
J2,H1 B_AND_NOT_A U3,99,529,26,503,73,878,0.04914933837429111,0.26262626262626265,0.08280254777070062,0.6108108108108108,576
J1,H1 A_AND_NOT_B J3,132,569,29,540,103,808,0.050966608084358524,0.2196969696969697,0.08273894436519258,0.5655405405405406,643
U4,F2 AND J2,762,86,35,51,727,667,0.4069767441860465,0.045931758530183726,0.08254716981132075,0.4743243243243243,778
U3,J1 A_AND_NOT_B U4,1080,83,48,35,1032,365,0.5783132530120482,0.044444444444444446,0.08254514187446262,0.27905405405405403,1067
H1,S1 A_AND_NOT_B U3,630,317,39,278,591,572,0.12302839116719243,0.06190476190476191,0.08236536430834213,0.41283783783783784,869
J5,F3 AND U3,70,295,15,280,55,1130,0.05084745762711865,0.21428571428571427,0.08219178082191782,0.7736486486486487,335
U3,J3 AND J5,1080,65,47,18,1033,382,0.7230769230769231,0.04351851851851852,0.08209606986899563,0.28986486486486485,1051
J4,S1 XOR U3,68,1200,52,1148,16,264,0.043333333333333335,0.7647058823529411,0.08201892744479496,0.21351351351351353,1164
F1,F3 B_AND_NOT_A J3,800,56,35,21,765,659,0.625,0.04375,0.08177570093457945,0.4689189189189189,786
U1,F1 AND J3,1317,56,56,0,1261,163,1.0,0.0425208807896735,0.08157319737800436,0.14797297297297296,1261
J4,U3 OR U4,68,1232,53,1179,15,233,0.04301948051948052,0.7794117647058824,0.08153846153846153,0.19324324324324324,1194
F1,F3 AND J1,800,35,34,1,766,679,0.9714285714285714,0.0425,0.081437125748503,0.4817567567567568,767
F3,J5 AND U3,318,51,15,36,303,1126,0.29411764705882354,0.04716981132075472,0.0813008130081301,0.7709459459459459,339
F2,F3 B_AND_NOT_A J4,964,46,41,5,923,511,0.8913043478260869,0.04253112033195021,0.08118811881188119,0.372972972972973,928
F1,J1 XOR J5,800,66,35,31,765,649,0.5303030303030303,0.04375,0.08083140877598152,0.46216216216216216,796
J4,J2 A_AND_NOT_B J5,68,31,4,27,64,1385,0.12903225806451613,0.058823529411764705,0.0808080808080808,0.9385135135135135,91
F3,J1 XOR S1,318,602,37,565,281,597,0.061461794019933555,0.11635220125786164,0.08043478260869566,0.4283783783783784,846
J5,S1 XOR U3,70,1200,51,1149,19,261,0.0425,0.7285714285714285,0.08031496062992127,0.21081081081081082,1168
F3,H1 B_AND_NOT_A J2,318,31,14,17,304,1145,0.45161290322580644,0.0440251572327044,0.08022922636103151,0.7831081081081082,321
U1,H1 AND J5,1317,55,55,0,1262,163,1.0,0.04176157934700076,0.08017492711370262,0.1472972972972973,1262
U1,J3 AND U3,1317,57,55,2,1262,161,0.9649122807017544,0.04176157934700076,0.08005822416302764,0.14594594594594595,1264
J3,S1 OR U3,78,1397,59,1338,19,64,0.04223335719398712,0.7564102564102564,0.08,0.0831081081081081,1357
J5,U3 OR U4,70,1232,52,1180,18,230,0.04220779220779221,0.7428571428571429,0.07987711213517665,0.19054054054054054,1198
J4,F3 B_AND_NOT_A U3,68,785,34,751,34,661,0.04331210191082802,0.5,0.07971864009378664,0.46959459459459457,785
J3,F3 OR U4,78,905,39,866,39,536,0.0430939226519337,0.5,0.07934893184130214,0.3885135135135135,905
J5,F1 XOR S1,70,1292,54,1238,16,172,0.04179566563467492,0.7714285714285715,0.07929515418502202,0.1527027027027027,1254
F2,J4 A_AND_NOT_B U4,964,45,40,5,924,511,0.8888888888888888,0.04149377593360996,0.07928642220019821,0.3722972972972973,929
U4,J2 AND U3,762,71,33,38,729,680,0.4647887323943662,0.04330708661417323,0.07923169267707082,0.4817567567567568,767
J3,F3 A_AND_NOT_B U3,78,23,4,19,74,1383,0.17391304347826086,0.05128205128205128,0.07920792079207921,0.9371621621621622,93
J4,J2 XOR J5,68,33,4,29,64,1383,0.12121212121212122,0.058823529411764705,0.07920792079207921,0.9371621621621622,93
F3,J2 AND U4,318,36,14,22,304,1140,0.3888888888888889,0.0440251572327044,0.0790960451977401,0.7797297297297298,326
U3,J4 AND J5,1080,61,45,16,1035,384,0.7377049180327869,0.041666666666666664,0.07887817703768624,0.28986486486486485,1051
J5,J1 A_AND_NOT_B J3,70,57,5,52,65,1358,0.08771929824561403,0.07142857142857142,0.07874015748031496,0.9209459459459459,117
F3,U1 A_AND_NOT_B U3,318,241,22,219,296,943,0.0912863070539419,0.06918238993710692,0.07871198568872986,0.652027027027027,515
J1,J2 XOR U3,132,1037,46,991,86,357,0.044358727097396335,0.3484848484848485,0.07869974337040204,0.2722972972972973,1077
J5,F1 OR S1,70,1303,54,1249,16,161,0.04144282425172678,0.7714285714285715,0.0786598689002185,0.14527027027027026,1265
U1,F3 B_AND_NOT_A J3,1317,56,54,2,1263,161,0.9642857142857143,0.04100227790432802,0.07865986890021849,0.14527027027027026,1265
J2,H1 B_AND_NOT_A U1,99,690,31,659,68,722,0.04492753623188406,0.31313131313131315,0.07858048162230671,0.5087837837837837,727
F3,J1 OR S1,318,624,37,587,281,575,0.05929487179487179,0.11635220125786164,0.07855626326963908,0.4135135135135135,868
F3,J1 A_AND_NOT_B J5,318,64,15,49,303,1113,0.234375,0.04716981132075472,0.07853403141361258,0.7621621621621621,352
F1,J1 XOR J4,800,66,34,32,766,648,0.5151515151515151,0.0425,0.07852193995381064,0.4608108108108108,798
J3,F1 B_AND_NOT_A U3,78,355,17,338,61,1064,0.04788732394366197,0.21794871794871795,0.07852193995381063,0.7304054054054054,399
U3,H1 AND J2,1080,68,45,23,1035,377,0.6617647058823529,0.041666666666666664,0.07839721254355402,0.2851351351351351,1058
J2,H1 XOR U1,99,693,31,662,68,719,0.044733044733044736,0.31313131313131315,0.07828282828282829,0.5067567567567568,730
J5,F1 B_AND_NOT_A H1,70,237,12,225,58,1185,0.05063291139240506,0.17142857142857143,0.07817589576547232,0.8087837837837838,283
F3,U1 XOR U3,318,245,22,223,296,939,0.08979591836734693,0.06918238993710692,0.07815275310834813,0.6493243243243243,519
F3,J1 XOR J5,318,66,15,51,303,1111,0.22727272727272727,0.04716981132075472,0.078125,0.7608108108108108,354
F2,J1 XOR J3,964,60,40,20,924,496,0.6666666666666666,0.04149377593360996,0.078125,0.3621621621621622,944
J4,F1 XOR S1,68,1292,53,1239,15,173,0.04102167182662539,0.7794117647058824,0.07794117647058824,0.1527027027027027,1254
F1,J5 A_AND_NOT_B U4,800,47,33,14,767,666,0.7021276595744681,0.04125,0.07792207792207792,0.4722972972972973,781
S1,F2 B_AND_NOT_A J1,514,26,21,5,493,961,0.8076923076923077,0.04085603112840467,0.07777777777777778,0.6635135135135135,498
F1,U3 B_AND_NOT_A U4,800,152,37,115,763,565,0.24342105263157895,0.04625,0.07773109243697479,0.40675675675675677,878
J2,S1 OR U4,99,1085,46,1039,53,342,0.0423963133640553,0.46464646464646464,0.07770270270270271,0.26216216216216215,1092
F3,F2 XOR U3,318,274,23,251,295,911,0.08394160583941605,0.07232704402515723,0.0777027027027027,0.6310810810810811,546
F1,F3 B_AND_NOT_A J5,800,50,33,17,767,663,0.66,0.04125,0.07764705882352942,0.4702702702702703,784
J1,H1 B_AND_NOT_A U4,132,644,30,614,102,734,0.046583850931677016,0.22727272727272727,0.07731958762886597,0.5162162162162162,716
J4,F1 OR S1,68,1303,53,1250,15,162,0.04067536454336147,0.7794117647058824,0.0773158278628738,0.14527027027027026,1265
F2,H1 B_AND_NOT_A J1,964,45,39,6,925,510,0.8666666666666667,0.04045643153526971,0.07730426164519326,0.37094594594594593,931
J3,F2 AND U4,78,571,25,546,53,856,0.043782837127845885,0.32051282051282054,0.07704160246533127,0.5952702702702702,599
J3,S1 B_AND_NOT_A U4,78,571,25,546,53,856,0.043782837127845885,0.32051282051282054,0.07704160246533127,0.5952702702702702,599
J4,J2 B_AND_NOT_A J3,68,10,3,7,65,1405,0.3,0.04411764705882353,0.07692307692307693,0.9513513513513514,72
U4,F3 B_AND_NOT_A J1,762,97,33,64,729,654,0.3402061855670103,0.04330708661417323,0.07683352735739232,0.46418918918918917,793
F1,J1 XOR J3,800,60,33,27,767,653,0.55,0.04125,0.07674418604651163,0.4635135135135135,794
F1,J1 A_AND_NOT_B J5,800,64,33,31,767,649,0.515625,0.04125,0.0763888888888889,0.4608108108108108,798
F1,J1 A_AND_NOT_B J4,800,65,33,32,767,648,0.5076923076923077,0.04125,0.07630057803468207,0.46013513513513515,799
J4,F2 XOR U3,68,274,13,261,55,1151,0.04744525547445255,0.19117647058823528,0.07602339181286549,0.7864864864864864,316
U1,F1 AND J5,1317,52,52,0,1265,163,1.0,0.039483675018982534,0.07596785975164352,0.14527027027027026,1265
U1,H1 AND J4,1317,52,52,0,1265,163,1.0,0.039483675018982534,0.07596785975164352,0.14527027027027026,1265
U1,J4 AND U3,1317,52,52,0,1265,163,1.0,0.039483675018982534,0.07596785975164352,0.14527027027027026,1265
F1,H1 B_AND_NOT_A J1,800,45,32,13,768,667,0.7111111111111111,0.04,0.0757396449704142,0.4722972972972973,781
F1,J4 A_AND_NOT_B U4,800,45,32,13,768,667,0.7111111111111111,0.04,0.0757396449704142,0.4722972972972973,781
F3,H1 AND J4,318,52,14,38,304,1124,0.2692307692307692,0.0440251572327044,0.07567567567567568,0.768918918918919,342
J2,J4 A_AND_NOT_B J5,99,7,4,3,95,1378,0.5714285714285714,0.04040404040404041,0.07547169811320754,0.9337837837837838,98
F1,H1 A_AND_NOT_B U3,800,79,33,46,767,634,0.4177215189873418,0.04125,0.0750853242320819,0.4506756756756757,813
J1,F1 A_AND_NOT_B J5,132,748,33,715,99,633,0.04411764705882353,0.25,0.075,0.45,814
J1,F1 A_AND_NOT_B J4,132,749,33,716,99,632,0.044058744993324434,0.25,0.07491486946651534,0.44932432432432434,815
S1,F1 B_AND_NOT_A J1,514,49,21,28,493,938,0.42857142857142855,0.04085603112840467,0.07460035523978686,0.647972972972973,521
U1,F1 AND J4,1317,51,51,0,1266,163,1.0,0.0387243735763098,0.07456140350877193,0.1445945945945946,1266
U1,J5 AND U3,1317,51,51,0,1266,163,1.0,0.0387243735763098,0.07456140350877193,0.1445945945945946,1266
H1,F3 AND U4,630,175,30,145,600,705,0.17142857142857143,0.047619047619047616,0.07453416149068322,0.4966216216216216,745
J3,H1 XOR J2,78,593,25,568,53,834,0.04215851602023609,0.32051282051282054,0.0745156482861401,0.5804054054054054,621
H1,J2 XOR J3,630,41,25,16,605,834,0.6097560975609756,0.03968253968253968,0.07451564828614009,0.5804054054054054,621
J3,H1 XOR J4,78,594,25,569,53,833,0.04208754208754209,0.32051282051282054,0.0744047619047619,0.5797297297297297,622
U4,H1 B_AND_NOT_A J1,762,45,30,15,732,703,0.6666666666666666,0.03937007874015748,0.07434944237918216,0.49527027027027026,747
U4,F1 AND J2,762,72,31,41,731,677,0.4305555555555556,0.04068241469816273,0.07434052757793765,0.4783783783783784,772
J3,F3 XOR U4,78,730,30,700,48,702,0.0410958904109589,0.38461538461538464,0.07425742574257425,0.4945945945945946,748
F1,J2 AND U4,800,36,31,5,769,675,0.8611111111111112,0.03875,0.07416267942583733,0.47702702702702704,774
S1,J1 OR U2,514,134,24,110,490,856,0.1791044776119403,0.04669260700389105,0.07407407407407408,0.5945945945945946,600
S1,J1 XOR U2,514,134,24,110,490,856,0.1791044776119403,0.04669260700389105,0.07407407407407408,0.5945945945945946,600
J3,J2 B_AND_NOT_A J4,78,3,3,0,75,1402,1.0,0.038461538461538464,0.07407407407407407,0.9493243243243243,75
J4,F3 AND U4,68,175,9,166,59,1246,0.05142857142857143,0.1323529411764706,0.07407407407407407,0.847972972972973,225
J4,F3 OR U4,68,905,36,869,32,543,0.039779005524861875,0.5294117647058824,0.07399794450154162,0.3912162162162162,901
F3,H1 AND J3,318,61,14,47,304,1115,0.22950819672131148,0.0440251572327044,0.07387862796833772,0.7628378378378379,351
U3,H1 AND J3,1080,61,42,19,1038,381,0.6885245901639344,0.03888888888888889,0.0736196319018405,0.28581081081081083,1057
J5,F3 AND U4,70,175,9,166,61,1244,0.05142857142857143,0.12857142857142856,0.07346938775510203,0.8466216216216216,227
J4,F1 A_AND_NOT_B F2,68,14,3,11,65,1401,0.21428571428571427,0.04411764705882353,0.07317073170731708,0.9486486486486486,76
U1,F3 B_AND_NOT_A J5,1317,50,50,0,1267,163,1.0,0.037965072133637055,0.07315288953913679,0.14391891891891892,1267
U1,J3 A_AND_NOT_B U4,1317,52,50,2,1267,161,0.9615384615384616,0.037965072133637055,0.07304601899196493,0.14256756756756755,1269
J1,F2 B_AND_NOT_A J4,132,5,5,0,127,1348,1.0,0.03787878787878788,0.07299270072992702,0.9141891891891892,127
J1,F2 B_AND_NOT_A J5,132,5,5,0,127,1348,1.0,0.03787878787878788,0.07299270072992702,0.9141891891891892,127
J1,J3 B_AND_NOT_A J5,132,5,5,0,127,1348,1.0,0.03787878787878788,0.07299270072992702,0.9141891891891892,127
U3,J1 AND U4,1080,49,41,8,1039,392,0.8367346938775511,0.03796296296296296,0.07263064658990256,0.2925675675675676,1047
F2,J1 A_AND_NOT_B J3,964,57,37,20,927,496,0.6491228070175439,0.038381742738589214,0.07247796278158669,0.3601351351351351,947
J4,S1 OR U3,68,1397,53,1344,15,68,0.03793843951324266,0.7794117647058824,0.07235494880546074,0.08175675675675675,1359
J1,F2 A_AND_NOT_B J3,132,892,37,855,95,493,0.04147982062780269,0.2803030303030303,0.072265625,0.3581081081081081,950
J4,F1 B_AND_NOT_A H1,68,237,11,226,57,1186,0.046413502109704644,0.16176470588235295,0.0721311475409836,0.8087837837837838,283
J4,F3 A_AND_NOT_B H1,68,154,8,146,60,1266,0.05194805194805195,0.11764705882352941,0.07207207207207207,0.8608108108108108,206
S1,F3 B_AND_NOT_A J1,514,97,22,75,492,891,0.2268041237113402,0.042801556420233464,0.07201309328968904,0.6168918918918919,567
J4,F2 AND U4,68,571,23,548,45,864,0.040280210157618214,0.3382352941176471,0.07198748043818466,0.5993243243243244,593
J4,S1 B_AND_NOT_A U4,68,571,23,548,45,864,0.040280210157618214,0.3382352941176471,0.07198748043818466,0.5993243243243244,593
J3,H1 XOR J5,78,590,24,566,54,836,0.04067796610169491,0.3076923076923077,0.07185628742514968,0.581081081081081,620
J5,F2 AND U4,70,571,23,548,47,862,0.040280210157618214,0.32857142857142857,0.0717628705148206,0.597972972972973,595
J5,S1 B_AND_NOT_A U4,70,571,23,548,47,862,0.040280210157618214,0.32857142857142857,0.0717628705148206,0.597972972972973,595
U1,J1 AND U4,1317,49,49,0,1268,163,1.0,0.03720577069096431,0.07174231332357248,0.14324324324324325,1268
J2,F2 B_AND_NOT_A H1,99,152,9,143,90,1238,0.05921052631578947,0.09090909090909091,0.07171314741035856,0.8425675675675676,233
F3,J4 A_AND_NOT_B U4,318,45,13,32,305,1130,0.28888888888888886,0.040880503144654086,0.07162534435261707,0.7722972972972973,337
J5,F1 A_AND_NOT_B F2,70,14,3,11,67,1399,0.21428571428571427,0.04285714285714286,0.07142857142857142,0.9472972972972973,78
J3,F1 AND U4,78,483,20,463,58,939,0.041407867494824016,0.2564102564102564,0.07130124777183601,0.647972972972973,521
J3,F3 AND U4,78,175,9,166,69,1236,0.05142857142857143,0.11538461538461539,0.07114624505928854,0.8412162162162162,235
F1,F3 B_AND_NOT_A J4,800,46,30,16,770,664,0.6521739130434783,0.0375,0.07092198581560284,0.4689189189189189,786
J5,S1 OR U3,70,1397,52,1345,18,65,0.03722261989978525,0.7428571428571429,0.07089297886843898,0.07905405405405405,1363
J2,F1 A_AND_NOT_B F2,99,14,4,10,95,1371,0.2857142857142857,0.04040404040404041,0.07079646017699116,0.9290540540540541,105
J5,F1 B_AND_NOT_A U3,70,355,15,340,55,1070,0.04225352112676056,0.21428571428571427,0.07058823529411765,0.7331081081081081,395
U3,F1 AND J3,1080,56,40,16,1040,384,0.7142857142857143,0.037037037037037035,0.0704225352112676,0.2864864864864865,1056
F3,J3 A_AND_NOT_B U4,318,52,13,39,305,1123,0.25,0.040880503144654086,0.07027027027027027,0.7675675675675676,344
F3,J2 XOR S1,318,593,32,561,286,601,0.05396290050590219,0.10062893081761007,0.07025246981339188,0.4277027027027027,847
F2,F3 AND J1,964,35,35,0,929,516,1.0,0.03630705394190872,0.07007007007007007,0.3722972972972973,929
F1,J1 A_AND_NOT_B J3,800,57,30,27,770,653,0.5263157894736842,0.0375,0.07001166861143523,0.4614864864864865,797
F2,J2 AND U4,964,36,35,1,929,515,0.9722222222222222,0.03630705394190872,0.07,0.3716216216216216,930
H1,J2 A_AND_NOT_B U3,630,28,23,5,607,845,0.8214285714285714,0.03650793650793651,0.06990881458966566,0.5864864864864865,612
F2,U3 B_AND_NOT_A U4,964,152,39,113,925,403,0.2565789473684211,0.04045643153526971,0.06989247311827956,0.29864864864864865,1038
F1,F3 AND J2,800,30,29,1,771,679,0.9666666666666667,0.03625,0.06987951807228915,0.4783783783783784,772
U3,J1 XOR J5,1080,66,40,26,1040,374,0.6060606060606061,0.037037037037037035,0.06980802792321116,0.2797297297297297,1066
J1,F3 A_AND_NOT_B J5,132,298,15,283,117,1065,0.050335570469798654,0.11363636363636363,0.06976744186046512,0.7297297297297297,400
J3,U3 AND U4,78,610,24,586,54,816,0.03934426229508197,0.3076923076923077,0.06976744186046512,0.5675675675675675,640
J5,F3 OR U4,70,905,34,871,36,539,0.03756906077348066,0.4857142857142857,0.06974358974358974,0.38716216216216215,907
F3,H1 AND J5,318,55,13,42,305,1120,0.23636363636363636,0.040880503144654086,0.06970509383378015,0.7655405405405405,347
F3,J2 OR S1,318,603,32,571,286,591,0.05306799336650083,0.10062893081761007,0.06948968512486428,0.4209459459459459,857
F3,J1 A_AND_NOT_B J3,318,57,13,44,305,1118,0.22807017543859648,0.040880503144654086,0.06933333333333333,0.7641891891891892,349
J3,F1 XOR H1,78,644,25,619,53,783,0.03881987577639751,0.32051282051282054,0.06925207756232686,0.5459459459459459,672
S1,J1 A_AND_NOT_B J5,514,64,20,44,494,922,0.3125,0.038910505836575876,0.06920415224913495,0.6364864864864865,538
S1,J1 A_AND_NOT_B J4,514,65,20,45,494,921,0.3076923076923077,0.038910505836575876,0.0690846286701209,0.6358108108108108,539
J3,F3 A_AND_NOT_B H1,78,154,8,146,70,1256,0.05194805194805195,0.10256410256410256,0.06896551724137932,0.8540540540540541,216
J4,F1 AND U4,68,483,19,464,49,948,0.039337474120082816,0.27941176470588236,0.06896551724137931,0.6533783783783784,513
S1,J1 XOR J4,514,66,20,46,494,920,0.30303030303030304,0.038910505836575876,0.06896551724137931,0.6351351351351351,540
S1,J1 XOR J5,514,66,20,46,494,920,0.30303030303030304,0.038910505836575876,0.06896551724137931,0.6351351351351351,540
U1,J5 A_AND_NOT_B U4,1317,47,47,0,1270,163,1.0,0.03568716780561883,0.0689149560117302,0.14189189189189189,1270
U1,F1 B_AND_NOT_A J1,1317,49,47,2,1270,161,0.9591836734693877,0.03568716780561883,0.06881405563689603,0.14054054054054055,1272
F3,J1 XOR J3,318,60,13,47,305,1115,0.21666666666666667,0.040880503144654086,0.0687830687830688,0.7621621621621621,352
J5,F1 AND U4,70,483,19,464,51,946,0.039337474120082816,0.2714285714285714,0.06871609403254972,0.652027027027027,515
U3,F3 B_AND_NOT_A J3,1080,56,39,17,1041,383,0.6964285714285714,0.03611111111111111,0.06866197183098591,0.2851351351351351,1058
J1,F1 A_AND_NOT_B J3,132,744,30,714,102,634,0.04032258064516129,0.22727272727272727,0.0684931506849315,0.4486486486486487,816
J1,F3 B_AND_NOT_A S1,132,512,22,490,110,858,0.04296875,0.16666666666666666,0.06832298136645963,0.5945945945945946,600
J1,S1 A_AND_NOT_B U2,132,512,22,490,110,858,0.04296875,0.16666666666666666,0.06832298136645963,0.5945945945945946,600
J1,S1 XOR U2,132,512,22,490,110,858,0.04296875,0.16666666666666666,0.06832298136645963,0.5945945945945946,600
S1,J1 AND U1,514,130,22,108,492,858,0.16923076923076924,0.042801556420233464,0.06832298136645962,0.5945945945945946,600
J2,J3 XOR U3,99,1044,39,1005,60,376,0.03735632183908046,0.3939393939393939,0.06824146981627298,0.28040540540540543,1065
U3,J1 A_AND_NOT_B J5,1080,64,39,25,1041,375,0.609375,0.03611111111111111,0.06818181818181818,0.2797297297297297,1066
J1,S1 OR U2,132,514,22,492,110,856,0.042801556420233464,0.16666666666666666,0.06811145510835914,0.5932432432432433,602
S1,J1 OR J2,514,132,22,110,492,856,0.16666666666666666,0.042801556420233464,0.06811145510835914,0.5932432432432433,602
S1,J1 A_AND_NOT_B U2,514,132,22,110,492,856,0.16666666666666666,0.042801556420233464,0.06811145510835914,0.5932432432432433,602
U3,J1 XOR J4,1080,66,39,27,1041,373,0.5909090909090909,0.03611111111111111,0.06806282722513088,0.27837837837837837,1068
S1,J1 OR J4,514,133,22,111,492,855,0.16541353383458646,0.042801556420233464,0.06800618238021638,0.5925675675675676,603
J2,J5 XOR U3,99,1048,39,1009,60,372,0.03721374045801527,0.3939393939393939,0.06800348735832606,0.2777027027027027,1069
S1,J1 OR J5,514,134,22,112,492,854,0.16417910447761194,0.042801556420233464,0.06790123456790124,0.5918918918918918,604
F3,J1 A_AND_NOT_B J4,318,65,13,52,305,1110,0.2,0.040880503144654086,0.06788511749347258,0.7587837837837837,357
S1,J1 OR J3,514,135,22,113,492,853,0.16296296296296298,0.042801556420233464,0.06779661016949153,0.5912162162162162,605
F3,J1 XOR J4,318,66,13,53,305,1109,0.19696969696969696,0.040880503144654086,0.06770833333333334,0.7581081081081081,358
J4,F3 XOR U4,68,730,27,703,41,709,0.036986301369863014,0.39705882352941174,0.06766917293233082,0.4972972972972973,744
U1,F3 B_AND_NOT_A J4,1317,46,46,0,1271,163,1.0,0.03492786636294609,0.06749816581071168,0.14121621621621622,1271
U3,F1 AND J4,1080,51,38,13,1042,387,0.7450980392156863,0.03518518518518519,0.06719717064544652,0.28716216216216217,1055
J1,J5 B_AND_NOT_A U3,132,1029,39,990,93,358,0.037900874635568516,0.29545454545454547,0.06718346253229975,0.2682432432432432,1083
F2,H1 A_AND_NOT_B U3,964,79,35,44,929,472,0.4430379746835443,0.03630705394190872,0.06711409395973156,0.34256756756756757,973
J3,F1 B_AND_NOT_A U1,78,521,20,501,58,901,0.03838771593090211,0.2564102564102564,0.06677796327212018,0.6222972972972973,559
S1,J1 A_AND_NOT_B J3,514,57,19,38,495,928,0.3333333333333333,0.03696498054474708,0.06654991243432574,0.6398648648648648,533
U3,J2 A_AND_NOT_B U4,1080,63,38,25,1042,375,0.6031746031746031,0.03518518518518519,0.06649168853893264,0.27905405405405403,1067
J2,J4 XOR U3,99,1044,38,1006,61,375,0.03639846743295019,0.3838383838383838,0.06649168853893263,0.27905405405405403,1067
J1,F2 B_AND_NOT_A S1,132,500,21,479,111,869,0.042,0.1590909090909091,0.06645569620253164,0.6013513513513513,590
U3,J1 A_AND_NOT_B J4,1080,65,38,27,1042,373,0.5846153846153846,0.03518518518518519,0.06637554585152838,0.2777027027027027,1069
J3,F1 XOR U1,78,525,20,505,58,897,0.0380952380952381,0.2564102564102564,0.06633499170812605,0.6195945945945946,563
J5,H1 XOR J4,70,594,22,572,48,838,0.037037037037037035,0.3142857142857143,0.06626506024096386,0.581081081081081,620
S1,J1 XOR J3,514,60,19,41,495,925,0.31666666666666665,0.03696498054474708,0.0662020905923345,0.6378378378378379,536
J4,F1 B_AND_NOT_A U3,68,355,14,341,54,1071,0.03943661971830986,0.20588235294117646,0.066193853427896,0.7331081081081081,395
J1,F1 B_AND_NOT_A S1,132,503,21,482,111,866,0.041749502982107355,0.1590909090909091,0.06614173228346457,0.5993243243243244,593
U1,H1 B_AND_NOT_A J1,1317,45,45,0,1272,163,1.0,0.03416856492027335,0.06607929515418502,0.14054054054054055,1272
U1,J4 A_AND_NOT_B U4,1317,45,45,0,1272,163,1.0,0.03416856492027335,0.06607929515418502,0.14054054054054055,1272
H1,J2 XOR J4,630,37,22,15,608,835,0.5945945945945946,0.03492063492063492,0.06596701649175413,0.5790540540540541,623
J1,J4 B_AND_NOT_A U3,132,1028,38,990,94,358,0.03696498054474708,0.2878787878787879,0.06551724137931035,0.26756756756756755,1084
U3,H1 AND J4,1080,52,37,15,1043,385,0.7115384615384616,0.03425925925925926,0.06537102473498234,0.2851351351351351,1058
J3,F1 A_AND_NOT_B F2,78,14,3,11,75,1391,0.21428571428571427,0.038461538461538464,0.06521739130434782,0.9418918918918919,86
U3,H1 AND J5,1080,55,37,18,1043,382,0.6727272727272727,0.03425925925925926,0.06519823788546257,0.2831081081081081,1061
J4,U3 AND U4,68,610,22,588,46,824,0.036065573770491806,0.3235294117647059,0.0648967551622419,0.5716216216216217,634
U4,F3 AND H1,762,164,30,134,732,584,0.18292682926829268,0.03937007874015748,0.06479481641468683,0.41486486486486485,866
J5,U3 AND U4,70,610,22,588,48,822,0.036065573770491806,0.3142857142857143,0.06470588235294118,0.5702702702702702,636
F1,J2 XOR J4,800,37,27,10,773,670,0.7297297297297297,0.03375,0.06451612903225806,0.47094594594594597,783
J1,F2 XOR J2,132,891,33,858,99,490,0.037037037037037035,0.25,0.06451612903225806,0.3533783783783784,957
F3,F1 XOR U3,318,430,24,406,294,756,0.05581395348837209,0.07547169811320754,0.06417112299465241,0.527027027027027,700
J2,F3 B_AND_NOT_A U4,99,587,22,565,77,816,0.03747870528109029,0.2222222222222222,0.0641399416909621,0.5662162162162162,642
U4,J3 OR U2,762,80,27,53,735,665,0.3375,0.03543307086614173,0.06413301662707839,0.46756756756756757,788
U4,J3 XOR U2,762,80,27,53,735,665,0.3375,0.03543307086614173,0.06413301662707839,0.46756756756756757,788
U3,H1 B_AND_NOT_A J1,1080,45,36,9,1044,391,0.8,0.03333333333333333,0.064,0.2885135135135135,1053
U4,J3 OR J5,762,83,27,56,735,662,0.3253012048192771,0.03543307086614173,0.06390532544378698,0.46554054054054056,791
U3,F3 B_AND_NOT_A J5,1080,50,36,14,1044,386,0.72,0.03333333333333333,0.06371681415929203,0.2851351351351351,1058
F2,J2 XOR J3,964,41,32,9,932,507,0.7804878048780488,0.03319502074688797,0.06368159203980099,0.3641891891891892,941
S1,J1 A_AND_NOT_B U4,514,83,19,64,495,902,0.2289156626506024,0.03696498054474708,0.06365159128978225,0.6222972972972973,559
U3,F1 AND J5,1080,52,36,16,1044,384,0.6923076923076923,0.03333333333333333,0.0636042402826855,0.28378378378378377,1060
J1,F1 B_AND_NOT_A U4,132,279,13,266,119,1082,0.04659498207885305,0.09848484848484848,0.06326034063260341,0.7398648648648649,385
U1,J1 A_AND_NOT_B U3,1317,43,43,0,1274,163,1.0,0.032649962034927864,0.06323529411764706,0.13918918918918918,1274
U3,J1 XOR J3,1080,60,36,24,1044,376,0.6,0.03333333333333333,0.06315789473684211,0.27837837837837837,1068
U4,J1 A_AND_NOT_B J5,762,64,26,38,736,680,0.40625,0.03412073490813648,0.06295399515738499,0.47702702702702704,774
U4,J1 A_AND_NOT_B J4,762,65,26,39,736,679,0.4,0.03412073490813648,0.06287787182587666,0.47635135135135137,775
U4,J1 XOR J4,762,66,26,40,736,678,0.3939393939393939,0.03412073490813648,0.06280193236714976,0.4756756756756757,776
U4,J1 XOR J5,762,66,26,40,736,678,0.3939393939393939,0.03412073490813648,0.06280193236714976,0.4756756756756757,776
J5,F3 A_AND_NOT_B H1,70,154,7,147,63,1263,0.045454545454545456,0.1,0.06250000000000001,0.8581081081081081,210
J5,F3 XOR U4,70,730,25,705,45,705,0.03424657534246575,0.35714285714285715,0.0625,0.49324324324324326,750
J2,F1 XOR J1,99,766,27,739,72,642,0.03524804177545692,0.2727272727272727,0.06242774566473989,0.452027027027027,811
J3,U1 AND U4,78,756,26,730,52,672,0.03439153439153439,0.3333333333333333,0.062350119904076746,0.47162162162162163,782
U4,J1 AND J3,762,75,26,49,736,669,0.3466666666666667,0.03412073490813648,0.06212664277180406,0.46959459459459457,785
J1,J4 B_AND_NOT_A S1,132,512,20,492,112,856,0.0390625,0.15151515151515152,0.062111801242236024,0.5918918918918918,604
J1,J5 B_AND_NOT_A S1,132,512,20,492,112,856,0.0390625,0.15151515151515152,0.062111801242236024,0.5918918918918918,604
U4,J3 AND U1,762,76,26,50,736,668,0.34210526315789475,0.03412073490813648,0.06205250596658711,0.4689189189189189,786
J3,U2 B_AND_NOT_A U4,78,761,26,735,52,667,0.03416557161629435,0.3333333333333333,0.06197854588796185,0.46824324324324323,787
J3,U2 XOR U4,78,762,26,736,52,666,0.03412073490813648,0.3333333333333333,0.0619047619047619,0.46756756756756757,788
U4,J3 OR J4,762,78,26,52,736,666,0.3333333333333333,0.03412073490813648,0.0619047619047619,0.46756756756756757,788
U4,J3 A_AND_NOT_B U2,762,78,26,52,736,666,0.3333333333333333,0.03412073490813648,0.0619047619047619,0.46756756756756757,788
F1,J2 XOR J3,800,41,26,15,774,665,0.6341463414634146,0.0325,0.061831153388822835,0.4668918918918919,789
J3,U2 OR U4,78,763,26,737,52,665,0.03407601572739188,0.3333333333333333,0.061831153388822835,0.4668918918918919,789
J2,F2 XOR J4,99,906,31,875,68,506,0.03421633554083885,0.31313131313131315,0.06169154228855722,0.36283783783783785,943
H1,F2 B_AND_NOT_A J1,630,26,20,6,610,844,0.7692307692307693,0.031746031746031744,0.06097560975609756,0.5837837837837838,616
J5,F1 B_AND_NOT_A U1,70,521,18,503,52,907,0.0345489443378119,0.2571428571428571,0.06091370558375634,0.625,555
H1,F1 B_AND_NOT_A J2,630,27,20,7,610,843,0.7407407407407407,0.031746031746031744,0.060882800608828,0.5831081081081081,617
J1,F3 A_AND_NOT_B J3,132,296,13,283,119,1065,0.04391891891891892,0.09848484848484848,0.060747663551401876,0.7283783783783784,402
J1,F3 A_AND_NOT_B J4,132,296,13,283,119,1065,0.04391891891891892,0.09848484848484848,0.060747663551401876,0.7283783783783784,402
J5,F1 XOR U1,70,525,18,507,52,903,0.03428571428571429,0.2571428571428571,0.06050420168067227,0.6222972972972973,559
U3,F3 B_AND_NOT_A J4,1080,46,34,12,1046,388,0.7391304347826086,0.03148148148148148,0.06039076376554174,0.2851351351351351,1058
F2,F3 AND J2,964,30,30,0,934,516,1.0,0.03112033195020747,0.06036217303822938,0.3689189189189189,934
F3,J5 A_AND_NOT_B U4,318,47,11,36,307,1126,0.23404255319148937,0.03459119496855346,0.06027397260273973,0.7682432432432432,343
J3,H1 XOR J1,78,588,20,568,58,834,0.034013605442176874,0.2564102564102564,0.060060060060060066,0.577027027027027,626
J3,J1 AND S1,78,22,3,19,75,1383,0.13636363636363635,0.038461538461538464,0.060000000000000005,0.9364864864864865,94
U4,F2 AND J3,762,72,25,47,737,671,0.3472222222222222,0.03280839895013123,0.05995203836930455,0.4702702702702703,784
J5,F1 XOR J4,70,766,25,741,45,669,0.03263707571801567,0.35714285714285715,0.059808612440191394,0.4689189189189189,786
U3,J1 A_AND_NOT_B J3,1080,57,34,23,1046,377,0.5964912280701754,0.03148148148148148,0.05980650835532102,0.2777027027027027,1069
U4,J3 A_AND_NOT_B S1,762,75,25,50,737,668,0.3333333333333333,0.03280839895013123,0.05973715651135006,0.46824324324324323,787
J1,J4 B_AND_NOT_A U4,132,739,26,713,106,635,0.035182679296346414,0.19696969696969696,0.05970149253731344,0.4466216216216216,819
J1,J5 B_AND_NOT_A U4,132,739,26,713,106,635,0.035182679296346414,0.19696969696969696,0.05970149253731344,0.4466216216216216,819
U4,J4 OR J5,762,77,25,52,737,666,0.3246753246753247,0.03280839895013123,0.05959475566150179,0.4668918918918919,789
J3,F1 XOR J1,78,766,25,741,53,661,0.03263707571801567,0.32051282051282054,0.059241706161137456,0.4635135135135135,794
J3,F1 XOR J5,78,766,25,741,53,661,0.03263707571801567,0.32051282051282054,0.059241706161137456,0.4635135135135135,794
J2,H1 B_AND_NOT_A U4,99,644,22,622,77,759,0.034161490683229816,0.2222222222222222,0.059219380888290714,0.5277027027027027,699
U3,J2 AND U4,1080,36,33,3,1047,397,0.9166666666666666,0.030555555555555555,0.05913978494623656,0.2905405405405405,1050
J1,J3 B_AND_NOT_A S1,132,511,19,492,113,856,0.03718199608610567,0.14393939393939395,0.05909797822706066,0.5912162162162162,605
J4,F1 XOR H1,68,644,21,623,47,789,0.03260869565217391,0.3088235294117647,0.05898876404494382,0.5472972972972973,670
J1,J3 B_AND_NOT_A U3,132,1023,34,989,98,359,0.033235581622678395,0.25757575757575757,0.05887445887445887,0.26554054054054055,1087
J5,F1 XOR H1,70,644,21,623,49,787,0.03260869565217391,0.3,0.058823529411764705,0.5459459459459459,672
U4,J3 AND U3,762,57,24,33,738,685,0.42105263157894735,0.031496062992125984,0.05860805860805861,0.47905405405405405,771
H1,J3 A_AND_NOT_B U3,630,21,19,2,611,848,0.9047619047619048,0.03015873015873016,0.058371735791090625,0.5858108108108108,613
U3,J3 A_AND_NOT_B U4,1080,52,33,19,1047,381,0.6346153846153846,0.030555555555555555,0.058303886925795044,0.2797297297297297,1066
F2,J2 XOR J4,964,37,29,8,935,508,0.7837837837837838,0.03008298755186722,0.057942057942057944,0.36283783783783785,943
J1,S1 A_AND_NOT_B U3,132,317,13,304,119,1044,0.04100946372239748,0.09848484848484848,0.0579064587973274,0.7141891891891892,423
U4,J2 AND J3,762,68,24,44,738,674,0.35294117647058826,0.031496062992125984,0.057831325301204814,0.47162162162162163,782
F1,H1 B_AND_NOT_A J2,800,31,24,7,776,673,0.7741935483870968,0.03,0.057761732851985555,0.47094594594594597,783
J4,H1 XOR J5,68,590,19,571,49,841,0.03220338983050847,0.27941176470588236,0.05775075987841946,0.581081081081081,620
J4,F1 B_AND_NOT_A U1,68,521,17,504,51,908,0.03262955854126679,0.25,0.05772495755517826,0.625,555
U4,J4 OR U2,762,70,24,46,738,672,0.34285714285714286,0.031496062992125984,0.057692307692307696,0.4702702702702703,784
U4,J4 XOR U2,762,70,24,46,738,672,0.34285714285714286,0.031496062992125984,0.057692307692307696,0.4702702702702703,784
F1,J2 XOR J5,800,33,24,9,776,671,0.7272727272727273,0.03,0.05762304921968787,0.46959459459459457,785
U4,J5 OR U2,762,72,24,48,738,670,0.3333333333333333,0.031496062992125984,0.05755395683453238,0.4689189189189189,786
U4,J5 XOR U2,762,72,24,48,738,670,0.3333333333333333,0.031496062992125984,0.05755395683453238,0.4689189189189189,786
J4,F1 XOR J5,68,766,24,742,44,670,0.031331592689295036,0.35294117647058826,0.05755395683453237,0.4689189189189189,786
F1,J2 A_AND_NOT_B J4,800,34,24,10,776,670,0.7058823529411765,0.03,0.05755395683453236,0.4689189189189189,786
J4,H1 XOR J2,68,593,19,574,49,838,0.03204047217537943,0.27941176470588236,0.05748865355521937,0.5790540540540541,623
U1,J2 XOR J3,1317,41,39,2,1278,161,0.9512195121951219,0.029612756264236904,0.057437407952871875,0.13513513513513514,1280
J4,F1 XOR U1,68,525,17,508,51,904,0.03238095238095238,0.25,0.05733558178752107,0.6222972972972973,559
H1,J1 A_AND_NOT_B J2,630,33,19,14,611,836,0.5757575757575758,0.03015873015873016,0.057315233785822026,0.5777027027027027,625
H1,J1 XOR J2,630,33,19,14,611,836,0.5757575757575758,0.03015873015873016,0.057315233785822026,0.5777027027027027,625
F3,J2 A_AND_NOT_B J5,318,31,10,21,308,1141,0.3225806451612903,0.031446540880503145,0.05730659025787966,0.7777027027027027,329
H1,J2 A_AND_NOT_B J4,630,34,19,15,611,835,0.5588235294117647,0.03015873015873016,0.0572289156626506,0.577027027027027,626
H1,F1 B_AND_NOT_A U4,630,279,26,253,604,597,0.0931899641577061,0.04126984126984127,0.0572057205720572,0.4209459459459459,857
J4,J5 AND S1,68,2,2,0,66,1412,1.0,0.029411764705882353,0.05714285714285715,0.9554054054054054,66
F3,J2 XOR J5,318,33,10,23,308,1139,0.30303030303030304,0.031446540880503145,0.056980056980056974,0.7763513513513514,331
F1,J1 A_AND_NOT_B U3,800,43,24,19,776,661,0.5581395348837209,0.03,0.05693950177935942,0.46283783783783783,795
J2,F2 B_AND_NOT_A U1,99,359,13,346,86,1035,0.036211699164345405,0.13131313131313133,0.056768558951965066,0.7081081081081081,432
J2,F1 A_AND_NOT_B J4,99,749,24,725,75,656,0.03204272363150868,0.24242424242424243,0.05660377358490567,0.4594594594594595,800
F3,J2 XOR J4,318,37,10,27,308,1135,0.2702702702702703,0.031446540880503145,0.05633802816901409,0.7736486486486487,335
J4,J3 AND S1,68,3,2,1,66,1411,0.6666666666666666,0.029411764705882353,0.056338028169014086,0.9547297297297297,67
J1,U3 B_AND_NOT_A U4,132,152,8,144,124,1204,0.05263157894736842,0.06060606060606061,0.056338028169014086,0.8189189189189189,268
J2,F2 XOR J3,99,898,28,870,71,511,0.031180400890868598,0.2828282828282828,0.05616850551654965,0.3641891891891892,941
U4,J1 A_AND_NOT_B J3,762,57,23,34,739,684,0.40350877192982454,0.030183727034120734,0.05616605616605616,0.4777027027027027,773
J2,H1 A_AND_NOT_B J4,99,578,19,559,80,822,0.0328719723183391,0.1919191919191919,0.056129985228951254,0.5682432432432433,639
J2,F2 XOR U1,99,365,13,352,86,1029,0.03561643835616438,0.13131313131313133,0.05603448275862069,0.7040540540540541,438
H1,J1 AND U4,630,49,19,30,611,820,0.3877551020408163,0.03015873015873016,0.055964653902798235,0.5668918918918919,641
U4,J1 XOR J3,762,60,23,37,739,681,0.38333333333333336,0.030183727034120734,0.0559610705596107,0.4756756756756757,776
J2,F2 XOR J5,99,904,28,876,71,505,0.030973451327433628,0.2828282828282828,0.05583250249252244,0.3601351351351351,947
J4,U1 AND U4,68,756,23,733,45,679,0.03042328042328042,0.3382352941176471,0.055825242718446605,0.4743243243243243,778
U4,F2 AND J4,762,63,23,40,739,678,0.36507936507936506,0.030183727034120734,0.05575757575757575,0.47364864864864864,779
F3,J2 XOR J3,318,41,10,31,308,1131,0.24390243902439024,0.031446540880503145,0.055710306406685235,0.7709459459459459,339
J5,U1 AND U4,70,756,23,733,47,677,0.03042328042328042,0.32857142857142857,0.05569007263922518,0.47297297297297297,780
U4,F2 AND J5,762,65,23,42,739,676,0.35384615384615387,0.030183727034120734,0.05562273276904474,0.4722972972972973,781
U4,J2 AND J4,762,65,23,42,739,676,0.35384615384615387,0.030183727034120734,0.05562273276904474,0.4722972972972973,781
J5,J4 AND S1,70,2,2,0,68,1410,1.0,0.02857142857142857,0.05555555555555556,0.9540540540540541,68
J3,S1 XOR U4,78,894,27,867,51,535,0.030201342281879196,0.34615384615384615,0.05555555555555556,0.37972972972972974,918
U4,J4 A_AND_NOT_B S1,762,66,23,43,739,675,0.3484848484848485,0.030183727034120734,0.05555555555555555,0.47162162162162163,782
J4,U2 B_AND_NOT_A U4,68,761,23,738,45,674,0.030223390275952694,0.3382352941176471,0.0554885404101327,0.47094594594594597,783
U4,J1 AND J4,762,67,23,44,739,674,0.34328358208955223,0.030183727034120734,0.05548854041013268,0.47094594594594597,783
U4,H1 B_AND_NOT_A J2,762,31,22,9,740,709,0.7096774193548387,0.028871391076115485,0.05548549810844893,0.4939189189189189,749
H1,J5 A_AND_NOT_B U3,630,19,18,1,612,849,0.9473684210526315,0.02857142857142857,0.055469953775038515,0.5858108108108108,613
J4,U2 XOR U4,68,762,23,739,45,673,0.030183727034120734,0.3382352941176471,0.05542168674698795,0.4702702702702703,784
U4,J1 AND J5,762,68,23,45,739,673,0.3382352941176471,0.030183727034120734,0.05542168674698795,0.4702702702702703,784
U4,J2 AND J5,762,68,23,45,739,673,0.3382352941176471,0.030183727034120734,0.05542168674698795,0.4702702702702703,784
U4,J3 AND J4,762,68,23,45,739,673,0.3382352941176471,0.030183727034120734,0.05542168674698795,0.4702702702702703,784
U4,J4 AND U1,762,68,23,45,739,673,0.3382352941176471,0.030183727034120734,0.05542168674698795,0.4702702702702703,784
U4,J4 A_AND_NOT_B U2,762,68,23,45,739,673,0.3382352941176471,0.030183727034120734,0.05542168674698795,0.4702702702702703,784
U4,J5 A_AND_NOT_B S1,762,68,23,45,739,673,0.3382352941176471,0.030183727034120734,0.05542168674698795,0.4702702702702703,784
F3,H1 A_AND_NOT_B U3,318,79,11,68,307,1094,0.13924050632911392,0.03459119496855346,0.05541561712846348,0.7466216216216216,375
J4,U2 OR U4,68,763,23,740,45,672,0.03014416775884666,0.3382352941176471,0.05535499398315283,0.46959459459459457,785
J5,U2 B_AND_NOT_A U4,70,761,23,738,47,672,0.030223390275952694,0.32857142857142857,0.05535499398315283,0.46959459459459457,785
J5,U2 XOR U4,70,762,23,739,47,671,0.030183727034120734,0.32857142857142857,0.05528846153846153,0.4689189189189189,786
U4,J5 AND U1,762,70,23,47,739,671,0.32857142857142857,0.030183727034120734,0.05528846153846153,0.4689189189189189,786
U4,J5 A_AND_NOT_B U2,762,70,23,47,739,671,0.32857142857142857,0.030183727034120734,0.05528846153846153,0.4689189189189189,786
J5,U2 OR U4,70,763,23,740,47,670,0.03014416775884666,0.32857142857142857,0.055222088835534214,0.46824324324324323,787
J3,F3 XOR S1,78,828,25,803,53,599,0.030193236714975844,0.32051282051282054,0.05518763796909492,0.42162162162162165,856
J3,F3 OR S1,78,830,25,805,53,597,0.030120481927710843,0.32051282051282054,0.05506607929515418,0.42027027027027025,858
J4,J2 XOR J3,68,41,3,38,65,1374,0.07317073170731707,0.04411764705882353,0.05504587155963303,0.9304054054054054,103
J2,J3 A_AND_NOT_B J4,99,10,3,7,96,1374,0.3,0.030303030303030304,0.055045871559633024,0.9304054054054054,103
J2,J3 XOR J4,99,10,3,7,96,1374,0.3,0.030303030303030304,0.055045871559633024,0.9304054054054054,103
J5,H1 XOR J3,70,586,18,568,52,842,0.030716723549488054,0.2571428571428571,0.0548780487804878,0.581081081081081,620
J1,F1 A_AND_NOT_B F2,132,14,4,10,128,1338,0.2857142857142857,0.030303030303030304,0.054794520547945216,0.9067567567567567,138
J5,J1 B_AND_NOT_A J3,70,3,2,1,68,1409,0.6666666666666666,0.02857142857142857,0.0547945205479452,0.9533783783783784,69
J5,J3 AND S1,70,3,2,1,68,1409,0.6666666666666666,0.02857142857142857,0.0547945205479452,0.9533783783783784,69
J1,H1 A_AND_NOT_B J2,132,562,19,543,113,805,0.033807829181494664,0.14393939393939395,0.054755043227665716,0.5567567567567567,656
J1,S1 AND U3,132,197,9,188,123,1160,0.04568527918781726,0.06818181818181818,0.054711246200607896,0.7898648648648648,311
U1,J2 XOR J4,1317,37,37,0,1280,163,1.0,0.02809415337889142,0.05465288035450517,0.13513513513513514,1280
F2,H1 B_AND_NOT_A J2,964,31,27,4,937,512,0.8709677419354839,0.028008298755186723,0.054271356783919596,0.3641891891891892,941
U4,J5 AND U3,762,51,22,29,740,689,0.43137254901960786,0.028871391076115485,0.05412054120541206,0.4804054054054054,769
U4,J4 AND U3,762,52,22,30,740,688,0.4230769230769231,0.028871391076115485,0.05405405405405405,0.4797297297297297,770
S1,F3 XOR J1,514,380,24,356,490,610,0.06315789473684211,0.04669260700389105,0.053691275167785234,0.4283783783783784,846
J3,J2 A_AND_NOT_B J4,78,34,3,31,75,1371,0.08823529411764706,0.038461538461538464,0.05357142857142858,0.9283783783783783,106
F3,J4 XOR S1,318,578,24,554,294,608,0.04152249134948097,0.07547169811320754,0.05357142857142857,0.42702702702702705,848
J4,F3 XOR S1,68,828,24,804,44,608,0.028985507246376812,0.35294117647058826,0.05357142857142857,0.42702702702702705,848
F1,F3 A_AND_NOT_B U3,800,23,22,1,778,679,0.9565217391304348,0.0275,0.0534629404617254,0.47364864864864864,779
F3,J4 OR S1,318,580,24,556,294,606,0.041379310344827586,0.07547169811320754,0.053452115812917596,0.42567567567567566,850
J4,F3 OR S1,68,830,24,806,44,606,0.02891566265060241,0.35294117647058826,0.053452115812917596,0.42567567567567566,850
U3,J4 A_AND_NOT_B U4,1080,45,30,15,1050,385,0.6666666666666666,0.027777777777777776,0.05333333333333333,0.28040540540540543,1065
F2,F1 B_AND_NOT_A J1,964,49,27,22,937,494,0.5510204081632653,0.028008298755186723,0.05330700888450148,0.35202702702702704,959
S1,H1 AND J1,514,87,16,71,498,895,0.1839080459770115,0.0311284046692607,0.05324459234608985,0.6155405405405405,569
U1,J2 AND U4,1317,36,36,0,1281,163,1.0,0.02733485193621868,0.05321507760532151,0.13445945945945945,1281
U4,J3 AND J5,762,65,22,43,740,675,0.3384615384615385,0.028871391076115485,0.0532043530834341,0.47094594594594597,783
J3,F2 A_AND_NOT_B H1,78,486,15,471,63,931,0.030864197530864196,0.19230769230769232,0.05319148936170213,0.6391891891891892,534
U3,F1 B_AND_NOT_A J1,1080,49,30,19,1050,381,0.6122448979591837,0.027777777777777776,0.05314437555358724,0.2777027027027027,1069
F1,J2 A_AND_NOT_B U3,800,28,22,6,778,674,0.7857142857142857,0.0275,0.05314009661835749,0.4702702702702703,784
F3,J3 XOR S1,318,586,24,562,294,600,0.040955631399317405,0.07547169811320754,0.053097345132743355,0.42162162162162165,856
J3,F2 XOR H1,78,638,19,619,59,783,0.029780564263322883,0.24358974358974358,0.05307262569832402,0.5418918918918919,678
J1,J3 B_AND_NOT_A U4,132,736,23,713,109,635,0.03125,0.17424242424242425,0.052995391705069124,0.4445945945945946,822
F1,J2 A_AND_NOT_B J5,800,31,22,9,778,671,0.7096774193548387,0.0275,0.052948255114320095,0.46824324324324323,787
U4,F3 B_AND_NOT_A J2,762,69,22,47,740,671,0.3188405797101449,0.028871391076115485,0.052948255114320095,0.46824324324324323,787
F3,J3 OR S1,318,589,24,565,294,597,0.04074702886247878,0.07547169811320754,0.05292171995589857,0.4195945945945946,859
J3,F1 XOR J2,78,755,22,733,56,669,0.02913907284768212,0.28205128205128205,0.05282112845138055,0.4668918918918919,789
F3,J4 AND U4,318,23,9,14,309,1148,0.391304347826087,0.02830188679245283,0.05278592375366569,0.7817567567567567,323
F3,J5 AND U4,318,23,9,14,309,1148,0.391304347826087,0.02830188679245283,0.05278592375366569,0.7817567567567567,323
F3,J3 AND U4,318,26,9,17,309,1145,0.34615384615384615,0.02830188679245283,0.05232558139534884,0.7797297297297298,326
J3,F1 XOR J4,78,766,22,744,56,658,0.028720626631853787,0.28205128205128205,0.05213270142180096,0.4594594594594595,800
F2,J2 A_AND_NOT_B J4,964,34,26,8,938,508,0.7647058823529411,0.026970954356846474,0.05210420841683367,0.3608108108108108,946
U4,F1 B_AND_NOT_A H1,762,237,26,211,736,507,0.10970464135021098,0.03412073490813648,0.05205205205205205,0.3601351351351351,947
J2,F2 A_AND_NOT_B J4,99,901,26,875,73,506,0.02885682574916759,0.26262626262626265,0.052,0.35945945945945945,948
J4,S1 XOR U4,68,894,25,869,43,543,0.02796420581655481,0.36764705882352944,0.05197505197505198,0.3837837837837838,912
J2,F1 A_AND_NOT_B J5,99,748,22,726,77,655,0.029411764705882353,0.2222222222222222,0.051948051948051945,0.4574324324324324,803
J5,S1 XOR U4,70,894,25,869,45,541,0.02796420581655481,0.35714285714285715,0.05186721991701245,0.3824324324324324,914
J4,H1 XOR J1,68,588,17,571,51,841,0.02891156462585034,0.25,0.05182926829268293,0.5797297297297297,622
U1,F3 AND J1,1317,35,35,0,1282,163,1.0,0.026575550493545937,0.051775147928994084,0.13378378378378378,1282
J5,H1 XOR J1,70,588,17,571,53,839,0.02891156462585034,0.24285714285714285,0.05167173252279635,0.5783783783783784,624
S1,F3 OR J1,514,415,24,391,490,575,0.05783132530120482,0.04669260700389105,0.05166846071044133,0.4047297297297297,881
F3,J2 A_AND_NOT_B J3,318,31,9,22,309,1140,0.2903225806451613,0.02830188679245283,0.05157593123209169,0.7763513513513514,331
U3,J5 A_AND_NOT_B U4,1080,47,29,18,1051,382,0.6170212765957447,0.026851851851851852,0.051464063886424126,0.2777027027027027,1069
H1,J2 XOR J5,630,33,17,16,613,834,0.5151515151515151,0.026984126984126985,0.05128205128205129,0.575,629
J4,J2 AND S1,68,10,2,8,66,1404,0.2,0.029411764705882353,0.05128205128205128,0.95,74
J5,H1 XOR J2,70,593,17,576,53,834,0.02866779089376054,0.24285714285714285,0.05128205128205128,0.575,629
F3,J2 A_AND_NOT_B J4,318,34,9,25,309,1137,0.2647058823529412,0.02830188679245283,0.05113636363636364,0.7743243243243243,334
J3,F3 B_AND_NOT_A U4,78,587,17,570,61,832,0.028960817717206135,0.21794871794871795,0.05112781954887219,0.5736486486486486,631
H1,F3 AND J1,630,35,17,18,613,832,0.4857142857142857,0.026984126984126985,0.05112781954887218,0.5736486486486486,631
F1,F3 AND J3,800,22,21,1,779,679,0.9545454545454546,0.02625,0.051094890510948905,0.47297297297297297,780
F1,F3 AND J4,800,22,21,1,779,679,0.9545454545454546,0.02625,0.051094890510948905,0.47297297297297297,780
U4,J4 AND J5,762,61,21,40,741,678,0.3442622950819672,0.027559055118110236,0.051032806804374234,0.4722972972972973,781
J4,F2 A_AND_NOT_B H1,68,486,14,472,54,940,0.02880658436213992,0.20588235294117646,0.05054151624548736,0.6445945945945946,526
F1,J2 A_AND_NOT_B J3,800,31,21,10,779,670,0.6774193548387096,0.02625,0.05054151624548736,0.4668918918918919,789
F2,J3 AND U4,964,26,25,1,939,515,0.9615384615384616,0.025933609958506226,0.050505050505050504,0.36486486486486486,940
J2,J4 B_AND_NOT_A U1,99,1249,34,1215,65,166,0.02722177742193755,0.3434343434343434,0.050445103857566766,0.13513513513513514,1280
J2,J4 XOR U1,99,1249,34,1215,65,166,0.02722177742193755,0.3434343434343434,0.050445103857566766,0.13513513513513514,1280
J2,F3 A_AND_NOT_B J5,99,298,10,288,89,1093,0.03355704697986577,0.10101010101010101,0.05037783375314862,0.7452702702702703,377
U1,J2 A_AND_NOT_B J4,1317,34,34,0,1283,163,1.0,0.025816249050873197,0.05033308660251666,0.1331081081081081,1283
J4,H1 B_AND_NOT_A U3,68,529,15,514,53,898,0.02835538752362949,0.22058823529411764,0.05025125628140704,0.6168918918918919,567
J5,F1 XOR J3,70,766,21,745,49,665,0.02741514360313316,0.3,0.050239234449760764,0.4635135135135135,794
F2,J2 XOR J5,964,33,25,8,939,508,0.7575757575757576,0.025933609958506226,0.05015045135406219,0.3601351351351351,947
J3,J1 B_AND_NOT_A J5,78,2,2,0,76,1402,1.0,0.02564102564102564,0.05,0.9486486486486486,76
J3,J1 A_AND_NOT_B U1,78,2,2,0,76,1402,1.0,0.02564102564102564,0.05,0.9486486486486486,76
J3,J2 B_AND_NOT_A J5,78,2,2,0,76,1402,1.0,0.02564102564102564,0.05,0.9486486486486486,76
J3,J4 AND S1,78,2,2,0,76,1402,1.0,0.02564102564102564,0.05,0.9486486486486486,76
J3,J5 AND S1,78,2,2,0,76,1402,1.0,0.02564102564102564,0.05,0.9486486486486486,76
J5,J2 B_AND_NOT_A J3,70,10,2,8,68,1402,0.2,0.02857142857142857,0.049999999999999996,0.9486486486486486,76
J5,J2 AND S1,70,10,2,8,68,1402,0.2,0.02857142857142857,0.049999999999999996,0.9486486486486486,76
U3,J2 XOR J3,1080,41,28,13,1052,387,0.6829268292682927,0.025925925925925925,0.04995539696699375,0.28040540540540543,1065
F3,J1 A_AND_NOT_B U3,318,43,9,34,309,1128,0.20930232558139536,0.02830188679245283,0.04986149584487534,0.7682432432432432,343
J2,F1 A_AND_NOT_B J3,99,744,21,723,78,658,0.028225806451612902,0.21212121212121213,0.0498220640569395,0.45878378378378376,801
J3,J5 XOR U3,78,1048,28,1020,50,382,0.026717557251908396,0.358974358974359,0.04973357015985791,0.27702702702702703,1070
F2,J1 A_AND_NOT_B U3,964,43,25,18,939,498,0.5813953488372093,0.025933609958506226,0.049652432969215496,0.3533783783783784,957
J2,J1 XOR U3,99,1034,28,1006,71,375,0.027079303675048357,0.2828282828282828,0.04942630185348632,0.2722972972972973,1077
J3,H1 B_AND_NOT_A U3,78,529,15,514,63,888,0.02835538752362949,0.19230769230769232,0.04942339373970346,0.6101351351351352,577
J3,H1 A_AND_NOT_B U1,78,3,2,1,76,1401,0.6666666666666666,0.02564102564102564,0.04938271604938271,0.947972972972973,77
J3,H1 XOR U1,78,693,19,674,59,728,0.027417027417027416,0.24358974358974358,0.049286640726329434,0.5047297297297297,733
H1,J1 AND S1,630,22,16,6,614,844,0.7272727272727273,0.025396825396825397,0.04907975460122699,0.581081081081081,620
F3,J5 XOR S1,318,580,22,558,296,604,0.03793103448275862,0.06918238993710692,0.04899777282850779,0.422972972972973,854
J5,F3 XOR S1,70,828,22,806,48,604,0.026570048309178744,0.3142857142857143,0.04899777282850779,0.422972972972973,854
J1,F2 B_AND_NOT_A U3,132,195,8,187,124,1161,0.041025641025641026,0.06060606060606061,0.04892966360856269,0.7898648648648648,311
J4,H1 XOR J3,68,586,16,570,52,842,0.027303754266211604,0.23529411764705882,0.04892966360856269,0.5797297297297297,622
U4,F1 AND J3,762,56,20,36,742,682,0.35714285714285715,0.026246719160104987,0.0488997555012225,0.4743243243243243,778
F3,J5 OR S1,318,582,22,560,296,602,0.037800687285223365,0.06918238993710692,0.04888888888888889,0.42162162162162165,856
J5,F3 OR S1,70,830,22,808,48,602,0.02650602409638554,0.3142857142857143,0.04888888888888889,0.42162162162162165,856
U1,J2 XOR J5,1317,33,33,0,1284,163,1.0,0.025056947608200455,0.048888888888888885,0.13243243243243244,1284
J3,U1 B_AND_NOT_A U3,78,4,2,2,76,1400,0.5,0.02564102564102564,0.048780487804878044,0.9472972972972973,78
S1,F2 XOR J1,514,884,34,850,480,116,0.038461538461538464,0.06614785992217899,0.04864091559370529,0.10135135135135136,1330
J4,F1 XOR J2,68,755,20,735,48,677,0.026490066225165563,0.29411764705882354,0.04860267314702308,0.47094594594594597,783
J2,H1 AND S1,99,148,6,142,93,1239,0.04054054054054054,0.06060606060606061,0.04858299595141701,0.8412162162162162,235
H1,F3 AND J2,630,30,16,14,614,836,0.5333333333333333,0.025396825396825397,0.048484848484848485,0.5756756756756757,628
J5,F1 XOR J2,70,755,20,735,50,675,0.026490066225165563,0.2857142857142857,0.048484848484848485,0.46959459459459457,785
S1,F1 XOR J1,514,766,31,735,483,231,0.04046997389033943,0.06031128404669261,0.0484375,0.17702702702702702,1218
F1,J3 AND U4,800,26,20,6,780,674,0.7692307692307693,0.025,0.048426150121065374,0.4689189189189189,786
H1,J2 A_AND_NOT_B J3,630,31,16,15,614,835,0.5161290322580645,0.025396825396825397,0.048411497730711045,0.575,629
J4,F2 XOR H1,68,638,17,621,51,791,0.02664576802507837,0.25,0.0481586402266289,0.5459459459459459,672
J3,S1 OR U4,78,1085,28,1057,50,345,0.025806451612903226,0.358974358974359,0.04815133276010318,0.252027027027027,1107
F3,H1 B_AND_NOT_A J4,318,16,8,8,310,1154,0.5,0.025157232704402517,0.04790419161676647,0.7851351351351351,318
J2,H1 A_AND_NOT_B J3,99,569,16,553,83,828,0.028119507908611598,0.16161616161616163,0.04790419161676647,0.5702702702702702,636
J5,F1 XOR J1,70,766,20,746,50,664,0.02610966057441253,0.2857142857142857,0.0478468899521531,0.46216216216216216,796
F3,H1 B_AND_NOT_A J3,318,17,8,9,310,1153,0.47058823529411764,0.025157232704402517,0.04776119402985075,0.7844594594594595,319
J3,F2 A_AND_NOT_B U1,78,6,2,4,76,1398,0.3333333333333333,0.02564102564102564,0.047619047619047616,0.9459459459459459,80
J2,S1 A_AND_NOT_B U4,99,323,10,313,89,1068,0.030959752321981424,0.10101010101010101,0.04739336492890995,0.7283783783783784,402
S1,F1 OR J1,514,849,32,817,482,149,0.03769140164899882,0.0622568093385214,0.04695524578136463,0.1222972972972973,1299
U3,H1 B_AND_NOT_A J2,1080,31,26,5,1054,395,0.8387096774193549,0.024074074074074074,0.046804680468046804,0.28445945945945944,1059
J5,F2 A_AND_NOT_B H1,70,486,13,473,57,937,0.026748971193415638,0.18571428571428572,0.04676258992805756,0.6418918918918919,530
J5,H1 B_AND_NOT_A U3,70,529,14,515,56,895,0.026465028355387523,0.2,0.04674457429048414,0.6141891891891892,571
U4,F1 AND J4,762,51,19,32,743,686,0.37254901960784315,0.024934383202099737,0.04674046740467405,0.47635135135135137,775
U4,F1 AND J5,762,52,19,33,743,685,0.36538461538461536,0.024934383202099737,0.04668304668304668,0.4756756756756757,776
S1,J1 A_AND_NOT_B U3,514,43,13,30,501,936,0.3023255813953488,0.02529182879377432,0.0466786355475763,0.6412162162162162,531
U3,F3 AND J1,1080,35,26,9,1054,391,0.7428571428571429,0.024074074074074074,0.04663677130044843,0.28175675675675677,1063
F2,F3 A_AND_NOT_B U3,964,23,23,0,941,516,1.0,0.023858921161825725,0.04660587639311044,0.3641891891891892,941
F2,J4 AND U4,964,23,23,0,941,516,1.0,0.023858921161825725,0.04660587639311044,0.3641891891891892,941
F2,J5 AND U4,964,23,23,0,941,516,1.0,0.023858921161825725,0.04660587639311044,0.3641891891891892,941
S1,F2 OR J1,514,990,35,955,479,11,0.03535353535353535,0.06809338521400778,0.04654255319148936,0.031081081081081083,1434
H1,J4 A_AND_NOT_B U3,630,16,15,1,615,849,0.9375,0.023809523809523808,0.04643962848297213,0.5837837837837838,616
J2,F2 A_AND_NOT_B J3,99,892,23,869,76,512,0.0257847533632287,0.23232323232323232,0.04641775983854692,0.3614864864864865,945
F1,F3 AND J5,800,20,19,1,781,679,0.95,0.02375,0.046341463414634146,0.47162162162162163,782
J2,J3 B_AND_NOT_A U1,99,1241,31,1210,68,171,0.0249798549556809,0.31313131313131315,0.046268656716417916,0.13648648648648648,1278
F3,J2 A_AND_NOT_B U3,318,28,8,20,310,1142,0.2857142857142857,0.025157232704402517,0.04624277456647399,0.777027027027027,330
F2,J2 A_AND_NOT_B J3,964,31,23,8,941,508,0.7419354838709677,0.023858921161825725,0.046231155778894466,0.3587837837837838,949
F2,J2 A_AND_NOT_B J5,964,31,23,8,941,508,0.7419354838709677,0.023858921161825725,0.046231155778894466,0.3587837837837838,949
J2,J3 XOR U1,99,1243,31,1212,68,169,0.0249396621078037,0.31313131313131315,0.046199701937406856,0.13513513513513514,1280
F1,J4 AND U4,800,23,19,4,781,676,0.8260869565217391,0.02375,0.046172539489671933,0.46959459459459457,785
F1,J5 AND U4,800,23,19,4,781,676,0.8260869565217391,0.02375,0.046172539489671933,0.46959459459459457,785
J2,F2 A_AND_NOT_B J5,99,899,23,876,76,505,0.025583982202447165,0.23232323232323232,0.04609218436873748,0.3567567567567568,952
J2,J5 B_AND_NOT_A U1,99,1247,31,1216,68,165,0.024859663191659984,0.31313131313131315,0.04606240713224368,0.13243243243243244,1284
J2,J5 XOR U1,99,1247,31,1216,68,165,0.024859663191659984,0.31313131313131315,0.04606240713224368,0.13243243243243244,1284
H1,F1 B_AND_NOT_A J3,630,22,15,7,615,843,0.6818181818181818,0.023809523809523808,0.046012269938650305,0.5797297297297297,622
U1,H1 B_AND_NOT_A J2,1317,31,31,0,1286,163,1.0,0.023538344722854973,0.04599406528189911,0.13108108108108107,1286
U1,J2 A_AND_NOT_B J3,1317,31,31,0,1286,163,1.0,0.023538344722854973,0.04599406528189911,0.13108108108108107,1286
U1,J2 A_AND_NOT_B J5,1317,31,31,0,1286,163,1.0,0.023538344722854973,0.04599406528189911,0.13108108108108107,1286
J1,J2 B_AND_NOT_A U1,132,1218,31,1187,101,161,0.025451559934318555,0.23484848484848486,0.045925925925925926,0.12972972972972974,1288
J1,J2 XOR U1,132,1218,31,1187,101,161,0.025451559934318555,0.23484848484848486,0.045925925925925926,0.12972972972972974,1288
U1,J1 A_AND_NOT_B J2,1317,33,31,2,1286,161,0.9393939393939394,0.023538344722854973,0.045925925925925926,0.12972972972972974,1288
U1,J1 XOR J2,1317,33,31,2,1286,161,0.9393939393939394,0.023538344722854973,0.045925925925925926,0.12972972972972974,1288
J2,F3 A_AND_NOT_B J3,99,296,9,287,90,1094,0.030405405405405407,0.09090909090909091,0.045569620253164564,0.7452702702702703,377
J2,F3 A_AND_NOT_B J4,99,296,9,287,90,1094,0.030405405405405407,0.09090909090909091,0.045569620253164564,0.7452702702702703,377
J3,J2 AND S1,78,10,2,8,76,1394,0.2,0.02564102564102564,0.045454545454545456,0.9432432432432433,84
H1,J2 A_AND_NOT_B J5,630,31,15,16,615,834,0.4838709677419355,0.023809523809523808,0.0453857791225416,0.5736486486486486,631
J5,F2 XOR H1,70,638,16,622,54,788,0.025078369905956112,0.22857142857142856,0.04519774011299435,0.5432432432432432,676
J3,J2 XOR U3,78,1037,25,1012,53,390,0.024108003857280617,0.32051282051282054,0.04484304932735426,0.28040540540540543,1065
U3,J2 XOR J4,1080,37,25,12,1055,388,0.6756756756756757,0.023148148148148147,0.044762757385854966,0.27905405405405403,1067
U4,H1 AND J1,762,87,19,68,743,650,0.21839080459770116,0.024934383202099737,0.04475853945818611,0.452027027027027,811
F2,F3 AND J3,964,22,22,0,942,516,1.0,0.022821576763485476,0.04462474645030426,0.3635135135135135,942
F2,F3 AND J4,964,22,22,0,942,516,1.0,0.022821576763485476,0.04462474645030426,0.3635135135135135,942
U1,F3 AND J2,1317,30,30,0,1287,163,1.0,0.022779043280182234,0.044543429844098,0.1304054054054054,1287
J2,H1 A_AND_NOT_B J5,99,575,15,560,84,821,0.02608695652173913,0.15151515151515152,0.044510385756676554,0.5648648648648649,644
J1,J3 AND S1,132,3,3,0,129,1348,1.0,0.022727272727272728,0.044444444444444446,0.9128378378378378,129
J4,J1 AND S1,68,22,2,20,66,1392,0.09090909090909091,0.029411764705882353,0.04444444444444444,0.9418918918918919,86
J3,H1 B_AND_NOT_A U1,78,690,17,673,61,729,0.02463768115942029,0.21794871794871795,0.04427083333333334,0.504054054054054,734
S1,J1 A_AND_NOT_B J2,514,33,12,21,502,945,0.36363636363636365,0.023346303501945526,0.043875685557586835,0.6466216216216216,523
S1,J1 XOR J2,514,33,12,21,502,945,0.36363636363636365,0.023346303501945526,0.043875685557586835,0.6466216216216216,523
J2,S1 AND U1,99,357,10,347,89,1034,0.028011204481792718,0.10101010101010101,0.04385964912280702,0.7054054054054054,436
J5,J1 AND S1,70,22,2,20,68,1390,0.09090909090909091,0.02857142857142857,0.043478260869565216,0.9405405405405406,88
U3,J3 AND U4,1080,26,24,2,1056,398,0.9230769230769231,0.022222222222222223,0.0433996383363472,0.2851351351351351,1058
J4,S1 OR U4,68,1085,25,1060,43,352,0.02304147465437788,0.36764705882352944,0.043365134431916745,0.25472972972972974,1103
J5,S1 OR U4,70,1085,25,1060,45,350,0.02304147465437788,0.35714285714285715,0.043290043290043295,0.2533783783783784,1105
H1,J3 XOR J5,630,18,14,4,616,846,0.7777777777777778,0.022222222222222223,0.04320987654320988,0.581081081081081,620
J4,F1 XOR J1,68,766,18,748,50,664,0.02349869451697128,0.2647058823529412,0.043165467625899276,0.4608108108108108,798
H1,F3 AND J3,630,22,14,8,616,842,0.6363636363636364,0.022222222222222223,0.04294478527607362,0.5783783783783784,624
H1,F3 AND J4,630,22,14,8,616,842,0.6363636363636364,0.022222222222222223,0.04294478527607362,0.5783783783783784,624
J4,F3 B_AND_NOT_A U4,68,587,14,573,54,839,0.02385008517887564,0.20588235294117646,0.042748091603053436,0.5763513513513514,627
H1,J3 AND U4,630,26,14,12,616,838,0.5384615384615384,0.022222222222222223,0.04268292682926829,0.5756756756756757,628
J5,F3 B_AND_NOT_A U4,70,587,14,573,56,837,0.02385008517887564,0.2,0.04261796042617961,0.575,629
J4,H1 B_AND_NOT_A U1,68,690,16,674,52,738,0.02318840579710145,0.23529411764705882,0.04221635883905013,0.5094594594594595,726
J4,F1 A_AND_NOT_B H1,68,407,10,397,58,1015,0.02457002457002457,0.14705882352941177,0.042105263157894736,0.6925675675675675,455
J4,H1 XOR U1,68,693,16,677,52,735,0.023088023088023088,0.23529411764705882,0.04204993429697766,0.5074324324324324,729
F3,H1 B_AND_NOT_A J5,318,15,7,8,311,1154,0.4666666666666667,0.0220125786163522,0.042042042042042045,0.7844594594594595,319
H1,J2 AND U4,630,36,14,22,616,828,0.3888888888888889,0.022222222222222223,0.042042042042042045,0.5689189189189189,638
U1,J2 A_AND_NOT_B U3,1317,28,28,0,1289,163,1.0,0.02126044039483675,0.04163568773234201,0.12905405405405404,1289
U4,F3 B_AND_NOT_A J3,762,56,17,39,745,679,0.30357142857142855,0.02230971128608924,0.041564792176039124,0.4702702702702703,784
J3,F1 A_AND_NOT_B H1,78,407,10,397,68,1005,0.02457002457002457,0.1282051282051282,0.04123711340206185,0.6858108108108109,465
J4,J5 XOR U3,68,1048,23,1025,45,387,0.02194656488549618,0.3382352941176471,0.04121863799283154,0.27702702702702703,1070
J4,F1 XOR J3,68,766,17,749,51,663,0.022193211488250653,0.25,0.040767386091127095,0.4594594594594595,800
F2,F3 AND J5,964,20,20,0,944,516,1.0,0.02074688796680498,0.04065040650406504,0.3621621621621622,944
J2,S1 AND U3,99,197,6,191,93,1190,0.030456852791878174,0.06060606060606061,0.04054054054054054,0.8081081081081081,284
F2,J2 A_AND_NOT_B U3,964,28,20,8,944,508,0.7142857142857143,0.02074688796680498,0.04032258064516129,0.3567567567567568,952
H1,J4 XOR J5,630,16,13,3,617,847,0.8125,0.020634920634920634,0.04024767801857585,0.581081081081081,620
U1,F1 B_AND_NOT_A J2,1317,27,27,0,1290,163,1.0,0.02050113895216401,0.040178571428571425,0.12837837837837837,1290
U4,F3 AND J1,762,35,16,19,746,699,0.45714285714285713,0.02099737532808399,0.040150564617314935,0.4831081081081081,765
F2,J1 A_AND_NOT_B J2,964,33,20,13,944,503,0.6060606060606061,0.02074688796680498,0.04012036108324975,0.3533783783783784,957
F2,J1 XOR J2,964,33,20,13,944,503,0.6060606060606061,0.02074688796680498,0.04012036108324975,0.3533783783783784,957
H1,F3 AND J5,630,20,13,7,617,843,0.65,0.020634920634920634,0.039999999999999994,0.5783783783783784,624
U3,J4 AND U4,1080,23,22,1,1058,399,0.9565217391304348,0.020370370370370372,0.03989120580235721,0.28445945945945944,1059
U3,J5 AND U4,1080,23,22,1,1058,399,0.9565217391304348,0.020370370370370372,0.03989120580235721,0.28445945945945944,1059
H1,J5 AND U4,630,23,13,10,617,840,0.5652173913043478,0.020634920634920634,0.039816232771822356,0.5763513513513514,627
U3,F3 AND J2,1080,30,22,8,1058,392,0.7333333333333333,0.020370370370370372,0.039639639639639644,0.2797297297297297,1066
J2,J4 AND S1,99,2,2,0,97,1381,1.0,0.020202020202020204,0.03960396039603961,0.9344594594594594,97
J2,J5 AND S1,99,2,2,0,97,1381,1.0,0.020202020202020204,0.03960396039603961,0.9344594594594594,97
J4,J1 A_AND_NOT_B J2,68,33,2,31,66,1381,0.06060606060606061,0.029411764705882353,0.039603960396039604,0.9344594594594594,97
J4,J1 XOR J2,68,33,2,31,66,1381,0.06060606060606061,0.029411764705882353,0.039603960396039604,0.9344594594594594,97
J1,F2 A_AND_NOT_B J2,132,878,20,858,112,490,0.022779043280182234,0.15151515151515152,0.039603960396039604,0.34459459459459457,970
J3,J1 XOR U3,78,1034,22,1012,56,390,0.02127659574468085,0.28205128205128205,0.03956834532374101,0.27837837837837837,1068
U3,J2 XOR J5,1080,33,22,11,1058,389,0.6666666666666666,0.020370370370370372,0.039532794249775384,0.2777027027027027,1069
U3,J2 A_AND_NOT_B J4,1080,34,22,12,1058,388,0.6470588235294118,0.020370370370370372,0.03949730700179534,0.27702702702702703,1070
J5,J3 XOR U3,70,1044,22,1022,48,388,0.0210727969348659,0.3142857142857143,0.03949730700179533,0.27702702702702703,1070
J5,J4 XOR U3,70,1044,22,1022,48,388,0.0210727969348659,0.3142857142857143,0.03949730700179533,0.27702702702702703,1070
J5,H1 B_AND_NOT_A U1,70,690,15,675,55,735,0.021739130434782608,0.21428571428571427,0.03947368421052631,0.5067567567567568,730
J5,H1 XOR U1,70,693,15,678,55,732,0.021645021645021644,0.21428571428571427,0.039318479685452164,0.5047297297297297,733
J2,J3 AND S1,99,3,2,1,97,1380,0.6666666666666666,0.020202020202020204,0.03921568627450981,0.9337837837837838,98
F1,J5 A_AND_NOT_B U3,800,19,16,3,784,677,0.8421052631578947,0.02,0.03907203907203907,0.46824324324324323,787
J2,J4 B_AND_NOT_A U3,99,1028,22,1006,77,375,0.021400778210116732,0.2222222222222222,0.039041703637976925,0.2682432432432432,1083
S1,J2 OR U2,514,101,12,89,502,877,0.1188118811881188,0.023346303501945526,0.03902439024390244,0.6006756756756757,591
S1,J2 XOR U2,514,101,12,89,502,877,0.1188118811881188,0.023346303501945526,0.03902439024390244,0.6006756756756757,591
F1,J3 A_AND_NOT_B U3,800,21,16,5,784,675,0.7619047619047619,0.02,0.0389768574908648,0.4668918918918919,789
U1,F2 B_AND_NOT_A J1,1317,26,26,0,1291,163,1.0,0.019741837509491267,0.0387192851824274,0.1277027027027027,1291
U1,J3 AND U4,1317,26,26,0,1291,163,1.0,0.019741837509491267,0.0387192851824274,0.1277027027027027,1291
F2,F1 B_AND_NOT_A J3,964,22,19,3,945,513,0.8636363636363636,0.01970954356846473,0.038539553752535496,0.35945945945945945,948
U3,F1 B_AND_NOT_A J2,1080,27,21,6,1059,394,0.7777777777777778,0.019444444444444445,0.037940379403794036,0.28040540540540543,1065
U3,J2 A_AND_NOT_B J3,1080,31,21,10,1059,390,0.6774193548387096,0.019444444444444445,0.037803780378037805,0.2777027027027027,1069
U3,J2 A_AND_NOT_B J5,1080,31,21,10,1059,390,0.6774193548387096,0.019444444444444445,0.037803780378037805,0.2777027027027027,1069
J5,F1 A_AND_NOT_B H1,70,407,9,398,61,1012,0.022113022113022112,0.12857142857142856,0.03773584905660378,0.6898648648648649,459
J1,J2 B_AND_NOT_A S1,132,504,12,492,120,856,0.023809523809523808,0.09090909090909091,0.03773584905660377,0.5864864864864865,612
J3,J4 XOR U3,78,1044,21,1023,57,379,0.020114942528735632,0.2692307692307692,0.03743315508021391,0.2702702702702703,1080
J2,J3 B_AND_NOT_A U3,99,1023,21,1002,78,379,0.020527859237536656,0.21212121212121213,0.0374331550802139,0.2702702702702703,1080
J2,J5 B_AND_NOT_A U3,99,1029,21,1008,78,373,0.02040816326530612,0.21212121212121213,0.03723404255319149,0.2662162162162162,1086
H1,F1 B_AND_NOT_A J5,630,18,12,6,618,844,0.6666666666666666,0.01904761904761905,0.037037037037037035,0.5783783783783784,624
F1,J4 XOR J5,800,16,15,1,785,679,0.9375,0.01875,0.03676470588235294,0.4689189189189189,786
F2,F1 B_AND_NOT_A J2,964,27,18,9,946,507,0.6666666666666666,0.01867219917012448,0.036326942482341064,0.3547297297297297,955
J3,F2 XOR U1,78,365,8,357,70,1045,0.021917808219178082,0.10256410256410256,0.03611738148984199,0.7114864864864865,427
F3,J4 XOR J5,318,16,6,10,312,1152,0.375,0.018867924528301886,0.03592814371257485,0.7824324324324324,322
F3,J3 XOR J5,318,18,6,12,312,1150,0.3333333333333333,0.018867924528301886,0.03571428571428571,0.7810810810810811,324
U4,F3 AND J2,762,30,14,16,748,702,0.4666666666666667,0.01837270341207349,0.03535353535353535,0.4837837837837838,764
S1,J2 OR J3,514,109,11,98,503,868,0.10091743119266056,0.021400778210116732,0.03531300160513643,0.5939189189189189,601
U4,J2 XOR J3,762,41,14,27,748,691,0.34146341463414637,0.01837270341207349,0.034869240348692404,0.47635135135135137,775
J3,F2 B_AND_NOT_A H1,78,152,4,148,74,1254,0.02631578947368421,0.05128205128205128,0.034782608695652174,0.85,222
S1,J2 A_AND_NOT_B U4,514,63,10,53,504,913,0.15873015873015872,0.019455252918287938,0.034662045060658585,0.6236486486486487,557
U4,F3 B_AND_NOT_A J4,762,46,14,32,748,686,0.30434782608695654,0.01837270341207349,0.034653465346534656,0.47297297297297297,780
F2,J3 XOR J5,964,18,17,1,947,515,0.9444444444444444,0.017634854771784232,0.034623217922606926,0.35945945945945945,948
J3,F2 XOR J5,78,904,17,887,61,515,0.018805309734513276,0.21794871794871795,0.034623217922606926,0.35945945945945945,948
U4,F3 B_AND_NOT_A J5,762,50,14,36,748,682,0.28,0.01837270341207349,0.034482758620689655,0.4702702702702703,784
J5,J1 XOR U3,70,1034,19,1015,51,395,0.0183752417794971,0.2714285714285714,0.034420289855072464,0.2797297297297297,1066
J4,J2 XOR U3,68,1037,19,1018,49,394,0.01832208293153327,0.27941176470588236,0.034389140271493215,0.27905405405405403,1067
U1,J4 AND U4,1317,23,23,0,1294,163,1.0,0.017463933181473046,0.034328358208955224,0.12567567567567567,1294
U1,J5 AND U4,1317,23,23,0,1294,163,1.0,0.017463933181473046,0.034328358208955224,0.12567567567567567,1294
J5,J2 XOR U3,70,1037,19,1018,51,392,0.01832208293153327,0.2714285714285714,0.03432700993676604,0.2777027027027027,1069
S1,F3 B_AND_NOT_A J2,514,69,10,59,504,907,0.14492753623188406,0.019455252918287938,0.03430531732418524,0.6195945945945946,563
S1,F2 B_AND_NOT_A J2,514,13,9,4,505,962,0.6923076923076923,0.017509727626459144,0.03415559772296015,0.6560810810810811,509
U4,H1 AND J3,762,61,14,47,748,671,0.22950819672131148,0.01837270341207349,0.03402187120291615,0.46283783783783783,795
J2,F2 B_AND_NOT_A U3,99,195,5,190,94,1191,0.02564102564102564,0.050505050505050504,0.03401360544217687,0.8081081081081081,284
H1,F1 B_AND_NOT_A J4,630,17,11,6,619,844,0.6470588235294118,0.01746031746031746,0.03400309119010819,0.5777027027027027,625
U4,H1 AND J2,762,68,14,54,748,664,0.20588235294117646,0.01837270341207349,0.033734939759036145,0.4581081081081081,802
J4,H1 B_AND_NOT_A U4,68,644,12,632,56,780,0.018633540372670808,0.17647058823529413,0.033707865168539325,0.5351351351351351,688
H1,F3 A_AND_NOT_B U3,630,23,11,12,619,838,0.4782608695652174,0.01746031746031746,0.033690658499234305,0.5736486486486486,631
H1,J4 AND U4,630,23,11,12,619,838,0.4782608695652174,0.01746031746031746,0.033690658499234305,0.5736486486486486,631
J3,F1 B_AND_NOT_A U4,78,279,6,273,72,1129,0.021505376344086023,0.07692307692307693,0.03361344537815126,0.7668918918918919,345
S1,F1 B_AND_NOT_A J2,514,27,9,18,505,948,0.3333333333333333,0.017509727626459144,0.03327171903881701,0.6466216216216216,523
J3,H1 B_AND_NOT_A U4,78,644,12,632,66,770,0.018633540372670808,0.15384615384615385,0.03324099722991689,0.5283783783783784,698
U1,F3 AND J3,1317,22,22,0,1295,163,1.0,0.016704631738800303,0.03286034353995519,0.125,1295
U1,F3 AND J4,1317,22,22,0,1295,163,1.0,0.016704631738800303,0.03286034353995519,0.125,1295
U1,J1 AND S1,1317,22,22,0,1295,163,1.0,0.016704631738800303,0.03286034353995519,0.125,1295
U1,F3 A_AND_NOT_B U3,1317,23,22,1,1295,162,0.9565217391304348,0.016704631738800303,0.03283582089552239,0.12432432432432433,1296
U4,J2 A_AND_NOT_B J5,762,31,13,18,749,700,0.41935483870967744,0.01706036745406824,0.03278688524590164,0.4817567567567568,767
J2,F3 B_AND_NOT_A S1,99,512,10,502,89,879,0.01953125,0.10101010101010101,0.03273322422258593,0.6006756756756757,591
J2,S1 A_AND_NOT_B U2,99,512,10,502,89,879,0.01953125,0.10101010101010101,0.03273322422258593,0.6006756756756757,591
J2,S1 XOR U2,99,512,10,502,89,879,0.01953125,0.10101010101010101,0.03273322422258593,0.6006756756756757,591
U4,J1 A_AND_NOT_B J2,762,33,13,20,749,698,0.3939393939393939,0.01706036745406824,0.03270440251572327,0.4804054054054054,769
U4,J1 XOR J2,762,33,13,20,749,698,0.3939393939393939,0.01706036745406824,0.03270440251572327,0.4804054054054054,769
U4,J2 XOR J5,762,33,13,20,749,698,0.3939393939393939,0.01706036745406824,0.03270440251572327,0.4804054054054054,769
U3,F3 AND J3,1080,22,18,4,1062,396,0.8181818181818182,0.016666666666666666,0.032667876588021776,0.2797297297297297,1066
U3,F3 AND J4,1080,22,18,4,1062,396,0.8181818181818182,0.016666666666666666,0.032667876588021776,0.2797297297297297,1066
U4,J2 A_AND_NOT_B J4,762,34,13,21,749,697,0.38235294117647056,0.01706036745406824,0.03266331658291457,0.4797297297297297,770
F2,J4 XOR J5,964,16,16,0,948,516,1.0,0.016597510373443983,0.0326530612244898,0.35945945945945945,948
J2,S1 OR U2,99,514,10,504,89,877,0.019455252918287938,0.10101010101010101,0.03262642740619902,0.5993243243243244,593
S1,J1 AND J2,514,99,10,89,504,877,0.10101010101010101,0.019455252918287938,0.03262642740619902,0.5993243243243244,593
S1,J2 AND U1,514,99,10,89,504,877,0.10101010101010101,0.019455252918287938,0.03262642740619902,0.5993243243243244,593
S1,J2 A_AND_NOT_B U2,514,99,10,89,504,877,0.10101010101010101,0.019455252918287938,0.03262642740619902,0.5993243243243244,593
F2,F1 B_AND_NOT_A J5,964,18,16,2,948,514,0.8888888888888888,0.016597510373443983,0.032586558044806514,0.3581081081081081,950
U4,J2 XOR J4,762,37,13,24,749,694,0.35135135135135137,0.01706036745406824,0.03254067584480601,0.4777027027027027,773
S1,J2 OR J5,514,101,10,91,504,875,0.09900990099009901,0.019455252918287938,0.032520325203252036,0.597972972972973,595
F2,J3 A_AND_NOT_B U3,964,21,16,5,948,511,0.7619047619047619,0.016597510373443983,0.03248730964467005,0.3560810810810811,953
S1,J2 OR J4,514,102,10,92,504,874,0.09803921568627451,0.019455252918287938,0.032467532467532464,0.5972972972972973,596
S1,J2 XOR J3,514,41,9,32,505,934,0.21951219512195122,0.017509727626459144,0.032432432432432434,0.6371621621621621,537
U3,J1 A_AND_NOT_B J2,1080,33,18,15,1062,385,0.5454545454545454,0.016666666666666666,0.032345013477088944,0.2722972972972973,1077
U3,J1 XOR J2,1080,33,18,15,1062,385,0.5454545454545454,0.016666666666666666,0.032345013477088944,0.2722972972972973,1077
U4,F1 B_AND_NOT_A J1,762,49,13,36,749,682,0.2653061224489796,0.01706036745406824,0.032059186189889025,0.46959459459459457,785
F1,J4 A_AND_NOT_B U3,800,16,13,3,787,677,0.8125,0.01625,0.031862745098039214,0.46621621621621623,790
U4,H1 AND J5,762,55,13,42,749,676,0.23636363636363636,0.01706036745406824,0.03182374541003673,0.46554054054054056,791
S1,H1 AND U4,514,118,10,108,504,858,0.0847457627118644,0.019455252918287938,0.03164556962025317,0.5864864864864865,612
J1,J2 B_AND_NOT_A U3,132,1009,18,991,114,357,0.017839444995044598,0.13636363636363635,0.0315512708150745,0.2533783783783784,1105
U1,J3 A_AND_NOT_B U3,1317,21,21,0,1296,163,1.0,0.015945330296127564,0.03139013452914798,0.12432432432432433,1296
S1,F2 XOR J2,514,891,22,869,492,97,0.024691358024691357,0.042801556420233464,0.03131672597864769,0.0804054054054054,1361
H1,J3 A_AND_NOT_B J5,630,13,10,3,620,847,0.7692307692307693,0.015873015873015872,0.031104199066874023,0.5790540540540541,623
J2,J4 B_AND_NOT_A U4,99,739,13,726,86,655,0.017591339648173207,0.13131313131313133,0.031026252983293555,0.45135135135135135,812
J2,J5 B_AND_NOT_A U4,99,739,13,726,86,655,0.017591339648173207,0.13131313131313133,0.031026252983293555,0.45135135135135135,812
J1,F2 B_AND_NOT_A U4,132,191,5,186,127,1162,0.02617801047120419,0.03787878787878788,0.030959752321981428,0.7885135135135135,313
F1,F2 XOR U1,800,365,18,347,782,333,0.049315068493150684,0.0225,0.030901287553648068,0.23716216216216215,1129
J4,J1 XOR U3,68,1034,17,1017,51,395,0.01644100580270793,0.25,0.030852994555353903,0.27837837837837837,1068
U3,F1 B_AND_NOT_A J3,1080,22,17,5,1063,395,0.7727272727272727,0.01574074074074074,0.0308529945553539,0.27837837837837837,1068
S1,F2 OR J2,514,977,23,954,491,12,0.02354145342886387,0.04474708171206226,0.03085177733065057,0.02364864864864865,1445
U4,H1 B_AND_NOT_A J4,762,16,12,4,750,714,0.75,0.015748031496062992,0.030848329048843187,0.4905405405405405,754
U4,H1 B_AND_NOT_A J3,762,17,12,5,750,713,0.7058823529411765,0.015748031496062992,0.030808729139922976,0.48986486486486486,755
J3,H1 A_AND_NOT_B J5,78,575,10,565,68,837,0.017391304347826087,0.1282051282051282,0.030627871362940276,0.5722972972972973,633
F2,F1 B_AND_NOT_A J4,964,17,15,2,949,514,0.8823529411764706,0.015560165975103735,0.030581039755351685,0.35743243243243245,951
F2,H1 B_AND_NOT_A J3,964,17,15,2,949,514,0.8823529411764706,0.015560165975103735,0.030581039755351685,0.35743243243243245,951
F2,J5 A_AND_NOT_B U3,964,19,15,4,949,512,0.7894736842105263,0.015560165975103735,0.030518819938962362,0.3560810810810811,953
J1,J2 B_AND_NOT_A U4,132,726,13,713,119,635,0.01790633608815427,0.09848484848484848,0.030303030303030304,0.43783783783783786,832
U4,J2 A_AND_NOT_B J3,762,31,12,19,750,699,0.3870967741935484,0.015748031496062992,0.030264817150063055,0.4804054054054054,769
J2,F2 B_AND_NOT_A S1,99,500,9,491,90,890,0.018,0.09090909090909091,0.030050083472454088,0.6074324324324324,581
S1,F1 XOR J2,514,755,19,736,495,230,0.025165562913907286,0.03696498054474708,0.029944838455476755,0.16824324324324325,1231
U1,F3 AND J5,1317,20,20,0,1297,163,1.0,0.015186028853454821,0.029917726252804786,0.12364864864864865,1297
J2,F1 B_AND_NOT_A S1,99,503,9,494,90,887,0.017892644135188866,0.09090909090909091,0.02990033222591362,0.6054054054054054,584
U1,F1 B_AND_NOT_A J3,1317,22,20,2,1297,161,0.9090909090909091,0.015186028853454821,0.029873039581777446,0.1222972972972973,1299
J1,J3 A_AND_NOT_B U1,132,2,2,0,130,1348,1.0,0.015151515151515152,0.02985074626865672,0.9121621621621622,130
J1,J4 AND S1,132,2,2,0,130,1348,1.0,0.015151515151515152,0.02985074626865672,0.9121621621621622,130
J1,J5 AND S1,132,2,2,0,130,1348,1.0,0.015151515151515152,0.02985074626865672,0.9121621621621622,130
S1,J1 AND U3,514,89,9,80,505,886,0.10112359550561797,0.017509727626459144,0.029850746268656716,0.6047297297297297,585
S1,F1 OR J2,514,827,20,807,494,159,0.02418379685610641,0.038910505836575876,0.029828486204325128,0.12094594594594595,1301
F3,U3 B_AND_NOT_A U4,318,152,7,145,311,1017,0.046052631578947366,0.0220125786163522,0.02978723404255319,0.6918918918918919,456
F3,J5 A_AND_NOT_B U3,318,19,5,14,313,1148,0.2631578947368421,0.015723270440251572,0.029673590504451036,0.779054054054054,327
J1,H1 A_AND_NOT_B U1,132,3,2,1,130,1347,0.6666666666666666,0.015151515151515152,0.02962962962962963,0.9114864864864864,131
J1,J2 B_AND_NOT_A J4,132,3,2,1,130,1347,0.6666666666666666,0.015151515151515152,0.02962962962962963,0.9114864864864864,131
J1,U1 B_AND_NOT_A U3,132,4,2,2,130,1346,0.5,0.015151515151515152,0.029411764705882356,0.9108108108108108,132
S1,J2 A_AND_NOT_B J3,514,31,8,23,506,943,0.25806451612903225,0.01556420233463035,0.029357798165137616,0.6425675675675676,529
S1,J2 A_AND_NOT_B J5,514,31,8,23,506,943,0.25806451612903225,0.01556420233463035,0.029357798165137616,0.6425675675675676,529
F1,J3 XOR J5,800,18,12,6,788,674,0.6666666666666666,0.015,0.029339853300733493,0.4635135135135135,794
S1,J2 XOR J5,514,33,8,25,506,941,0.24242424242424243,0.01556420233463035,0.029250457038391225,0.6412162162162162,531
S1,J2 A_AND_NOT_B J4,514,34,8,26,506,940,0.23529411764705882,0.01556420233463035,0.029197080291970802,0.6405405405405405,532
S1,J2 XOR J4,514,37,8,29,506,937,0.21621621621621623,0.01556420233463035,0.029038112522686028,0.6385135135135135,535
J1,F2 A_AND_NOT_B U1,132,6,2,4,130,1344,0.3333333333333333,0.015151515151515152,0.028985507246376812,0.9094594594594595,134
J3,F2 XOR J2,78,891,14,877,64,525,0.015712682379349047,0.1794871794871795,0.02889576883384933,0.3641891891891892,941
J4,J3 XOR U3,68,1044,16,1028,52,384,0.01532567049808429,0.23529411764705882,0.02877697841726618,0.2702702702702703,1080
J2,J3 B_AND_NOT_A U4,99,736,12,724,87,657,0.016304347826086956,0.12121212121212122,0.02874251497005988,0.452027027027027,811
J5,F2 XOR J4,70,906,14,892,56,518,0.01545253863134658,0.2,0.02868852459016394,0.35945945945945945,948
F2,H1 B_AND_NOT_A J4,964,16,14,2,950,514,0.875,0.014522821576763486,0.028571428571428574,0.3567567567567568,952
F3,J1 A_AND_NOT_B J2,318,33,5,28,313,1134,0.15151515151515152,0.015723270440251572,0.028490028490028487,0.7695945945945946,341
F3,J1 XOR J2,318,33,5,28,313,1134,0.15151515151515152,0.015723270440251572,0.028490028490028487,0.7695945945945946,341
J3,F2 XOR J4,78,906,14,892,64,510,0.01545253863134658,0.1794871794871795,0.02845528455284553,0.35405405405405405,956
U1,J5 A_AND_NOT_B U3,1317,19,19,0,1298,163,1.0,0.01442672741078208,0.02844311377245509,0.12297297297297298,1298
J4,F1 B_AND_NOT_A F3,68,3,1,2,67,1410,0.3333333333333333,0.014705882352941176,0.028169014084507043,0.9533783783783784,69
J4,J1 B_AND_NOT_A J3,68,3,1,2,67,1410,0.3333333333333333,0.014705882352941176,0.028169014084507043,0.9533783783783784,69
H1,J2 B_AND_NOT_A J3,630,10,9,1,621,849,0.9,0.014285714285714285,0.028125,0.5797297297297297,622
H1,J3 A_AND_NOT_B J4,630,10,9,1,621,849,0.9,0.014285714285714285,0.028125,0.5797297297297297,622
H1,J3 XOR J4,630,10,9,1,621,849,0.9,0.014285714285714285,0.028125,0.5797297297297297,622
J3,H1 A_AND_NOT_B J2,78,562,9,553,69,849,0.01601423487544484,0.11538461538461539,0.028125,0.5797297297297297,622
J5,H1 B_AND_NOT_A U4,70,644,10,634,60,776,0.015527950310559006,0.14285714285714285,0.028011204481792718,0.5310810810810811,694
H1,F2 B_AND_NOT_A J2,630,13,9,4,621,846,0.6923076923076923,0.014285714285714285,0.027993779160186628,0.5777027027027027,625
H1,F1 A_AND_NOT_B F2,630,14,9,5,621,845,0.6428571428571429,0.014285714285714285,0.027950310559006215,0.577027027027027,626
S1,F3 XOR J2,514,357,12,345,502,621,0.03361344537815126,0.023346303501945526,0.027554535017221587,0.4277027027027027,847
J3,F2 B_AND_NOT_A U1,78,359,6,353,72,1049,0.016713091922005572,0.07692307692307693,0.027459954233409613,0.7128378378378378,425
J3,H1 A_AND_NOT_B J4,78,578,9,569,69,833,0.015570934256055362,0.11538461538461539,0.027439024390243906,0.5689189189189189,638
J5,F1 B_AND_NOT_A F3,70,3,1,2,69,1408,0.3333333333333333,0.014285714285714285,0.0273972602739726,0.952027027027027,71
U3,H1 B_AND_NOT_A J4,1080,16,15,1,1065,399,0.9375,0.013888888888888888,0.027372262773722626,0.2797297297297297,1066
U3,H1 B_AND_NOT_A J3,1080,17,15,2,1065,398,0.8823529411764706,0.013888888888888888,0.027347310847766634,0.27905405405405403,1067
U3,F1 B_AND_NOT_A J5,1080,18,15,3,1065,397,0.8333333333333334,0.013888888888888888,0.0273224043715847,0.27837837837837837,1068
J4,F2 B_AND_NOT_A H1,68,152,3,149,65,1263,0.019736842105263157,0.04411764705882353,0.02727272727272727,0.8554054054054054,214
U3,F3 AND J5,1080,20,15,5,1065,395,0.75,0.013888888888888888,0.02727272727272727,0.27702702702702703,1070
J5,F2 B_AND_NOT_A H1,70,152,3,149,67,1261,0.019736842105263157,0.04285714285714286,0.02702702702702703,0.8540540540540541,216
U4,H1 AND J4,762,52,11,41,751,677,0.21153846153846154,0.014435695538057743,0.027027027027027025,0.4648648648648649,792
U1,F1 B_AND_NOT_A J5,1317,18,18,0,1299,163,1.0,0.01366742596810934,0.02696629213483146,0.1222972972972973,1299
S1,F3 OR J2,514,387,12,375,502,591,0.031007751937984496,0.023346303501945526,0.026637069922308545,0.40743243243243243,877
F2,H1 B_AND_NOT_A J5,964,15,13,2,951,514,0.8666666666666667,0.013485477178423237,0.02655771195097038,0.3560810810810811,953
J2,F1 B_AND_NOT_A U4,99,279,5,274,94,1107,0.017921146953405017,0.050505050505050504,0.026455026455026457,0.7513513513513513,368
J2,F2 XOR J1,99,884,13,871,86,510,0.014705882352941176,0.13131313131313133,0.026449643947100712,0.3533783783783784,957
F1,J1 A_AND_NOT_B J2,800,33,11,22,789,658,0.3333333333333333,0.01375,0.02641056422569028,0.452027027027027,811
F1,J1 XOR J2,800,33,11,22,789,658,0.3333333333333333,0.01375,0.02641056422569028,0.452027027027027,811
J2,J3 B_AND_NOT_A S1,99,511,8,503,91,878,0.015655577299412915,0.08080808080808081,0.026229508196721308,0.5986486486486486,594
J2,J4 B_AND_NOT_A S1,99,512,8,504,91,877,0.015625,0.08080808080808081,0.02618657937806874,0.597972972972973,595
J2,J5 B_AND_NOT_A S1,99,512,8,504,91,877,0.015625,0.08080808080808081,0.02618657937806874,0.597972972972973,595
U4,H1 B_AND_NOT_A J5,762,15,10,5,752,713,0.6666666666666666,0.013123359580052493,0.02574002574002574,0.4885135135135135,757
J1,F1 A_AND_NOT_B J2,132,728,11,717,121,631,0.01510989010989011,0.08333333333333333,0.02558139534883721,0.4337837837837838,838
U3,H1 B_AND_NOT_A J5,1080,15,14,1,1066,399,0.9333333333333333,0.012962962962962963,0.025570776255707764,0.27905405405405403,1067
U3,F1 B_AND_NOT_A J4,1080,17,14,3,1066,397,0.8235294117647058,0.012962962962962963,0.02552415679124886,0.2777027027027027,1069
U3,J3 XOR J5,1080,18,14,4,1066,396,0.7777777777777778,0.012962962962962963,0.025500910746812384,0.27702702702702703,1070
U1,F1 B_AND_NOT_A J4,1317,17,17,0,1300,163,1.0,0.012908124525436599,0.025487256371814097,0.12162162162162163,1300
U1,H1 B_AND_NOT_A J3,1317,17,17,0,1300,163,1.0,0.012908124525436599,0.025487256371814097,0.12162162162162163,1300
J3,J1 B_AND_NOT_A J4,78,1,1,0,77,1402,1.0,0.01282051282051282,0.02531645569620253,0.947972972972973,77
H1,J4 B_AND_NOT_A J5,630,9,8,1,622,849,0.8888888888888888,0.012698412698412698,0.025039123630672927,0.5790540540540541,623
H1,F2 AND S1,630,14,8,6,622,844,0.5714285714285714,0.012698412698412698,0.02484472049689441,0.5756756756756757,628
J3,F1 B_AND_NOT_A F3,78,3,1,2,77,1400,0.3333333333333333,0.01282051282051282,0.024691358024691357,0.9466216216216217,79
J5,H1 A_AND_NOT_B J4,70,578,8,570,62,840,0.01384083044982699,0.11428571428571428,0.024691358024691357,0.572972972972973,632
J4,F2 XOR J5,68,904,12,892,56,520,0.01327433628318584,0.17647058823529413,0.024691358024691357,0.35945945945945945,948
F3,J4 A_AND_NOT_B J5,318,7,4,3,314,1159,0.5714285714285714,0.012578616352201259,0.02461538461538462,0.7858108108108108,317
F1,F2 AND S1,800,14,10,4,790,676,0.7142857142857143,0.0125,0.024570024570024575,0.4635135135135135,794
F2,J3 A_AND_NOT_B J5,964,13,12,1,952,515,0.9230769230769231,0.012448132780082987,0.02456499488229273,0.3560810810810811,953
J3,F2 A_AND_NOT_B J5,78,899,12,887,66,515,0.013348164627363738,0.15384615384615385,0.02456499488229273,0.3560810810810811,953
F1,H1 B_AND_NOT_A J4,800,16,10,6,790,674,0.625,0.0125,0.02450980392156863,0.46216216216216216,796
F2,J4 A_AND_NOT_B U3,964,16,12,4,952,512,0.75,0.012448132780082987,0.02448979591836735,0.35405405405405405,956
F1,H1 B_AND_NOT_A J3,800,17,10,7,790,673,0.5882352941176471,0.0125,0.024479804161566712,0.4614864864864865,797
H1,F2 B_AND_NOT_A U4,630,191,10,181,620,669,0.05235602094240838,0.015873015873015872,0.024360535931790498,0.45878378378378376,801
H1,S1 AND U4,630,191,10,181,620,669,0.05235602094240838,0.015873015873015872,0.024360535931790498,0.45878378378378376,801
F3,J3 A_AND_NOT_B J5,318,13,4,9,314,1153,0.3076923076923077,0.012578616352201259,0.02416918429003021,0.7817567567567567,323
F1,F2 B_AND_NOT_A U1,800,359,14,345,786,335,0.03899721448467967,0.0175,0.024158757549611738,0.23581081081081082,1131
J1,H1 B_AND_NOT_A S1,132,366,6,360,126,988,0.01639344262295082,0.045454545454545456,0.024096385542168676,0.6716216216216216,486
S1,F2 XOR J3,514,898,17,881,497,85,0.01893095768374165,0.033073929961089495,0.024079320113314446,0.06891891891891892,1378
U1,H1 B_AND_NOT_A J4,1317,16,16,0,1301,163,1.0,0.012148823082763858,0.024006001500375098,0.12094594594594595,1301
U1,J4 XOR J5,1317,16,16,0,1301,163,1.0,0.012148823082763858,0.024006001500375098,0.12094594594594595,1301
U1,J4 A_AND_NOT_B U3,1317,16,16,0,1301,163,1.0,0.012148823082763858,0.024006001500375098,0.12094594594594595,1301
U1,J3 XOR J5,1317,18,16,2,1301,161,0.8888888888888888,0.012148823082763858,0.02397003745318352,0.1195945945945946,1303
F3,J4 A_AND_NOT_B U3,318,16,4,12,314,1150,0.25,0.012578616352201259,0.023952095808383235,0.7797297297297298,326
J2,U3 B_AND_NOT_A U4,99,152,3,149,96,1232,0.019736842105263157,0.030303030303030304,0.02390438247011952,0.8344594594594594,245
J1,F3 A_AND_NOT_B J2,132,288,5,283,127,1065,0.017361111111111112,0.03787878787878788,0.02380952380952381,0.722972972972973,410
U3,J4 XOR J5,1080,16,13,3,1067,397,0.8125,0.012037037037037037,0.023722627737226276,0.27702702702702703,1070
F3,J3 A_AND_NOT_B U3,318,21,4,17,314,1145,0.19047619047619047,0.012578616352201259,0.023598820058997053,0.7763513513513514,331
J4,F2 B_AND_NOT_A U1,68,359,5,354,63,1058,0.013927576601671309,0.07352941176470588,0.023419203747072598,0.7182432432432433,417
J5,F2 B_AND_NOT_A U1,70,359,5,354,65,1056,0.013927576601671309,0.07142857142857142,0.02331002331002331,0.7168918918918918,419
J4,F2 XOR U1,68,365,5,360,63,1052,0.0136986301369863,0.07352941176470588,0.023094688221709004,0.7141891891891892,423
J4,F1 B_AND_NOT_A U4,68,279,4,275,64,1137,0.014336917562724014,0.058823529411764705,0.023054755043227668,0.7709459459459459,339
U4,F3 AND J5,762,20,9,11,753,707,0.45,0.011811023622047244,0.023017902813299233,0.4837837837837838,764
J5,F2 XOR U1,70,365,5,360,65,1050,0.0136986301369863,0.07142857142857142,0.022988505747126436,0.7128378378378378,425
U4,F3 AND J3,762,22,9,13,753,705,0.4090909090909091,0.011811023622047244,0.022959183673469385,0.48243243243243245,766
U4,F3 AND J4,762,22,9,13,753,705,0.4090909090909091,0.011811023622047244,0.022959183673469385,0.48243243243243245,766
J5,F1 B_AND_NOT_A U4,70,279,4,275,66,1135,0.014336917562724014,0.05714285714285714,0.022922636103151862,0.7695945945945946,341
S1,F2 OR J3,514,970,17,953,497,13,0.01752577319587629,0.033073929961089495,0.022911051212938006,0.02027027027027027,1450
S1,F2 XOR J5,514,904,16,888,498,78,0.017699115044247787,0.0311284046692607,0.022566995768688293,0.06351351351351352,1386
S1,F2 XOR J4,514,906,16,890,498,76,0.017660044150110375,0.0311284046692607,0.02253521126760563,0.062162162162162166,1388
U1,H1 B_AND_NOT_A J5,1317,15,15,0,1302,163,1.0,0.011389521640091117,0.02252252252252252,0.12027027027027028,1302
F1,H1 B_AND_NOT_A J5,800,15,9,6,791,674,0.6,0.01125,0.022085889570552148,0.4614864864864865,797
U4,H1 AND S1,762,148,10,138,752,580,0.06756756756756757,0.013123359580052493,0.02197802197802198,0.39864864864864863,890
U3,F2 AND S1,1080,14,12,2,1068,398,0.8571428571428571,0.011111111111111112,0.021937842778793418,0.27702702702702703,1070
U4,F2 B_AND_NOT_A H1,762,152,10,142,752,576,0.06578947368421052,0.013123359580052493,0.02188183807439825,0.39594594594594595,894
S1,F1 XOR J3,514,766,14,752,500,214,0.018276762402088774,0.027237354085603113,0.021875,0.15405405405405406,1252
J4,F3 A_AND_NOT_B J5,68,298,4,294,64,1118,0.013422818791946308,0.058823529411764705,0.02185792349726776,0.7581081081081081,358
S1,F2 OR U2,514,966,16,950,498,16,0.016563146997929608,0.0311284046692607,0.021621621621621623,0.021621621621621623,1448
S1,F2 XOR U2,514,966,16,950,498,16,0.016563146997929608,0.0311284046692607,0.021621621621621623,0.021621621621621623,1448
S1,F2 OR J4,514,969,16,953,498,13,0.016511867905056758,0.0311284046692607,0.02157788267026298,0.019594594594594596,1451
S1,F2 OR J5,514,969,16,953,498,13,0.016511867905056758,0.0311284046692607,0.02157788267026298,0.019594594594594596,1451
S1,H1 B_AND_NOT_A J1,514,45,6,39,508,927,0.13333333333333333,0.011673151750972763,0.021466905187835426,0.6304054054054054,547
J3,F3 A_AND_NOT_B J5,78,298,4,294,74,1108,0.013422818791946308,0.05128205128205128,0.02127659574468085,0.7513513513513513,368
F2,S1 AND U1,964,357,14,343,950,173,0.0392156862745098,0.014522821576763486,0.021196063588190765,0.12635135135135134,1293
U1,F1 A_AND_NOT_B F2,1317,14,14,0,1303,163,1.0,0.010630220197418374,0.021036814425244174,0.1195945945945946,1303
U1,F2 AND S1,1317,14,14,0,1303,163,1.0,0.010630220197418374,0.021036814425244174,0.1195945945945946,1303
S1,F1 OR J3,514,822,14,808,500,158,0.0170316301703163,0.027237354085603113,0.02095808383233533,0.11621621621621622,1308
S1,F2 A_AND_NOT_B F3,514,646,12,634,502,332,0.018575851393188854,0.023346303501945526,0.020689655172413793,0.23243243243243245,1136
S1,F2 XOR F3,514,646,12,634,502,332,0.018575851393188854,0.023346303501945526,0.020689655172413793,0.23243243243243245,1136
F2,S1 AND U3,964,197,12,185,952,331,0.06091370558375635,0.012448132780082987,0.020671834625322995,0.23175675675675675,1137
J5,F2 XOR J3,70,898,10,888,60,522,0.011135857461024499,0.14285714285714285,0.02066115702479339,0.35945945945945945,948
S1,H1 AND J2,514,68,6,62,508,904,0.08823529411764706,0.011673151750972763,0.020618556701030927,0.6148648648648649,570
S1,J2 AND U3,514,71,6,65,508,901,0.08450704225352113,0.011673151750972763,0.020512820512820513,0.6128378378378379,573
F2,F1 AND S1,964,11,10,1,954,515,0.9090909090909091,0.01037344398340249,0.020512820512820513,0.3547297297297297,955
H1,U3 B_AND_NOT_A U4,630,152,8,144,622,706,0.05263157894736842,0.012698412698412698,0.020460358056265983,0.48243243243243245,766
S1,F1 XOR J4,514,766,13,753,501,213,0.016971279373368148,0.02529182879377432,0.0203125,0.1527027027027027,1254
S1,F1 XOR J5,514,766,13,753,501,213,0.016971279373368148,0.02529182879377432,0.0203125,0.1527027027027027,1254
S1,F1 OR F2,514,978,15,963,499,3,0.015337423312883436,0.029182879377431907,0.020107238605898123,0.012162162162162163,1462
S1,F2 A_AND_NOT_B J3,514,892,14,878,500,88,0.01569506726457399,0.027237354085603113,0.01991465149359886,0.06891891891891892,1378
U4,J1 A_AND_NOT_B U3,762,43,8,35,754,683,0.18604651162790697,0.010498687664041995,0.01987577639751553,0.4668918918918919,789
S1,F2 A_AND_NOT_B J5,514,899,14,885,500,81,0.01557285873192436,0.027237354085603113,0.01981599433828733,0.06418918918918919,1385
S1,F2 A_AND_NOT_B J4,514,901,14,887,500,79,0.01553829078801332,0.027237354085603113,0.019787985865724382,0.06283783783783783,1387
F1,J4 B_AND_NOT_A J5,800,9,8,1,792,679,0.8888888888888888,0.01,0.01977750309023486,0.46418918918918917,793
S1,F1 OR U2,514,802,13,789,501,177,0.016209476309226933,0.02529182879377432,0.01975683890577508,0.12837837837837837,1290
S1,F1 XOR U2,514,802,13,789,501,177,0.016209476309226933,0.02529182879377432,0.01975683890577508,0.12837837837837837,1290
F1,J3 A_AND_NOT_B J5,800,13,8,5,792,675,0.6153846153846154,0.01,0.01968019680196802,0.4614864864864865,797
J2,F1 B_AND_NOT_A F3,99,3,1,2,98,1379,0.3333333333333333,0.010101010101010102,0.019607843137254905,0.9324324324324325,100
U1,F2 B_AND_NOT_A J2,1317,13,13,0,1304,163,1.0,0.009870918754745633,0.019548872180451125,0.11891891891891893,1304
J5,F1 A_AND_NOT_B J4,70,749,8,741,62,669,0.010680907877169559,0.11428571428571428,0.019536019536019536,0.4574324324324324,803
S1,F1 OR J4,514,817,13,804,501,162,0.01591187270501836,0.02529182879377432,0.01953418482344102,0.11824324324324324,1305
S1,F1 OR J5,514,818,13,805,501,161,0.01589242053789731,0.02529182879377432,0.01951951951951952,0.11756756756756757,1306
J3,F1 A_AND_NOT_B J5,78,748,8,740,70,662,0.0106951871657754,0.10256410256410256,0.01937046004842615,0.4527027027027027,810
J2,S1 A_AND_NOT_B U3,99,317,4,313,95,1068,0.012618296529968454,0.04040404040404041,0.01923076923076923,0.7243243243243244,408
U4,H1 A_AND_NOT_B U3,762,79,8,71,754,647,0.10126582278481013,0.010498687664041995,0.01902497027348395,0.44256756756756754,825
S1,F2 AND U1,514,958,14,944,500,22,0.014613778705636743,0.027237354085603113,0.01902173913043478,0.024324324324324326,1444
F1,S1 AND U1,800,357,11,346,789,334,0.03081232492997199,0.01375,0.019014693171996545,0.23310810810810811,1135
F2,J3 B_AND_NOT_A S1,964,511,14,497,950,19,0.0273972602739726,0.014522821576763486,0.018983050847457626,0.0222972972972973,1447
F2,J4 B_AND_NOT_A S1,964,512,14,498,950,18,0.02734375,0.014522821576763486,0.018970189701897018,0.021621621621621623,1448
F2,J5 B_AND_NOT_A S1,964,512,14,498,950,18,0.02734375,0.014522821576763486,0.018970189701897018,0.021621621621621623,1448
F2,S1 A_AND_NOT_B U2,964,512,14,498,950,18,0.02734375,0.014522821576763486,0.018970189701897018,0.021621621621621623,1448
F2,S1 XOR U2,964,512,14,498,950,18,0.02734375,0.014522821576763486,0.018970189701897018,0.021621621621621623,1448
S1,F2 A_AND_NOT_B J1,514,858,13,845,501,121,0.015151515151515152,0.02529182879377432,0.018950437317784258,0.09054054054054055,1346
F2,S1 OR U2,964,514,14,500,950,16,0.027237354085603113,0.014522821576763486,0.018944519621109605,0.02027027027027027,1450
S1,F2 OR F3,514,964,14,950,500,16,0.014522821576763486,0.027237354085603113,0.018944519621109605,0.02027027027027027,1450
S1,F2 A_AND_NOT_B U2,514,964,14,950,500,16,0.014522821576763486,0.027237354085603113,0.018944519621109605,0.02027027027027027,1450
F1,F2 B_AND_NOT_A H1,800,152,9,143,791,537,0.05921052631578947,0.01125,0.018907563025210083,0.3689189189189189,934
J3,F2 A_AND_NOT_B J2,78,878,9,869,69,533,0.010250569476082005,0.11538461538461539,0.018828451882845192,0.3662162162162162,938
H1,J2 AND S1,630,10,6,4,624,846,0.6,0.009523809523809525,0.018750000000000003,0.5756756756756757,628
J3,F2 XOR J1,78,884,9,875,69,527,0.010180995475113122,0.11538461538461539,0.018711018711018712,0.3621621621621622,944
S1,F2 A_AND_NOT_B J2,514,878,13,865,501,101,0.014806378132118452,0.02529182879377432,0.01867816091954023,0.07702702702702703,1366
J1,S1 AND U4,132,191,3,188,129,1160,0.015706806282722512,0.022727272727272728,0.018575851393188857,0.7858108108108108,317
J5,F2 A_AND_NOT_B J4,70,901,9,892,61,518,0.009988901220865706,0.12857142857142856,0.018537590113285273,0.3560810810810811,953
F2,J4 B_AND_NOT_A J5,964,9,9,0,955,516,1.0,0.00933609958506224,0.018499486125385406,0.3547297297297297,955
F2,J2 B_AND_NOT_A J3,964,10,9,1,955,515,0.9,0.00933609958506224,0.018480492813141684,0.35405405405405405,956
F2,J3 A_AND_NOT_B J4,964,10,9,1,955,515,0.9,0.00933609958506224,0.018480492813141684,0.35405405405405405,956
F2,J3 XOR J4,964,10,9,1,955,515,0.9,0.00933609958506224,0.018480492813141684,0.35405405405405405,956
J3,F2 A_AND_NOT_B J4,78,901,9,892,69,510,0.009988901220865706,0.11538461538461539,0.018386108273748723,0.3506756756756757,961
U3,J3 A_AND_NOT_B J5,1080,13,10,3,1070,397,0.7692307692307693,0.009259259259259259,0.01829826166514181,0.275,1073
J2,F1 AND S1,99,11,1,10,98,1371,0.09090909090909091,0.010101010101010102,0.018181818181818184,0.927027027027027,108
F1,F2 B_AND_NOT_A U3,800,195,9,186,791,494,0.046153846153846156,0.01125,0.018090452261306532,0.3398648648648649,977
J3,J5 B_AND_NOT_A U3,78,1029,10,1019,68,383,0.009718172983479106,0.1282051282051282,0.01806684733514002,0.26554054054054055,1087
S1,F1 A_AND_NOT_B F3,514,485,9,476,505,490,0.018556701030927835,0.017509727626459144,0.018018018018018018,0.33716216216216216,981
S1,F1 XOR F3,514,488,9,479,505,487,0.018442622950819672,0.017509727626459144,0.017964071856287425,0.33513513513513515,984
F2,J1 B_AND_NOT_A S1,964,492,13,479,951,37,0.026422764227642278,0.013485477178423237,0.01785714285714286,0.033783783783783786,1430
U4,F3 A_AND_NOT_B U3,762,23,7,16,755,702,0.30434782608695654,0.009186351706036745,0.017834394904458598,0.47905405405405405,771
F2,J2 B_AND_NOT_A S1,964,504,13,491,951,25,0.025793650793650792,0.013485477178423237,0.017711171662125342,0.025675675675675677,1442
J2,F2 AND S1,99,14,1,13,98,1368,0.07142857142857142,0.010101010101010102,0.01769911504424779,0.925,111
S1,F2 A_AND_NOT_B U4,514,393,8,385,506,581,0.020356234096692113,0.01556420233463035,0.017640573318632856,0.39797297297297296,891
S1,F1 A_AND_NOT_B J3,514,744,11,733,503,233,0.01478494623655914,0.021400778210116732,0.017488076311605726,0.16486486486486487,1236
S1,F1 A_AND_NOT_B J5,514,748,11,737,503,229,0.014705882352941176,0.021400778210116732,0.01743264659270999,0.16216216216216217,1240
S1,F1 A_AND_NOT_B J4,514,749,11,738,503,228,0.014686248331108143,0.021400778210116732,0.017418844022169436,0.16148648648648647,1241
J3,U3 B_AND_NOT_A U4,78,152,2,150,76,1252,0.013157894736842105,0.02564102564102564,0.017391304347826087,0.8472972972972973,226
F1,J4 A_AND_NOT_B J5,800,7,7,0,793,680,1.0,0.00875,0.01734820322180917,0.46418918918918917,793
J2,H1 B_AND_NOT_A S1,99,366,4,362,95,1019,0.01092896174863388,0.04040404040404041,0.017204301075268817,0.6912162162162162,457
J4,F1 A_AND_NOT_B J5,68,748,7,741,61,671,0.009358288770053475,0.10294117647058823,0.017156862745098037,0.4581081081081081,802
S1,F2 AND U3,514,885,12,873,502,93,0.013559322033898305,0.023346303501945526,0.017155110793423873,0.07094594594594594,1375
S1,J3 OR U2,514,80,5,75,509,891,0.0625,0.009727626459143969,0.016835016835016838,0.6054054054054054,584
S1,J3 XOR U2,514,80,5,75,509,891,0.0625,0.009727626459143969,0.016835016835016838,0.6054054054054054,584
S1,F1 AND U1,514,796,11,785,503,181,0.013819095477386936,0.021400778210116732,0.016793893129770997,0.12972972972972974,1288
F1,J3 B_AND_NOT_A S1,800,511,11,500,789,180,0.021526418786692758,0.01375,0.016781083142639208,0.12905405405405404,1289
F1,J4 B_AND_NOT_A S1,800,512,11,501,789,179,0.021484375,0.01375,0.01676829268292683,0.12837837837837837,1290
F1,J5 B_AND_NOT_A S1,800,512,11,501,789,179,0.021484375,0.01375,0.01676829268292683,0.12837837837837837,1290
F1,S1 A_AND_NOT_B U2,800,512,11,501,789,179,0.021484375,0.01375,0.01676829268292683,0.12837837837837837,1290
F1,S1 XOR U2,800,512,11,501,789,179,0.021484375,0.01375,0.01676829268292683,0.12837837837837837,1290
F1,S1 OR U2,800,514,11,503,789,177,0.021400778210116732,0.01375,0.016742770167427704,0.12702702702702703,1292
S1,F1 A_AND_NOT_B U2,514,800,11,789,503,177,0.01375,0.021400778210116732,0.016742770167427704,0.12702702702702703,1292
S1,F1 OR F3,514,803,11,792,503,174,0.0136986301369863,0.021400778210116732,0.016704631738800303,0.125,1295
J4,F2 XOR J2,68,891,8,883,60,529,0.008978675645342313,0.11764705882352941,0.016684045881126177,0.36283783783783785,943
J3,J5 B_AND_NOT_A U1,78,1247,11,1236,67,166,0.008821170809943865,0.14102564102564102,0.016603773584905657,0.1195945945945946,1303
J3,J5 XOR U1,78,1247,11,1236,67,166,0.008821170809943865,0.14102564102564102,0.016603773584905657,0.1195945945945946,1303
U1,F1 AND S1,1317,11,11,0,1306,163,1.0,0.008352315869400152,0.016566265060240965,0.11756756756756757,1306
U1,J3 A_AND_NOT_B J5,1317,13,11,2,1306,161,0.8461538461538461,0.008352315869400152,0.01654135338345865,0.11621621621621622,1308
U3,F1 A_AND_NOT_B F2,1080,14,9,5,1071,395,0.6428571428571429,0.008333333333333333,0.016453382084095063,0.27297297297297296,1076
U3,J1 AND S1,1080,22,9,13,1071,387,0.4090909090909091,0.008333333333333333,0.016333938294010888,0.26756756756756755,1084
F2,F3 B_AND_NOT_A S1,964,512,12,500,952,16,0.0234375,0.012448132780082987,0.016260162601626018,0.01891891891891892,1452
S1,F1 A_AND_NOT_B J1,514,717,10,707,504,259,0.01394700139470014,0.019455252918287938,0.016246953696181964,0.18175675675675676,1211
S1,F2 AND H1,514,478,8,470,506,496,0.016736401673640166,0.01556420233463035,0.016129032258064512,0.34054054054054056,976
S1,F1 A_AND_NOT_B J2,514,728,10,718,504,248,0.013736263736263736,0.019455252918287938,0.016103059581320453,0.17432432432432432,1222
F1,S1 AND U3,800,197,8,189,792,491,0.04060913705583756,0.01,0.0160481444332999,0.33716216216216216,981
H1,J4 A_AND_NOT_B J5,630,7,5,2,625,848,0.7142857142857143,0.007936507936507936,0.015698587127158554,0.5763513513513514,627
J4,J1 XOR J3,68,60,1,59,67,1353,0.016666666666666666,0.014705882352941176,0.015625,0.9148648648648648,126
H1,F1 AND S1,630,11,5,6,625,844,0.45454545454545453,0.007936507936507936,0.015600624024960996,0.5736486486486486,631
J4,H1 A_AND_NOT_B J5,68,575,5,570,63,842,0.008695652173913044,0.07352941176470588,0.015552099533437013,0.5722972972972973,633
U4,F1 AND S1,762,11,6,5,756,713,0.5454545454545454,0.007874015748031496,0.015523932729624837,0.4858108108108108,761
F1,J1 B_AND_NOT_A S1,800,492,10,482,790,198,0.02032520325203252,0.0125,0.015479876160990716,0.14054054054054055,1272
U4,F1 A_AND_NOT_B F2,762,14,6,8,756,710,0.42857142857142855,0.007874015748031496,0.015463917525773196,0.4837837837837838,764
U4,F2 AND S1,762,14,6,8,756,710,0.42857142857142855,0.007874015748031496,0.015463917525773196,0.4837837837837838,764
S1,U1 B_AND_NOT_A U4,514,6,4,2,510,964,0.6666666666666666,0.007782101167315175,0.015384615384615385,0.654054054054054,512
S1,F1 AND F2,514,786,10,776,504,190,0.01272264631043257,0.019455252918287938,0.015384615384615382,0.13513513513513514,1280
F1,J2 B_AND_NOT_A S1,800,504,10,494,790,186,0.01984126984126984,0.0125,0.015337423312883437,0.13243243243243244,1284
U4,F1 B_AND_NOT_A J3,762,22,6,16,756,702,0.2727272727272727,0.007874015748031496,0.015306122448979591,0.4783783783783784,772
U1,J2 AND S1,1317,10,10,0,1307,163,1.0,0.007593014426727411,0.015071590052750567,0.11689189189189189,1307
J1,F1 B_AND_NOT_A F3,132,3,1,2,131,1346,0.3333333333333333,0.007575757575757576,0.014814814814814815,0.9101351351351351,133
S1,J2 A_AND_NOT_B U3,514,28,4,24,510,942,0.14285714285714285,0.007782101167315175,0.014760147601476014,0.6391891891891892,534
S1,H1 B_AND_NOT_A J2,514,31,4,27,510,939,0.12903225806451613,0.007782101167315175,0.014678899082568808,0.6371621621621621,537
J5,F2 XOR J1,70,884,7,877,63,533,0.007918552036199095,0.1,0.014675052410901467,0.36486486486486486,940
U3,F1 AND S1,1080,11,8,3,1072,397,0.7272727272727273,0.007407407407407408,0.01466544454628781,0.27364864864864863,1075
J5,F2 XOR J2,70,891,7,884,63,526,0.007856341189674524,0.1,0.014568158168574402,0.3601351351351351,947
J4,F2 A_AND_NOT_B J5,68,899,7,892,61,520,0.00778642936596218,0.10294117647058823,0.014477766287487074,0.3560810810810811,953
U3,F2 B_AND_NOT_A J1,1080,26,8,18,1072,382,0.3076923076923077,0.007407407407407408,0.014466546112115734,0.2635135135135135,1090
F2,J4 A_AND_NOT_B J5,964,7,7,0,957,516,1.0,0.007261410788381743,0.014418125643666324,0.3533783783783784,957
F2,H1 AND S1,964,148,8,140,956,376,0.05405405405405406,0.008298755186721992,0.014388489208633094,0.2594594594594595,1096
S1,F1 XOR F2,514,192,5,187,509,779,0.026041666666666668,0.009727626459143969,0.0141643059490085,0.5297297297297298,696
J1,F1 AND S1,132,11,1,10,131,1338,0.09090909090909091,0.007575757575757576,0.013986013986013988,0.9047297297297298,141
J3,S1 AND U1,78,357,3,354,75,1048,0.008403361344537815,0.038461538461538464,0.013793103448275862,0.7101351351351352,429
F1,F3 B_AND_NOT_A S1,800,512,9,503,791,177,0.017578125,0.01125,0.013719512195121951,0.12567567567567567,1294
J1,F2 AND S1,132,14,1,13,131,1335,0.07142857142857142,0.007575757575757576,0.013698630136986304,0.9027027027027027,144
S1,J4 OR U2,514,70,4,66,510,900,0.05714285714285714,0.007782101167315175,0.013698630136986302,0.6108108108108108,576
S1,J4 XOR U2,514,70,4,66,510,900,0.05714285714285714,0.007782101167315175,0.013698630136986302,0.6108108108108108,576
S1,J5 OR U2,514,72,4,68,510,898,0.05555555555555555,0.007782101167315175,0.013651877133105802,0.6094594594594595,578
S1,J5 XOR U2,514,72,4,68,510,898,0.05555555555555555,0.007782101167315175,0.013651877133105802,0.6094594594594595,578
J5,J4 B_AND_NOT_A U1,70,1249,9,1240,61,170,0.007205764611689352,0.12857142857142856,0.01364670204700531,0.12094594594594595,1301
J5,J4 XOR U1,70,1249,9,1240,61,170,0.007205764611689352,0.12857142857142856,0.01364670204700531,0.12094594594594595,1301
U1,J4 B_AND_NOT_A J5,1317,9,9,0,1308,163,1.0,0.00683371298405467,0.013574660633484162,0.11621621621621622,1308
S1,F1 A_AND_NOT_B H1,514,407,6,401,508,565,0.014742014742014743,0.011673151750972763,0.013029315960912053,0.3858108108108108,909
S1,F1 AND U3,514,725,8,717,506,249,0.011034482758620689,0.01556420233463035,0.012913640032284101,0.17364864864864865,1223
J3,J2 B_AND_NOT_A U3,78,1009,7,1002,71,400,0.006937561942517344,0.08974358974358974,0.012879484820607178,0.275,1073
U3,J4 A_AND_NOT_B J5,1080,7,7,0,1073,400,1.0,0.006481481481481481,0.012879484820607174,0.275,1073
U3,J2 B_AND_NOT_A J3,1080,10,7,3,1073,397,0.7,0.006481481481481481,0.012844036697247705,0.27297297297297296,1076
U4,J3 XOR J5,762,18,5,13,757,705,0.2777777777777778,0.006561679790026247,0.01282051282051282,0.4797297297297297,770
J4,J5 B_AND_NOT_A U3,68,1029,7,1022,61,390,0.006802721088435374,0.10294117647058823,0.01276207839562443,0.2682432432432432,1083
U4,F2 B_AND_NOT_A J1,762,26,5,21,757,697,0.19230769230769232,0.006561679790026247,0.012690355329949238,0.4743243243243243,778
U4,F1 B_AND_NOT_A J2,762,27,5,22,757,696,0.18518518518518517,0.006561679790026247,0.012674271229404309,0.47364864864864864,779
J4,F2 XOR J1,68,884,6,878,62,534,0.006787330316742082,0.08823529411764706,0.012605042016806723,0.36486486486486486,940
H1,J3 B_AND_NOT_A J5,630,5,4,1,626,849,0.8,0.006349206349206349,0.012598425196850394,0.5763513513513514,627
H1,F2 B_AND_NOT_A J3,630,6,4,2,626,848,0.6666666666666666,0.006349206349206349,0.012578616352201257,0.5756756756756757,628
J5,H1 A_AND_NOT_B J3,70,569,4,565,66,845,0.007029876977152899,0.05714285714285714,0.012519561815336464,0.5736486486486486,631
F2,S1 A_AND_NOT_B U4,964,323,8,315,956,201,0.02476780185758514,0.008298755186721992,0.012432012432012432,0.14121621621621622,1271
J3,F1 A_AND_NOT_B J2,78,728,5,723,73,679,0.006868131868131868,0.0641025641025641,0.012406947890818858,0.46216216216216216,796
F3,J3 B_AND_NOT_A J5,318,5,2,3,316,1159,0.4,0.006289308176100629,0.01238390092879257,0.7844594594594595,319
F1,J2 B_AND_NOT_A J3,800,10,5,5,795,675,0.5,0.00625,0.01234567901234568,0.4594594594594595,800
F1,J3 A_AND_NOT_B J4,800,10,5,5,795,675,0.5,0.00625,0.01234567901234568,0.4594594594594595,800
F1,J3 XOR J4,800,10,5,5,795,675,0.5,0.00625,0.01234567901234568,0.4594594594594595,800
J3,J2 B_AND_NOT_A U1,78,1218,8,1210,70,192,0.006568144499178982,0.10256410256410256,0.012345679012345678,0.13513513513513514,1280
J3,J2 XOR U1,78,1218,8,1210,70,192,0.006568144499178982,0.10256410256410256,0.012345679012345678,0.13513513513513514,1280
F3,J4 B_AND_NOT_A J5,318,9,2,7,316,1155,0.2222222222222222,0.006289308176100629,0.012232415902140673,0.7817567567567567,323
F3,F1 AND S1,318,11,2,9,316,1153,0.18181818181818182,0.006289308176100629,0.012158054711246202,0.7804054054054054,325
F1,F2 B_AND_NOT_A U4,800,191,6,185,794,495,0.031413612565445025,0.0075,0.012108980827447022,0.3385135135135135,979
F1,S1 AND U4,800,191,6,185,794,495,0.031413612565445025,0.0075,0.012108980827447022,0.3385135135135135,979
F3,F1 B_AND_NOT_A F2,318,178,3,175,315,987,0.016853932584269662,0.009433962264150943,0.012096774193548388,0.668918918918919,490
J3,F1 A_AND_NOT_B J4,78,749,5,744,73,658,0.006675567423230975,0.0641025641025641,0.012091898428053204,0.44797297297297295,817
U1,J2 B_AND_NOT_A J3,1317,10,8,2,1309,161,0.8,0.006074411541381929,0.012057272042200452,0.11418918918918919,1311
U1,J3 A_AND_NOT_B J4,1317,10,8,2,1309,161,0.8,0.006074411541381929,0.012057272042200452,0.11418918918918919,1311
U1,J3 XOR J4,1317,10,8,2,1309,161,0.8,0.006074411541381929,0.012057272042200452,0.11418918918918919,1311
J3,J4 B_AND_NOT_A U1,78,1249,8,1241,70,161,0.006405124099279423,0.10256410256410256,0.01205727204220045,0.11418918918918919,1311
J3,J4 XOR U1,78,1249,8,1241,70,161,0.006405124099279423,0.10256410256410256,0.01205727204220045,0.11418918918918919,1311
F3,F2 AND S1,318,14,2,12,316,1150,0.14285714285714285,0.006289308176100629,0.012048192771084338,0.7783783783783784,328
S1,F1 AND U4,514,483,6,477,508,489,0.012422360248447204,0.011673151750972763,0.012036108324974926,0.3344594594594595,985
S1,F1 A_AND_NOT_B U4,514,317,5,312,509,654,0.015772870662460567,0.009727626459143969,0.012033694344163657,0.4452702702702703,821
S1,F2 A_AND_NOT_B H1,514,486,6,480,508,486,0.012345679012345678,0.011673151750972763,0.011999999999999999,0.3324324324324324,988
F3,F1 XOR F2,318,192,3,189,315,973,0.015625,0.009433962264150943,0.011764705882352941,0.6594594594594595,504
S1,F1 B_AND_NOT_A F2,514,178,4,174,510,792,0.02247191011235955,0.007782101167315175,0.011560693641618498,0.5378378378378378,684
S1,F3 XOR J3,514,352,5,347,509,619,0.014204545454545454,0.009727626459143969,0.011547344110854502,0.42162162162162165,856
S1,F2 B_AND_NOT_A J3,514,6,3,3,511,963,0.5,0.005836575875486381,0.011538461538461539,0.6527027027027027,514
S1,F3 OR J3,514,374,5,369,509,597,0.013368983957219251,0.009727626459143969,0.011261261261261262,0.40675675675675677,878
S1,F1 B_AND_NOT_A J3,514,22,3,19,511,947,0.13636363636363635,0.005836575875486381,0.011194029850746268,0.6418918918918919,530
S1,F2 AND U4,514,571,6,565,508,401,0.010507880910683012,0.011673151750972763,0.01105990783410138,0.275,1073
S1,F1 AND H1,514,393,5,388,509,578,0.01272264631043257,0.009727626459143969,0.011025358324145534,0.3939189189189189,897
U3,J4 B_AND_NOT_A J5,1080,9,6,3,1074,397,0.6666666666666666,0.005555555555555556,0.011019283746556476,0.2722972972972973,1077
U3,J2 AND S1,1080,10,6,4,1074,396,0.6,0.005555555555555556,0.011009174311926606,0.2716216216216216,1078
J5,F3 A_AND_NOT_B J3,70,296,2,294,68,1116,0.006756756756756757,0.02857142857142857,0.010928961748633882,0.7554054054054054,362
J5,F3 A_AND_NOT_B J4,70,296,2,294,68,1116,0.006756756756756757,0.02857142857142857,0.010928961748633882,0.7554054054054054,362
J5,J4 B_AND_NOT_A U3,70,1028,6,1022,64,388,0.005836575875486381,0.08571428571428572,0.010928961748633878,0.2662162162162162,1086
S1,J1 AND U4,514,49,3,46,511,920,0.061224489795918366,0.005836575875486381,0.010657193605683837,0.6236486486486487,557
J4,J5 B_AND_NOT_A U1,68,1247,7,1240,61,172,0.0056134723336006415,0.10294117647058823,0.01064638783269962,0.12094594594594595,1301
J4,J5 XOR U1,68,1247,7,1240,61,172,0.0056134723336006415,0.10294117647058823,0.01064638783269962,0.12094594594594595,1301
U1,J4 A_AND_NOT_B J5,1317,7,7,0,1310,163,1.0,0.005315110098709187,0.010574018126888216,0.11486486486486487,1310
F1,H1 AND S1,800,148,5,143,795,537,0.033783783783783786,0.00625,0.010548523206751056,0.3662162162162162,938
S1,F3 B_AND_NOT_A J3,514,56,3,53,511,913,0.05357142857142857,0.005836575875486381,0.010526315789473684,0.6189189189189189,564
J5,F2 A_AND_NOT_B J3,70,892,5,887,65,523,0.005605381165919282,0.07142857142857142,0.010395010395010394,0.3567567567567568,952
F2,S1 AND U4,964,191,6,185,958,331,0.031413612565445025,0.006224066390041493,0.01038961038961039,0.2277027027027027,1143
J3,F2 B_AND_NOT_A S1,78,500,3,497,75,905,0.006,0.038461538461538464,0.010380622837370243,0.6135135135135135,572
J4,F2 XOR J3,68,898,5,893,63,519,0.005567928730512249,0.07352941176470588,0.010351966873706004,0.35405405405405405,956
J3,F1 B_AND_NOT_A S1,78,503,3,500,75,902,0.005964214711729622,0.038461538461538464,0.010327022375215147,0.6114864864864865,575
U4,J3 A_AND_NOT_B J5,762,13,4,9,758,709,0.3076923076923077,0.005249343832020997,0.010322580645161289,0.4817567567567568,767
F2,J3 B_AND_NOT_A J5,964,5,5,0,959,516,1.0,0.005186721991701245,0.010319917440660475,0.35202702702702704,959
F1,H1 B_AND_NOT_A S1,800,366,6,360,794,320,0.01639344262295082,0.0075,0.010291595197255574,0.22027027027027027,1154
U4,J4 XOR J5,762,16,4,12,758,706,0.25,0.005249343832020997,0.010282776349614395,0.4797297297297297,770
U4,F1 B_AND_NOT_A J4,762,17,4,13,758,705,0.23529411764705882,0.005249343832020997,0.010269576379974325,0.47905405405405405,771
U4,F1 B_AND_NOT_A J5,762,18,4,14,758,704,0.2222222222222222,0.005249343832020997,0.010256410256410256,0.4783783783783784,772
J4,S1 A_AND_NOT_B U4,68,323,2,321,66,1091,0.006191950464396285,0.029411764705882353,0.010230179028132993,0.7385135135135135,387
S1,F1 A_AND_NOT_B U3,514,75,3,72,511,894,0.04,0.005836575875486381,0.010186757215619695,0.606081081081081,583
S1,J1 AND J3,514,75,3,72,511,894,0.04,0.005836575875486381,0.010186757215619695,0.606081081081081,583
J5,S1 A_AND_NOT_B U4,70,323,2,321,68,1089,0.006191950464396285,0.02857142857142857,0.010178117048346057,0.7371621621621621,389
S1,J3 AND U1,514,76,3,73,511,893,0.039473684210526314,0.005836575875486381,0.01016949152542373,0.6054054054054054,584
J3,F3 B_AND_NOT_A S1,78,512,3,509,75,893,0.005859375,0.038461538461538464,0.010169491525423728,0.6054054054054054,584
J3,S1 A_AND_NOT_B U2,78,512,3,509,75,893,0.005859375,0.038461538461538464,0.010169491525423728,0.6054054054054054,584
J3,S1 XOR U2,78,512,3,509,75,893,0.005859375,0.038461538461538464,0.010169491525423728,0.6054054054054054,584
J3,S1 OR U2,78,514,3,511,75,891,0.005836575875486381,0.038461538461538464,0.010135135135135136,0.6040540540540541,586
S1,J3 OR J4,514,78,3,75,511,891,0.038461538461538464,0.005836575875486381,0.010135135135135136,0.6040540540540541,586
S1,J3 A_AND_NOT_B U2,514,78,3,75,511,891,0.038461538461538464,0.005836575875486381,0.010135135135135136,0.6040540540540541,586
J3,S1 A_AND_NOT_B U3,78,317,2,315,76,1087,0.006309148264984227,0.02564102564102564,0.010126582278481011,0.7358108108108108,391
S1,J3 OR J5,514,83,3,80,511,886,0.03614457831325301,0.005836575875486381,0.010050251256281407,0.6006756756756757,591
J3,S1 A_AND_NOT_B U4,78,323,2,321,76,1081,0.006191950464396285,0.02564102564102564,0.00997506234413965,0.7317567567567568,397
F1,J3 B_AND_NOT_A J5,800,5,4,1,796,679,0.8,0.005,0.009937888198757764,0.4614864864864865,797
F1,F2 A_AND_NOT_B U1,800,6,4,2,796,678,0.6666666666666666,0.005,0.009925558312655087,0.4608108108108108,798
F1,F2 B_AND_NOT_A J2,800,13,4,9,796,671,0.3076923076923077,0.005,0.00984009840098401,0.4560810810810811,805
J5,F1 A_AND_NOT_B J3,70,744,4,740,66,670,0.005376344086021506,0.05714285714285714,0.009828009828009828,0.4554054054054054,806
J3,J5 B_AND_NOT_A U4,78,739,4,735,74,667,0.005412719891745603,0.05128205128205128,0.009791921664626682,0.45337837837837835,809
F1,F2 B_AND_NOT_A J1,800,26,4,22,796,658,0.15384615384615385,0.005,0.009685230024213076,0.4472972972972973,818
J3,H1 A_AND_NOT_B J1,78,543,3,540,75,862,0.0055248618784530384,0.038461538461538464,0.00966183574879227,0.5844594594594594,615
S1,F3 OR U2,514,320,4,316,510,650,0.0125,0.007782101167315175,0.00959232613908873,0.4418918918918919,826
S1,F3 XOR U2,514,320,4,316,510,650,0.0125,0.007782101167315175,0.00959232613908873,0.4418918918918919,826
J4,H1 A_AND_NOT_B J2,68,562,3,559,65,853,0.005338078291814947,0.04411764705882353,0.009523809523809523,0.5783783783783784,624
F3,F1 XOR U1,318,525,4,521,314,641,0.007619047619047619,0.012578616352201259,0.009489916963226572,0.4358108108108108,835
H1,J1 B_AND_NOT_A J3,630,3,3,0,627,850,1.0,0.004761904761904762,0.009478672985781991,0.5763513513513514,627
H1,J2 B_AND_NOT_A J4,630,3,3,0,627,850,1.0,0.004761904761904762,0.009478672985781991,0.5763513513513514,627
H1,U1 B_AND_NOT_A U3,630,4,3,1,627,849,0.75,0.004761904761904762,0.009463722397476343,0.5756756756756757,628
H1,F2 B_AND_NOT_A J4,630,5,3,2,627,848,0.6,0.004761904761904762,0.009448818897637795,0.575,629
H1,F2 B_AND_NOT_A J5,630,5,3,2,627,848,0.6,0.004761904761904762,0.009448818897637795,0.575,629
J4,S1 AND U1,68,357,2,355,66,1057,0.0056022408963585435,0.029411764705882353,0.009411764705882352,0.7155405405405405,421
J5,S1 AND U1,70,357,2,355,68,1055,0.0056022408963585435,0.02857142857142857,0.00936768149882904,0.7141891891891892,423
S1,F3 XOR J4,514,342,4,338,510,628,0.011695906432748537,0.007782101167315175,0.009345794392523364,0.42702702702702705,848
S1,F3 XOR J5,514,348,4,344,510,622,0.011494252873563218,0.007782101167315175,0.009280742459396751,0.422972972972973,854
J4,H1 B_AND_NOT_A S1,68,366,2,364,66,1048,0.00546448087431694,0.029411764705882353,0.009216589861751152,0.7094594594594594,430
J5,H1 B_AND_NOT_A S1,70,366,2,364,68,1046,0.00546448087431694,0.02857142857142857,0.009174311926605503,0.7081081081081081,432
U3,J3 A_AND_NOT_B J4,1080,10,5,5,1075,395,0.5,0.004629629629629629,0.009174311926605503,0.2702702702702703,1080
U3,J3 XOR J4,1080,10,5,5,1075,395,0.5,0.004629629629629629,0.009174311926605503,0.2702702702702703,1080
U3,F2 B_AND_NOT_A J2,1080,13,5,8,1075,392,0.38461538461538464,0.004629629629629629,0.009149130832570905,0.2682432432432432,1083
S1,F3 OR J4,514,364,4,360,510,606,0.01098901098901099,0.007782101167315175,0.009111617312072893,0.41216216216216217,870
J4,U3 B_AND_NOT_A U4,68,152,1,151,67,1261,0.006578947368421052,0.014705882352941176,0.00909090909090909,0.8527027027027027,218
S1,F3 OR J5,514,368,4,364,510,602,0.010869565217391304,0.007782101167315175,0.009070294784580499,0.40945945945945944,874
U1,F2 B_AND_NOT_A J3,1317,6,6,0,1311,163,1.0,0.004555808656036446,0.009070294784580499,0.11418918918918919,1311
J3,J4 B_AND_NOT_A U3,78,1028,5,1023,73,379,0.0048638132295719845,0.0641025641025641,0.009041591320072333,0.2594594594594595,1096
F2,H1 B_AND_NOT_A S1,964,366,6,360,958,156,0.01639344262295082,0.006224066390041493,0.009022556390977444,0.10945945945945947,1318
J5,U3 B_AND_NOT_A U4,70,152,1,151,69,1259,0.006578947368421052,0.014285714285714285,0.009009009009009009,0.8513513513513513,220
J3,H1 B_AND_NOT_A S1,78,366,2,364,76,1038,0.00546448087431694,0.02564102564102564,0.009009009009009009,0.7027027027027027,440
F1,S1 A_AND_NOT_B U4,800,323,5,318,795,362,0.015479876160990712,0.00625,0.008904719501335707,0.24797297297297297,1113
J3,H1 AND S1,78,148,1,147,77,1255,0.006756756756756757,0.01282051282051282,0.008849557522123894,0.8486486486486486,224
U4,S1 A_AND_NOT_B U1,762,157,4,153,758,565,0.025477707006369428,0.005249343832020997,0.008705114254624592,0.3844594594594595,911
F2,F1 A_AND_NOT_B U1,964,4,4,0,960,516,1.0,0.004149377593360996,0.008264462809917356,0.35135135135135137,960
J3,J1 XOR U1,78,1189,5,1184,73,218,0.004205214465937763,0.0641025641025641,0.007892659826361484,0.15067567567567566,1257
U4,J3 A_AND_NOT_B J4,762,10,3,7,759,711,0.3,0.003937007874015748,0.007772020725388602,0.48243243243243245,766
U4,J3 XOR J4,762,10,3,7,759,711,0.3,0.003937007874015748,0.007772020725388602,0.48243243243243245,766
S1,F1 B_AND_NOT_A U2,514,2,2,0,512,966,1.0,0.0038910505836575876,0.007751937984496124,0.654054054054054,512
S1,F2 B_AND_NOT_A U2,514,2,2,0,512,966,1.0,0.0038910505836575876,0.007751937984496124,0.654054054054054,512
S1,F3 B_AND_NOT_A U2,514,2,2,0,512,966,1.0,0.0038910505836575876,0.007751937984496124,0.654054054054054,512
S1,H1 B_AND_NOT_A U2,514,2,2,0,512,966,1.0,0.0038910505836575876,0.007751937984496124,0.654054054054054,512
S1,J1 B_AND_NOT_A U2,514,2,2,0,512,966,1.0,0.0038910505836575876,0.007751937984496124,0.654054054054054,512
S1,J2 B_AND_NOT_A U2,514,2,2,0,512,966,1.0,0.0038910505836575876,0.007751937984496124,0.654054054054054,512
S1,J3 B_AND_NOT_A U2,514,2,2,0,512,966,1.0,0.0038910505836575876,0.007751937984496124,0.654054054054054,512
S1,J4 B_AND_NOT_A U2,514,2,2,0,512,966,1.0,0.0038910505836575876,0.007751937984496124,0.654054054054054,512
S1,J5 B_AND_NOT_A U2,514,2,2,0,512,966,1.0,0.0038910505836575876,0.007751937984496124,0.654054054054054,512
S1,U1 B_AND_NOT_A U2,514,2,2,0,512,966,1.0,0.0038910505836575876,0.007751937984496124,0.654054054054054,512
S1,U2 A_AND_NOT_B U3,514,2,2,0,512,966,1.0,0.0038910505836575876,0.007751937984496124,0.654054054054054,512
S1,F2 B_AND_NOT_A J4,514,5,2,3,512,963,0.4,0.0038910505836575876,0.007707129094412332,0.652027027027027,515
S1,F2 B_AND_NOT_A J5,514,5,2,3,512,963,0.4,0.0038910505836575876,0.007707129094412332,0.652027027027027,515
U4,J1 AND S1,762,22,3,19,759,699,0.13636363636363635,0.003937007874015748,0.007653061224489796,0.4743243243243243,778
J5,J3 B_AND_NOT_A U1,70,1241,5,1236,65,174,0.0040290088638195,0.07142857142857142,0.007627765064836003,0.12094594594594595,1301
J5,J3 XOR U1,70,1243,5,1238,65,172,0.004022526146419952,0.07142857142857142,0.007616146230007615,0.1195945945945946,1303
J4,F2 B_AND_NOT_A U3,68,195,1,194,67,1218,0.005128205128205128,0.014705882352941176,0.007604562737642586,0.8236486486486486,261
U4,J2 A_AND_NOT_B U3,762,28,3,25,759,693,0.10714285714285714,0.003937007874015748,0.007594936708860759,0.4702702702702703,784
U1,F2 B_AND_NOT_A J4,1317,5,5,0,1312,163,1.0,0.0037965072133637054,0.007564296520423601,0.11351351351351352,1312
U1,F2 B_AND_NOT_A J5,1317,5,5,0,1312,163,1.0,0.0037965072133637054,0.007564296520423601,0.11351351351351352,1312
U1,J3 B_AND_NOT_A J5,1317,5,5,0,1312,163,1.0,0.0037965072133637054,0.007564296520423601,0.11351351351351352,1312
S1,H1 B_AND_NOT_A J5,514,15,2,13,512,953,0.13333333333333333,0.0038910505836575876,0.007561436672967863,0.6452702702702703,525
S1,H1 B_AND_NOT_A J4,514,16,2,14,512,952,0.125,0.0038910505836575876,0.007547169811320756,0.6445945945945946,526
J4,S1 AND U3,68,197,1,196,67,1216,0.005076142131979695,0.014705882352941176,0.007547169811320755,0.8222972972972973,263
J5,F2 B_AND_NOT_A U3,70,195,1,194,69,1216,0.005128205128205128,0.014285714285714285,0.007547169811320755,0.8222972972972973,263
J3,F1 A_AND_NOT_B J1,78,717,3,714,75,688,0.0041841004184100415,0.038461538461538464,0.007547169811320754,0.4668918918918919,789
J4,F1 A_AND_NOT_B J2,68,728,3,725,65,687,0.004120879120879121,0.04411764705882353,0.007537688442211055,0.46621621621621623,790
S1,F1 B_AND_NOT_A J4,514,17,2,15,512,951,0.11764705882352941,0.0038910505836575876,0.007532956685499058,0.643918918918919,527
S1,H1 B_AND_NOT_A J3,514,17,2,15,512,951,0.11764705882352941,0.0038910505836575876,0.007532956685499058,0.643918918918919,527
S1,F1 B_AND_NOT_A J5,514,18,2,16,512,950,0.1111111111111111,0.0038910505836575876,0.0075187969924812035,0.6432432432432432,528
J5,S1 AND U3,70,197,1,196,69,1214,0.005076142131979695,0.014285714285714285,0.00749063670411985,0.8209459459459459,265
S1,J3 A_AND_NOT_B U3,514,21,2,19,512,947,0.09523809523809523,0.0038910505836575876,0.007476635514018692,0.6412162162162162,531
F1,J1 B_AND_NOT_A J3,800,3,3,0,797,680,1.0,0.00375,0.007471980074719801,0.4614864864864865,797
F1,J2 B_AND_NOT_A J4,800,3,3,0,797,680,1.0,0.00375,0.007471980074719801,0.4614864864864865,797
F1,F2 B_AND_NOT_A J4,800,5,3,2,797,678,0.6,0.00375,0.007453416149068322,0.46013513513513515,799
F1,F2 B_AND_NOT_A J5,800,5,3,2,797,678,0.6,0.00375,0.007453416149068322,0.46013513513513515,799
F1,F2 B_AND_NOT_A J3,800,6,3,3,797,677,0.5,0.00375,0.007444168734491314,0.4594594594594595,800
J3,F2 B_AND_NOT_A U4,78,191,1,190,77,1212,0.005235602094240838,0.01282051282051282,0.007434944237918214,0.8195945945945946,267
J3,S1 AND U4,78,191,1,190,77,1212,0.005235602094240838,0.01282051282051282,0.007434944237918214,0.8195945945945946,267
U3,J3 B_AND_NOT_A J5,1080,5,4,1,1076,399,0.8,0.003703703703703704,0.0073732718894009225,0.2722972972972973,1077
J3,J4 B_AND_NOT_A U4,78,739,3,736,75,666,0.0040595399188092015,0.038461538461538464,0.007343941248470012,0.452027027027027,811
J3,F2 B_AND_NOT_A U3,78,195,1,194,77,1208,0.005128205128205128,0.01282051282051282,0.007326007326007326,0.8168918918918919,271
J5,J3 B_AND_NOT_A U3,70,1023,4,1019,66,391,0.0039100684261974585,0.05714285714285714,0.007319304666056724,0.2668918918918919,1085
J3,S1 AND U3,78,197,1,196,77,1206,0.005076142131979695,0.01282051282051282,0.007272727272727273,0.8155405405405406,273
F3,F1 B_AND_NOT_A H1,318,237,2,235,316,927,0.008438818565400843,0.006289308176100629,0.007207207207207207,0.6277027027027027,551
S1,J4 A_AND_NOT_B U4,514,45,2,43,512,923,0.044444444444444446,0.0038910505836575876,0.007155635062611807,0.625,555
F3,F1 B_AND_NOT_A U1,318,521,3,518,315,644,0.005758157389635317,0.009433962264150943,0.007151370679380215,0.43716216216216214,833
S1,F3 B_AND_NOT_A J4,514,46,2,44,512,922,0.043478260869565216,0.0038910505836575876,0.0071428571428571435,0.6243243243243243,556
S1,J5 A_AND_NOT_B U4,514,47,2,45,512,921,0.0425531914893617,0.0038910505836575876,0.007130124777183601,0.6236486486486487,557
S1,F3 B_AND_NOT_A J5,514,50,2,48,512,918,0.04,0.0038910505836575876,0.007092198581560284,0.6216216216216216,560
S1,J3 A_AND_NOT_B U4,514,52,2,50,512,916,0.038461538461538464,0.0038910505836575876,0.007067137809187279,0.6202702702702703,562
J4,F2 B_AND_NOT_A S1,68,500,2,498,66,914,0.004,0.029411764705882353,0.007042253521126762,0.6189189189189189,564
J5,F2 B_AND_NOT_A S1,70,500,2,498,68,912,0.004,0.02857142857142857,0.007017543859649123,0.6175675675675676,566
J4,F1 B_AND_NOT_A S1,68,503,2,501,66,911,0.003976143141153081,0.029411764705882353,0.00700525394045534,0.6168918918918919,567
J5,F1 B_AND_NOT_A S1,70,503,2,501,68,909,0.003976143141153081,0.02857142857142857,0.006980802792321116,0.6155405405405405,569
S1,J4 AND J5,514,61,2,59,512,907,0.03278688524590164,0.0038910505836575876,0.006956521739130436,0.6141891891891892,571
S1,J2 AND J4,514,65,2,63,512,903,0.03076923076923077,0.0038910505836575876,0.00690846286701209,0.6114864864864865,575
S1,J3 AND J5,514,65,2,63,512,903,0.03076923076923077,0.0038910505836575876,0.00690846286701209,0.6114864864864865,575
J2,F2 B_AND_NOT_A U4,99,191,1,190,98,1191,0.005235602094240838,0.010101010101010102,0.006896551724137932,0.8054054054054054,288
J4,F3 B_AND_NOT_A S1,68,512,2,510,66,902,0.00390625,0.029411764705882353,0.006896551724137931,0.6108108108108108,576
J4,S1 A_AND_NOT_B U2,68,512,2,510,66,902,0.00390625,0.029411764705882353,0.006896551724137931,0.6108108108108108,576
J4,S1 XOR U2,68,512,2,510,66,902,0.00390625,0.029411764705882353,0.006896551724137931,0.6108108108108108,576
S1,J1 AND J4,514,67,2,65,512,901,0.029850746268656716,0.0038910505836575876,0.006884681583476764,0.6101351351351352,577
J5,F3 B_AND_NOT_A S1,70,512,2,510,68,900,0.00390625,0.02857142857142857,0.006872852233676977,0.6094594594594595,578
J5,S1 A_AND_NOT_B U2,70,512,2,510,68,900,0.00390625,0.02857142857142857,0.006872852233676977,0.6094594594594595,578
J5,S1 XOR U2,70,512,2,510,68,900,0.00390625,0.02857142857142857,0.006872852233676977,0.6094594594594595,578
J4,S1 OR U2,68,514,2,512,66,900,0.0038910505836575876,0.029411764705882353,0.006872852233676976,0.6094594594594595,578
S1,J1 AND J5,514,68,2,66,512,900,0.029411764705882353,0.0038910505836575876,0.006872852233676976,0.6094594594594595,578
S1,J2 AND J3,514,68,2,66,512,900,0.029411764705882353,0.0038910505836575876,0.006872852233676976,0.6094594594594595,578
S1,J2 AND J5,514,68,2,66,512,900,0.029411764705882353,0.0038910505836575876,0.006872852233676976,0.6094594594594595,578
S1,J3 AND J4,514,68,2,66,512,900,0.029411764705882353,0.0038910505836575876,0.006872852233676976,0.6094594594594595,578
S1,J4 AND U1,514,68,2,66,512,900,0.029411764705882353,0.0038910505836575876,0.006872852233676976,0.6094594594594595,578
S1,J4 A_AND_NOT_B U2,514,68,2,66,512,900,0.029411764705882353,0.0038910505836575876,0.006872852233676976,0.6094594594594595,578
J5,S1 OR U2,70,514,2,512,68,898,0.0038910505836575876,0.02857142857142857,0.006849315068493151,0.6081081081081081,580
S1,J5 AND U1,514,70,2,68,512,898,0.02857142857142857,0.0038910505836575876,0.006849315068493151,0.6081081081081081,580
S1,J5 A_AND_NOT_B U2,514,70,2,68,512,898,0.02857142857142857,0.0038910505836575876,0.006849315068493151,0.6081081081081081,580
S1,J4 OR J5,514,77,2,75,512,891,0.025974025974025976,0.0038910505836575876,0.00676818950930626,0.6033783783783784,587
S1,F2 A_AND_NOT_B U3,514,79,2,77,512,889,0.02531645569620253,0.0038910505836575876,0.006745362563237774,0.602027027027027,589
J5,H1 A_AND_NOT_B J1,70,543,2,541,68,869,0.003683241252302026,0.02857142857142857,0.0065252854812398045,0.5885135135135136,609
J3,F2 A_AND_NOT_B J1,78,858,3,855,75,547,0.0034965034965034965,0.038461538461538464,0.006410256410256411,0.3716216216216216,930
J4,F2 A_AND_NOT_B J2,68,878,3,875,65,537,0.003416856492027335,0.04411764705882353,0.006342494714587738,0.36486486486486486,940
H1,J1 B_AND_NOT_A J5,630,2,2,0,628,850,1.0,0.0031746031746031746,0.006329113924050633,0.5756756756756757,628
H1,J1 A_AND_NOT_B U1,630,2,2,0,628,850,1.0,0.0031746031746031746,0.006329113924050633,0.5756756756756757,628
H1,J2 B_AND_NOT_A J5,630,2,2,0,628,850,1.0,0.0031746031746031746,0.006329113924050633,0.5756756756756757,628
H1,J3 A_AND_NOT_B U1,630,2,2,0,628,850,1.0,0.0031746031746031746,0.006329113924050633,0.5756756756756757,628
J5,H1 A_AND_NOT_B J2,70,562,2,560,68,850,0.0035587188612099642,0.02857142857142857,0.006329113924050633,0.5756756756756757,628
H1,F1 B_AND_NOT_A F3,630,3,2,1,628,849,0.6666666666666666,0.0031746031746031746,0.00631911532385466,0.575,629
H1,F2 A_AND_NOT_B U1,630,6,2,4,628,846,0.3333333333333333,0.0031746031746031746,0.006289308176100628,0.572972972972973,632
F3,J2 B_AND_NOT_A J4,318,3,1,2,317,1160,0.3333333333333333,0.0031446540880503146,0.006230529595015577,0.7844594594594595,319
F3,F1 A_AND_NOT_B U1,318,4,1,3,317,1159,0.25,0.0031446540880503146,0.006211180124223603,0.7837837837837838,320
F2,F1 B_AND_NOT_A F3,964,3,3,0,961,516,1.0,0.0031120331950207467,0.0062047569803516025,0.3506756756756757,961
F2,J1 B_AND_NOT_A J3,964,3,3,0,961,516,1.0,0.0031120331950207467,0.0062047569803516025,0.3506756756756757,961
F2,J2 B_AND_NOT_A J4,964,3,3,0,961,516,1.0,0.0031120331950207467,0.0062047569803516025,0.3506756756756757,961
F2,U1 B_AND_NOT_A U3,964,4,3,1,961,515,0.75,0.0031120331950207467,0.006198347107438017,0.35,962
F3,F2 A_AND_NOT_B U1,318,6,1,5,317,1157,0.16666666666666666,0.0031446540880503146,0.00617283950617284,0.7824324324324324,322
F3,J2 B_AND_NOT_A J3,318,10,1,9,317,1153,0.1,0.0031446540880503146,0.006097560975609756,0.7797297297297298,326
S1,F3 A_AND_NOT_B H1,514,154,2,152,512,814,0.012987012987012988,0.0038910505836575876,0.005988023952095809,0.5513513513513514,664
F3,F1 B_AND_NOT_A J4,318,17,1,16,317,1146,0.058823529411764705,0.0031446540880503146,0.005970149253731343,0.775,333
F3,F1 B_AND_NOT_A J5,318,18,1,17,317,1145,0.05555555555555555,0.0031446540880503146,0.005952380952380952,0.7743243243243243,334
F3,F1 B_AND_NOT_A U3,318,355,2,353,316,809,0.005633802816901409,0.006289308176100629,0.005943536404160476,0.547972972972973,669
F3,S1 AND U1,318,357,2,355,316,807,0.0056022408963585435,0.006289308176100629,0.0059259259259259265,0.5466216216216216,671
F3,F1 B_AND_NOT_A J3,318,22,1,21,317,1141,0.045454545454545456,0.0031446540880503146,0.005882352941176471,0.7716216216216216,338
F3,H1 B_AND_NOT_A S1,318,366,2,364,316,798,0.00546448087431694,0.006289308176100629,0.005847953216374269,0.5405405405405406,680
F3,F1 B_AND_NOT_A J2,318,27,1,26,317,1136,0.037037037037037035,0.0031446540880503146,0.005797101449275363,0.7682432432432432,343
J4,F3 A_AND_NOT_B J2,68,288,1,287,67,1125,0.003472222222222222,0.014705882352941176,0.0056179775280898875,0.7608108108108108,354
J4,J2 B_AND_NOT_A U3,68,1009,3,1006,65,406,0.002973240832507433,0.04411764705882353,0.005571030640668524,0.27635135135135136,1071
U3,H1 A_AND_NOT_B U1,1080,3,3,0,1077,400,1.0,0.002777777777777778,0.00554016620498615,0.2722972972972973,1077
U3,J2 B_AND_NOT_A J4,1080,3,3,0,1077,400,1.0,0.002777777777777778,0.00554016620498615,0.2722972972972973,1077
U3,F2 A_AND_NOT_B U1,1080,6,3,3,1077,397,0.5,0.002777777777777778,0.005524861878453039,0.2702702702702703,1080
J3,F3 A_AND_NOT_B J2,78,288,1,287,77,1115,0.003472222222222222,0.01282051282051282,0.00546448087431694,0.754054054054054,364
F2,F1 B_AND_NOT_A S1,964,503,4,499,960,17,0.007952286282306162,0.004149377593360996,0.005453306066802999,0.01418918918918919,1459
F3,F1 B_AND_NOT_A J1,318,49,1,48,317,1114,0.02040816326530612,0.0031446540880503146,0.005449591280653951,0.7533783783783784,365
F1,S1 A_AND_NOT_B U3,800,317,3,314,797,366,0.00946372239747634,0.00375,0.005371530886302596,0.24932432432432433,1111
U4,F1 A_AND_NOT_B U1,762,4,2,2,760,716,0.5,0.0026246719160104987,0.005221932114882507,0.4851351351351351,762
U4,U1 B_AND_NOT_A U3,762,4,2,2,760,716,0.5,0.0026246719160104987,0.005221932114882507,0.4851351351351351,762
U4,F2 A_AND_NOT_B U1,762,6,2,4,760,714,0.3333333333333333,0.0026246719160104987,0.005208333333333333,0.4837837837837838,764
U4,J4 A_AND_NOT_B J5,762,7,2,5,760,713,0.2857142857142857,0.0026246719160104987,0.005201560468140441,0.4831081081081081,765
J4,S1 A_AND_NOT_B U3,68,317,1,316,67,1096,0.0031545741324921135,0.014705882352941176,0.005194805194805194,0.7412162162162163,383
U4,J4 B_AND_NOT_A J5,762,9,2,7,760,711,0.2222222222222222,0.0026246719160104987,0.005188067444876783,0.4817567567567568,767
U4,J2 B_AND_NOT_A J3,762,10,2,8,760,710,0.2,0.0026246719160104987,0.005181347150259067,0.4810810810810811,768
J5,S1 A_AND_NOT_B U3,70,317,1,316,69,1094,0.0031545741324921135,0.014285714285714285,0.005167958656330749,0.7398648648648649,385
U4,J3 A_AND_NOT_B U3,762,21,2,19,760,699,0.09523809523809523,0.0026246719160104987,0.005108556832694763,0.47364864864864864,779
J5,F1 A_AND_NOT_B J1,70,717,2,715,68,695,0.002789400278940028,0.02857142857142857,0.005082592121982212,0.47094594594594597,783
S1,F3 A_AND_NOT_B J1,514,283,2,281,512,685,0.007067137809187279,0.0038910505836575876,0.005018820577164367,0.46418918918918917,793
J5,F1 A_AND_NOT_B J2,70,728,2,726,68,684,0.0027472527472527475,0.02857142857142857,0.005012531328320803,0.4635135135135135,794
F1,F3 AND S1,800,2,2,0,798,680,1.0,0.0025,0.004987531172069826,0.4608108108108108,798
F1,J1 B_AND_NOT_A J5,800,2,2,0,798,680,1.0,0.0025,0.004987531172069826,0.4608108108108108,798
F1,J2 B_AND_NOT_A J5,800,2,2,0,798,680,1.0,0.0025,0.004987531172069826,0.4608108108108108,798
S1,F3 A_AND_NOT_B J2,514,288,2,286,512,680,0.006944444444444444,0.0038910505836575876,0.004987531172069825,0.4608108108108108,798
J3,J2 B_AND_NOT_A U4,78,726,2,724,76,678,0.0027548209366391185,0.02564102564102564,0.004975124378109453,0.4594594594594595,800
F1,U1 B_AND_NOT_A U4,800,6,2,4,798,676,0.3333333333333333,0.0025,0.004962779156327543,0.4581081081081081,802
J4,J5 B_AND_NOT_A U4,68,739,2,737,66,675,0.0027063599458728013,0.029411764705882353,0.004956629491945477,0.4574324324324324,803
J5,J4 B_AND_NOT_A U4,70,739,2,737,68,673,0.0027063599458728013,0.02857142857142857,0.004944375772558716,0.4560810810810811,805
F3,J1 B_AND_NOT_A S1,318,492,2,490,316,672,0.0040650406504065045,0.006289308176100629,0.004938271604938272,0.4554054054054054,806
S1,F3 A_AND_NOT_B J3,514,296,2,294,512,672,0.006756756756756757,0.0038910505836575876,0.0049382716049382715,0.4554054054054054,806
S1,F3 A_AND_NOT_B J4,514,296,2,294,512,672,0.006756756756756757,0.0038910505836575876,0.0049382716049382715,0.4554054054054054,806
S1,F3 A_AND_NOT_B J5,514,298,2,296,512,670,0.006711409395973154,0.0038910505836575876,0.004926108374384236,0.4540540540540541,808
F3,J2 B_AND_NOT_A S1,318,504,2,502,316,660,0.003968253968253968,0.006289308176100629,0.004866180048661801,0.4472972972972973,818
F3,J3 B_AND_NOT_A S1,318,511,2,509,316,653,0.003913894324853229,0.006289308176100629,0.004825090470446321,0.44256756756756754,825
S1,F1 AND F3,514,315,2,313,512,653,0.006349206349206349,0.0038910505836575876,0.0048250904704463205,0.44256756756756754,825
F3,J4 B_AND_NOT_A S1,318,512,2,510,316,652,0.00390625,0.006289308176100629,0.004819277108433735,0.4418918918918919,826
F3,J5 B_AND_NOT_A S1,318,512,2,510,316,652,0.00390625,0.006289308176100629,0.004819277108433735,0.4418918918918919,826
F3,S1 A_AND_NOT_B U2,318,512,2,510,316,652,0.00390625,0.006289308176100629,0.004819277108433735,0.4418918918918919,826
F3,S1 XOR U2,318,512,2,510,316,652,0.00390625,0.006289308176100629,0.004819277108433735,0.4418918918918919,826
S1,F3 AND U1,514,317,2,315,512,651,0.006309148264984227,0.0038910505836575876,0.0048134777376654635,0.4412162162162162,827
F3,S1 OR U2,318,514,2,512,316,650,0.0038910505836575876,0.006289308176100629,0.004807692307692308,0.44054054054054054,828
S1,F2 AND F3,514,318,2,316,512,650,0.006289308176100629,0.0038910505836575876,0.004807692307692308,0.44054054054054054,828
S1,F3 A_AND_NOT_B U2,514,318,2,316,512,650,0.006289308176100629,0.0038910505836575876,0.004807692307692308,0.44054054054054054,828
J3,J1 B_AND_NOT_A U1,78,1187,3,1184,75,218,0.002527379949452401,0.038461538461538464,0.0047430830039525695,0.14932432432432433,1259
J4,J2 B_AND_NOT_A U1,68,1218,3,1215,65,197,0.0024630541871921183,0.04411764705882353,0.004665629860031105,0.13513513513513514,1280
J4,J2 XOR U1,68,1218,3,1215,65,197,0.0024630541871921183,0.04411764705882353,0.004665629860031105,0.13513513513513514,1280
U1,F1 B_AND_NOT_A F3,1317,3,3,0,1314,163,1.0,0.002277904328018223,0.004545454545454544,0.11216216216216217,1314
U1,J1 B_AND_NOT_A J3,1317,3,3,0,1314,163,1.0,0.002277904328018223,0.004545454545454544,0.11216216216216217,1314
U1,J2 B_AND_NOT_A J4,1317,3,3,0,1314,163,1.0,0.002277904328018223,0.004545454545454544,0.11216216216216217,1314
U1,J3 AND S1,1317,3,3,0,1314,163,1.0,0.002277904328018223,0.004545454545454544,0.11216216216216217,1314
J5,F2 A_AND_NOT_B J1,70,858,2,856,68,554,0.002331002331002331,0.02857142857142857,0.004310344827586207,0.37567567567567567,924
J5,F2 A_AND_NOT_B J2,70,878,2,876,68,534,0.002277904328018223,0.02857142857142857,0.004219409282700422,0.3621621621621622,944
F2,F3 AND S1,964,2,2,0,962,516,1.0,0.002074688796680498,0.004140786749482402,0.35,962
F2,J1 B_AND_NOT_A J5,964,2,2,0,962,516,1.0,0.002074688796680498,0.004140786749482402,0.35,962
F2,J1 A_AND_NOT_B U1,964,2,2,0,962,516,1.0,0.002074688796680498,0.004140786749482402,0.35,962
F2,J2 B_AND_NOT_A J5,964,2,2,0,962,516,1.0,0.002074688796680498,0.004140786749482402,0.35,962
F2,J3 A_AND_NOT_B U1,964,2,2,0,962,516,1.0,0.002074688796680498,0.004140786749482402,0.35,962
F2,H1 A_AND_NOT_B U1,964,3,2,1,962,515,0.6666666666666666,0.002074688796680498,0.004136504653567735,0.3493243243243243,963
F2,U1 B_AND_NOT_A U4,964,6,2,4,962,512,0.3333333333333333,0.002074688796680498,0.004123711340206186,0.3472972972972973,966
F3,S1 AND U4,318,191,1,190,317,972,0.005235602094240838,0.0031446540880503146,0.003929273084479371,0.6574324324324324,507
S1,U2 AND U4,514,1,1,0,513,966,1.0,0.0019455252918287938,0.0038834951456310682,0.6533783783783784,513
S1,U2 A_AND_NOT_B U4,514,1,1,0,513,966,1.0,0.0019455252918287938,0.0038834951456310682,0.6533783783783784,513
F3,S1 AND U3,318,197,1,196,317,966,0.005076142131979695,0.0031446540880503146,0.0038834951456310674,0.6533783783783784,513
S1,H1 A_AND_NOT_B U1,514,3,1,2,513,964,0.3333333333333333,0.0019455252918287938,0.0038684719535783366,0.652027027027027,515
S1,U1 B_AND_NOT_A U3,514,4,1,3,513,963,0.25,0.0019455252918287938,0.003861003861003861,0.6513513513513514,516
S1,J2 B_AND_NOT_A J3,514,10,1,9,513,957,0.1,0.0019455252918287938,0.0038167938931297713,0.6472972972972973,522
S1,J3 A_AND_NOT_B J4,514,10,1,9,513,957,0.1,0.0019455252918287938,0.0038167938931297713,0.6472972972972973,522
S1,J3 XOR J4,514,10,1,9,513,957,0.1,0.0019455252918287938,0.0038167938931297713,0.6472972972972973,522
S1,J3 A_AND_NOT_B J5,514,13,1,12,513,954,0.07692307692307693,0.0019455252918287938,0.0037950664136622396,0.6452702702702703,525
S1,F1 A_AND_NOT_B F2,514,14,1,13,513,953,0.07142857142857142,0.0019455252918287938,0.0037878787878787884,0.6445945945945946,526
S1,J4 A_AND_NOT_B U3,514,16,1,15,513,951,0.0625,0.0019455252918287938,0.003773584905660378,0.6432432432432432,528
S1,J3 XOR J5,514,18,1,17,513,949,0.05555555555555555,0.0019455252918287938,0.0037593984962406017,0.6418918918918919,530
S1,J5 A_AND_NOT_B U3,514,19,1,18,513,948,0.05263157894736842,0.0019455252918287938,0.00375234521575985,0.6412162162162162,531
J3,J1 B_AND_NOT_A U3,78,991,2,989,76,413,0.0020181634712411706,0.02564102564102564,0.0037418147801683813,0.28040540540540543,1065
S1,F3 A_AND_NOT_B U3,514,23,1,22,513,944,0.043478260869565216,0.0019455252918287938,0.0037243947858473002,0.6385135135135135,535
S1,J3 AND U4,514,26,1,25,513,941,0.038461538461538464,0.0019455252918287938,0.003703703703703704,0.6364864864864865,538
U3,J1 A_AND_NOT_B U1,1080,2,2,0,1078,400,1.0,0.001851851851851852,0.0036968576709796677,0.2716216216216216,1078
U3,J3 A_AND_NOT_B U1,1080,2,2,0,1078,400,1.0,0.001851851851851852,0.0036968576709796677,0.2716216216216216,1078
U3,F1 B_AND_NOT_A F3,1080,3,2,1,1078,399,0.6666666666666666,0.001851851851851852,0.003693444136657433,0.27094594594594595,1079
U3,J1 B_AND_NOT_A J3,1080,3,2,1,1078,399,0.6666666666666666,0.001851851851851852,0.003693444136657433,0.27094594594594595,1079
U3,U1 B_AND_NOT_A U4,1080,6,2,4,1078,396,0.3333333333333333,0.001851851851851852,0.0036832412523020264,0.2689189189189189,1082
S1,J5 AND U3,514,51,1,50,513,916,0.0196078431372549,0.0019455252918287938,0.0035398230088495575,0.6195945945945946,563
S1,J4 AND U3,514,52,1,51,513,915,0.019230769230769232,0.0019455252918287938,0.0035335689045936395,0.6189189189189189,564
S1,J3 AND U3,514,57,1,56,513,910,0.017543859649122806,0.0019455252918287938,0.0035026269702276703,0.6155405405405405,569
S1,H1 AND J3,514,61,1,60,513,906,0.01639344262295082,0.0019455252918287938,0.003478260869565218,0.6128378378378379,573
J3,J2 B_AND_NOT_A S1,78,504,1,503,77,899,0.001984126984126984,0.01282051282051282,0.003436426116838488,0.6081081081081081,580
S1,F1 AND J2,514,72,1,71,513,895,0.013888888888888888,0.0019455252918287938,0.0034129692832764505,0.6054054054054054,584
J3,J4 B_AND_NOT_A S1,78,512,1,511,77,891,0.001953125,0.01282051282051282,0.003389830508474576,0.6027027027027027,588
J3,J5 B_AND_NOT_A S1,78,512,1,511,77,891,0.001953125,0.01282051282051282,0.003389830508474576,0.6027027027027027,588
F3,F1 B_AND_NOT_A U4,318,279,1,278,317,884,0.0035842293906810036,0.0031446540880503146,0.0033500837520938024,0.597972972972973,595
S1,F1 AND J1,514,83,1,82,513,884,0.012048192771084338,0.0019455252918287938,0.0033500837520938024,0.597972972972973,595
S1,F2 AND J2,514,86,1,85,513,881,0.011627906976744186,0.0019455252918287938,0.003333333333333333,0.595945945945946,598
J4,H1 A_AND_NOT_B J1,68,543,1,542,67,870,0.001841620626151013,0.014705882352941176,0.003273322422258593,0.5885135135135136,609
S1,F2 AND J1,514,106,1,105,513,861,0.009433962264150943,0.0019455252918287938,0.0032258064516129032,0.5824324324324325,618
J5,J1 B_AND_NOT_A U1,70,1187,2,1185,68,225,0.0016849199663016006,0.02857142857142857,0.003182179793158313,0.15337837837837837,1253
J5,J1 XOR U1,70,1189,2,1187,68,223,0.001682085786375105,0.02857142857142857,0.0031771247021445594,0.15202702702702703,1255
H1,J1 B_AND_NOT_A J4,630,1,1,0,629,850,1.0,0.0015873015873015873,0.003169572107765452,0.575,629
H1,J3 AND S1,630,3,1,2,629,848,0.3333333333333333,0.0015873015873015873,0.00315955766192733,0.5736486486486486,631
F3,S1 A_AND_NOT_B U3,318,317,1,316,317,846,0.0031545741324921135,0.0031446540880503146,0.003149606299212598,0.5722972972972973,633
H1,U1 B_AND_NOT_A U4,630,6,1,5,629,845,0.16666666666666666,0.0015873015873015873,0.003144654088050314,0.5716216216216217,634
F2,S1 A_AND_NOT_B U3,964,317,2,315,962,201,0.006309148264984227,0.002074688796680498,0.00312256049960968,0.13716216216216215,1277
F3,S1 A_AND_NOT_B U4,318,323,1,322,317,840,0.0030959752321981426,0.0031446540880503146,0.0031201248049922,0.5682432432432433,639
J5,J2 B_AND_NOT_A U1,70,1218,2,1216,68,194,0.0016420361247947454,0.02857142857142857,0.003105590062111801,0.13243243243243244,1284
J5,J2 XOR U1,70,1218,2,1216,68,194,0.0016420361247947454,0.02857142857142857,0.003105590062111801,0.13243243243243244,1284
S1,F3 A_AND_NOT_B U4,514,143,1,142,513,824,0.006993006993006993,0.0019455252918287938,0.0030441400304414006,0.5574324324324325,655
U1,F3 AND S1,1317,2,2,0,1315,163,1.0,0.0015186028853454822,0.003032600454890068,0.11148648648648649,1315
U1,J1 B_AND_NOT_A J5,1317,2,2,0,1315,163,1.0,0.0015186028853454822,0.003032600454890068,0.11148648648648649,1315
U1,J2 B_AND_NOT_A J5,1317,2,2,0,1315,163,1.0,0.0015186028853454822,0.003032600454890068,0.11148648648648649,1315
U1,J4 AND S1,1317,2,2,0,1315,163,1.0,0.0015186028853454822,0.003032600454890068,0.11148648648648649,1315
U1,J5 AND S1,1317,2,2,0,1315,163,1.0,0.0015186028853454822,0.003032600454890068,0.11148648648648649,1315
F3,F2 XOR U1,318,365,1,364,317,798,0.0027397260273972603,0.0031446540880503146,0.002928257686676428,0.5398648648648648,681
S1,F3 AND U4,514,175,1,174,513,792,0.005714285714285714,0.0019455252918287938,0.002902757619738752,0.5358108108108108,687
U4,F1 B_AND_NOT_A U2,762,2,1,1,761,717,0.5,0.0013123359580052493,0.0026178010471204186,0.4851351351351351,762
U4,F2 B_AND_NOT_A U2,762,2,1,1,761,717,0.5,0.0013123359580052493,0.0026178010471204186,0.4851351351351351,762
U4,F3 AND S1,762,2,1,1,761,717,0.5,0.0013123359580052493,0.0026178010471204186,0.4851351351351351,762
U4,F3 B_AND_NOT_A U2,762,2,1,1,761,717,0.5,0.0013123359580052493,0.0026178010471204186,0.4851351351351351,762
U4,H1 B_AND_NOT_A U2,762,2,1,1,761,717,0.5,0.0013123359580052493,0.0026178010471204186,0.4851351351351351,762
U4,J1 B_AND_NOT_A U2,762,2,1,1,761,717,0.5,0.0013123359580052493,0.0026178010471204186,0.4851351351351351,762
U4,J2 B_AND_NOT_A U2,762,2,1,1,761,717,0.5,0.0013123359580052493,0.0026178010471204186,0.4851351351351351,762
U4,J3 B_AND_NOT_A U2,762,2,1,1,761,717,0.5,0.0013123359580052493,0.0026178010471204186,0.4851351351351351,762
U4,J4 B_AND_NOT_A U2,762,2,1,1,761,717,0.5,0.0013123359580052493,0.0026178010471204186,0.4851351351351351,762
U4,J5 B_AND_NOT_A U2,762,2,1,1,761,717,0.5,0.0013123359580052493,0.0026178010471204186,0.4851351351351351,762
U4,S1 AND U2,762,2,1,1,761,717,0.5,0.0013123359580052493,0.0026178010471204186,0.4851351351351351,762
U4,U1 B_AND_NOT_A U2,762,2,1,1,761,717,0.5,0.0013123359580052493,0.0026178010471204186,0.4851351351351351,762
U4,U2 A_AND_NOT_B U3,762,2,1,1,761,717,0.5,0.0013123359580052493,0.0026178010471204186,0.4851351351351351,762
U4,F1 B_AND_NOT_A F3,762,3,1,2,761,716,0.3333333333333333,0.0013123359580052493,0.0026143790849673205,0.48445945945945945,763
U4,H1 A_AND_NOT_B U1,762,3,1,2,761,716,0.3333333333333333,0.0013123359580052493,0.0026143790849673205,0.48445945945945945,763
U4,J3 AND S1,762,3,1,2,761,716,0.3333333333333333,0.0013123359580052493,0.0026143790849673205,0.48445945945945945,763
U4,J3 B_AND_NOT_A J5,762,5,1,4,761,714,0.2,0.0013123359580052493,0.002607561929595828,0.4831081081081081,765
U4,F2 B_AND_NOT_A J3,762,6,1,5,761,713,0.16666666666666666,0.0013123359580052493,0.0026041666666666665,0.48243243243243245,766
U4,F2 B_AND_NOT_A J2,762,13,1,12,761,706,0.07692307692307693,0.0013123359580052493,0.002580645161290322,0.4777027027027027,773
U4,J4 A_AND_NOT_B U3,762,16,1,15,761,703,0.0625,0.0013123359580052493,0.002570694087403599,0.4756756756756757,776
U4,J5 A_AND_NOT_B U3,762,19,1,18,761,700,0.05263157894736842,0.0013123359580052493,0.0025608194622279133,0.47364864864864864,779
J4,F1 A_AND_NOT_B J1,68,717,1,716,67,696,0.001394700139470014,0.014705882352941176,0.0025477707006369425,0.47094594594594597,783
H1,S1 A_AND_NOT_B U1,630,157,1,156,629,694,0.006369426751592357,0.0015873015873015873,0.0025412960609911056,0.46959459459459457,785
F1,F3 A_AND_NOT_B U1,800,1,1,0,799,680,1.0,0.00125,0.0024968789013732834,0.46013513513513515,799
F1,J1 B_AND_NOT_A J4,800,1,1,0,799,680,1.0,0.00125,0.0024968789013732834,0.46013513513513515,799
F1,U1 B_AND_NOT_A U3,800,4,1,3,799,677,0.25,0.00125,0.0024875621890547268,0.4581081081081081,802
J5,J3 B_AND_NOT_A U4,70,736,1,735,69,675,0.001358695652173913,0.014285714285714285,0.0024813895781637713,0.45675675675675675,804
S1,F3 AND U3,514,295,1,294,513,672,0.003389830508474576,0.0019455252918287938,0.002472187886279357,0.45472972972972975,807
F1,J2 AND S1,800,10,1,9,799,671,0.1,0.00125,0.0024691358024691358,0.4540540540540541,808
F1,J1 AND S1,800,22,1,21,799,659,0.045454545454545456,0.00125,0.0024330900243309003,0.44594594594594594,820
J4,F2 A_AND_NOT_B J1,68,858,1,857,67,555,0.0011655011655011655,0.014705882352941176,0.0021598272138228943,0.37567567567567567,924
F2,F3 A_AND_NOT_B U1,964,1,1,0,963,516,1.0,0.001037344398340249,0.002072538860103627,0.3493243243243243,963
F2,J1 B_AND_NOT_A J4,964,1,1,0,963,516,1.0,0.001037344398340249,0.002072538860103627,0.3493243243243243,963
F2,J2 AND S1,964,10,1,9,963,507,0.1,0.001037344398340249,0.002053388090349076,0.34324324324324323,972
F2,J1 AND S1,964,22,1,21,963,495,0.045454545454545456,0.001037344398340249,0.002028397565922921,0.33513513513513515,984
J4,J1 B_AND_NOT_A U3,68,991,1,990,67,422,0.0010090817356205853,0.014705882352941176,0.0018885741265344666,0.28581081081081083,1057
J5,J1 B_AND_NOT_A U3,70,991,1,990,69,420,0.0010090817356205853,0.014285714285714285,0.001885014137606032,0.28445945945945944,1059
J5,J2 B_AND_NOT_A U3,70,1009,1,1008,69,402,0.0009910802775024777,0.014285714285714285,0.0018535681186283596,0.2722972972972973,1077
U3,J1 B_AND_NOT_A J4,1080,1,1,0,1079,400,1.0,0.000925925925925926,0.0018501387604070304,0.27094594594594595,1079
U3,F3 AND S1,1080,2,1,1,1079,399,0.5,0.000925925925925926,0.0018484288354898338,0.2702702702702703,1080
U3,J1 B_AND_NOT_A J5,1080,2,1,1,1079,399,0.5,0.000925925925925926,0.0018484288354898338,0.2702702702702703,1080
U3,J2 B_AND_NOT_A J5,1080,2,1,1,1079,399,0.5,0.000925925925925926,0.0018484288354898338,0.2702702702702703,1080
U3,J4 AND S1,1080,2,1,1,1079,399,0.5,0.000925925925925926,0.0018484288354898338,0.2702702702702703,1080
U3,J5 AND S1,1080,2,1,1,1079,399,0.5,0.000925925925925926,0.0018484288354898338,0.2702702702702703,1080
U3,J3 AND S1,1080,3,1,2,1079,398,0.3333333333333333,0.000925925925925926,0.0018467220683287165,0.2695945945945946,1081
U3,F1 A_AND_NOT_B U1,1080,4,1,3,1079,397,0.25,0.000925925925925926,0.0018450184501845018,0.2689189189189189,1082
U3,F2 B_AND_NOT_A J4,1080,5,1,4,1079,396,0.2,0.000925925925925926,0.0018433179723502306,0.2682432432432432,1083
U3,F2 B_AND_NOT_A J5,1080,5,1,4,1079,396,0.2,0.000925925925925926,0.0018433179723502306,0.2682432432432432,1083
U3,F2 B_AND_NOT_A J3,1080,6,1,5,1079,395,0.16666666666666666,0.000925925925925926,0.0018416206261510132,0.26756756756756755,1084
U3,S1 A_AND_NOT_B U1,1080,157,1,156,1079,244,0.006369426751592357,0.000925925925925926,0.0016168148746968473,0.16554054054054054,1235
J4,J1 B_AND_NOT_A U1,68,1187,1,1186,67,226,0.0008424599831508003,0.014705882352941176,0.001593625498007968,0.15337837837837837,1253
J4,J1 XOR U1,68,1189,1,1188,67,224,0.0008410428931875525,0.014705882352941176,0.0015910898965791568,0.15202702702702703,1255
F1,F2 B_AND_NOT_A S1,800,500,1,499,799,181,0.002,0.00125,0.0015384615384615385,0.12297297297297298,1298
U1,J1 B_AND_NOT_A J4,1317,1,1,0,1316,163,1.0,0.0007593014426727411,0.0015174506828528073,0.11081081081081082,1316
J4,F3 A_AND_NOT_B U1,68,1,0,1,68,1411,0.0,0.0,0.0,0.9533783783783784,69
J4,U2 AND U4,68,1,0,1,68,1411,0.0,0.0,0.0,0.9533783783783784,69
J4,U2 A_AND_NOT_B U4,68,1,0,1,68,1411,0.0,0.0,0.0,0.9533783783783784,69
J4,F1 B_AND_NOT_A U2,68,2,0,2,68,1410,0.0,0.0,0.0,0.9527027027027027,70
J4,F2 B_AND_NOT_A U2,68,2,0,2,68,1410,0.0,0.0,0.0,0.9527027027027027,70
J4,F3 AND S1,68,2,0,2,68,1410,0.0,0.0,0.0,0.9527027027027027,70
J4,F3 B_AND_NOT_A U2,68,2,0,2,68,1410,0.0,0.0,0.0,0.9527027027027027,70
J4,H1 B_AND_NOT_A U2,68,2,0,2,68,1410,0.0,0.0,0.0,0.9527027027027027,70
J4,J1 B_AND_NOT_A J5,68,2,0,2,68,1410,0.0,0.0,0.0,0.9527027027027027,70
J4,J1 A_AND_NOT_B U1,68,2,0,2,68,1410,0.0,0.0,0.0,0.9527027027027027,70
J4,J1 B_AND_NOT_A U2,68,2,0,2,68,1410,0.0,0.0,0.0,0.9527027027027027,70
J4,J2 B_AND_NOT_A J5,68,2,0,2,68,1410,0.0,0.0,0.0,0.9527027027027027,70
J4,J2 B_AND_NOT_A U2,68,2,0,2,68,1410,0.0,0.0,0.0,0.9527027027027027,70
J4,J3 A_AND_NOT_B U1,68,2,0,2,68,1410,0.0,0.0,0.0,0.9527027027027027,70
J4,J3 B_AND_NOT_A U2,68,2,0,2,68,1410,0.0,0.0,0.0,0.9527027027027027,70
J4,J5 B_AND_NOT_A U2,68,2,0,2,68,1410,0.0,0.0,0.0,0.9527027027027027,70
J4,S1 AND U2,68,2,0,2,68,1410,0.0,0.0,0.0,0.9527027027027027,70
J4,U1 B_AND_NOT_A U2,68,2,0,2,68,1410,0.0,0.0,0.0,0.9527027027027027,70
J4,U2 A_AND_NOT_B U3,68,2,0,2,68,1410,0.0,0.0,0.0,0.9527027027027027,70
J4,H1 A_AND_NOT_B U1,68,3,0,3,68,1409,0.0,0.0,0.0,0.952027027027027,71
J5,F3 A_AND_NOT_B U1,70,1,0,1,70,1409,0.0,0.0,0.0,0.952027027027027,71
J5,J1 B_AND_NOT_A J4,70,1,0,1,70,1409,0.0,0.0,0.0,0.952027027027027,71
J5,U2 AND U4,70,1,0,1,70,1409,0.0,0.0,0.0,0.952027027027027,71
J5,U2 A_AND_NOT_B U4,70,1,0,1,70,1409,0.0,0.0,0.0,0.952027027027027,71
J4,F1 A_AND_NOT_B U1,68,4,0,4,68,1408,0.0,0.0,0.0,0.9513513513513514,72
J4,U1 B_AND_NOT_A U3,68,4,0,4,68,1408,0.0,0.0,0.0,0.9513513513513514,72
J5,F1 B_AND_NOT_A U2,70,2,0,2,70,1408,0.0,0.0,0.0,0.9513513513513514,72
J5,F2 B_AND_NOT_A U2,70,2,0,2,70,1408,0.0,0.0,0.0,0.9513513513513514,72
J5,F3 AND S1,70,2,0,2,70,1408,0.0,0.0,0.0,0.9513513513513514,72
J5,F3 B_AND_NOT_A U2,70,2,0,2,70,1408,0.0,0.0,0.0,0.9513513513513514,72
J5,H1 B_AND_NOT_A U2,70,2,0,2,70,1408,0.0,0.0,0.0,0.9513513513513514,72
J5,J1 A_AND_NOT_B U1,70,2,0,2,70,1408,0.0,0.0,0.0,0.9513513513513514,72
J5,J1 B_AND_NOT_A U2,70,2,0,2,70,1408,0.0,0.0,0.0,0.9513513513513514,72
J5,J2 B_AND_NOT_A U2,70,2,0,2,70,1408,0.0,0.0,0.0,0.9513513513513514,72
J5,J3 A_AND_NOT_B U1,70,2,0,2,70,1408,0.0,0.0,0.0,0.9513513513513514,72
J5,J3 B_AND_NOT_A U2,70,2,0,2,70,1408,0.0,0.0,0.0,0.9513513513513514,72
J5,J4 B_AND_NOT_A U2,70,2,0,2,70,1408,0.0,0.0,0.0,0.9513513513513514,72
J5,S1 AND U2,70,2,0,2,70,1408,0.0,0.0,0.0,0.9513513513513514,72
J5,U1 B_AND_NOT_A U2,70,2,0,2,70,1408,0.0,0.0,0.0,0.9513513513513514,72
J5,U2 A_AND_NOT_B U3,70,2,0,2,70,1408,0.0,0.0,0.0,0.9513513513513514,72
J4,J3 B_AND_NOT_A J5,68,5,0,5,68,1407,0.0,0.0,0.0,0.9506756756756757,73
J5,H1 A_AND_NOT_B U1,70,3,0,3,70,1407,0.0,0.0,0.0,0.9506756756756757,73
J5,J2 B_AND_NOT_A J4,70,3,0,3,70,1407,0.0,0.0,0.0,0.9506756756756757,73
J4,F2 A_AND_NOT_B U1,68,6,0,6,68,1406,0.0,0.0,0.0,0.95,74
J4,U1 B_AND_NOT_A U4,68,6,0,6,68,1406,0.0,0.0,0.0,0.95,74
J5,F1 A_AND_NOT_B U1,70,4,0,4,70,1406,0.0,0.0,0.0,0.95,74
J5,U1 B_AND_NOT_A U3,70,4,0,4,70,1406,0.0,0.0,0.0,0.95,74
J5,F2 A_AND_NOT_B U1,70,6,0,6,70,1404,0.0,0.0,0.0,0.9486486486486486,76
J5,U1 B_AND_NOT_A U4,70,6,0,6,70,1404,0.0,0.0,0.0,0.9486486486486486,76
J3,F3 A_AND_NOT_B U1,78,1,0,1,78,1401,0.0,0.0,0.0,0.9466216216216217,79
J3,U2 AND U4,78,1,0,1,78,1401,0.0,0.0,0.0,0.9466216216216217,79
J3,U2 A_AND_NOT_B U4,78,1,0,1,78,1401,0.0,0.0,0.0,0.9466216216216217,79
J4,F1 AND S1,68,11,0,11,68,1401,0.0,0.0,0.0,0.9466216216216217,79
J3,F1 B_AND_NOT_A U2,78,2,0,2,78,1400,0.0,0.0,0.0,0.9459459459459459,80
J3,F2 B_AND_NOT_A U2,78,2,0,2,78,1400,0.0,0.0,0.0,0.9459459459459459,80
J3,F3 AND S1,78,2,0,2,78,1400,0.0,0.0,0.0,0.9459459459459459,80
J3,F3 B_AND_NOT_A U2,78,2,0,2,78,1400,0.0,0.0,0.0,0.9459459459459459,80
J3,H1 B_AND_NOT_A U2,78,2,0,2,78,1400,0.0,0.0,0.0,0.9459459459459459,80
J3,J1 B_AND_NOT_A U2,78,2,0,2,78,1400,0.0,0.0,0.0,0.9459459459459459,80
J3,J2 B_AND_NOT_A U2,78,2,0,2,78,1400,0.0,0.0,0.0,0.9459459459459459,80
J3,J4 B_AND_NOT_A U2,78,2,0,2,78,1400,0.0,0.0,0.0,0.9459459459459459,80
J3,J5 B_AND_NOT_A U2,78,2,0,2,78,1400,0.0,0.0,0.0,0.9459459459459459,80
J3,S1 AND U2,78,2,0,2,78,1400,0.0,0.0,0.0,0.9459459459459459,80
J3,U1 B_AND_NOT_A U2,78,2,0,2,78,1400,0.0,0.0,0.0,0.9459459459459459,80
J3,U2 A_AND_NOT_B U3,78,2,0,2,78,1400,0.0,0.0,0.0,0.9459459459459459,80
J5,F1 AND S1,70,11,0,11,70,1399,0.0,0.0,0.0,0.9452702702702702,81
J3,F1 A_AND_NOT_B U1,78,4,0,4,78,1398,0.0,0.0,0.0,0.9445945945945946,82
J4,F2 AND S1,68,14,0,14,68,1398,0.0,0.0,0.0,0.9445945945945946,82
J3,U1 B_AND_NOT_A U4,78,6,0,6,78,1396,0.0,0.0,0.0,0.9432432432432433,84
J5,F2 AND S1,70,14,0,14,70,1396,0.0,0.0,0.0,0.9432432432432433,84
J3,F1 AND S1,78,11,0,11,78,1391,0.0,0.0,0.0,0.9398648648648649,89
J3,F2 AND S1,78,14,0,14,78,1388,0.0,0.0,0.0,0.9378378378378378,92
J4,J2 A_AND_NOT_B J3,68,31,0,31,68,1381,0.0,0.0,0.0,0.9331081081081081,99
J2,F3 A_AND_NOT_B U1,99,1,0,1,99,1380,0.0,0.0,0.0,0.9324324324324325,100
J2,J1 B_AND_NOT_A J4,99,1,0,1,99,1380,0.0,0.0,0.0,0.9324324324324325,100
J2,U2 AND U4,99,1,0,1,99,1380,0.0,0.0,0.0,0.9324324324324325,100
J2,U2 A_AND_NOT_B U4,99,1,0,1,99,1380,0.0,0.0,0.0,0.9324324324324325,100
J2,F1 B_AND_NOT_A U2,99,2,0,2,99,1379,0.0,0.0,0.0,0.9317567567567567,101
J2,F2 B_AND_NOT_A U2,99,2,0,2,99,1379,0.0,0.0,0.0,0.9317567567567567,101
J2,F3 AND S1,99,2,0,2,99,1379,0.0,0.0,0.0,0.9317567567567567,101
J2,F3 B_AND_NOT_A U2,99,2,0,2,99,1379,0.0,0.0,0.0,0.9317567567567567,101
J2,H1 B_AND_NOT_A U2,99,2,0,2,99,1379,0.0,0.0,0.0,0.9317567567567567,101
J2,J1 B_AND_NOT_A J5,99,2,0,2,99,1379,0.0,0.0,0.0,0.9317567567567567,101
J2,J1 A_AND_NOT_B U1,99,2,0,2,99,1379,0.0,0.0,0.0,0.9317567567567567,101
J2,J1 B_AND_NOT_A U2,99,2,0,2,99,1379,0.0,0.0,0.0,0.9317567567567567,101
J2,J3 A_AND_NOT_B U1,99,2,0,2,99,1379,0.0,0.0,0.0,0.9317567567567567,101
J2,J3 B_AND_NOT_A U2,99,2,0,2,99,1379,0.0,0.0,0.0,0.9317567567567567,101
J2,J4 B_AND_NOT_A U2,99,2,0,2,99,1379,0.0,0.0,0.0,0.9317567567567567,101
J2,J5 B_AND_NOT_A U2,99,2,0,2,99,1379,0.0,0.0,0.0,0.9317567567567567,101
J2,S1 AND U2,99,2,0,2,99,1379,0.0,0.0,0.0,0.9317567567567567,101
J2,U1 B_AND_NOT_A U2,99,2,0,2,99,1379,0.0,0.0,0.0,0.9317567567567567,101
J2,U2 A_AND_NOT_B U3,99,2,0,2,99,1379,0.0,0.0,0.0,0.9317567567567567,101
J2,H1 A_AND_NOT_B U1,99,3,0,3,99,1378,0.0,0.0,0.0,0.9310810810810811,102
J2,J1 B_AND_NOT_A J3,99,3,0,3,99,1378,0.0,0.0,0.0,0.9310810810810811,102
J2,F1 A_AND_NOT_B U1,99,4,0,4,99,1377,0.0,0.0,0.0,0.9304054054054054,103
J2,U1 B_AND_NOT_A U3,99,4,0,4,99,1377,0.0,0.0,0.0,0.9304054054054054,103
J5,J1 A_AND_NOT_B J2,70,33,0,33,70,1377,0.0,0.0,0.0,0.9304054054054054,103
J5,J1 XOR J2,70,33,0,33,70,1377,0.0,0.0,0.0,0.9304054054054054,103
J2,F2 A_AND_NOT_B U1,99,6,0,6,99,1375,0.0,0.0,0.0,0.9290540540540541,105
J2,U1 B_AND_NOT_A U4,99,6,0,6,99,1375,0.0,0.0,0.0,0.9290540540540541,105
J4,J1 A_AND_NOT_B J3,68,57,0,57,68,1355,0.0,0.0,0.0,0.9155405405405406,125
J1,F3 A_AND_NOT_B U1,132,1,0,1,132,1347,0.0,0.0,0.0,0.9101351351351351,133
J1,U2 AND U4,132,1,0,1,132,1347,0.0,0.0,0.0,0.9101351351351351,133
J1,U2 A_AND_NOT_B U4,132,1,0,1,132,1347,0.0,0.0,0.0,0.9101351351351351,133
J1,F1 B_AND_NOT_A U2,132,2,0,2,132,1346,0.0,0.0,0.0,0.9094594594594595,134
J1,F2 B_AND_NOT_A U2,132,2,0,2,132,1346,0.0,0.0,0.0,0.9094594594594595,134
J1,F3 AND S1,132,2,0,2,132,1346,0.0,0.0,0.0,0.9094594594594595,134
J1,F3 B_AND_NOT_A U2,132,2,0,2,132,1346,0.0,0.0,0.0,0.9094594594594595,134
J1,H1 B_AND_NOT_A U2,132,2,0,2,132,1346,0.0,0.0,0.0,0.9094594594594595,134
J1,J2 B_AND_NOT_A J5,132,2,0,2,132,1346,0.0,0.0,0.0,0.9094594594594595,134
J1,J2 B_AND_NOT_A U2,132,2,0,2,132,1346,0.0,0.0,0.0,0.9094594594594595,134
J1,J3 B_AND_NOT_A U2,132,2,0,2,132,1346,0.0,0.0,0.0,0.9094594594594595,134
J1,J4 B_AND_NOT_A U2,132,2,0,2,132,1346,0.0,0.0,0.0,0.9094594594594595,134
J1,J5 B_AND_NOT_A U2,132,2,0,2,132,1346,0.0,0.0,0.0,0.9094594594594595,134
J1,S1 AND U2,132,2,0,2,132,1346,0.0,0.0,0.0,0.9094594594594595,134
J1,U1 B_AND_NOT_A U2,132,2,0,2,132,1346,0.0,0.0,0.0,0.9094594594594595,134
J1,U2 A_AND_NOT_B U3,132,2,0,2,132,1346,0.0,0.0,0.0,0.9094594594594595,134
J1,F1 A_AND_NOT_B U1,132,4,0,4,132,1344,0.0,0.0,0.0,0.9081081081081082,136
J1,U1 B_AND_NOT_A U4,132,6,0,6,132,1342,0.0,0.0,0.0,0.9067567567567567,138
J4,H1 AND S1,68,148,0,148,68,1264,0.0,0.0,0.0,0.8540540540540541,216
J5,H1 AND S1,70,148,0,148,70,1262,0.0,0.0,0.0,0.8527027027027027,218
J4,S1 A_AND_NOT_B U1,68,157,0,157,68,1255,0.0,0.0,0.0,0.847972972972973,225
J5,S1 A_AND_NOT_B U1,70,157,0,157,70,1253,0.0,0.0,0.0,0.8466216216216216,227
J3,S1 A_AND_NOT_B U1,78,157,0,157,78,1245,0.0,0.0,0.0,0.8412162162162162,235
J2,S1 A_AND_NOT_B U1,99,157,0,157,99,1224,0.0,0.0,0.0,0.827027027027027,256
J4,F2 B_AND_NOT_A U4,68,191,0,191,68,1221,0.0,0.0,0.0,0.825,259
J4,S1 AND U4,68,191,0,191,68,1221,0.0,0.0,0.0,0.825,259
J5,F2 B_AND_NOT_A U4,70,191,0,191,70,1219,0.0,0.0,0.0,0.8236486486486486,261
J5,S1 AND U4,70,191,0,191,70,1219,0.0,0.0,0.0,0.8236486486486486,261
J1,S1 A_AND_NOT_B U1,132,157,0,157,132,1191,0.0,0.0,0.0,0.8047297297297298,289
J2,S1 AND U4,99,191,0,191,99,1190,0.0,0.0,0.0,0.8040540540540541,290
F3,J1 B_AND_NOT_A J4,318,1,0,1,318,1161,0.0,0.0,0.0,0.7844594594594595,319
F3,U2 AND U4,318,1,0,1,318,1161,0.0,0.0,0.0,0.7844594594594595,319
F3,U2 A_AND_NOT_B U4,318,1,0,1,318,1161,0.0,0.0,0.0,0.7844594594594595,319
F3,F1 B_AND_NOT_A U2,318,2,0,2,318,1160,0.0,0.0,0.0,0.7837837837837838,320
F3,F2 B_AND_NOT_A U2,318,2,0,2,318,1160,0.0,0.0,0.0,0.7837837837837838,320
F3,H1 B_AND_NOT_A U2,318,2,0,2,318,1160,0.0,0.0,0.0,0.7837837837837838,320
F3,J1 B_AND_NOT_A J5,318,2,0,2,318,1160,0.0,0.0,0.0,0.7837837837837838,320
F3,J1 A_AND_NOT_B U1,318,2,0,2,318,1160,0.0,0.0,0.0,0.7837837837837838,320
F3,J1 B_AND_NOT_A U2,318,2,0,2,318,1160,0.0,0.0,0.0,0.7837837837837838,320
F3,J2 B_AND_NOT_A J5,318,2,0,2,318,1160,0.0,0.0,0.0,0.7837837837837838,320
F3,J2 B_AND_NOT_A U2,318,2,0,2,318,1160,0.0,0.0,0.0,0.7837837837837838,320
F3,J3 A_AND_NOT_B U1,318,2,0,2,318,1160,0.0,0.0,0.0,0.7837837837837838,320
F3,J3 B_AND_NOT_A U2,318,2,0,2,318,1160,0.0,0.0,0.0,0.7837837837837838,320
F3,J4 AND S1,318,2,0,2,318,1160,0.0,0.0,0.0,0.7837837837837838,320
F3,J4 B_AND_NOT_A U2,318,2,0,2,318,1160,0.0,0.0,0.0,0.7837837837837838,320
F3,J5 AND S1,318,2,0,2,318,1160,0.0,0.0,0.0,0.7837837837837838,320
F3,J5 B_AND_NOT_A U2,318,2,0,2,318,1160,0.0,0.0,0.0,0.7837837837837838,320
F3,S1 AND U2,318,2,0,2,318,1160,0.0,0.0,0.0,0.7837837837837838,320
F3,U1 B_AND_NOT_A U2,318,2,0,2,318,1160,0.0,0.0,0.0,0.7837837837837838,320
F3,U2 A_AND_NOT_B U3,318,2,0,2,318,1160,0.0,0.0,0.0,0.7837837837837838,320
F3,H1 A_AND_NOT_B U1,318,3,0,3,318,1159,0.0,0.0,0.0,0.7831081081081082,321
F3,J1 B_AND_NOT_A J3,318,3,0,3,318,1159,0.0,0.0,0.0,0.7831081081081082,321
F3,J3 AND S1,318,3,0,3,318,1159,0.0,0.0,0.0,0.7831081081081082,321
F3,U1 B_AND_NOT_A U3,318,4,0,4,318,1158,0.0,0.0,0.0,0.7824324324324324,322
F3,F2 B_AND_NOT_A J4,318,5,0,5,318,1157,0.0,0.0,0.0,0.7817567567567567,323
F3,F2 B_AND_NOT_A J5,318,5,0,5,318,1157,0.0,0.0,0.0,0.7817567567567567,323
F3,F2 B_AND_NOT_A J3,318,6,0,6,318,1156,0.0,0.0,0.0,0.7810810810810811,324
F3,U1 B_AND_NOT_A U4,318,6,0,6,318,1156,0.0,0.0,0.0,0.7810810810810811,324
F3,J2 AND S1,318,10,0,10,318,1152,0.0,0.0,0.0,0.7783783783783784,328
F3,J3 A_AND_NOT_B J4,318,10,0,10,318,1152,0.0,0.0,0.0,0.7783783783783784,328
F3,J3 XOR J4,318,10,0,10,318,1152,0.0,0.0,0.0,0.7783783783783784,328
F3,F2 B_AND_NOT_A J2,318,13,0,13,318,1149,0.0,0.0,0.0,0.7763513513513514,331
F3,F1 A_AND_NOT_B F2,318,14,0,14,318,1148,0.0,0.0,0.0,0.7756756756756756,332
F3,J1 AND S1,318,22,0,22,318,1140,0.0,0.0,0.0,0.7702702702702703,340
F3,F2 B_AND_NOT_A J1,318,26,0,26,318,1136,0.0,0.0,0.0,0.7675675675675676,344
J4,F3 A_AND_NOT_B J1,68,283,0,283,68,1129,0.0,0.0,0.0,0.7628378378378379,351
J5,F3 A_AND_NOT_B J1,70,283,0,283,70,1127,0.0,0.0,0.0,0.7614864864864865,353
J5,F3 A_AND_NOT_B J2,70,288,0,288,70,1122,0.0,0.0,0.0,0.7581081081081081,358
J3,F3 A_AND_NOT_B J1,78,283,0,283,78,1119,0.0,0.0,0.0,0.7560810810810811,361
J4,F3 A_AND_NOT_B J3,68,296,0,296,68,1116,0.0,0.0,0.0,0.754054054054054,364
J3,F3 A_AND_NOT_B J4,78,296,0,296,78,1106,0.0,0.0,0.0,0.7472972972972973,374
J2,F3 A_AND_NOT_B J1,99,283,0,283,99,1098,0.0,0.0,0.0,0.7418918918918919,382
F3,H1 AND S1,318,148,0,148,318,1014,0.0,0.0,0.0,0.6851351351351351,466
F3,F2 B_AND_NOT_A H1,318,152,0,152,318,1010,0.0,0.0,0.0,0.6824324324324325,470
F3,S1 A_AND_NOT_B U1,318,157,0,157,318,1005,0.0,0.0,0.0,0.6790540540540541,475
F3,F2 B_AND_NOT_A U4,318,191,0,191,318,971,0.0,0.0,0.0,0.6560810810810811,509
F3,F2 B_AND_NOT_A U3,318,195,0,195,318,967,0.0,0.0,0.0,0.6533783783783784,513
S1,F3 A_AND_NOT_B U1,514,1,0,1,514,965,0.0,0.0,0.0,0.652027027027027,515
S1,J1 B_AND_NOT_A J4,514,1,0,1,514,965,0.0,0.0,0.0,0.652027027027027,515
S1,J1 B_AND_NOT_A J5,514,2,0,2,514,964,0.0,0.0,0.0,0.6513513513513514,516
S1,J1 A_AND_NOT_B U1,514,2,0,2,514,964,0.0,0.0,0.0,0.6513513513513514,516
S1,J2 B_AND_NOT_A J5,514,2,0,2,514,964,0.0,0.0,0.0,0.6513513513513514,516
S1,J3 A_AND_NOT_B U1,514,2,0,2,514,964,0.0,0.0,0.0,0.6513513513513514,516
S1,F1 B_AND_NOT_A F3,514,3,0,3,514,963,0.0,0.0,0.0,0.6506756756756756,517
S1,J1 B_AND_NOT_A J3,514,3,0,3,514,963,0.0,0.0,0.0,0.6506756756756756,517
S1,J2 B_AND_NOT_A J4,514,3,0,3,514,963,0.0,0.0,0.0,0.6506756756756756,517
S1,F1 A_AND_NOT_B U1,514,4,0,4,514,962,0.0,0.0,0.0,0.65,518
S1,J3 B_AND_NOT_A J5,514,5,0,5,514,961,0.0,0.0,0.0,0.6493243243243243,519
S1,F2 A_AND_NOT_B U1,514,6,0,6,514,960,0.0,0.0,0.0,0.6486486486486487,520
S1,J4 A_AND_NOT_B J5,514,7,0,7,514,959,0.0,0.0,0.0,0.647972972972973,521
S1,J4 B_AND_NOT_A J5,514,9,0,9,514,957,0.0,0.0,0.0,0.6466216216216216,523
S1,J4 XOR J5,514,16,0,16,514,950,0.0,0.0,0.0,0.6418918918918919,530
S1,F3 AND J5,514,20,0,20,514,946,0.0,0.0,0.0,0.6391891891891892,534
S1,F3 AND J3,514,22,0,22,514,944,0.0,0.0,0.0,0.6378378378378379,536
S1,F3 AND J4,514,22,0,22,514,944,0.0,0.0,0.0,0.6378378378378379,536
S1,J4 AND U4,514,23,0,23,514,943,0.0,0.0,0.0,0.6371621621621621,537
S1,J5 AND U4,514,23,0,23,514,943,0.0,0.0,0.0,0.6371621621621621,537
S1,F3 AND J2,514,30,0,30,514,936,0.0,0.0,0.0,0.6324324324324324,544
S1,F3 AND J1,514,35,0,35,514,931,0.0,0.0,0.0,0.629054054054054,549
S1,J2 AND U4,514,36,0,36,514,930,0.0,0.0,0.0,0.6283783783783784,550
J4,J1 B_AND_NOT_A S1,68,492,0,492,68,920,0.0,0.0,0.0,0.6216216216216216,560
J5,J1 B_AND_NOT_A S1,70,492,0,492,70,918,0.0,0.0,0.0,0.6202702702702703,562
S1,F1 AND J4,514,51,0,51,514,915,0.0,0.0,0.0,0.6182432432432432,565
S1,F1 AND J5,514,52,0,52,514,914,0.0,0.0,0.0,0.6175675675675676,566
S1,H1 AND J4,514,52,0,52,514,914,0.0,0.0,0.0,0.6175675675675676,566
S1,H1 AND J5,514,55,0,55,514,911,0.0,0.0,0.0,0.6155405405405405,569
J3,J1 B_AND_NOT_A S1,78,492,0,492,78,910,0.0,0.0,0.0,0.6148648648648649,570
S1,F1 AND J3,514,56,0,56,514,910,0.0,0.0,0.0,0.6148648648648649,570
J4,J2 B_AND_NOT_A S1,68,504,0,504,68,908,0.0,0.0,0.0,0.6135135135135135,572
J5,J2 B_AND_NOT_A S1,70,504,0,504,70,906,0.0,0.0,0.0,0.6121621621621621,574
S1,F2 AND J4,514,63,0,63,514,903,0.0,0.0,0.0,0.6101351351351352,577
J4,J3 B_AND_NOT_A S1,68,511,0,511,68,901,0.0,0.0,0.0,0.6087837837837838,579
S1,F2 AND J5,514,65,0,65,514,901,0.0,0.0,0.0,0.6087837837837838,579
J4,J5 B_AND_NOT_A S1,68,512,0,512,68,900,0.0,0.0,0.0,0.6081081081081081,580
J5,J3 B_AND_NOT_A S1,70,511,0,511,70,899,0.0,0.0,0.0,0.6074324324324324,581
J5,J4 B_AND_NOT_A S1,70,512,0,512,70,898,0.0,0.0,0.0,0.6067567567567568,582
S1,F2 AND J3,514,72,0,72,514,894,0.0,0.0,0.0,0.6040540540540541,586
J2,J1 B_AND_NOT_A S1,99,492,0,492,99,889,0.0,0.0,0.0,0.6006756756756757,591
H1,F3 A_AND_NOT_B U1,630,1,0,1,630,849,0.0,0.0,0.0,0.5736486486486486,631
H1,U2 AND U4,630,1,0,1,630,849,0.0,0.0,0.0,0.5736486486486486,631
H1,U2 A_AND_NOT_B U4,630,1,0,1,630,849,0.0,0.0,0.0,0.5736486486486486,631
H1,F1 B_AND_NOT_A U2,630,2,0,2,630,848,0.0,0.0,0.0,0.572972972972973,632
H1,F2 B_AND_NOT_A U2,630,2,0,2,630,848,0.0,0.0,0.0,0.572972972972973,632
H1,F3 AND S1,630,2,0,2,630,848,0.0,0.0,0.0,0.572972972972973,632
H1,F3 B_AND_NOT_A U2,630,2,0,2,630,848,0.0,0.0,0.0,0.572972972972973,632
H1,J1 B_AND_NOT_A U2,630,2,0,2,630,848,0.0,0.0,0.0,0.572972972972973,632
H1,J2 B_AND_NOT_A U2,630,2,0,2,630,848,0.0,0.0,0.0,0.572972972972973,632
H1,J3 B_AND_NOT_A U2,630,2,0,2,630,848,0.0,0.0,0.0,0.572972972972973,632
H1,J4 AND S1,630,2,0,2,630,848,0.0,0.0,0.0,0.572972972972973,632
H1,J4 B_AND_NOT_A U2,630,2,0,2,630,848,0.0,0.0,0.0,0.572972972972973,632
H1,J5 AND S1,630,2,0,2,630,848,0.0,0.0,0.0,0.572972972972973,632
H1,J5 B_AND_NOT_A U2,630,2,0,2,630,848,0.0,0.0,0.0,0.572972972972973,632
H1,S1 AND U2,630,2,0,2,630,848,0.0,0.0,0.0,0.572972972972973,632
H1,U1 B_AND_NOT_A U2,630,2,0,2,630,848,0.0,0.0,0.0,0.572972972972973,632
H1,U2 A_AND_NOT_B U3,630,2,0,2,630,848,0.0,0.0,0.0,0.572972972972973,632
H1,F1 A_AND_NOT_B U1,630,4,0,4,630,846,0.0,0.0,0.0,0.5716216216216217,634
J4,H1 A_AND_NOT_B J3,68,569,0,569,68,843,0.0,0.0,0.0,0.5695945945945946,637
J2,H1 A_AND_NOT_B J1,99,543,0,543,99,838,0.0,0.0,0.0,0.5662162162162162,642
F3,F2 B_AND_NOT_A U1,318,359,0,359,318,803,0.0,0.0,0.0,0.5425675675675675,677
S1,F3 AND H1,514,164,0,164,514,802,0.0,0.0,0.0,0.5418918918918919,678
U4,F3 A_AND_NOT_B U1,762,1,0,1,762,717,0.0,0.0,0.0,0.48445945945945945,763
U4,J1 B_AND_NOT_A J4,762,1,0,1,762,717,0.0,0.0,0.0,0.48445945945945945,763
U4,J1 B_AND_NOT_A J5,762,2,0,2,762,716,0.0,0.0,0.0,0.4837837837837838,764
U4,J1 A_AND_NOT_B U1,762,2,0,2,762,716,0.0,0.0,0.0,0.4837837837837838,764
U4,J2 B_AND_NOT_A J5,762,2,0,2,762,716,0.0,0.0,0.0,0.4837837837837838,764
U4,J3 A_AND_NOT_B U1,762,2,0,2,762,716,0.0,0.0,0.0,0.4837837837837838,764
U4,J4 AND S1,762,2,0,2,762,716,0.0,0.0,0.0,0.4837837837837838,764
U4,J5 AND S1,762,2,0,2,762,716,0.0,0.0,0.0,0.4837837837837838,764
U4,J1 B_AND_NOT_A J3,762,3,0,3,762,715,0.0,0.0,0.0,0.4831081081081081,765
U4,J2 B_AND_NOT_A J4,762,3,0,3,762,715,0.0,0.0,0.0,0.4831081081081081,765
U4,F2 B_AND_NOT_A J4,762,5,0,5,762,713,0.0,0.0,0.0,0.4817567567567568,767
U4,F2 B_AND_NOT_A J5,762,5,0,5,762,713,0.0,0.0,0.0,0.4817567567567568,767
U4,J2 AND S1,762,10,0,10,762,708,0.0,0.0,0.0,0.4783783783783784,772
J4,J1 B_AND_NOT_A U4,68,713,0,713,68,699,0.0,0.0,0.0,0.4722972972972973,781
J5,J1 B_AND_NOT_A U4,70,713,0,713,70,697,0.0,0.0,0.0,0.47094594594594597,783
J3,J1 B_AND_NOT_A U4,78,713,0,713,78,689,0.0,0.0,0.0,0.46554054054054056,791
J4,J2 B_AND_NOT_A U4,68,726,0,726,68,686,0.0,0.0,0.0,0.4635135135135135,794
J5,J2 B_AND_NOT_A U4,70,726,0,726,70,684,0.0,0.0,0.0,0.46216216216216216,796
F1,U2 AND U4,800,1,0,1,800,679,0.0,0.0,0.0,0.45878378378378376,801
F1,U2 A_AND_NOT_B U4,800,1,0,1,800,679,0.0,0.0,0.0,0.45878378378378376,801
F1,F2 B_AND_NOT_A U2,800,2,0,2,800,678,0.0,0.0,0.0,0.4581081081081081,802
F1,F3 B_AND_NOT_A U2,800,2,0,2,800,678,0.0,0.0,0.0,0.4581081081081081,802
F1,H1 B_AND_NOT_A U2,800,2,0,2,800,678,0.0,0.0,0.0,0.4581081081081081,802
F1,J1 A_AND_NOT_B U1,800,2,0,2,800,678,0.0,0.0,0.0,0.4581081081081081,802
F1,J1 B_AND_NOT_A U2,800,2,0,2,800,678,0.0,0.0,0.0,0.4581081081081081,802
F1,J2 B_AND_NOT_A U2,800,2,0,2,800,678,0.0,0.0,0.0,0.4581081081081081,802
F1,J3 A_AND_NOT_B U1,800,2,0,2,800,678,0.0,0.0,0.0,0.4581081081081081,802
F1,J3 B_AND_NOT_A U2,800,2,0,2,800,678,0.0,0.0,0.0,0.4581081081081081,802
F1,J4 AND S1,800,2,0,2,800,678,0.0,0.0,0.0,0.4581081081081081,802
F1,J4 B_AND_NOT_A U2,800,2,0,2,800,678,0.0,0.0,0.0,0.4581081081081081,802
F1,J5 AND S1,800,2,0,2,800,678,0.0,0.0,0.0,0.4581081081081081,802
F1,J5 B_AND_NOT_A U2,800,2,0,2,800,678,0.0,0.0,0.0,0.4581081081081081,802
F1,S1 AND U2,800,2,0,2,800,678,0.0,0.0,0.0,0.4581081081081081,802
F1,U1 B_AND_NOT_A U2,800,2,0,2,800,678,0.0,0.0,0.0,0.4581081081081081,802
F1,U2 A_AND_NOT_B U3,800,2,0,2,800,678,0.0,0.0,0.0,0.4581081081081081,802
F1,H1 A_AND_NOT_B U1,800,3,0,3,800,677,0.0,0.0,0.0,0.4574324324324324,803
F1,J3 AND S1,800,3,0,3,800,677,0.0,0.0,0.0,0.4574324324324324,803
J4,J3 B_AND_NOT_A U4,68,736,0,736,68,676,0.0,0.0,0.0,0.45675675675675675,804
J2,J1 B_AND_NOT_A U4,99,713,0,713,99,668,0.0,0.0,0.0,0.45135135135135135,812
J4,F1 A_AND_NOT_B J3,68,744,0,744,68,668,0.0,0.0,0.0,0.45135135135135135,812
J2,F1 A_AND_NOT_B J1,99,717,0,717,99,664,0.0,0.0,0.0,0.4486486486486487,816
F3,F2 B_AND_NOT_A S1,318,500,0,500,318,662,0.0,0.0,0.0,0.4472972972972973,818
F3,F1 B_AND_NOT_A S1,318,503,0,503,318,659,0.0,0.0,0.0,0.4452702702702703,821
F1,S1 A_AND_NOT_B U1,800,157,0,157,800,523,0.0,0.0,0.0,0.3533783783783784,957
J2,F2 A_AND_NOT_B J1,99,858,0,858,99,523,0.0,0.0,0.0,0.3533783783783784,957
J4,F2 A_AND_NOT_B J3,68,892,0,892,68,520,0.0,0.0,0.0,0.35135135135135137,960
F2,U2 AND U4,964,1,0,1,964,515,0.0,0.0,0.0,0.34797297297297297,965
F2,U2 A_AND_NOT_B U4,964,1,0,1,964,515,0.0,0.0,0.0,0.34797297297297297,965
F2,F1 B_AND_NOT_A U2,964,2,0,2,964,514,0.0,0.0,0.0,0.3472972972972973,966
F2,F3 B_AND_NOT_A U2,964,2,0,2,964,514,0.0,0.0,0.0,0.3472972972972973,966
F2,H1 B_AND_NOT_A U2,964,2,0,2,964,514,0.0,0.0,0.0,0.3472972972972973,966
F2,J1 B_AND_NOT_A U2,964,2,0,2,964,514,0.0,0.0,0.0,0.3472972972972973,966
F2,J2 B_AND_NOT_A U2,964,2,0,2,964,514,0.0,0.0,0.0,0.3472972972972973,966
F2,J3 B_AND_NOT_A U2,964,2,0,2,964,514,0.0,0.0,0.0,0.3472972972972973,966
F2,J4 AND S1,964,2,0,2,964,514,0.0,0.0,0.0,0.3472972972972973,966
F2,J4 B_AND_NOT_A U2,964,2,0,2,964,514,0.0,0.0,0.0,0.3472972972972973,966
F2,J5 AND S1,964,2,0,2,964,514,0.0,0.0,0.0,0.3472972972972973,966
F2,J5 B_AND_NOT_A U2,964,2,0,2,964,514,0.0,0.0,0.0,0.3472972972972973,966
F2,S1 AND U2,964,2,0,2,964,514,0.0,0.0,0.0,0.3472972972972973,966
F2,U1 B_AND_NOT_A U2,964,2,0,2,964,514,0.0,0.0,0.0,0.3472972972972973,966
F2,U2 A_AND_NOT_B U3,964,2,0,2,964,514,0.0,0.0,0.0,0.3472972972972973,966
F2,J3 AND S1,964,3,0,3,964,513,0.0,0.0,0.0,0.34662162162162163,967
U3,F3 A_AND_NOT_B U1,1080,1,0,1,1080,399,0.0,0.0,0.0,0.2695945945945946,1081
U3,U2 AND U4,1080,1,0,1,1080,399,0.0,0.0,0.0,0.2695945945945946,1081
U3,U2 A_AND_NOT_B U4,1080,1,0,1,1080,399,0.0,0.0,0.0,0.2695945945945946,1081
U3,F1 B_AND_NOT_A U2,1080,2,0,2,1080,398,0.0,0.0,0.0,0.2689189189189189,1082
U3,F2 B_AND_NOT_A U2,1080,2,0,2,1080,398,0.0,0.0,0.0,0.2689189189189189,1082
U3,F3 B_AND_NOT_A U2,1080,2,0,2,1080,398,0.0,0.0,0.0,0.2689189189189189,1082
U3,H1 B_AND_NOT_A U2,1080,2,0,2,1080,398,0.0,0.0,0.0,0.2689189189189189,1082
U3,J1 B_AND_NOT_A U2,1080,2,0,2,1080,398,0.0,0.0,0.0,0.2689189189189189,1082
U3,J2 B_AND_NOT_A U2,1080,2,0,2,1080,398,0.0,0.0,0.0,0.2689189189189189,1082
U3,J3 B_AND_NOT_A U2,1080,2,0,2,1080,398,0.0,0.0,0.0,0.2689189189189189,1082
U3,J4 B_AND_NOT_A U2,1080,2,0,2,1080,398,0.0,0.0,0.0,0.2689189189189189,1082
U3,J5 B_AND_NOT_A U2,1080,2,0,2,1080,398,0.0,0.0,0.0,0.2689189189189189,1082
U3,S1 AND U2,1080,2,0,2,1080,398,0.0,0.0,0.0,0.2689189189189189,1082
U3,U1 B_AND_NOT_A U2,1080,2,0,2,1080,398,0.0,0.0,0.0,0.2689189189189189,1082
J2,J1 B_AND_NOT_A U3,99,991,0,991,99,390,0.0,0.0,0.0,0.2635135135135135,1090
J4,J3 B_AND_NOT_A U3,68,1023,0,1023,68,389,0.0,0.0,0.0,0.2628378378378378,1091
F2,S1 A_AND_NOT_B U1,964,157,0,157,964,359,0.0,0.0,0.0,0.24256756756756756,1121
J2,J1 B_AND_NOT_A U1,99,1187,0,1187,99,194,0.0,0.0,0.0,0.13108108108108107,1286
J2,J1 XOR U1,99,1189,0,1189,99,192,0.0,0.0,0.0,0.12972972972972974,1288
J4,J3 B_AND_NOT_A U1,68,1241,0,1241,68,171,0.0,0.0,0.0,0.11554054054054054,1309
J4,J3 XOR U1,68,1243,0,1243,68,169,0.0,0.0,0.0,0.11418918918918919,1311
U1,U2 AND U4,1317,1,0,1,1317,162,0.0,0.0,0.0,0.10945945945945947,1318
U1,U2 A_AND_NOT_B U4,1317,1,0,1,1317,162,0.0,0.0,0.0,0.10945945945945947,1318
U1,F1 B_AND_NOT_A U2,1317,2,0,2,1317,161,0.0,0.0,0.0,0.10878378378378378,1319
U1,F2 B_AND_NOT_A U2,1317,2,0,2,1317,161,0.0,0.0,0.0,0.10878378378378378,1319
U1,F3 B_AND_NOT_A U2,1317,2,0,2,1317,161,0.0,0.0,0.0,0.10878378378378378,1319
U1,H1 B_AND_NOT_A U2,1317,2,0,2,1317,161,0.0,0.0,0.0,0.10878378378378378,1319
U1,J1 B_AND_NOT_A U2,1317,2,0,2,1317,161,0.0,0.0,0.0,0.10878378378378378,1319
U1,J2 B_AND_NOT_A U2,1317,2,0,2,1317,161,0.0,0.0,0.0,0.10878378378378378,1319
U1,J3 B_AND_NOT_A U2,1317,2,0,2,1317,161,0.0,0.0,0.0,0.10878378378378378,1319
U1,J4 B_AND_NOT_A U2,1317,2,0,2,1317,161,0.0,0.0,0.0,0.10878378378378378,1319
U1,J5 B_AND_NOT_A U2,1317,2,0,2,1317,161,0.0,0.0,0.0,0.10878378378378378,1319
U1,S1 AND U2,1317,2,0,2,1317,161,0.0,0.0,0.0,0.10878378378378378,1319
U1,U2 A_AND_NOT_B U3,1317,2,0,2,1317,161,0.0,0.0,0.0,0.10878378378378378,1319
